발전구분, 호기, 일자, 1시 발전량(KWh), 2시 발전량(KWh),3시 발전량(KWh),4시 발전량(KWh),5시 발전량(KWh),6시 발전량(KWh),7시 발전량(KWh),8시 발전량(KWh),9시 발전량(KWh),10시 발전량(KWh),11시 발전량(KWh),12시 발전량(KWh),13시 발전량(KWh),14시 발전량(KWh),15시 발전량(KWh),16시 발전량(KWh),17시 발전량(KWh),18시 발전량(KWh),19시 발전량(KWh),20시 발전량(KWh),21시 발전량(KWh),22시 발전량(KWh),23시 발전량(KWh),24시 발전량(KWh),총량(KW),평균(KW),최대(시간별),최소(시간별),최대,최소
영동태양광, 1, 2026-03-31 00:00:00, 0, 0, 0, 0, 0, 0, 0, 0.864, 7.488, 19.296, 17.76, 19.968, 14.4, 15.84, 15.648, 25.44, 203.712, 86.112, 1.344, 0, 0, 0, 0, 0, 427.872, 18, 203.71, 0.864, 203.712, 0, 
삼천포태양광#5, 1, 2026-03-31 00:00:00, 0, 0, 0, 0, 0, 0, 1.427, 180.549, 559.479, 2024.571, 2617.561, 1842.454, 431.493, 429.505, 209.679, 187.234, 179.871, 2487.86, 2333.49, 22.534, 0, 0, 0, 0, 13507.707, 563, 2617.56, 1.427, 2617.561, 0, 
삼천포태양광#5, 2, 2026-03-31 00:00:00, 0, 0, 0, 0, 0, 0, 2.64, 325.65, 970.744, 3461.265, 4450.843, 3271.287, 648.12, 885.466, 423.024, 283.624, 411.872, 3809.726, 3774.655, 38.018, 0, 0, 0, 0, 22756.934, 948, 4450.84, 2.64, 4450.843, 0, 
광양항세방태양광, 1, 2026-03-31 00:00:00, 0, 0, 0, 0, 0, 0, 2.4, 194.4, 547.2, 1272, 1778.4, 1960.8, 1389.6, 576, 333.6, 352.8, 124.8, 24, 0, 0, 0, 0, 0, 0, 8556, 357, 1960.8, 2.4, 1960.8, 0, 
두산엔진MG태양광, 1, 2026-03-31 00:00:00, 0, 0, 0, 0, 0, 0, 0.18, 3.84, 6.72, 15.12, 19.68, 20.82, 22.98, 15.78, 4.56, 10.92, 4.2, 0.6, 0, 0, 0, 0, 0, 0, 125.4, 5, 22.98, 0.18, 22.98, 0, 
삼천포태양광, 1, 2026-03-31 00:00:00, 0, 0, 0, 0, 0, 0, 0, 0.516, 5.688, 20.772, 29.232, 35.304, 21.492, 25.98, 13.944, 3.216, 0.336, 0, 0, 0, 0, 0, 0, 0, 156.48, 7, 35.3, 0.33, 35.304, 0, 
삼천포태양광, 2, 2026-03-31 00:00:00, 0, 0, 0, 0, 0, 0, 4.512, 41.184, 132.48, 446.976, 568.32, 689.856, 456.288, 439.584, 276.096, 90.624, 30.528, 1.92, 0, 0, 0, 0, 0, 0, 3178.368, 132, 689.85, 1.92, 689.856, 0, 
삼천포태양광, 3, 2026-03-31 00:00:00, 0, 0, 0, 0, 0, 0, 0.9, 11.34, 42.984, 149.076, 194.724, 250.992, 164.124, 171.036, 84.276, 25.2, 7.092, 0.144, 0, 0, 0, 0, 0, 0, 1101.888, 46, 250.99, 0.14, 250.992, 0, 
삼천포태양광, 4, 2026-03-31 00:00:00, 0, 0, 0, 0, 0, 0, 0.413, 53.689, 89.017, 673.324, 964.628, 541.531, 195.954, 185.493, 106.777, 133.381, 795.04, 1127.902, 0, 10.581, 0, 0, 0, 0, 4877.73, 203, 1127.9, 0.413, 1127.902, 0, 
구미태양광, 1, 2026-03-31 00:00:00, 0, 0, 0, 0, 0, 0, 0, 5.134, 125.106, 453.203, 307.342, 151.285, 125.757, 115.127, 134.435, 170.087, 82.151, 20.755, 1.591, 0, 0, 0, 0, 0, 1691.973, 70, 453.2, 1.591, 453.203, 0, 
삼천포태양광#6, 1, 2026-03-31 00:00:00, 0, 0, 0, 0, 0, 0, 0, 0, 0, 0, 0, 0, 0, 0, 0, 0, 0, 0, 0, 0, 0, 0, 0, 0, 0, 0, 0, 0, 0, 0, 
영흥태양광#5, 1, 2026-03-31 00:00:00, 0, 0, 0, 0, 0, 0, 9.642, 383.274, 368.811, 1402.926, 2212.863, 2492.484, 2545.516, 1699.421, 1183.568, 831.632, 414.611, 209.716, 24.105, 0, 0, 0, 0, 0, 13778.569, 574, 2545.51, 9.64, 2545.516, 0, 
영흥태양광 #3, 1, 2026-03-31 00:00:00, 0, 0, 0, 0, 0, 0, 0, 296.64, 370.56, 1422.96, 2259.84, 2609.28, 2630.4, 1800.48, 1260.96, 877.92, 423.6, 191.52, 3.6, 0, 0, 0, 0, 0, 14147.76, 589, 2630.4, 3.6, 2630.4, 0, 
영흥태양광 #3, 2, 2026-03-31 00:00:00, 0, 0, 0, 0, 0, 0, 0.672, 78.816, 80.736, 345.6, 534.432, 590.4, 600.288, 412.704, 288.096, 201.792, 98.688, 48.48, 2.88, 0, 0, 0, 0, 0, 3283.584, 137, 600.28, 0.672, 600.288, 0, 
영흥태양광 #3, 3, 2026-03-31 00:00:00, 0, 0, 0, 0, 0, 0, 0.96, 86.16, 125.64, 359.28, 690.24, 815.64, 848.52, 570.72, 405.24, 280.92, 138.24, 69.24, 7.92, 0, 0, 0, 0, 0, 4398.72, 183, 848.52, 0.96, 848.52, 0, 
영흥태양광, 1, 2026-03-31 00:00:00, 0, 0, 0, 0, 0, 0, 0, 55.91, 106.829, 382.195, 573.658, 675.456, 662.131, 468.826, 354.739, 241.267, 112.973, 52.992, 3.994, 0, 0, 0, 0, 0, 3690.97, 154, 675.45, 3.994, 675.456, 0, 
예천태양광, 1, 2026-03-31 00:00:00, 0, 0, 0, 0, 0, 0, 2.16, 56.34, 205.56, 912.24, 762.3, 340.2, 408.6, 499.32, 370.08, 85.32, 32.22, 20.88, 0.18, 0, 0, 0, 0, 0, 3695.4, 154, 912.24, 0.18, 912.24, 0, 
여수태양광, 1, 2026-03-31 00:00:00, 0, 0, 0, 0, 0, 0, 0, 0, 0, 0, 0, 0, 0, 0, 0, 0, 0, 0, 0, 0, 0, 0, 0, 500, 500, 21, 500, 500, 500, 0, 
영흥태양광, 2, 2026-03-31 00:00:00, 0, 0, 0, 0, 0, 0, 0, 84.851, 98.349, 340.366, 545.743, 616.131, 616.131, 440.644, 311.44, 218.876, 109.92, 53.996, 4.821, 0, 0, 0, 0, 0, 3441.268, 143, 616.13, 4.82, 616.131, 0, 
탑선태양광, 1, 2026-03-31 00:00:00, 0, 0, 0, 0, 0, 0, 0, 0, 0, 0, 0, 0, 0, 0, 0, 0, 0, 0, 0, 0, 0, 0, 0, 966, 966, 40, 966, 966, 966, 0, 
탑선태양광, 3, 2026-03-31 00:00:00, 0, 0, 0, 0, 0, 0, 0, 0, 0, 0, 0, 0, 0, 0, 0, 0, 0, 0, 0, 0, 0, 0, 0, 294, 294, 12, 294, 294, 294, 0, 
경상대태양광, 1, 2026-03-31 00:00:00, 0, 0, 0, 0, 0, 0, 0, 22.104, 96.12, 268.344, 469.08, 549.72, 536.184, 365.904, 248.112, 22.248, 9.36, 0.792, 0, 0, 0, 0, 0, 0, 2587.968, 108, 549.72, 0.792, 549.72, 0, 
고흥만 수상태양광, 1, 2026-03-31 00:00:00, 0, 0, 0, 0, 0, 0, 441.924, 7717.164, 23427.264, 37778.244, 47215.812, 52033.128, 53163.432, 33257.028, 24737.496, 27389.46, 5460.924, 1093.68, 15.624, 0, 0, 0, 0, 0, 313731.18, 13072, 53163.43, 15.62, 53163.432, 0, 
영동태양광, 1, 2026-03-30 00:00:00, 0, 0, 0, 0, 0, 0, 1.536, 19.968, 20.256, 20.736, 20.736, 20.928, 20.832, 21.12, 48.192, 147.264, 289.056, 688.704, 685.632, 227.136, 0, 0, 0, 0, 2232.096, 93, 688.7, 1.53, 688.704, 0, 
삼천포태양광#5, 1, 2026-03-30 00:00:00, 0, 0, 0, 0, 0, 0, 8.881, 183.826, 497.08, 935.702, 237.625, 187.398, 167.146, 194.69, 166.498, 111.96, 143.268, 1554.361, 0, 0, 0, 0, 0, 0, 4388.435, 183, 1554.36, 8.881, 1554.361, 0, 
삼천포태양광#5, 2, 2026-03-30 00:00:00, 0, 0, 0, 0, 0, 0, 17.06, 330.545, 864.568, 1573.802, 345.636, 283.999, 256.978, 285.045, 276.466, 229.182, 332.513, 2891.9, 0, 0, 0, 0, 0, 0, 7687.694, 320, 2891.9, 17.06, 2891.9, 0, 
광양항세방태양광, 1, 2026-03-30 00:00:00, 0, 0, 0, 0, 0, 0, 4.8, 98.4, 360, 508.8, 429.6, 261.6, 254.4, 372, 165.6, 91.2, 108, 16.8, 0, 0, 0, 0, 0, 0, 2671.2, 111, 508.8, 4.8, 508.8, 0, 
두산엔진MG태양광, 1, 2026-03-30 00:00:00, 0, 0, 0, 0, 0, 0, 0.78, 5.46, 11.34, 19.44, 21.36, 26.94, 12.96, 14.28, 9.3, 4.68, 3.12, 1.26, 0, 0, 0, 0, 0, 0, 130.92, 5, 26.94, 0.78, 26.94, 0, 
삼천포태양광, 1, 2026-03-30 00:00:00, 0, 0, 0, 0, 0, 0, 0, 1.38, 5.256, 12.072, 14.112, 2.616, 3.804, 6.36, 1.464, 0.432, 0.108, 0.012, 0, 0, 0, 0, 0, 0, 47.616, 2, 14.11, 0.012, 14.112, 0, 
삼천포태양광, 2, 2026-03-30 00:00:00, 0, 0, 0, 0, 0, 0, 5.184, 50.304, 123.84, 234.144, 288.48, 81.216, 84.96, 147.552, 62.016, 40.224, 24.192, 8.544, 0, 0, 0, 0, 0, 0, 1150.656, 48, 288.48, 5.184, 288.48, 0, 
삼천포태양광, 3, 2026-03-30 00:00:00, 0, 0, 0, 0, 0, 0, 0.972, 14.22, 38.052, 73.98, 91.98, 23.868, 25.956, 44.892, 17.424, 11.016, 5.616, 1.332, 0, 0, 0, 0, 0, 0, 349.308, 15, 91.98, 0.972, 91.98, 0, 
삼천포태양광, 4, 2026-03-30 00:00:00, 0, 0, 0, 0, 0, 0, 1.499, 53.918, 96.424, 101.16, 97.306, 84.963, 74.275, 94.713, 69.213, 43.409, 413.724, 5.404, 0, 0, 0, 0, 0, 0, 1136.008, 47, 413.72, 1.499, 413.724, 0, 
구미태양광, 1, 2026-03-30 00:00:00, 0, 0, 0, 0, 0, 0, 0, 31.313, 96.975, 166.76, 304.666, 396.652, 262.289, 123.443, 92.853, 47.584, 40.569, 16.126, 1.157, 0, 0, 0, 0, 0, 1580.387, 66, 396.65, 1.157, 396.652, 0, 
삼천포태양광#6, 1, 2026-03-30 00:00:00, 0, 0, 0, 0, 0, 0, 0, 0, 0, 0, 0, 0, 0, 0, 0, 0, 0, 0, 0, 0, 0, 0, 0, 0, 0, 0, 0, 0, 0, 0, 
영흥태양광#5, 1, 2026-03-30 00:00:00, 0, 0, 0, 0, 0, 0, 7.232, 120.526, 180.789, 286.853, 549.6, 1277.579, 1000.368, 800.295, 990.726, 279.621, 221.768, 96.421, 14.463, 0, 0, 0, 0, 0, 5826.241, 243, 1277.57, 7.23, 1277.579, 0, 
영흥태양광 #3, 1, 2026-03-30 00:00:00, 0, 0, 0, 0, 0, 0, 0, 60, 153.12, 254.88, 529.2, 1306.56, 1062.72, 811.2, 1033.2, 254.16, 199.92, 49.68, 0, 0, 0, 0, 0, 0, 5714.64, 238, 1306.56, 49.68, 1306.56, 0, 
영흥태양광 #3, 2, 2026-03-30 00:00:00, 0, 0, 0, 0, 0, 0, 0.768, 20.832, 39.552, 64.8, 126.432, 308.928, 243.168, 189.024, 242.208, 65.568, 51.456, 17.76, 1.152, 0, 0, 0, 0, 0, 1371.648, 57, 308.92, 0.768, 308.928, 0, 
영흥태양광 #3, 3, 2026-03-30 00:00:00, 0, 0, 0, 0, 0, 0, 1.92, 34.92, 57, 91.08, 174, 417.24, 368.04, 268.08, 352.32, 92.16, 75.6, 30.48, 3.6, 0, 0, 0, 0, 0, 1966.44, 82, 417.24, 1.92, 417.24, 0, 
영흥태양광, 1, 2026-03-30 00:00:00, 0, 0, 0, 0, 0, 0, 0, 20.928, 39.014, 70.618, 130.33, 324.019, 340.723, 221.53, 289.075, 74.189, 54.451, 19.43, 0.998, 0, 0, 0, 0, 0, 1585.305, 66, 340.72, 0.998, 340.723, 0, 
예천태양광, 1, 2026-03-30 00:00:00, 0, 0, 0, 0, 0, 0, 6.3, 110.52, 212.04, 376.2, 546.3, 564.66, 723.6, 306.9, 249.48, 128.7, 94.32, 27.72, 0, 0, 0, 0, 0, 0, 3346.74, 139, 723.6, 6.3, 723.6, 0, 
여수태양광, 1, 2026-03-30 00:00:00, 0, 0, 0, 0, 0, 0, 0, 0, 0, 0, 0, 0, 0, 0, 0, 0, 0, 0, 0, 0, 0, 0, 0, 236, 236, 10, 236, 236, 236, 0, 
영흥태양광, 2, 2026-03-30 00:00:00, 0, 0, 0, 0, 0, 0, 0, 24.105, 43.389, 69.423, 132.097, 323.011, 266.122, 203.448, 260.337, 70.387, 56.888, 21.213, 1.928, 0, 0, 0, 0, 0, 1472.348, 61, 323.01, 1.92, 323.011, 0, 
탑선태양광, 1, 2026-03-30 00:00:00, 0, 0, 0, 0, 0, 0, 0, 0, 0, 0, 0, 0, 0, 0, 0, 0, 0, 0, 0, 0, 0, 0, 0, 959, 959, 40, 959, 959, 959, 0, 
탑선태양광, 3, 2026-03-30 00:00:00, 0, 0, 0, 0, 0, 0, 0, 0, 0, 0, 0, 0, 0, 0, 0, 0, 0, 0, 0, 0, 0, 0, 0, 274, 274, 11, 274, 274, 274, 0, 
경상대태양광, 1, 2026-03-30 00:00:00, 0, 0, 0, 0, 0, 0, 1.224, 32.544, 95.4, 159.192, 253.224, 191.088, 48.096, 42.768, 73.512, 43.488, 23.184, 4.896, 0, 0, 0, 0, 0, 0, 968.616, 40, 253.22, 1.224, 253.224, 0, 
고흥만 수상태양광, 1, 2026-03-30 00:00:00, 0, 0, 0, 0, 0, 0, 205.968, 2975.7, 7756.476, 7335.3, 7670.628, 7230.216, 6199.032, 6028.512, 1863.624, 1518.384, 1321.236, 442.092, 0, 0, 0, 0, 0, 0, 50547.168, 2106, 7756.47, 205.96, 7756.476, 0, 
영동태양광, 1, 2026-03-29 00:00:00, 0, 0, 0, 0, 0, 0, 3.456, 19.872, 20.064, 20.352, 20.544, 21.312, 289.92, 802.368, 625.632, 531.744, 528.384, 691.104, 688.224, 585.6, 0, 0, 0, 0, 4848.576, 202, 802.36, 3.456, 802.368, 0, 
삼천포태양광#5, 1, 2026-03-29 00:00:00, 0, 0, 0, 0, 0, 0, 0, 0, 0, 0, 329.735, 435.73, 736.625, 1409.261, 2600.516, 1484.295, 935.864, 2490.354, 2499.004, 2495.426, 805.937, 0, 0, 0, 16222.747, 676, 2600.51, 329.735, 2600.516, 0, 
삼천포태양광#5, 2, 2026-03-29 00:00:00, 0, 0, 0, 0, 0, 0, 0, 0, 0, 0, 688.185, 988.371, 1656.286, 2946.17, 4354.539, 2429.61, 1654.153, 4193.255, 3837.582, 3809.547, 664.567, 0, 0, 0, 27222.265, 1134, 4354.53, 664.56, 4354.539, 0, 
광양항세방태양광, 1, 2026-03-29 00:00:00, 0, 0, 0, 0, 0, 0, 4.8, 170.4, 357.6, 996, 804, 1730.4, 1975.2, 1528.8, 1732.8, 1058.4, 487.2, 237.6, 38.4, 0, 0, 0, 0, 0, 11121.6, 463, 1975.2, 4.8, 1975.2, 0, 
두산엔진MG태양광, 1, 2026-03-29 00:00:00, 0, 0, 0, 0, 0, 0, 0.6, 6, 12.18, 20.82, 34.02, 41.22, 51.12, 48.18, 43.8, 42.9, 31.92, 11.7, 1.74, 0, 0, 0, 0, 0, 346.2, 14, 51.12, 0.6, 51.12, 0, 
삼천포태양광, 1, 2026-03-29 00:00:00, 0, 0, 0, 0, 0, 0, 0, 2.316, 7.824, 16.992, 35.112, 36.828, 42.912, 35.568, 37.02, 18.18, 12.252, 3.288, 0, 0, 0, 0, 0, 0, 248.292, 10, 42.91, 2.316, 42.912, 0, 
삼천포태양광, 2, 2026-03-29 00:00:00, 0, 0, 0, 0, 0, 0, 4.608, 67.968, 163.584, 315.744, 664.416, 663.36, 774.048, 636.672, 622.464, 345.12, 220.128, 89.472, 6.144, 0, 0, 0, 0, 0, 4573.728, 191, 774.04, 4.608, 774.048, 0, 
삼천포태양광, 3, 2026-03-29 00:00:00, 0, 0, 0, 0, 0, 0, 0.9, 20.124, 51.048, 103.536, 218.412, 217.944, 251.136, 207.936, 207.072, 108.684, 72.54, 26.604, 0.9, 0, 0, 0, 0, 0, 1486.836, 62, 251.13, 0.9, 251.136, 0, 
삼천포태양광, 4, 2026-03-29 00:00:00, 0, 0, 0, 0, 0, 0, 0, 0, 0, 0, 100.903, 89.188, 98.809, 498.984, 912.106, 556.351, 1030.942, 1184.896, 1180.35, 310.7, 0, 0, 0, 0, 5963.229, 248, 1184.89, 89.188, 1184.896, 0, 
구미태양광, 1, 2026-03-29 00:00:00, 0, 0, 0, 0, 0, 0, 0, 50.549, 171.605, 329.688, 492.109, 582.938, 610.779, 591.832, 602.752, 485.601, 214.199, 83.886, 22.346, 0, 0, 0, 0, 0, 4238.284, 177, 610.77, 22.346, 610.779, 0, 
삼천포태양광#6, 1, 2026-03-29 00:00:00, 0, 0, 0, 0, 0, 0, 0, 0, 0, 0, 0, 0, 0, 0, 0, 0, 0, 0, 0, 0, 0, 0, 0, 0, 0, 0, 0, 0, 0, 0, 
영흥태양광#5, 1, 2026-03-29 00:00:00, 0, 0, 0, 0, 0, 0, 12.053, 291.674, 785.832, 1272.758, 1803.074, 2159.832, 2188.758, 1595.768, 1482.474, 1019.653, 768.958, 419.432, 53.032, 0, 0, 0, 0, 0, 13853.298, 577, 2188.75, 12.05, 2188.758, 0, 
영흥태양광 #3, 1, 2026-03-29 00:00:00, 0, 0, 0, 0, 0, 0, 0, 207.36, 766.32, 1282.08, 1806.48, 2226.96, 2238.72, 1659.6, 1537.44, 1096.32, 765.6, 372.96, 25.2, 0, 0, 0, 0, 0, 13985.04, 583, 2238.72, 25.2, 2238.72, 0, 
영흥태양광 #3, 2, 2026-03-29 00:00:00, 0, 0, 0, 0, 0, 0, 0.864, 62.688, 185.376, 305.856, 435.84, 517.056, 528.48, 388.032, 366.336, 249.312, 187.776, 103.584, 9.888, 0, 0, 0, 0, 0, 3341.088, 139, 528.48, 0.864, 528.48, 0, 
영흥태양광 #3, 3, 2026-03-29 00:00:00, 0, 0, 0, 0, 0, 0, 2.04, 85.44, 262.08, 437.04, 605.64, 735.6, 719.64, 540.48, 510.96, 378.36, 275.64, 145.8, 18, 0, 0, 0, 0, 0, 4716.72, 197, 735.6, 2.04, 735.6, 0, 
영흥태양광, 1, 2026-03-29 00:00:00, 0, 0, 0, 0, 0, 0, 0, 54.259, 200.678, 350.669, 483.571, 575.923, 591.091, 431.117, 425.549, 341.645, 234.01, 124.8, 11.597, 0, 0, 0, 0, 0, 3824.909, 159, 591.09, 11.597, 591.091, 0, 
예천태양광, 1, 2026-03-29 00:00:00, 0, 0, 0, 0, 0, 0, 14.76, 194.04, 445.86, 844.56, 1126.08, 1186.74, 1285.56, 1222.02, 1109.52, 835.02, 331.2, 118.98, 16.02, 0, 0, 0, 0, 0, 8730.36, 364, 1285.56, 14.76, 1285.56, 0, 
여수태양광, 1, 2026-03-29 00:00:00, 0, 0, 0, 0, 0, 0, 0, 0, 0, 0, 0, 0, 0, 0, 0, 0, 0, 0, 0, 0, 0, 0, 0, 279, 279, 12, 279, 279, 279, 0, 
영흥태양광, 2, 2026-03-29 00:00:00, 0, 0, 0, 0, 0, 0, 0.964, 63.638, 188.985, 316.261, 447.394, 537.065, 542.851, 401.112, 383.756, 269.015, 192.842, 103.171, 11.571, 0, 0, 0, 0, 0, 3458.625, 144, 542.85, 0.96, 542.851, 0, 
탑선태양광, 1, 2026-03-29 00:00:00, 0, 0, 0, 0, 0, 0, 0, 0, 0, 0, 0, 0, 0, 0, 0, 0, 0, 0, 0, 0, 0, 0, 0, 959, 959, 40, 959, 959, 959, 0, 
탑선태양광, 3, 2026-03-29 00:00:00, 0, 0, 0, 0, 0, 0, 0, 0, 0, 0, 0, 0, 0, 0, 0, 0, 0, 0, 0, 0, 0, 0, 0, 274, 274, 11, 274, 274, 274, 0, 
경상대태양광, 1, 2026-03-29 00:00:00, 0, 0, 0, 0, 0, 0, 0, 20.736, 97.776, 190.008, 295.776, 481.464, 573.264, 550.872, 390.456, 391.608, 226.656, 75.6, 14.544, 0, 0, 0, 0, 0, 3308.76, 138, 573.26, 14.544, 573.264, 0, 
고흥만 수상태양광, 1, 2026-03-29 00:00:00, 0, 0, 0, 0, 0, 0, 432.684, 5680.164, 16858.968, 22185.576, 33189.744, 25732.98, 24312.708, 38426.556, 29778.084, 25478.376, 10766.7, 9216.06, 869.316, 0, 0, 0, 0, 0, 242927.916, 10122, 38426.55, 432.68, 38426.556, 0, 
영동태양광, 1, 2026-03-28 00:00:00, 0, 0, 0, 0, 0, 0, 0, 1.248, 16.8, 20.256, 20.544, 21.408, 22.464, 703.296, 774.048, 640.992, 614.112, 691.104, 687.552, 686.016, 58.944, 0, 0, 0, 4958.784, 207, 774.04, 1.248, 774.048, 0, 
삼천포태양광#5, 1, 2026-03-28 00:00:00, 0, 0, 0, 0, 0, 0, 28.395, 522.388, 1179.44, 2146.325, 359.043, 706.146, 722.233, 2379.172, 2952.608, 2304.754, 1315.29, 2497.957, 2506.719, 2495.928, 921.728, 0, 0, 0, 23038.126, 960, 2952.6, 28.395, 2952.608, 0, 
삼천포태양광#5, 2, 2026-03-28 00:00:00, 0, 0, 0, 0, 0, 0, 47.561, 884.156, 2027.32, 3574.441, 965.156, 1582.322, 1646.052, 4233.321, 4905.948, 3814.526, 2250.92, 4227.257, 3869.441, 3809.694, 801.504, 0, 0, 0, 38639.619, 1610, 4905.94, 47.56, 4905.948, 0, 
광양항세방태양광, 1, 2026-03-28 00:00:00, 0, 0, 0, 0, 0, 0, 19.2, 264, 667.2, 1152, 1672.8, 1915.2, 2032.8, 2023.2, 1874.4, 1488, 919.2, 324, 38.4, 0, 0, 0, 0, 0, 14390.4, 600, 2032.8, 19.2, 2032.8, 0, 
두산엔진MG태양광, 1, 2026-03-28 00:00:00, 0, 0, 0, 0, 0, 0, 1.02, 5.28, 9.66, 21, 35.4, 45.78, 40.8, 50.94, 43.8, 46.62, 36.36, 15.72, 1.62, 0, 0, 0, 0, 0, 354, 15, 50.94, 1.02, 50.94, 0, 
삼천포태양광, 1, 2026-03-28 00:00:00, 0, 0, 0, 0, 0, 0, 0.18, 4.332, 13.824, 24.852, 35.16, 40.968, 42.96, 43.26, 39.024, 30.804, 16.968, 4.068, 0.012, 0, 0, 0, 0, 0, 296.412, 12, 43.26, 0.012, 43.26, 0, 
삼천포태양광, 2, 2026-03-28 00:00:00, 0, 0, 0, 0, 0, 0, 12, 118.56, 300.672, 507.84, 670.08, 753.504, 775.2, 762.624, 669.6, 518.4, 295.392, 110.016, 10.848, 0, 0, 0, 0, 0, 5504.736, 229, 775.2, 10.848, 775.2, 0, 
삼천포태양광, 3, 2026-03-28 00:00:00, 0, 0, 0, 0, 0, 0, 3.024, 43.812, 102.204, 167.76, 223.38, 250.596, 257.544, 254.916, 224.388, 174.096, 97.992, 33.408, 2.448, 0, 0, 0, 0, 0, 1835.568, 76, 257.54, 2.448, 257.544, 0, 
삼천포태양광, 4, 2026-03-28 00:00:00, 0, 0, 0, 0, 0, 0, 6.979, 84.513, 92.143, 105.419, 94.785, 96.909, 432.555, 1058.052, 1025.452, 814.304, 1135.887, 1183.946, 1183.952, 466.01, 0, 0, 0, 0, 7780.906, 324, 1183.95, 6.979, 1183.952, 0, 
구미태양광, 1, 2026-03-28 00:00:00, 0, 0, 0, 0, 0, 0, 0.362, 47.873, 210.945, 386.528, 539.91, 622.35, 658.725, 663.353, 599.932, 498.834, 362.013, 183.899, 33.988, 0, 0, 0, 0, 0, 4808.712, 200, 663.35, 0.362, 663.353, 0, 
삼천포태양광#6, 1, 2026-03-28 00:00:00, 0, 0, 0, 0, 0, 0, 0, 0, 0, 0, 0, 0, 0, 0, 0, 0, 0, 0, 0, 0, 0, 0, 0, 0, 0, 0, 0, 0, 0, 0, 
영흥태양광#5, 1, 2026-03-28 00:00:00, 0, 0, 0, 0, 0, 0, 2.411, 101.242, 265.158, 542.368, 846.095, 1393.284, 2550.337, 2600.958, 2355.084, 1950.116, 940.105, 286.853, 45.8, 0, 0, 0, 0, 0, 13879.811, 578, 2600.95, 2.41, 2600.958, 0, 
영흥태양광 #3, 1, 2026-03-28 00:00:00, 0, 0, 0, 0, 0, 0, 0, 59.52, 240.96, 561.12, 1038, 1628.4, 2730.24, 2681.04, 2436, 2011.68, 1114.08, 281.28, 20.88, 0, 0, 0, 0, 0, 14803.2, 617, 2730.24, 20.88, 2730.24, 0, 
영흥태양광 #3, 2, 2026-03-28 00:00:00, 0, 0, 0, 0, 0, 0, 0.192, 18.144, 53.664, 142.176, 200.256, 291.552, 532.512, 617.28, 585.312, 478.272, 219.264, 76.512, 5.664, 0, 0, 0, 0, 0, 3220.8, 134, 617.28, 0.192, 617.28, 0, 
영흥태양광 #3, 3, 2026-03-28 00:00:00, 0, 0, 0, 0, 0, 0, 0.84, 35.16, 96.48, 250.56, 354.84, 517.92, 820.44, 745.44, 667.08, 608.04, 340.56, 112.92, 14.16, 0, 0, 0, 0, 0, 4564.44, 190, 820.44, 0.84, 820.44, 0, 
영흥태양광, 1, 2026-03-28 00:00:00, 0, 0, 0, 0, 0, 0, 0, 21.773, 80.64, 168.538, 314.381, 561.83, 732.864, 706.253, 593.702, 533.146, 383.501, 161.702, 13.786, 0, 0, 0, 0, 0, 4272.116, 178, 732.86, 13.786, 732.864, 0, 
예천태양광, 1, 2026-03-28 00:00:00, 0, 0, 0, 0, 0, 0, 11.52, 226.98, 649.44, 993.78, 1228.86, 1339.56, 1354.86, 1355.58, 1273.5, 1024.92, 663.12, 235.98, 14.94, 0, 0, 0, 0, 0, 10373.04, 432, 1355.58, 11.52, 1355.58, 0, 
여수태양광, 1, 2026-03-28 00:00:00, 0, 0, 0, 0, 0, 0, 0, 0, 0, 0, 0, 0, 0, 0, 0, 0, 0, 0, 0, 0, 0, 0, 0, 431, 431, 18, 431, 431, 431, 0, 
영흥태양광, 2, 2026-03-28 00:00:00, 0, 0, 0, 0, 0, 0, 0, 22.177, 63.638, 142.703, 246.838, 377.006, 650.842, 635.415, 584.312, 462.821, 296.013, 98.349, 9.642, 0, 0, 0, 0, 0, 3589.756, 150, 650.84, 9.64, 650.842, 0, 
탑선태양광, 1, 2026-03-28 00:00:00, 0, 0, 0, 0, 0, 0, 0, 0, 0, 0, 0, 0, 0, 0, 0, 0, 0, 0, 0, 0, 0, 0, 0, 959, 959, 40, 959, 959, 959, 0, 
탑선태양광, 3, 2026-03-28 00:00:00, 0, 0, 0, 0, 0, 0, 0, 0, 0, 0, 0, 0, 0, 0, 0, 0, 0, 0, 0, 0, 0, 0, 0, 274, 274, 11, 274, 274, 274, 0, 
경상대태양광, 1, 2026-03-28 00:00:00, 0, 0, 0, 0, 0, 0, 1.8, 66.24, 183.744, 382.176, 489.024, 559.728, 576.648, 567.432, 519.48, 438.84, 314.64, 138.168, 17.352, 0, 0, 0, 0, 0, 4255.272, 177, 576.64, 1.8, 576.648, 0, 
고흥만 수상태양광, 1, 2026-03-28 00:00:00, 0, 0, 0, 0, 0, 0, 566.748, 7778.568, 22721.244, 35145.348, 45834.936, 51078.972, 52057.068, 50725.332, 46208.4, 37084.488, 24812.088, 10755.192, 1274.7, 0, 0, 0, 0, 0, 386043.084, 16085, 52057.06, 566.74, 52057.068, 0, 
영동태양광, 1, 2026-03-27 00:00:00, 0, 0, 0, 0, 0, 0, 0, 16.992, 20.16, 20.256, 20.256, 21.216, 258.72, 758.4, 666.432, 512.544, 582.816, 691.68, 688.32, 681.792, 8.928, 0, 0, 0, 4948.512, 206, 758.4, 8.928, 758.4, 0, 
삼천포태양광#5, 1, 2026-03-27 00:00:00, 0, 0, 0, 0, 0, 0, 7.18, 386.881, 1121.531, 1846.354, 214.317, 187.275, 316.122, 474.038, 2473.345, 1962.494, 1129.297, 2500.882, 2490.603, 2494.098, 876.59, 0, 0, 0, 18481.007, 770, 2500.88, 7.18, 2500.882, 0, 
삼천포태양광#5, 2, 2026-03-27 00:00:00, 0, 0, 0, 0, 0, 0, 14.669, 667.112, 1917.295, 3044.971, 321.286, 335.157, 813.016, 1830.571, 4137.239, 3271.566, 1952.742, 4213.259, 3875.31, 3809.648, 694.32, 0, 0, 0, 30898.161, 1287, 4213.25, 14.66, 4213.259, 0, 
광양항세방태양광, 1, 2026-03-27 00:00:00, 0, 0, 0, 0, 0, 0, 14.4, 223.2, 576, 940.8, 1248, 1557.6, 1812, 1821.6, 1567.2, 1300.8, 885.6, 328.8, 55.2, 0, 0, 0, 0, 0, 12331.2, 514, 1821.6, 14.4, 1821.6, 0, 
두산엔진MG태양광, 1, 2026-03-27 00:00:00, 0, 0, 0, 0, 0, 0, 0.66, 4.38, 9.9, 20.1, 30.42, 40.44, 35.7, 48.06, 50.7, 43.5, 28.02, 10.86, 1.26, 0, 0, 0, 0, 0, 324, 14, 50.7, 0.66, 50.7, 0, 
삼천포태양광, 1, 2026-03-27 00:00:00, 0, 0, 0, 0, 0, 0, 0, 3.132, 12.444, 22.176, 28.836, 32.208, 37.272, 37.44, 33.468, 26.868, 14.58, 3.756, 0.024, 0, 0, 0, 0, 0, 252.204, 11, 37.44, 0.024, 37.44, 0, 
삼천포태양광, 2, 2026-03-27 00:00:00, 0, 0, 0, 0, 0, 0, 6.432, 90.144, 267.456, 440.16, 548.928, 574.944, 662.304, 657.12, 573.312, 457.632, 264.192, 92.448, 11.616, 0, 0, 0, 0, 0, 4646.688, 194, 662.3, 6.43, 662.304, 0, 
삼천포태양광, 3, 2026-03-27 00:00:00, 0, 0, 0, 0, 0, 0, 1.26, 31.32, 89.856, 143.784, 179.604, 188.712, 218.052, 216.036, 188.028, 150.084, 84.708, 27.468, 2.268, 0, 0, 0, 0, 0, 1521.18, 63, 218.05, 1.26, 218.052, 0, 
삼천포태양광, 4, 2026-03-27 00:00:00, 0, 0, 0, 0, 0, 0, 1.614, 68.582, 92.694, 106.114, 105.933, 92.896, 94.965, 156.76, 858.36, 693.876, 1120.649, 1181.131, 1185.24, 412.614, 0, 0, 0, 0, 6171.428, 257, 1185.24, 1.614, 1185.24, 0, 
구미태양광, 1, 2026-03-27 00:00:00, 0, 0, 0, 0, 0, 0, 0, 39.774, 156.274, 323.469, 461.302, 567.824, 602.174, 591.037, 521.18, 424.421, 306.04, 137.111, 24.949, 0, 0, 0, 0, 0, 4155.555, 173, 602.17, 24.949, 602.174, 0, 
삼천포태양광#6, 1, 2026-03-27 00:00:00, 0, 0, 0, 0, 0, 0, 0, 0, 0, 0, 0, 0, 0, 0, 0, 0, 0, 0, 0, 0, 0, 0, 0, 0, 0, 0, 0, 0, 0, 0, 
영흥태양광#5, 1, 2026-03-27 00:00:00, 0, 0, 0, 0, 0, 0, 0, 53.032, 255.516, 583.347, 1104.021, 2027.253, 2253.842, 2164.653, 1865.747, 1489.705, 935.284, 460.411, 57.853, 0, 0, 0, 0, 0, 13250.664, 552, 2253.84, 53.03, 2253.842, 0, 
영흥태양광 #3, 1, 2026-03-27 00:00:00, 0, 0, 0, 0, 0, 0, 0, 0.72, 200.64, 469.2, 1286.16, 2120.88, 2300.88, 2212.08, 1915.2, 1522.32, 902.16, 370.08, 25.92, 0, 0, 0, 0, 0, 13326.24, 555, 2300.88, 0.72, 2300.88, 0, 
영흥태양광 #3, 2, 2026-03-27 00:00:00, 0, 0, 0, 0, 0, 0, 0, 5.184, 51.456, 132.672, 245.472, 467.232, 550.848, 528.576, 458.688, 368.256, 232.608, 116.736, 12.864, 0, 0, 0, 0, 0, 3170.592, 132, 550.84, 5.184, 550.848, 0, 
영흥태양광 #3, 3, 2026-03-27 00:00:00, 0, 0, 0, 0, 0, 0, 0, 16.2, 80.16, 194.4, 524.76, 699.12, 735.48, 720.24, 630.6, 508.92, 323.88, 162.72, 21.12, 0, 0, 0, 0, 0, 4617.6, 192, 735.48, 16.2, 735.48, 0, 
영흥태양광, 1, 2026-03-27 00:00:00, 0, 0, 0, 0, 0, 0, 0, 7.795, 53.952, 138.202, 312.461, 570.394, 621.619, 595.93, 520.09, 418.906, 271.181, 132.634, 14.976, 0, 0, 0, 0, 0, 3658.14, 152, 621.61, 7.795, 621.619, 0, 
예천태양광, 1, 2026-03-27 00:00:00, 0, 0, 0, 0, 0, 0, 8.82, 177.12, 479.52, 830.52, 1095.66, 1255.86, 1320.66, 1294.56, 1036.44, 853.02, 510.84, 171.18, 10.44, 0, 0, 0, 0, 0, 9044.64, 377, 1320.66, 8.82, 1320.66, 0, 
여수태양광, 1, 2026-03-27 00:00:00, 0, 0, 0, 0, 0, 0, 0, 0, 0, 0, 0, 0, 0, 0, 0, 0, 0, 0, 0, 0, 0, 0, 0, 480, 480, 20, 480, 480, 480, 0, 
영흥태양광, 2, 2026-03-27 00:00:00, 0, 0, 0, 0, 0, 0, 0, 7.714, 57.853, 121.491, 298.905, 517.781, 523.566, 504.282, 459.928, 363.507, 228.518, 109.92, 13.499, 0, 0, 0, 0, 0, 3206.964, 134, 523.56, 7.71, 523.566, 0, 
탑선태양광, 1, 2026-03-27 00:00:00, 0, 0, 0, 0, 0, 0, 0, 0, 0, 0, 0, 0, 0, 0, 0, 0, 0, 0, 0, 0, 0, 0, 0, 959, 959, 40, 959, 959, 959, 0, 
탑선태양광, 3, 2026-03-27 00:00:00, 0, 0, 0, 0, 0, 0, 0, 0, 0, 0, 0, 0, 0, 0, 0, 0, 0, 0, 0, 0, 0, 0, 0, 274, 274, 11, 274, 274, 274, 0, 
경상대태양광, 1, 2026-03-27 00:00:00, 0, 0, 0, 0, 0, 0, 0.072, 50.616, 166.536, 300.168, 396.432, 453.168, 501.984, 508.104, 458.064, 400.68, 244.224, 83.664, 20.736, 0, 0, 0, 0, 0, 3584.448, 149, 508.1, 0.072, 508.104, 0, 
고흥만 수상태양광, 1, 2026-03-27 00:00:00, 0, 0, 0, 0, 0, 0, 370.02, 6660.36, 17383.968, 29886.78, 38022.18, 42263.928, 44941.512, 46189.416, 40922.028, 32638.2, 21224.532, 9289.644, 996.912, 0, 0, 0, 0, 0, 330789.48, 13783, 46189.41, 370.02, 46189.416, 0, 
영동태양광, 1, 2026-03-26 00:00:00, 0, 0, 0, 0, 0, 0, 0, 12.768, 20.064, 20.256, 20.256, 21.216, 53.28, 722.496, 640.512, 496.128, 563.136, 690.912, 687.456, 641.28, 0, 0, 0, 0, 4589.76, 191, 722.49, 12.768, 722.496, 0, 
삼천포태양광#5, 1, 2026-03-26 00:00:00, 0, 0, 0, 0, 0, 0, 0, 0, 0, 0, 0, 0, 0, 1695.162, 730.288, 247.728, 1268.54, 2463.825, 2112.611, 0, 0, 0, 0, 0, 8518.154, 355, 2463.82, 247.72, 2463.825, 0, 
삼천포태양광#5, 2, 2026-03-26 00:00:00, 0, 0, 0, 0, 0, 0, 0, 0, 0, 0, 0, 0, 0, 2927.941, 1251.341, 429.502, 2155.582, 4207.53, 3037.633, 0, 0, 0, 0, 0, 14009.529, 584, 4207.53, 429.5, 4207.53, 0, 
광양항세방태양광, 1, 2026-03-26 00:00:00, 0, 0, 0, 0, 0, 0, 7.2, 199.2, 580.8, 1087.2, 1514.4, 1756.8, 1912.8, 1884, 1740, 1377.6, 890.4, 338.4, 28.8, 0, 0, 0, 0, 0, 13317.6, 555, 1912.8, 7.2, 1912.8, 0, 
두산엔진MG태양광, 1, 2026-03-26 00:00:00, 0, 0, 0, 0, 0, 0, 0.54, 4.5, 9.72, 20.4, 33.96, 46.26, 53.7, 55.38, 53.94, 48.3, 35.7, 16.14, 1.8, 0, 0, 0, 0, 0, 380.34, 16, 55.38, 0.54, 55.38, 0, 
삼천포태양광, 1, 2026-03-26 00:00:00, 0, 0, 0, 0, 0, 0, 0, 3.036, 12.66, 24.132, 34.08, 39.876, 41.988, 41.292, 36.504, 28.236, 16.716, 4.98, 0.024, 0, 0, 0, 0, 0, 283.524, 12, 41.98, 0.024, 41.988, 0, 
삼천포태양광, 2, 2026-03-26 00:00:00, 0, 0, 0, 0, 0, 0, 5.952, 86.496, 272.64, 484.704, 642.912, 725.952, 746.688, 719.616, 629.664, 476.16, 285.696, 111.456, 10.752, 0, 0, 0, 0, 0, 5198.688, 217, 746.68, 5.952, 746.688, 0, 
삼천포태양광, 3, 2026-03-26 00:00:00, 0, 0, 0, 0, 0, 0, 1.152, 29.556, 91.404, 159.804, 212.544, 241.02, 248.688, 239.436, 206.316, 158.364, 93.96, 33.804, 2.124, 0, 0, 0, 0, 0, 1718.172, 72, 248.68, 1.152, 248.688, 0, 
삼천포태양광, 4, 2026-03-26 00:00:00, 0, 0, 0, 0, 0, 0, 0, 0, 0, 0, 0, 0, 0, 387.72, 400.387, 499.665, 1083.206, 411.133, 14.356, 0, 0, 0, 0, 0, 2796.467, 117, 1083.2, 14.35, 1083.206, 0, 
구미태양광, 1, 2026-03-26 00:00:00, 0, 0, 0, 0, 0, 0, 0, 35.507, 192.288, 388.77, 527.471, 620.976, 662.051, 656.989, 583.444, 481.695, 329.615, 165.531, 31.168, 0, 0, 0, 0, 0, 4675.505, 195, 662.05, 31.168, 662.051, 0, 
삼천포태양광#6, 1, 2026-03-26 00:00:00, 0, 0, 0, 0, 0, 0, 0, 0, 0, 0, 0, 0, 0, 0, 0, 0, 0, 0, 0, 0, 0, 0, 0, 0, 0, 0, 0, 0, 0, 0, 
영흥태양광#5, 1, 2026-03-26 00:00:00, 0, 0, 0, 0, 0, 0, 2.411, 106.063, 306.137, 508.621, 947.337, 1660.853, 1771.737, 2268.305, 2224.916, 1472.832, 754.495, 332.653, 26.516, 0, 0, 0, 0, 0, 12382.876, 516, 2268.3, 2.41, 2268.305, 0, 
영흥태양광 #3, 1, 2026-03-26 00:00:00, 0, 0, 0, 0, 0, 0, 0, 54.72, 267.36, 546.96, 1414.08, 1897.2, 1700.16, 2068.08, 2072.4, 1176.48, 628.32, 235.44, 5.76, 0, 0, 0, 0, 0, 12066.96, 503, 2072.4, 5.76, 2072.4, 0, 
영흥태양광 #3, 2, 2026-03-26 00:00:00, 0, 0, 0, 0, 0, 0, 0, 15.456, 65.76, 114.24, 215.328, 320.16, 378.912, 454.176, 530.688, 280.32, 150.144, 61.632, 5.28, 0, 0, 0, 0, 0, 2592.096, 108, 530.68, 5.28, 530.688, 0, 
영흥태양광 #3, 3, 2026-03-26 00:00:00, 0, 0, 0, 0, 0, 0, 0.36, 40.92, 125.88, 203.76, 416.52, 458.52, 446.52, 498.6, 471.12, 304.32, 191.16, 80.4, 7.92, 0, 0, 0, 0, 0, 3246, 135, 498.6, 0.36, 498.6, 0, 
영흥태양광, 1, 2026-03-26 00:00:00, 0, 0, 0, 0, 0, 0, 0, 34.176, 106.598, 246.643, 512.64, 579.149, 424.205, 464.294, 443.098, 289.075, 157.325, 56.678, 5.184, 0, 0, 0, 0, 0, 3319.065, 138, 579.14, 5.184, 579.149, 0, 
예천태양광, 1, 2026-03-26 00:00:00, 0, 0, 0, 0, 0, 0, 6.84, 196.74, 598.5, 936.18, 1205.28, 1321.02, 1434.24, 1409.04, 1259.64, 985.68, 629.46, 216.54, 13.86, 0, 0, 0, 0, 0, 10213.02, 426, 1434.24, 6.84, 1434.24, 0, 
여수태양광, 1, 2026-03-26 00:00:00, 0, 0, 0, 0, 0, 0, 0, 0, 0, 0, 0, 0, 0, 0, 0, 0, 0, 0, 0, 0, 0, 0, 0, 376, 376, 16, 376, 376, 376, 0, 
영흥태양광, 2, 2026-03-26 00:00:00, 0, 0, 0, 0, 0, 0, 0, 23.141, 74.244, 134.989, 342.295, 518.745, 450.286, 532.244, 530.316, 322.046, 170.665, 66.531, 5.785, 0, 0, 0, 0, 0, 3171.287, 132, 532.24, 5.78, 532.244, 0, 
탑선태양광, 1, 2026-03-26 00:00:00, 0, 0, 0, 0, 0, 0, 0, 0, 0, 0, 0, 0, 0, 0, 0, 0, 0, 0, 0, 0, 0, 0, 0, 959, 959, 40, 959, 959, 959, 0, 
탑선태양광, 3, 2026-03-26 00:00:00, 0, 0, 0, 0, 0, 0, 0, 0, 0, 0, 0, 0, 0, 0, 0, 0, 0, 0, 0, 0, 0, 0, 0, 274, 274, 11, 274, 274, 274, 0, 
경상대태양광, 1, 2026-03-26 00:00:00, 0, 0, 0, 0, 0, 0, 0, 49.176, 174.6, 334.656, 458.064, 538.128, 565.488, 542.016, 499.824, 412.128, 288.792, 129.24, 17.856, 0, 0, 0, 0, 0, 4009.968, 167, 565.48, 17.856, 565.488, 0, 
고흥만 수상태양광, 1, 2026-03-26 00:00:00, 0, 0, 0, 0, 0, 0, 309.036, 5980.212, 18261.264, 31564.428, 41754.636, 47676.384, 49898.268, 48834.408, 43443.54, 34471.92, 20135.052, 9250.08, 1101.324, 0, 0, 0, 0, 0, 352680.552, 14695, 49898.26, 309.03, 49898.268, 0, 
영동태양광, 1, 2026-03-25 00:00:00, 0, 0, 0, 0, 0, 0, 0, 16.512, 20.064, 20.352, 20.832, 21.504, 185.184, 670.368, 558.912, 476.16, 565.632, 690.528, 687.456, 638.88, 0, 0, 0, 0, 4572.384, 191, 690.52, 16.512, 690.528, 0, 
삼천포태양광#5, 1, 2026-03-25 00:00:00, 0, 0, 0, 0, 0, 0, 0, 0, 0, 0, 0, 0, 0, 0, 0, 0, 0, 0, 0, 0, 0, 0, 0, 0, 0, 0, 0, 0, 0, 0, 
삼천포태양광#5, 2, 2026-03-25 00:00:00, 0, 0, 0, 0, 0, 0, 0, 0, 0, 0, 0, 0, 0, 0, 0, 0, 0, 0, 0, 0, 0, 0, 0, 0, 0, 0, 0, 0, 0, 0, 
광양항세방태양광, 1, 2026-03-25 00:00:00, 0, 0, 0, 0, 0, 0, 0, 81.6, 338.4, 427.2, 362.4, 501.6, 468, 1029.6, 1641.6, 1358.4, 885.6, 372, 40.8, 0, 0, 0, 0, 0, 7507.2, 313, 1641.6, 40.8, 1641.6, 0, 
두산엔진MG태양광, 1, 2026-03-25 00:00:00, 0, 0, 0, 0, 0, 0, 0.12, 3.24, 5.7, 12.24, 18.96, 14.1, 16.26, 12.84, 20.28, 32.88, 37.92, 17.88, 1.62, 0, 0, 0, 0, 0, 194.04, 8, 37.92, 0.12, 37.92, 0, 
삼천포태양광, 1, 2026-03-25 00:00:00, 0, 0, 0, 0, 0, 0, 0, 0.324, 4.608, 7.332, 13.212, 6.204, 7.32, 9.984, 24.828, 27.54, 15.72, 4.656, 0.012, 0, 0, 0, 0, 0, 121.74, 5, 27.54, 0.012, 27.54, 0, 
삼천포태양광, 2, 2026-03-25 00:00:00, 0, 0, 0, 0, 0, 0, 0.96, 24.48, 106.656, 149.088, 261.792, 136.416, 161.28, 196.224, 412.608, 465.504, 273.696, 108.768, 9.888, 0, 0, 0, 0, 0, 2307.36, 96, 465.5, 0.96, 465.504, 0, 
삼천포태양광, 3, 2026-03-25 00:00:00, 0, 0, 0, 0, 0, 0, 0.072, 5.868, 32.76, 46.188, 81.9, 42.876, 49.212, 62.64, 136.908, 147.096, 91.296, 33.228, 1.872, 0, 0, 0, 0, 0, 731.916, 30, 147.09, 0.072, 147.096, 0, 
삼천포태양광, 4, 2026-03-25 00:00:00, 0, 0, 0, 0, 0, 0, 0, 0, 0, 0, 0, 0, 0, 0, 0, 0, 0, 0, 0, 0, 0, 0, 0, 0, 0, 0, 0, 0, 0, 0, 
구미태양광, 1, 2026-03-25 00:00:00, 0, 0, 0, 0, 0, 0, 0, 12.004, 65.373, 131.759, 282.827, 224.107, 278.271, 200.676, 262.579, 393.759, 330.7, 144.27, 23.937, 0, 0, 0, 0, 0, 2350.262, 98, 393.75, 12.004, 393.759, 0, 
삼천포태양광#6, 1, 2026-03-25 00:00:00, 0, 0, 0, 0, 0, 0, 0, 0, 0, 0, 0, 0, 0, 0, 0, 0, 0, 0, 0, 0, 0, 0, 0, 0, 0, 0, 0, 0, 0, 0, 
영흥태양광#5, 1, 2026-03-25 00:00:00, 0, 0, 0, 0, 0, 0, 7.232, 257.926, 993.137, 1222.137, 1296.863, 1619.874, 2253.842, 2581.674, 2285.179, 1783.789, 1063.042, 407.379, 50.621, 0, 0, 0, 0, 0, 15822.695, 659, 2581.67, 7.23, 2581.674, 0, 
영흥태양광 #3, 1, 2026-03-25 00:00:00, 0, 0, 0, 0, 0, 0, 0, 157.92, 891.12, 1656.48, 2104.56, 2446.56, 2691.12, 2613.6, 2322.96, 1790.88, 993.84, 348.24, 22.56, 0, 0, 0, 0, 0, 18039.84, 752, 2691.12, 22.56, 2691.12, 0, 
영흥태양광 #3, 2, 2026-03-25 00:00:00, 0, 0, 0, 0, 0, 0, 0.576, 52.992, 205.632, 258.528, 516.768, 588.576, 645.984, 627.072, 559.488, 437.952, 266.976, 102.72, 9.888, 0, 0, 0, 0, 0, 4273.152, 178, 645.98, 0.576, 645.984, 0, 
영흥태양광 #3, 3, 2026-03-25 00:00:00, 0, 0, 0, 0, 0, 0, 0.96, 70.32, 283.68, 563.76, 717.6, 814.2, 879.96, 857.76, 764.28, 600.48, 367.68, 143.64, 17.52, 0, 0, 0, 0, 0, 6081.84, 253, 879.96, 0.96, 879.96, 0, 
영흥태양광, 1, 2026-03-25 00:00:00, 0, 0, 0, 0, 0, 0, 0, 37.248, 207.053, 415.757, 563.213, 660.557, 717.005, 694.848, 626.035, 492.71, 304.589, 120.768, 12.211, 0, 0, 0, 0, 0, 4851.994, 202, 717, 12.211, 717.005, 0, 
예천태양광, 1, 2026-03-25 00:00:00, 0, 0, 0, 0, 0, 0, 1.8, 76.5, 241.92, 414, 614.7, 705.6, 786.24, 812.88, 763.74, 606.96, 517.5, 200.88, 13.32, 0, 0, 0, 0, 0, 5756.04, 240, 812.88, 1.8, 812.88, 0, 
여수태양광, 1, 2026-03-25 00:00:00, 0, 0, 0, 0, 0, 0, 0, 0, 0, 0, 0, 0, 0, 0, 0, 0, 0, 0, 0, 0, 0, 0, 0, 423, 423, 18, 423, 423, 423, 0, 
영흥태양광, 2, 2026-03-25 00:00:00, 0, 0, 0, 0, 0, 0, 0, 48.211, 214.055, 402.076, 525.495, 595.882, 657.592, 632.522, 563.099, 427.145, 253.587, 101.242, 11.571, 0, 0, 0, 0, 0, 4432.477, 185, 657.59, 11.57, 657.592, 0, 
탑선태양광, 1, 2026-03-25 00:00:00, 0, 0, 0, 0, 0, 0, 0, 0, 0, 0, 0, 0, 0, 0, 0, 0, 0, 0, 0, 0, 0, 0, 0, 959, 959, 40, 959, 959, 959, 0, 
탑선태양광, 3, 2026-03-25 00:00:00, 0, 0, 0, 0, 0, 0, 0, 0, 0, 0, 0, 0, 0, 0, 0, 0, 0, 0, 0, 0, 0, 0, 0, 274, 274, 11, 274, 274, 274, 0, 
경상대태양광, 1, 2026-03-25 00:00:00, 0, 0, 0, 0, 0, 0, 0, 10.368, 70.272, 112.68, 148.824, 106.2, 170.424, 182.736, 293.04, 383.472, 281.232, 124.992, 13.968, 0, 0, 0, 0, 0, 1898.208, 79, 383.47, 10.368, 383.472, 0, 
고흥만 수상태양광, 1, 2026-03-25 00:00:00, 0, 0, 0, 0, 0, 0, 85.512, 1556.772, 5411.616, 7017.024, 7602.084, 7959.84, 12155.64, 32626.608, 43506.12, 34382.208, 20837.208, 9814.896, 1160.712, 0, 0, 0, 0, 0, 184116.24, 7672, 43506.12, 85.512, 43506.12, 0, 
영동태양광, 1, 2026-03-24 00:00:00, 0, 0, 0, 0, 0, 0, 1.536, 19.968, 20.352, 20.448, 19.2, 20.64, 179.424, 798.048, 615.168, 389.184, 537.504, 690.432, 688.608, 472.32, 0, 0, 0, 0, 4472.832, 186, 798.04, 1.536, 798.048, 0, 
삼천포태양광#5, 1, 2026-03-24 00:00:00, 0, 0, 0, 0, 0, 0, 0, 0, 0, 0, 0, 0, 0, 0, 0, 0, 0, 0, 0, 0, 0, 0, 0, 0, 0, 0, 0, 0, 0, 0, 
삼천포태양광#5, 2, 2026-03-24 00:00:00, 0, 0, 0, 0, 0, 0, 0, 0, 0, 0, 0, 0, 0, 0, 0, 0, 0, 0, 0, 0, 0, 0, 0, 0, 0, 0, 0, 0, 0, 0, 
광양항세방태양광, 1, 2026-03-24 00:00:00, 0, 0, 0, 0, 0, 0, 2.4, 199.2, 568.8, 1080, 1444.8, 1773.6, 1833.6, 1814.4, 1468.8, 986.4, 374.4, 170.4, 2.4, 0, 0, 0, 0, 0, 11719.2, 488, 1833.6, 2.4, 1833.6, 0, 
두산엔진MG태양광, 1, 2026-03-24 00:00:00, 0, 0, 0, 0, 0, 0, 0.6, 4.26, 9.42, 20.16, 31.14, 37.62, 37.74, 44.04, 48, 31.74, 22.2, 12.3, 1.26, 0, 0, 0, 0, 0, 300.48, 13, 48, 0.6, 48, 0, 
삼천포태양광, 1, 2026-03-24 00:00:00, 0, 0, 0, 0, 0, 0, 0, 2.088, 11.748, 23.424, 27.024, 31.728, 31.452, 35.28, 20.544, 23.856, 7.212, 2.772, 0, 0, 0, 0, 0, 0, 217.128, 9, 35.28, 2.088, 35.28, 0, 
삼천포태양광, 2, 2026-03-24 00:00:00, 0, 0, 0, 0, 0, 0, 4.128, 69.504, 249.6, 468.384, 514.368, 573.888, 563.04, 617.376, 371.52, 387.648, 166.08, 78.048, 4.704, 0, 0, 0, 0, 0, 4068.288, 170, 617.37, 4.128, 617.376, 0, 
삼천포태양광, 3, 2026-03-24 00:00:00, 0, 0, 0, 0, 0, 0, 0.72, 23.436, 86.076, 153.216, 166.896, 190.188, 184.14, 202.176, 118.908, 127.26, 49.536, 22.356, 0.576, 0, 0, 0, 0, 0, 1325.484, 55, 202.17, 0.576, 202.176, 0, 
삼천포태양광, 4, 2026-03-24 00:00:00, 0, 0, 0, 0, 0, 0, 0, 0, 0, 0, 0, 0, 0, 0, 0, 0, 0, 0, 0, 0, 0, 0, 0, 0, 0, 0, 0, 0, 0, 0, 
구미태양광, 1, 2026-03-24 00:00:00, 0, 0, 0, 0, 0, 0, 0, 38.11, 168.568, 322.311, 502.812, 606.44, 510.043, 577.369, 483.793, 380.743, 191.565, 89.599, 13.668, 0, 0, 0, 0, 0, 3885.021, 162, 606.44, 13.668, 606.44, 0, 
삼천포태양광#6, 1, 2026-03-24 00:00:00, 0, 0, 0, 0, 0, 0, 0, 0, 0, 0, 0, 0, 0, 0, 0, 0, 0, 0, 0, 0, 0, 0, 0, 0, 0, 0, 0, 0, 0, 0, 
영흥태양광#5, 1, 2026-03-24 00:00:00, 0, 0, 0, 0, 0, 0, 14.463, 330.242, 744.853, 1660.853, 2186.347, 2355.084, 2191.168, 2109.211, 1742.811, 1147.411, 725.568, 243.463, 21.695, 0, 0, 0, 0, 0, 15473.169, 645, 2355.08, 14.46, 2355.084, 0, 
영흥태양광 #3, 1, 2026-03-24 00:00:00, 0, 0, 0, 0, 0, 0, 0.24, 227.28, 637.2, 1503.12, 2015.28, 2191.68, 2102.4, 2050.8, 1761.6, 1160.16, 645.12, 219.12, 0.96, 0, 0, 0, 0, 0, 14514.96, 605, 2191.68, 0.24, 2191.68, 0, 
영흥태양광 #3, 2, 2026-03-24 00:00:00, 0, 0, 0, 0, 0, 0, 1.152, 70.464, 174.624, 397.44, 528.672, 575.52, 552.96, 516.192, 425.76, 283.104, 178.848, 57.984, 2.304, 0, 0, 0, 0, 0, 3765.024, 157, 575.52, 1.152, 575.52, 0, 
영흥태양광 #3, 3, 2026-03-24 00:00:00, 0, 0, 0, 0, 0, 0, 3.48, 96.72, 228.12, 552.36, 734.76, 779.88, 739.92, 728.28, 610.92, 381.6, 268.2, 84.12, 7.32, 0, 0, 0, 0, 0, 5215.68, 217, 779.88, 3.48, 779.88, 0, 
영흥태양광, 1, 2026-03-24 00:00:00, 0, 0, 0, 0, 0, 0, 0.384, 56.717, 163.315, 406.925, 556.186, 658.906, 617.741, 595.315, 496.128, 297.446, 258.854, 70.656, 3.11, 0, 0, 0, 0, 0, 4181.683, 174, 658.9, 0.384, 658.906, 0, 
예천태양광, 1, 2026-03-24 00:00:00, 0, 0, 0, 0, 0, 0, 10.08, 218.7, 648.18, 1001.88, 1251.72, 1397.88, 1339.92, 1101.96, 1104.66, 669.06, 514.26, 214.38, 7.56, 0, 0, 0, 0, 0, 9480.24, 395, 1397.88, 7.56, 1397.88, 0, 
여수태양광, 1, 2026-03-24 00:00:00, 0, 0, 0, 0, 0, 0, 0, 0, 0, 0, 0, 0, 0, 0, 0, 0, 0, 0, 0, 0, 0, 0, 0, 525, 525, 22, 525, 525, 525, 0, 
영흥태양광, 2, 2026-03-24 00:00:00, 0, 0, 0, 0, 0, 0, 1.928, 73.28, 170.665, 398.219, 537.065, 575.634, 550.564, 534.173, 440.644, 285.406, 187.057, 63.638, 2.893, 0, 0, 0, 0, 0, 3821.166, 159, 575.63, 1.92, 575.634, 0, 
탑선태양광, 1, 2026-03-24 00:00:00, 0, 0, 0, 0, 0, 0, 0, 0, 0, 0, 0, 0, 0, 0, 0, 0, 0, 0, 0, 0, 0, 0, 0, 959, 959, 40, 959, 959, 959, 0, 
탑선태양광, 3, 2026-03-24 00:00:00, 0, 0, 0, 0, 0, 0, 0, 0, 0, 0, 0, 0, 0, 0, 0, 0, 0, 0, 0, 0, 0, 0, 0, 274, 274, 11, 274, 274, 274, 0, 
경상대태양광, 1, 2026-03-24 00:00:00, 0, 0, 0, 0, 0, 0, 0, 45.72, 161.856, 317.448, 380.232, 423.936, 399.24, 464.76, 484.272, 250.92, 165.168, 76.824, 2.448, 0, 0, 0, 0, 0, 3172.824, 132, 484.27, 2.448, 484.272, 0, 
고흥만 수상태양광, 1, 2026-03-24 00:00:00, 0, 0, 0, 0, 0, 0, 291.732, 6144.18, 18775.848, 29510.292, 40972.176, 41283.48, 41615.532, 34125.84, 19603.5, 11986.212, 7117.152, 2871.456, 109.284, 0, 0, 0, 0, 0, 254406.684, 10600, 41615.53, 109.28, 41615.532, 0, 
영동태양광, 1, 2026-03-23 00:00:00, 0, 0, 0, 0, 0, 0, 0.192, 17.76, 20.448, 20.736, 20.928, 21.024, 22.56, 610.08, 573.024, 449.952, 549.216, 690.432, 687.648, 621.312, 0, 0, 0, 0, 4305.312, 179, 690.43, 0.192, 690.432, 0, 
삼천포태양광#5, 1, 2026-03-23 00:00:00, 0, 0, 0, 0, 0, 0, 2.019, 390.161, 1432.602, 2177.626, 0, 0, 0, 0, 0, 0, 0, 0, 0, 0, 0, 0, 0, 0, 4002.408, 167, 2177.62, 2.019, 2177.626, 0, 
삼천포태양광#5, 2, 2026-03-23 00:00:00, 0, 0, 0, 0, 0, 0, 4.984, 671.488, 2506.356, 4116.911, 1075.385, 0, 0, 0, 0, 0, 0, 0, 0, 0, 0, 0, 0, 0, 8375.124, 349, 4116.91, 4.984, 4116.911, 0, 
광양항세방태양광, 1, 2026-03-23 00:00:00, 0, 0, 0, 0, 0, 0, 9.6, 170.4, 549.6, 1058.4, 1485.6, 1828.8, 1948.8, 1994.4, 1831.2, 1502.4, 957.6, 348, 36, 0, 0, 0, 0, 0, 13720.8, 572, 1994.4, 9.6, 1994.4, 0, 
두산엔진MG태양광, 1, 2026-03-23 00:00:00, 0, 0, 0, 0, 0, 0, 0.42, 3.06, 6.36, 19.68, 35.22, 47.4, 52.08, 54.3, 49.98, 50.46, 39.54, 21.06, 2.22, 0, 0, 0, 0, 0, 381.78, 16, 54.3, 0.42, 54.3, 0, 
삼천포태양광, 1, 2026-03-23 00:00:00, 0, 0, 0, 0, 0, 0, 0, 2.532, 13.944, 26.544, 35.904, 41.412, 43.296, 42.516, 38.292, 31.44, 19.992, 5.448, 0, 0, 0, 0, 0, 0, 301.32, 13, 43.29, 2.532, 43.296, 0, 
삼천포태양광, 2, 2026-03-23 00:00:00, 0, 0, 0, 0, 0, 0, 4.32, 82.656, 324.48, 553.824, 694.656, 764.832, 778.752, 751.296, 652.32, 532.896, 334.368, 130.464, 11.616, 0, 0, 0, 0, 0, 5616.48, 234, 778.75, 4.32, 778.752, 0, 
삼천포태양광, 3, 2026-03-23 00:00:00, 0, 0, 0, 0, 0, 0, 0.864, 36.036, 115.74, 184.212, 232.236, 255.744, 259.164, 248.004, 217.98, 179.676, 112.5, 41.328, 2.232, 0, 0, 0, 0, 0, 1885.716, 79, 259.16, 0.864, 259.164, 0, 
삼천포태양광, 4, 2026-03-23 00:00:00, 0, 0, 0, 0, 0, 0, 0.893, 78.734, 562.435, 956.679, 781.071, 0, 0, 0, 0, 0, 0, 0, 0, 0, 0, 0, 0, 0, 2379.812, 99, 956.67, 0.893, 956.679, 0, 
구미태양광, 1, 2026-03-23 00:00:00, 0, 0, 0, 0, 0, 0, 0, 37.026, 222.95, 434.401, 573.32, 653.229, 689.965, 677.454, 631.823, 531.376, 359.988, 186.285, 23.286, 0, 0, 0, 0, 0, 5021.103, 209, 689.96, 23.286, 689.965, 0, 
삼천포태양광#6, 1, 2026-03-23 00:00:00, 0, 0, 0, 0, 0, 0, 0, 0, 0, 0, 0, 0, 0, 0, 0, 0, 0, 0, 0, 0, 0, 0, 0, 0, 0, 0, 0, 0, 0, 0, 
영흥태양광#5, 1, 2026-03-23 00:00:00, 0, 0, 0, 0, 0, 0, 7.232, 272.389, 947.337, 1677.726, 2198.4, 2415.347, 2359.905, 2099.568, 1639.158, 1793.432, 1282.4, 494.158, 43.389, 0, 0, 0, 0, 0, 17230.441, 718, 2415.34, 7.23, 2415.347, 0, 
영흥태양광 #3, 1, 2026-03-23 00:00:00, 0, 0, 0, 0, 0, 0, 0, 0, 0, 0, 0, 0, 0, 0, 0.72, 1604.4, 1110.96, 339.12, 3.84, 0, 0, 0, 0, 0, 3059.04, 127, 1604.4, 0.72, 1604.4, 0, 
영흥태양광 #3, 2, 2026-03-23 00:00:00, 0, 0, 0, 0, 0, 0, 0.672, 56.736, 218.976, 406.752, 531.264, 593.76, 592.416, 531.744, 431.52, 443.04, 317.76, 127.008, 6.528, 0, 0, 0, 0, 0, 4258.176, 177, 593.76, 0.672, 593.76, 0, 
영흥태양광 #3, 3, 2026-03-23 00:00:00, 0, 0, 0, 0, 0, 0, 1.56, 79.32, 302.88, 564.36, 743.88, 825.6, 792.96, 716.64, 608.16, 629.4, 442.2, 176.4, 13.44, 0, 0, 0, 0, 0, 5896.8, 246, 825.6, 1.56, 825.6, 0, 
영흥태양광, 1, 2026-03-23 00:00:00, 0, 0, 0, 0, 0, 0, 0, 40.397, 206.323, 412.224, 587.443, 678.682, 672, 557.645, 559.219, 507.648, 363.072, 141.466, 6.259, 0, 0, 0, 0, 0, 4732.378, 197, 678.68, 6.259, 678.682, 0, 
예천태양광, 1, 2026-03-23 00:00:00, 0, 0, 0, 0, 0, 0, 4.86, 221.22, 669.6, 1027.98, 1276.92, 1420.56, 1443.78, 1324.8, 1218.24, 953.64, 613.8, 228.96, 8.28, 0, 0, 0, 0, 0, 10412.64, 434, 1443.78, 4.86, 1443.78, 0, 
여수태양광, 1, 2026-03-23 00:00:00, 0, 0, 0, 0, 0, 0, 0, 0, 0, 0, 0, 0, 0, 0, 0, 0, 0, 0, 0, 0, 0, 0, 0, 337, 337, 14, 337, 337, 337, 0, 
영흥태양광, 2, 2026-03-23 00:00:00, 0, 0, 0, 0, 0, 0, 0, 55.924, 214.055, 406.897, 541.886, 607.453, 594.918, 539.958, 437.752, 435.823, 295.048, 116.669, 7.714, 0, 0, 0, 0, 0, 4254.097, 177, 607.45, 7.71, 607.453, 0, 
탑선태양광, 1, 2026-03-23 00:00:00, 0, 0, 0, 0, 0, 0, 0, 0, 0, 0, 0, 0, 0, 0, 0, 0, 0, 0, 0, 0, 0, 0, 0, 959, 959, 40, 959, 959, 959, 0, 
탑선태양광, 3, 2026-03-23 00:00:00, 0, 0, 0, 0, 0, 0, 0, 0, 0, 0, 0, 0, 0, 0, 0, 0, 0, 0, 0, 0, 0, 0, 0, 274, 274, 11, 274, 274, 274, 0, 
경상대태양광, 1, 2026-03-23 00:00:00, 0, 0, 0, 0, 0, 0, 0, 50.832, 206.208, 372.672, 493.344, 558.576, 590.256, 585.864, 543.312, 465.408, 329.472, 143.712, 16.056, 0, 0, 0, 0, 0, 4355.712, 181, 590.25, 16.056, 590.256, 0, 
고흥만 수상태양광, 1, 2026-03-23 00:00:00, 0, 0, 0, 0, 0, 0, 261.828, 7164.108, 21835.464, 35035.728, 44364.852, 50659.896, 52544.688, 51090.48, 45619.98, 36863.4, 25436.964, 9288.552, 975.996, 0, 0, 0, 0, 0, 381141.936, 15881, 52544.68, 261.82, 52544.688, 0, 
영동태양광, 1, 2026-03-22 00:00:00, 0, 0, 0, 0, 0, 0, 0, 10.464, 20.256, 20.352, 20.64, 20.736, 20.256, 20.832, 338.4, 541.152, 597.6, 692.256, 688.32, 686.496, 38.112, 0, 0, 0, 3715.872, 155, 692.25, 10.464, 692.256, 0, 
삼천포태양광#5, 1, 2026-03-22 00:00:00, 0, 0, 0, 0, 0, 0, 0.117, 196.856, 626, 1182.43, 194.25, 189.261, 189.904, 191.17, 521.37, 376.297, 1635.903, 2515.396, 2532.666, 2348.723, 0, 0, 0, 0, 12700.343, 529, 2532.66, 0.11, 2532.666, 0, 
삼천포태양광#5, 2, 2026-03-22 00:00:00, 0, 0, 0, 0, 0, 0, 0.382, 363.045, 1073.907, 1988.007, 299.238, 296.96, 297.064, 298.809, 745.982, 647.38, 2793.913, 4259.371, 3895.851, 3909.501, 1224.384, 0, 0, 0, 22093.794, 921, 4259.37, 0.38, 4259.371, 0, 
광양항세방태양광, 1, 2026-03-22 00:00:00, 0, 0, 0, 0, 0, 0, 4.8, 156, 444, 760.8, 684, 828, 782.4, 1267.2, 1771.2, 1500, 1005.6, 364.8, 33.6, 0, 0, 0, 0, 0, 9602.4, 400, 1771.2, 4.8, 1771.2, 0, 
두산엔진MG태양광, 1, 2026-03-22 00:00:00, 0, 0, 0, 0, 0, 0, 0.18, 3.9, 8.94, 11.7, 18.96, 19.8, 21.9, 33.9, 38.76, 28.74, 30.06, 26.52, 2.64, 0, 0, 0, 0, 0, 246, 10, 38.76, 0.18, 38.76, 0, 
삼천포태양광, 1, 2026-03-22 00:00:00, 0, 0, 0, 0, 0, 0, 0, 1.692, 7.68, 14.736, 10.68, 15.444, 12.42, 17.664, 31.188, 30.468, 20.856, 5.328, 0, 0, 0, 0, 0, 0, 168.156, 7, 31.18, 1.69, 31.188, 0, 
삼천포태양광, 2, 2026-03-22 00:00:00, 0, 0, 0, 0, 0, 0, 1.536, 54.144, 156.096, 287.136, 209.856, 294.048, 237.216, 316.512, 530.976, 541.824, 360.864, 139.296, 11.616, 0, 0, 0, 0, 0, 3141.12, 131, 541.82, 1.536, 541.824, 0, 
삼천포태양광, 3, 2026-03-22 00:00:00, 0, 0, 0, 0, 0, 0, 0.036, 15.516, 48.6, 91.26, 65.52, 94.284, 74.484, 102.6, 177.12, 181.728, 122.292, 45, 2.088, 0, 0, 0, 0, 0, 1020.528, 43, 181.72, 0.036, 181.728, 0, 
삼천포태양광, 4, 2026-03-22 00:00:00, 0, 0, 0, 0, 0, 0, 0.005, 61.587, 92.99, 104.779, 96.528, 94.049, 94.368, 94.661, 96.361, 745.812, 1157.697, 1187.648, 1085.787, 0, 0, 0, 0, 0, 4912.272, 205, 1187.64, 0, 1187.648, 0, 
구미태양광, 1, 2026-03-22 00:00:00, 0, 0, 0, 0, 0, 0, 0, 7.449, 80.343, 116.067, 141.305, 262.289, 573.97, 604.415, 621.048, 506.5, 381.104, 183.248, 28.854, 0, 0, 0, 0, 0, 3506.592, 146, 621.04, 7.449, 621.048, 0, 
삼천포태양광#6, 1, 2026-03-22 00:00:00, 0, 0, 0, 0, 0, 0, 0, 0, 0, 0, 0, 0, 0, 0, 0, 0, 0, 0, 0, 0, 0, 0, 0, 0, 0, 0, 0, 0, 0, 0, 
영흥태양광#5, 1, 2026-03-22 00:00:00, 0, 0, 0, 0, 0, 0, 0, 108.474, 426.663, 891.895, 1725.937, 2463.558, 2359.905, 2547.926, 2270.716, 1834.411, 1219.726, 525.495, 53.032, 0, 0, 0, 0, 0, 16427.738, 684, 2547.92, 53.03, 2547.926, 0, 
영흥태양광 #3, 1, 2026-03-22 00:00:00, 0, 0, 0, 0, 0, 0, 0, 0, 0, 0, 0, 0, 0, 0, 0, 0, 0, 0, 0, 0, 0, 0, 0, 0, 0, 0, 0, 0, 0, 0, 
영흥태양광 #3, 2, 2026-03-22 00:00:00, 0, 0, 0, 0, 0, 0, 0, 17.856, 98.4, 216.384, 430.464, 600.192, 571.008, 609.696, 546.72, 449.664, 300.864, 134.976, 13.152, 0, 0, 0, 0, 0, 3989.376, 166, 609.69, 13.152, 609.696, 0, 
영흥태양광 #3, 3, 2026-03-22 00:00:00, 0, 0, 0, 0, 0, 0, 0, 32.76, 140.76, 288, 588.96, 782.28, 789.72, 842.4, 758.52, 617.16, 414.96, 185.52, 21, 0, 0, 0, 0, 0, 5462.04, 228, 842.4, 21, 842.4, 0, 
영흥태양광, 1, 2026-03-22 00:00:00, 0, 0, 0, 0, 0, 0, 0, 19.699, 107.366, 254.515, 470.093, 638.477, 643.776, 697.536, 629.03, 510.067, 341.952, 145.19, 12.365, 0, 0, 0, 0, 0, 4470.066, 186, 697.53, 12.365, 697.536, 0, 
예천태양광, 1, 2026-03-22 00:00:00, 0, 0, 0, 0, 0, 0, 0, 50.4, 179.1, 313.56, 639.18, 707.04, 953.64, 1249.38, 1273.86, 876.24, 646.2, 217.08, 9.54, 0, 0, 0, 0, 0, 7115.22, 296, 1273.86, 9.54, 1273.86, 0, 
여수태양광, 1, 2026-03-22 00:00:00, 0, 0, 0, 0, 0, 0, 0, 0, 0, 0, 0, 0, 0, 0, 0, 0, 0, 0, 0, 0, 0, 0, 0, 386, 386, 16, 386, 386, 386, 0, 
영흥태양광, 2, 2026-03-22 00:00:00, 0, 0, 0, 0, 0, 0, 0, 21.213, 107.027, 218.876, 440.644, 595.882, 606.488, 631.558, 566.956, 443.537, 281.549, 120.526, 12.535, 0, 0, 0, 0, 0, 4046.791, 169, 631.55, 12.53, 631.558, 0, 
탑선태양광, 1, 2026-03-22 00:00:00, 0, 0, 0, 0, 0, 0, 0, 0, 0, 0, 0, 0, 0, 0, 0, 0, 0, 0, 0, 0, 0, 0, 0, 959, 959, 40, 959, 959, 959, 0, 
탑선태양광, 3, 2026-03-22 00:00:00, 0, 0, 0, 0, 0, 0, 0, 0, 0, 0, 0, 0, 0, 0, 0, 0, 0, 0, 0, 0, 0, 0, 0, 274, 274, 11, 274, 274, 274, 0, 
경상대태양광, 1, 2026-03-22 00:00:00, 0, 0, 0, 0, 0, 0, 0, 24.768, 79.632, 126.288, 182.16, 195.768, 204.984, 337.536, 366.048, 464.688, 321.84, 153.72, 16.632, 0, 0, 0, 0, 0, 2474.064, 103, 464.68, 16.632, 464.688, 0, 
고흥만 수상태양광, 1, 2026-03-22 00:00:00, 0, 0, 0, 0, 0, 0, 99.204, 4540.872, 12755.484, 18255.132, 21327.348, 21760.704, 18059.664, 40806.276, 47181.876, 38838.576, 26010.852, 11015.76, 1110.396, 0, 0, 0, 0, 0, 261762.144, 10907, 47181.87, 99.2, 47181.876, 0, 
영동태양광, 1, 2026-03-21 00:00:00, 0, 0, 0, 0, 0, 0, 0, 17.28, 20.256, 20.16, 20.064, 20.832, 21.504, 541.824, 640.416, 563.52, 595.008, 692.64, 688.8, 685.824, 21.984, 0, 0, 0, 4550.112, 190, 692.64, 17.28, 692.64, 0, 
삼천포태양광#5, 1, 2026-03-21 00:00:00, 0, 0, 0, 0, 0, 0, 1.128, 354.175, 1361.742, 2262.069, 472.569, 808.436, 851.363, 2138.799, 2985.168, 2412.908, 1542.736, 2498.717, 2512.915, 2502.619, 1110.229, 0, 0, 0, 23815.573, 992, 2985.16, 1.128, 2985.168, 0, 
삼천포태양광#5, 2, 2026-03-21 00:00:00, 0, 0, 0, 0, 0, 0, 2.707, 610.202, 2378.214, 3835.302, 1076.504, 1623.273, 1883.918, 4242.723, 5068.472, 4079.946, 2637.979, 4248.722, 3866.134, 3815.778, 1061.899, 0, 0, 0, 40431.773, 1685, 5068.47, 2.7, 5068.472, 0, 
광양항세방태양광, 1, 2026-03-21 00:00:00, 0, 0, 0, 0, 0, 0, 7.2, 172.8, 573.6, 1137.6, 1572, 1896, 1984.8, 1948.8, 1809.6, 1485.6, 972, 352.8, 33.6, 0, 0, 0, 0, 0, 13946.4, 581, 1984.8, 7.2, 1984.8, 0, 
두산엔진MG태양광, 1, 2026-03-21 00:00:00, 0, 0, 0, 0, 0, 0, 0.42, 3.24, 6.96, 19.5, 34.32, 45.78, 45.72, 52.56, 45.3, 50.7, 42.12, 23.4, 2.16, 0, 0, 0, 0, 0, 372.18, 16, 52.56, 0.42, 52.56, 0, 
삼천포태양광, 1, 2026-03-21 00:00:00, 0, 0, 0, 0, 0, 0, 0, 2.376, 13.656, 26.088, 35.496, 41.34, 43.308, 42.996, 39.372, 32.208, 20.196, 4.584, 0, 0, 0, 0, 0, 0, 301.62, 13, 43.3, 2.376, 43.308, 0, 
삼천포태양광, 2, 2026-03-21 00:00:00, 0, 0, 0, 0, 0, 0, 3.072, 76.032, 307.68, 536.736, 679.296, 755.136, 783.456, 763.872, 676.224, 540.288, 337.536, 127.776, 10.752, 0, 0, 0, 0, 0, 5597.856, 233, 783.45, 3.072, 783.456, 0, 
삼천포태양광, 3, 2026-03-21 00:00:00, 0, 0, 0, 0, 0, 0, 0.54, 33.264, 111.132, 178.452, 226.368, 252.432, 259.272, 254.592, 227.304, 181.548, 113.724, 40.608, 2.016, 0, 0, 0, 0, 0, 1881.252, 78, 259.27, 0.54, 259.272, 0, 
삼천포태양광, 4, 2026-03-21 00:00:00, 0, 0, 0, 0, 0, 0, 0.365, 49.279, 92.908, 105.861, 95.534, 109.403, 1211.374, 1232.35, 1215.313, 990.538, 1158.773, 1186.361, 1184.536, 699.523, 0, 0, 0, 0, 9332.118, 389, 1232.35, 0.365, 1232.35, 0, 
구미태양광, 1, 2026-03-21 00:00:00, 0, 0, 0, 0, 0, 0, 0, 32.904, 202.846, 402.727, 549.166, 632.619, 680.853, 677.888, 632.112, 530.509, 379.441, 185.201, 29.722, 0, 0, 0, 0, 0, 4935.988, 206, 680.85, 29.722, 680.853, 0, 
삼천포태양광#6, 1, 2026-03-21 00:00:00, 0, 0, 0, 0, 0, 0, 0, 0, 0, 0, 0, 0, 0, 0, 0, 0, 0, 0, 0, 0, 0, 0, 0, 0, 0, 0, 0, 0, 0, 0, 
영흥태양광#5, 1, 2026-03-21 00:00:00, 0, 0, 0, 0, 0, 0, 4.821, 284.442, 785.832, 1029.295, 2061, 2591.316, 2733.537, 2680.505, 2408.116, 1923.6, 1267.937, 520.674, 50.621, 0, 0, 0, 0, 0, 18341.696, 764, 2733.53, 4.82, 2733.537, 0, 
영흥태양광 #3, 1, 2026-03-21 00:00:00, 0, 0, 0, 0, 0, 0, 0, 0, 0, 0, 0, 0, 0, 0, 0, 0, 0, 0, 0, 0, 0, 0, 0, 0, 0, 0, 0, 0, 0, 0, 
영흥태양광 #3, 2, 2026-03-21 00:00:00, 0, 0, 0, 0, 0, 0, 0.384, 62.784, 194.016, 262.848, 505.056, 620.928, 654.144, 646.56, 583.968, 472.8, 314.784, 133.44, 11.616, 0, 0, 0, 0, 0, 4463.328, 186, 654.14, 0.384, 654.144, 0, 
영흥태양광 #3, 3, 2026-03-21 00:00:00, 0, 0, 0, 0, 0, 0, 1.08, 74.16, 241.92, 464.88, 754.8, 861.6, 904.32, 879.36, 794.28, 644.16, 433.92, 181.8, 19.44, 0, 0, 0, 0, 0, 6255.72, 261, 904.32, 1.08, 904.32, 0, 
영흥태양광, 1, 2026-03-21 00:00:00, 0, 0, 0, 0, 0, 0, 0, 31.757, 203.789, 425.664, 569.894, 708.096, 755.174, 731.021, 665.779, 537.754, 361.651, 144.461, 11.597, 0, 0, 0, 0, 0, 5146.637, 214, 755.17, 11.597, 755.174, 0, 
예천태양광, 1, 2026-03-21 00:00:00, 0, 0, 0, 0, 0, 0, 6.66, 224.28, 632.7, 997.2, 1242.72, 1412.46, 1471.68, 1429.02, 1275.48, 1022.76, 688.68, 244.26, 8.28, 0, 0, 0, 0, 0, 10656.18, 444, 1471.68, 6.66, 1471.68, 0, 
여수태양광, 1, 2026-03-21 00:00:00, 0, 0, 0, 0, 0, 0, 0, 0, 0, 0, 0, 0, 0, 0, 0, 0, 0, 0, 0, 0, 0, 0, 0, 525, 525, 22, 525, 525, 525, 0, 
영흥태양광, 2, 2026-03-21 00:00:00, 0, 0, 0, 0, 0, 0, 0.964, 55.924, 180.307, 244.909, 546.707, 642.164, 673.019, 665.305, 601.667, 465.714, 293.12, 119.562, 11.571, 0, 0, 0, 0, 0, 4500.933, 188, 673.01, 0.96, 673.019, 0, 
탑선태양광, 1, 2026-03-21 00:00:00, 0, 0, 0, 0, 0, 0, 0, 0, 0, 0, 0, 0, 0, 0, 0, 0, 0, 0, 0, 0, 0, 0, 0, 959, 959, 40, 959, 959, 959, 0, 
탑선태양광, 3, 2026-03-21 00:00:00, 0, 0, 0, 0, 0, 0, 0, 0, 0, 0, 0, 0, 0, 0, 0, 0, 0, 0, 0, 0, 0, 0, 0, 274, 274, 11, 274, 274, 274, 0, 
경상대태양광, 1, 2026-03-21 00:00:00, 0, 0, 0, 0, 0, 0, 0, 43.92, 193.464, 362.232, 483.552, 554.832, 592.344, 585.936, 547.56, 458.856, 313.128, 137.664, 15.336, 0, 0, 0, 0, 0, 4288.824, 179, 592.34, 15.336, 592.344, 0, 
고흥만 수상태양광, 1, 2026-03-21 00:00:00, 0, 0, 0, 0, 0, 0, 198.912, 6698.832, 21554.148, 35300.16, 45748.836, 51495.612, 53581.668, 52063.62, 47250.924, 37342.032, 24925.74, 10686.48, 1060.752, 0, 0, 0, 0, 0, 387907.716, 16163, 53581.66, 198.91, 53581.668, 0, 
영동태양광, 1, 2026-03-20 00:00:00, 0, 0, 0, 0, 0, 0, 0, 17.184, 20.544, 20.16, 19.776, 20.64, 579.36, 703.2, 635.232, 533.472, 572.352, 690.816, 687.168, 628.128, 0, 0, 0, 0, 5128.032, 214, 703.2, 17.184, 703.2, 0, 
삼천포태양광#5, 1, 2026-03-20 00:00:00, 0, 0, 0, 0, 0, 0, 0, 185.595, 1251.593, 2440.891, 523.254, 842.283, 1006.092, 2451.196, 3042.813, 2511.85, 1682.195, 2521.441, 2518.051, 2508.091, 1141.538, 0, 0, 0, 24626.883, 1026, 3042.81, 185.595, 3042.813, 0, 
삼천포태양광#5, 2, 2026-03-20 00:00:00, 0, 0, 0, 0, 0, 0, 0, 342.455, 2180.041, 4102.849, 1315.161, 1915.699, 2121.72, 4484.045, 5164.178, 4251.896, 2856.636, 4258.464, 3857.798, 3818.22, 1188.566, 0, 0, 0, 41857.728, 1744, 5164.17, 342.45, 5164.178, 0, 
광양항세방태양광, 1, 2026-03-20 00:00:00, 0, 0, 0, 0, 0, 0, 4.8, 204, 592.8, 1195.2, 1672.8, 2013.6, 2152.8, 2128.8, 1903.2, 1663.2, 1058.4, 369.6, 19.2, 0, 0, 0, 0, 0, 14978.4, 624, 2152.8, 4.8, 2152.8, 0, 
두산엔진MG태양광, 1, 2026-03-20 00:00:00, 0, 0, 0, 0, 0, 0, 0.18, 3.3, 9.24, 19.44, 35.82, 48.72, 34.98, 42.6, 36.18, 52.56, 45.36, 27.66, 2.16, 0, 0, 0, 0, 0, 358.2, 15, 52.56, 0.18, 52.56, 0, 
삼천포태양광, 1, 2026-03-20 00:00:00, 0, 0, 0, 0, 0, 0, 0, 1.44, 13.14, 27.576, 37.188, 42.924, 45.216, 44.58, 37.464, 33.432, 21.924, 4.812, 0, 0, 0, 0, 0, 0, 309.696, 13, 45.21, 1.44, 45.216, 0, 
삼천포태양광, 2, 2026-03-20 00:00:00, 0, 0, 0, 0, 0, 0, 1.44, 49.728, 288.768, 570.432, 708.96, 787.68, 800.16, 779.616, 686.016, 563.04, 365.28, 143.808, 9.792, 0, 0, 0, 0, 0, 5754.72, 240, 800.16, 1.44, 800.16, 0, 
삼천포태양광, 3, 2026-03-20 00:00:00, 0, 0, 0, 0, 0, 0, 0.108, 14.508, 102.456, 190.296, 238.248, 262.332, 269.208, 261.54, 228.24, 190.872, 124.164, 46.944, 1.764, 0, 0, 0, 0, 0, 1930.68, 80, 269.2, 0.108, 269.208, 0, 
삼천포태양광, 4, 2026-03-20 00:00:00, 0, 0, 0, 0, 0, 0, 0, 49.983, 90.206, 105.14, 97.897, 171.211, 1353.756, 1287.519, 1235.337, 1032.742, 1167.738, 1187.663, 1184.206, 764.298, 0, 0, 0, 0, 9727.696, 405, 1353.75, 49.983, 1353.756, 0, 
구미태양광, 1, 2026-03-20 00:00:00, 0, 0, 0, 0, 0, 0, 0, 21.984, 165.892, 438.595, 575.851, 684.686, 734.945, 729.883, 660.532, 551.336, 386.962, 176.089, 24.37, 0, 0, 0, 0, 0, 5151.125, 215, 734.94, 21.984, 734.945, 0, 
삼천포태양광#6, 1, 2026-03-20 00:00:00, 0, 0, 0, 0, 0, 0, 0, 0, 0, 0, 0, 0, 0, 0, 0, 0, 0, 0, 0, 0, 0, 0, 0, 0, 0, 0, 0, 0, 0, 0, 
영흥태양광#5, 1, 2026-03-20 00:00:00, 0, 0, 0, 0, 0, 0, 2.411, 279.621, 971.442, 1675.316, 2174.295, 2572.032, 2670.863, 2586.495, 2311.695, 1639.158, 1140.179, 470.053, 45.8, 0, 0, 0, 0, 0, 18539.36, 772, 2670.86, 2.41, 2670.863, 0, 
영흥태양광 #3, 1, 2026-03-20 00:00:00, 0, 0, 0, 0, 0, 0, 0, 0, 0, 0, 0, 0, 0, 0, 0, 0, 0, 0, 0, 0, 0, 0, 0, 0, 0, 0, 0, 0, 0, 0, 
영흥태양광 #3, 2, 2026-03-20 00:00:00, 0, 0, 0, 0, 0, 0, 0.48, 55.776, 221.472, 400.992, 525.984, 612.192, 643.68, 625.056, 563.232, 406.56, 285.12, 117.888, 9.6, 0, 0, 0, 0, 0, 4468.032, 186, 643.68, 0.48, 643.68, 0, 
영흥태양광 #3, 3, 2026-03-20 00:00:00, 0, 0, 0, 0, 0, 0, 0.84, 64.68, 300.72, 547.92, 709.8, 808.8, 879.6, 847.8, 766.68, 567.72, 372.24, 159.12, 16.44, 0, 0, 0, 0, 0, 6042.36, 252, 879.6, 0.84, 879.6, 0, 
영흥태양광, 1, 2026-03-20 00:00:00, 0, 0, 0, 0, 0, 0, 0, 29.03, 199.91, 400.474, 569.894, 684.25, 729.408, 705.216, 642.394, 498.432, 288.269, 121.997, 10.675, 0, 0, 0, 0, 0, 4879.949, 203, 729.4, 10.675, 729.408, 0, 
예천태양광, 1, 2026-03-20 00:00:00, 0, 0, 0, 0, 0, 0, 0.54, 217.98, 686.16, 1060.02, 1330.92, 1478.88, 1527.84, 1467.18, 1312.38, 1038.96, 645.12, 226.8, 12.6, 0, 0, 0, 0, 0, 11005.38, 459, 1527.84, 0.54, 1527.84, 0, 
여수태양광, 1, 2026-03-20 00:00:00, 0, 0, 0, 0, 0, 0, 0, 0, 0, 0, 0, 0, 0, 0, 0, 0, 0, 0, 0, 0, 0, 0, 0, 425, 425, 18, 425, 425, 425, 0, 
영흥태양광, 2, 2026-03-20 00:00:00, 0, 0, 0, 0, 0, 0, 0, 56.888, 191.878, 321.082, 456.072, 574.669, 630.594, 614.202, 580.455, 409.789, 267.086, 114.741, 10.606, 0, 0, 0, 0, 0, 4228.062, 176, 630.59, 10.6, 630.594, 0, 
탑선태양광, 1, 2026-03-20 00:00:00, 0, 0, 0, 0, 0, 0, 0, 0, 0, 0, 0, 0, 0, 0, 0, 0, 0, 0, 0, 0, 0, 0, 0, 959, 959, 40, 959, 959, 959, 0, 
탑선태양광, 3, 2026-03-20 00:00:00, 0, 0, 0, 0, 0, 0, 0, 0, 0, 0, 0, 0, 0, 0, 0, 0, 0, 0, 0, 0, 0, 0, 0, 274, 274, 11, 274, 274, 274, 0, 
경상대태양광, 1, 2026-03-20 00:00:00, 0, 0, 0, 0, 0, 0, 0, 52.56, 183.528, 367.92, 505.44, 574.704, 606.096, 582.768, 555.048, 459, 337.824, 158.544, 13.32, 0, 0, 0, 0, 0, 4396.752, 183, 606.09, 13.32, 606.096, 0, 
고흥만 수상태양광, 1, 2026-03-20 00:00:00, 0, 0, 0, 0, 0, 0, 160.272, 4543.98, 17774.82, 36703.296, 46154.724, 51621.696, 51602.796, 50793.204, 45149.076, 35296.8, 25310.208, 11528.496, 1126.944, 0, 0, 0, 0, 0, 377766.312, 15740, 51621.69, 160.27, 51621.696, 0, 
영동태양광, 1, 2026-03-19 00:00:00, 0, 0, 0, 0, 0, 0, 0, 14.688, 20.256, 20.448, 20.256, 21.216, 449.856, 875.232, 844.224, 731.904, 642.624, 694.272, 690.048, 687.936, 158.4, 0, 0, 0, 5871.36, 245, 875.23, 14.688, 875.232, 0, 
삼천포태양광#5, 1, 2026-03-19 00:00:00, 0, 0, 0, 0, 0, 0, 4.446, 344.161, 1404.045, 2394.359, 539.417, 824.393, 890.63, 2145.083, 3021.193, 2452.395, 1526.722, 2520.35, 2523.694, 2484.967, 976.487, 0, 0, 0, 24052.342, 1002, 3021.19, 4.446, 3021.193, 0, 
삼천포태양광#5, 2, 2026-03-19 00:00:00, 0, 0, 0, 0, 0, 0, 7.441, 578.817, 2448.283, 4067.909, 1366.293, 1868.905, 1973.405, 3945.026, 5126.433, 4137.955, 2614.912, 4247.329, 3867.411, 3839.462, 984.745, 0, 0, 0, 41074.326, 1711, 5126.43, 7.44, 5126.433, 0, 
광양항세방태양광, 1, 2026-03-19 00:00:00, 0, 0, 0, 0, 0, 0, 2.4, 148.8, 530.4, 1077.6, 1624.8, 1963.2, 2104.8, 2044.8, 1860, 1500, 988.8, 374.4, 36, 0, 0, 0, 0, 0, 14256, 594, 2104.8, 2.4, 2104.8, 0, 
두산엔진MG태양광, 1, 2026-03-19 00:00:00, 0, 0, 0, 0, 0, 0, 0.24, 3.12, 6.84, 19.44, 34.56, 46.68, 54.84, 54.66, 53.16, 51.66, 40.86, 21.84, 1.68, 0, 0, 0, 0, 0, 389.58, 16, 54.84, 0.24, 54.84, 0, 
삼천포태양광, 1, 2026-03-19 00:00:00, 0, 0, 0, 0, 0, 0, 0, 2.388, 13.968, 26.88, 36.408, 42.084, 44.568, 43.632, 39.672, 32.628, 20.04, 4.104, 0, 0, 0, 0, 0, 0, 306.372, 13, 44.56, 2.388, 44.568, 0, 
삼천포태양광, 2, 2026-03-19 00:00:00, 0, 0, 0, 0, 0, 0, 2.496, 75.36, 312.768, 558.912, 711.936, 782.112, 795.264, 760.224, 688.032, 545.952, 326.784, 127.68, 10.944, 0, 0, 0, 0, 0, 5698.464, 237, 795.26, 2.496, 795.264, 0, 
삼천포태양광, 3, 2026-03-19 00:00:00, 0, 0, 0, 0, 0, 0, 0.432, 34.272, 116.136, 189.396, 239.652, 263.232, 268.128, 256.176, 226.836, 185.076, 113.436, 40.176, 2.052, 0, 0, 0, 0, 0, 1935, 81, 268.12, 0.432, 268.128, 0, 
삼천포태양광, 4, 2026-03-19 00:00:00, 0, 0, 0, 0, 0, 0, 0.377, 43.806, 92.368, 105.134, 97.914, 161.414, 1236.789, 1248.859, 1222.293, 1008.682, 1158.543, 1186.281, 1184.014, 688.395, 0, 0, 0, 0, 9434.869, 393, 1248.85, 0.377, 1248.859, 0, 
구미태양광, 1, 2026-03-19 00:00:00, 0, 0, 0, 0, 0, 0, 0, 28.275, 199.085, 412.345, 575.851, 665.088, 707.899, 722.869, 667.475, 552.927, 403.667, 200.604, 30.083, 0, 0, 0, 0, 0, 5166.168, 215, 722.86, 28.275, 722.869, 0, 
삼천포태양광#6, 1, 2026-03-19 00:00:00, 0, 0, 0, 0, 0, 0, 0, 0, 0, 0, 0, 0, 0, 0, 0, 0, 0, 0, 0, 0, 0, 0, 0, 0, 0, 0, 0, 0, 0, 0, 
영흥태양광#5, 1, 2026-03-19 00:00:00, 0, 0, 0, 0, 0, 0, 7.232, 323.011, 1123.305, 1848.874, 2362.316, 2680.505, 2803.442, 2699.789, 2311.695, 1783.789, 1287.221, 595.4, 53.032, 0, 0, 0, 0, 0, 19879.611, 828, 2803.44, 7.23, 2803.442, 0, 
영흥태양광 #3, 1, 2026-03-19 00:00:00, 0, 0, 0, 0, 0, 0, 0, 0, 0, 0, 0, 0, 0, 0, 0, 0, 0, 0, 0, 0, 0, 0, 0, 0, 0, 0, 0, 0, 0, 0, 
영흥태양광 #3, 2, 2026-03-19 00:00:00, 0, 0, 0, 0, 0, 0, 0.384, 67.968, 258.432, 442.944, 571.68, 646.944, 681.12, 659.712, 577.824, 463.872, 328.128, 156, 13.344, 0, 0, 0, 0, 0, 4868.352, 203, 681.12, 0.384, 681.12, 0, 
영흥태양광 #3, 3, 2026-03-19 00:00:00, 0, 0, 0, 0, 0, 0, 0.72, 82.92, 320.76, 610.44, 783.48, 889.56, 934.56, 906, 777.6, 625.32, 462.84, 209.4, 20.04, 0, 0, 0, 0, 0, 6623.64, 276, 934.56, 0.72, 934.56, 0, 
영흥태양광, 1, 2026-03-19 00:00:00, 0, 0, 0, 0, 0, 0, 0, 19.968, 220.954, 435.187, 612.442, 719.77, 760.474, 739.238, 631.603, 516.326, 379.238, 161.626, 10.483, 0, 0, 0, 0, 0, 5207.309, 217, 760.47, 10.483, 760.474, 0, 
예천태양광, 1, 2026-03-19 00:00:00, 0, 0, 0, 0, 0, 0, 4.5, 242.82, 657.36, 1050.48, 995.22, 1246.14, 1543.14, 1512.72, 1314.18, 1090.62, 692.82, 236.34, 7.74, 0, 0, 0, 0, 0, 10594.08, 441, 1543.14, 4.5, 1543.14, 0, 
여수태양광, 1, 2026-03-19 00:00:00, 0, 0, 0, 0, 0, 0, 0, 0, 0, 0, 0, 0, 0, 0, 0, 0, 0, 0, 0, 0, 0, 0, 0, 325, 325, 14, 325, 325, 325, 0, 
영흥태양광, 2, 2026-03-19 00:00:00, 0, 0, 0, 0, 0, 0, 0, 54.96, 243.945, 446.429, 578.526, 656.627, 689.411, 677.84, 577.562, 455.107, 303.726, 129.204, 10.606, 0, 0, 0, 0, 0, 4823.943, 201, 689.41, 10.6, 689.411, 0, 
탑선태양광, 1, 2026-03-19 00:00:00, 0, 0, 0, 0, 0, 0, 0, 0, 0, 0, 0, 0, 0, 0, 0, 0, 0, 0, 0, 0, 0, 0, 0, 959, 959, 40, 959, 959, 959, 0, 
탑선태양광, 3, 2026-03-19 00:00:00, 0, 0, 0, 0, 0, 0, 0, 0, 0, 0, 0, 0, 0, 0, 0, 0, 0, 0, 0, 0, 0, 0, 0, 274, 274, 11, 274, 274, 274, 0, 
경상대태양광, 1, 2026-03-19 00:00:00, 0, 0, 0, 0, 0, 0, 0, 38.664, 196.56, 374.184, 508.68, 583.632, 614.664, 603.072, 556.632, 468.792, 330.408, 142.2, 13.464, 0, 0, 0, 0, 0, 4430.952, 185, 614.66, 13.464, 614.664, 0, 
고흥만 수상태양광, 1, 2026-03-19 00:00:00, 0, 0, 0, 0, 0, 0, 118.524, 6494.04, 21562.632, 36258.684, 45732.204, 51500.316, 52956.204, 51785.328, 47030.004, 37950.696, 26011.356, 11429.796, 1045.8, 0, 0, 0, 0, 0, 389875.584, 16245, 52956.2, 118.52, 52956.204, 0, 
영동태양광, 1, 2026-03-18 00:00:00, 0, 0, 0, 0, 0, 0, 0, 0.672, 15.168, 19.968, 20.064, 20.064, 20.064, 20.256, 16.224, 28.224, 283.68, 69.792, 6.432, 0, 0, 0, 0, 0, 520.608, 22, 283.68, 0.672, 283.68, 0, 
삼천포태양광#5, 1, 2026-03-18 00:00:00, 0, 0, 0, 0, 0, 0, 0, 1.472, 32.383, 83.415, 132.359, 180.865, 183.399, 180.12, 184.55, 189.264, 228.882, 953.086, 6.263, 0, 0, 0, 0, 0, 2356.058, 98, 953.08, 1.472, 953.086, 0, 
삼천포태양광#5, 2, 2026-03-18 00:00:00, 0, 0, 0, 0, 0, 0, 0, 5.233, 64.766, 148.656, 220.712, 274.098, 281.211, 274.993, 277.931, 292.441, 442.534, 1357.543, 8.351, 0, 0, 0, 0, 0, 3648.469, 152, 1357.54, 5.233, 1357.543, 0, 
광양항세방태양광, 1, 2026-03-18 00:00:00, 0, 0, 0, 0, 0, 0, 0, 0, 0, 24, 57.6, 86.4, 163.2, 216, 357.6, 360, 223.2, 76.8, 0, 0, 0, 0, 0, 0, 1564.8, 65, 360, 24, 360, 0, 
두산엔진MG태양광, 1, 2026-03-18 00:00:00, 0, 0, 0, 0, 0, 0, 0, 1.86, 3.36, 5.82, 8.88, 7.86, 6.06, 9, 8.4, 4.86, 3.54, 2.58, 0.3, 0, 0, 0, 0, 0, 62.52, 3, 9, 0.3, 9, 0, 
삼천포태양광, 1, 2026-03-18 00:00:00, 0, 0, 0, 0, 0, 0, 0, 0, 0, 0.12, 0.084, 1.8, 0.984, 1.38, 2.148, 1.836, 0.696, 0.156, 0, 0, 0, 0, 0, 0, 9.204, 0, 2.14, 0.084, 2.148, 0, 
삼천포태양광, 2, 2026-03-18 00:00:00, 0, 0, 0, 0, 0, 0, 0, 2.88, 12.288, 22.56, 33.024, 70.848, 53.856, 63.36, 79.2, 86.112, 53.088, 25.824, 2.208, 0, 0, 0, 0, 0, 505.248, 21, 86.11, 2.208, 86.112, 0, 
삼천포태양광, 3, 2026-03-18 00:00:00, 0, 0, 0, 0, 0, 0, 0, 0.144, 1.404, 4.608, 7.164, 19.692, 14.472, 19.08, 26.208, 26.46, 15.264, 6.192, 0.18, 0, 0, 0, 0, 0, 140.868, 6, 26.46, 0.144, 26.46, 0, 
삼천포태양광, 4, 2026-03-18 00:00:00, 0, 0, 0, 0, 0, 0, 0, 0.407, 8.58, 24.969, 42.905, 83.477, 82.845, 79.742, 85.758, 118.167, 150.44, 31.907, 3.811, 0, 0, 0, 0, 0, 713.008, 30, 150.44, 0.407, 150.44, 0, 
구미태양광, 1, 2026-03-18 00:00:00, 0, 0, 0, 0, 0, 0, 0, 2.531, 9.907, 55.105, 69.712, 64.289, 83.886, 93.36, 86.562, 95.818, 58.72, 30.879, 4.701, 0, 0, 0, 0, 0, 655.47, 27, 95.81, 2.53, 95.818, 0, 
삼천포태양광#6, 1, 2026-03-18 00:00:00, 0, 0, 0, 0, 0, 0, 0, 0, 0, 0, 0, 0, 0, 0, 0, 0, 0, 0, 0, 0, 0, 0, 0, 0, 0, 0, 0, 0, 0, 0, 
영흥태양광#5, 1, 2026-03-18 00:00:00, 0, 0, 0, 0, 0, 0, 0, 26.516, 62.674, 188.021, 298.905, 219.358, 486.926, 552.011, 1945.295, 1369.179, 790.653, 347.116, 43.389, 0, 0, 0, 0, 0, 6330.043, 264, 1945.29, 26.51, 1945.295, 0, 
영흥태양광 #3, 1, 2026-03-18 00:00:00, 0, 0, 0, 0, 0, 0, 0, 1.2, 4.32, 82.56, 181.2, 123.6, 326.64, 354.24, 1354.8, 1237.44, 495.6, 203.28, 11.76, 0, 0, 0, 0, 0, 4376.64, 182, 1354.8, 1.2, 1354.8, 0, 
영흥태양광 #3, 2, 2026-03-18 00:00:00, 0, 0, 0, 0, 0, 0, 0, 1.92, 4.32, 27.936, 54.048, 40.608, 92.352, 99.84, 386.112, 414.432, 178.464, 78.144, 5.76, 0, 0, 0, 0, 0, 1383.936, 58, 414.43, 1.92, 414.432, 0, 
영흥태양광 #3, 3, 2026-03-18 00:00:00, 0, 0, 0, 0, 0, 0, 0, 7.32, 17.04, 57, 85.68, 72, 165.12, 170.28, 647.64, 593.04, 248.64, 109.2, 13.68, 0, 0, 0, 0, 0, 2186.64, 91, 647.64, 7.32, 647.64, 0, 
영흥태양광, 1, 2026-03-18 00:00:00, 0, 0, 0, 0, 0, 0, 0, 1.306, 6.874, 34.79, 72.614, 46.195, 92.621, 127.718, 542.246, 497.434, 199.91, 89.702, 8.717, 0, 0, 0, 0, 0, 1720.127, 72, 542.24, 1.306, 542.246, 0, 
예천태양광, 1, 2026-03-18 00:00:00, 0, 0, 0, 0, 0, 0, 0, 5.76, 29.34, 22.14, 72.18, 99.18, 152.28, 248.04, 131.94, 131.4, 59.4, 10.98, 0, 0, 0, 0, 0, 0, 962.64, 40, 248.04, 5.76, 248.04, 0, 
여수태양광, 1, 2026-03-18 00:00:00, 0, 0, 0, 0, 0, 0, 0, 0, 0, 0, 0, 0, 0, 0, 0, 0, 0, 0, 0, 0, 0, 0, 0, 655, 655, 27, 655, 655, 655, 0, 
영흥태양광, 2, 2026-03-18 00:00:00, 0, 0, 0, 0, 0, 0, 0, 2.893, 11.571, 40.497, 73.28, 52.067, 118.598, 133.061, 456.072, 424.253, 181.272, 82.922, 9.642, 0, 0, 0, 0, 0, 1586.128, 66, 456.07, 2.89, 456.072, 0, 
탑선태양광, 1, 2026-03-18 00:00:00, 0, 0, 0, 0, 0, 0, 0, 0, 0, 0, 0, 0, 0, 0, 0, 0, 0, 0, 0, 0, 0, 0, 0, 959, 959, 40, 959, 959, 959, 0, 
탑선태양광, 3, 2026-03-18 00:00:00, 0, 0, 0, 0, 0, 0, 0, 0, 0, 0, 0, 0, 0, 0, 0, 0, 0, 0, 0, 0, 0, 0, 0, 274, 274, 11, 274, 274, 274, 0, 
경상대태양광, 1, 2026-03-18 00:00:00, 0, 0, 0, 0, 0, 0, 0, 1.008, 5.688, 22.464, 50.256, 51.912, 60.84, 67.896, 103.392, 78.84, 31.392, 22.32, 0, 0, 0, 0, 0, 0, 496.008, 21, 103.39, 1.008, 103.392, 0, 
고흥만 수상태양광, 1, 2026-03-18 00:00:00, 0, 0, 0, 0, 0, 0, 0, 29.652, 377.244, 1037.82, 4117.176, 4321.8, 4912.992, 4765.236, 7125.384, 6037.5, 3309.768, 2940.168, 362.964, 0, 0, 0, 0, 0, 39337.704, 1639, 7125.38, 29.65, 7125.384, 0, 
영동태양광, 1, 2026-03-17 00:00:00, 0, 0, 0, 0, 0, 0, 0, 15.168, 20.256, 20.16, 20.064, 20.544, 21.504, 294.816, 544.32, 445.824, 552.096, 690.24, 687.552, 559.392, 0, 0, 0, 0, 3891.936, 162, 690.24, 15.168, 690.24, 0, 
삼천포태양광#5, 1, 2026-03-17 00:00:00, 0, 0, 0, 0, 0, 0, 0.014, 253.988, 1077.703, 2016.379, 231.541, 671.966, 893.016, 1077.33, 2871.366, 2279.418, 1361.328, 2490.205, 2511.572, 2507.601, 988.315, 0, 0, 0, 21231.742, 885, 2871.36, 0.014, 2871.366, 0, 
삼천포태양광#5, 2, 2026-03-17 00:00:00, 0, 0, 0, 0, 0, 0, 0.038, 465.554, 1855.747, 3360.506, 455.909, 1093.22, 1848.358, 2820.692, 4875.31, 3858.535, 2372.247, 4194.155, 3842.975, 3816.791, 824.517, 0, 0, 0, 35684.554, 1487, 4875.31, 0.038, 4875.31, 0, 
광양항세방태양광, 1, 2026-03-17 00:00:00, 0, 0, 0, 0, 0, 0, 2.4, 158.4, 465.6, 996, 1384.8, 1749.6, 1884, 1807.2, 1668, 1408.8, 847.2, 280.8, 21.6, 0, 0, 0, 0, 0, 12674.4, 528, 1884, 2.4, 1884, 0, 
두산엔진MG태양광, 1, 2026-03-17 00:00:00, 0, 0, 0, 0, 0, 0, 0.18, 3.36, 7.56, 18.06, 25.56, 23.82, 50.94, 57, 56.28, 49.74, 37.08, 17.4, 1.2, 0, 0, 0, 0, 0, 348.18, 15, 57, 0.18, 57, 0, 
삼천포태양광, 1, 2026-03-17 00:00:00, 0, 0, 0, 0, 0, 0, 0, 2.268, 11.58, 23.208, 32.436, 40.404, 43.2, 42.324, 37.356, 29.988, 18.192, 3.54, 0, 0, 0, 0, 0, 0, 284.496, 12, 43.2, 2.268, 43.2, 0, 
삼천포태양광, 2, 2026-03-17 00:00:00, 0, 0, 0, 0, 0, 0, 1.248, 67.296, 245.568, 442.176, 463.776, 742.176, 782.784, 758.592, 654.816, 482.4, 298.08, 106.656, 6.72, 0, 0, 0, 0, 0, 5052.288, 211, 782.78, 1.248, 782.784, 0, 
삼천포태양광, 3, 2026-03-17 00:00:00, 0, 0, 0, 0, 0, 0, 0.144, 21.168, 84.78, 139.176, 173.088, 243.792, 261.288, 243.216, 211.86, 173.772, 103.32, 32.724, 1.404, 0, 0, 0, 0, 0, 1689.732, 70, 261.28, 0.144, 261.288, 0, 
삼천포태양광, 4, 2026-03-17 00:00:00, 0, 0, 0, 0, 0, 0, 0.004, 61.154, 92.958, 105.01, 96.774, 99.446, 331.682, 1187.618, 1173.618, 939.551, 1150.299, 1183.809, 1181.934, 580.296, 0, 0, 0, 0, 8184.153, 341, 1187.61, 0.004, 1187.618, 0, 
구미태양광, 1, 2026-03-17 00:00:00, 0, 0, 0, 0, 0, 0, 0, 22.273, 167.628, 358.614, 517.709, 604.343, 621.988, 668.053, 598.124, 458.844, 324.915, 148.464, 22.346, 0, 0, 0, 0, 0, 4513.301, 188, 668.05, 22.273, 668.053, 0, 
삼천포태양광#6, 1, 2026-03-17 00:00:00, 0, 0, 0, 0, 0, 0, 0, 0, 0, 0, 0, 0, 0, 0, 0, 0, 0, 0, 0, 0, 0, 0, 0, 0, 0, 0, 0, 0, 0, 0, 
영흥태양광#5, 1, 2026-03-17 00:00:00, 0, 0, 0, 0, 0, 0, 0, 171.147, 646.021, 1653.621, 2275.537, 2634.705, 2788.979, 2764.874, 2523.821, 2111.621, 1417.389, 583.347, 48.211, 0, 0, 0, 0, 0, 19619.273, 817, 2788.97, 48.21, 2788.979, 0, 
영흥태양광 #3, 1, 2026-03-17 00:00:00, 0, 0, 0, 0, 0, 0, 0, 60.96, 326.16, 1025.52, 1207.2, 1814.64, 1764.24, 1740.72, 1618.08, 1343.04, 790.8, 246, 4.8, 0, 0, 0, 0, 0, 11942.16, 498, 1814.64, 4.8, 1814.64, 0, 
영흥태양광 #3, 2, 2026-03-17 00:00:00, 0, 0, 0, 0, 0, 0, 0.096, 29.472, 128.832, 357.888, 491.136, 565.248, 601.248, 606.432, 556.128, 462.432, 313.44, 133.92, 10.272, 0, 0, 0, 0, 0, 4256.544, 177, 606.43, 0.09, 606.432, 0, 
영흥태양광 #3, 3, 2026-03-17 00:00:00, 0, 0, 0, 0, 0, 0, 0.24, 54.12, 202.68, 489.48, 677.04, 785.4, 830.64, 818.28, 763.68, 640.92, 436.2, 182.64, 17.04, 0, 0, 0, 0, 0, 5898.36, 246, 830.64, 0.24, 830.64, 0, 
영흥태양광, 1, 2026-03-17 00:00:00, 0, 0, 0, 0, 0, 0, 0, 21.466, 136.013, 276.326, 396.826, 476.813, 518.592, 511.987, 471.283, 405.619, 362.918, 145.536, 9.984, 0, 0, 0, 0, 0, 3733.363, 156, 518.59, 9.984, 518.592, 0, 
예천태양광, 1, 2026-03-17 00:00:00, 0, 0, 0, 0, 0, 0, 1.44, 170.46, 574.38, 947.88, 1211.94, 1267.02, 1348.02, 1399.86, 1231.02, 963.9, 588.42, 192.06, 7.38, 0, 0, 0, 0, 0, 9903.78, 413, 1399.86, 1.44, 1399.86, 0, 
여수태양광, 1, 2026-03-17 00:00:00, 0, 0, 0, 0, 0, 0, 0, 0, 0, 0, 0, 0, 0, 0, 0, 0, 0, 0, 0, 0, 0, 0, 0, 555, 555, 23, 555, 555, 555, 0, 
영흥태양광, 2, 2026-03-17 00:00:00, 0, 0, 0, 0, 0, 0, 0, 30.855, 119.562, 349.044, 497.533, 575.634, 607.453, 592.025, 554.421, 443.537, 279.621, 110.884, 9.642, 0, 0, 0, 0, 0, 4170.211, 174, 607.45, 9.64, 607.453, 0, 
탑선태양광, 1, 2026-03-17 00:00:00, 0, 0, 0, 0, 0, 0, 0, 0, 0, 0, 0, 0, 0, 0, 0, 0, 0, 0, 0, 0, 0, 0, 0, 959, 959, 40, 959, 959, 959, 0, 
탑선태양광, 3, 2026-03-17 00:00:00, 0, 0, 0, 0, 0, 0, 0, 0, 0, 0, 0, 0, 0, 0, 0, 0, 0, 0, 0, 0, 0, 0, 0, 274, 274, 11, 274, 274, 274, 0, 
경상대태양광, 1, 2026-03-17 00:00:00, 0, 0, 0, 0, 0, 0, 0, 36.072, 167.688, 334.08, 452.88, 565.56, 587.808, 583.632, 532.728, 416.52, 280.296, 120.456, 10.224, 0, 0, 0, 0, 0, 4087.944, 170, 587.8, 10.224, 587.808, 0, 
고흥만 수상태양광, 1, 2026-03-17 00:00:00, 0, 0, 0, 0, 0, 0, 42.252, 3737.832, 15919.848, 27860.616, 38819.592, 46227.132, 32281.452, 22405.656, 23230.62, 25116.42, 25633.524, 9445.884, 706.524, 0, 0, 0, 0, 0, 271427.352, 11309, 46227.13, 42.25, 46227.132, 0, 
영동태양광, 1, 2026-03-16 00:00:00, 0, 0, 0, 0, 0, 0, 0, 15.072, 20.256, 20.256, 19.968, 20.448, 20.64, 21.312, 355.392, 411.456, 491.424, 690.24, 688.416, 427.392, 0, 0, 0, 0, 3202.272, 133, 690.24, 15.072, 690.24, 0, 
삼천포태양광#5, 1, 2026-03-16 00:00:00, 0, 0, 0, 0, 0, 0, 1.017, 267.266, 1136.691, 2061.528, 421.7, 511.512, 616.937, 1500.991, 2224.805, 1657.88, 461.223, 2522.877, 2512.026, 2511.569, 790.576, 0, 0, 0, 19198.598, 800, 2522.87, 1.01, 2522.877, 0, 
삼천포태양광#5, 2, 2026-03-16 00:00:00, 0, 0, 0, 0, 0, 0, 1.355, 459.763, 1965.315, 3459.61, 788.926, 1288.455, 1437.239, 3241.706, 3766.683, 2737.995, 882.69, 4166.905, 3822.924, 3817.153, 343.704, 0, 0, 0, 32180.423, 1341, 4166.9, 1.35, 4166.905, 0, 
광양항세방태양광, 1, 2026-03-16 00:00:00, 0, 0, 0, 0, 0, 0, 2.4, 180, 535.2, 979.2, 1478.4, 1766.4, 1665.6, 1636.8, 1365.6, 979.2, 448.8, 213.6, 9.6, 0, 0, 0, 0, 0, 11260.8, 469, 1766.4, 2.4, 1766.4, 0, 
두산엔진MG태양광, 1, 2026-03-16 00:00:00, 0, 0, 0, 0, 0, 0, 0.18, 3.9, 8.22, 18.78, 28.14, 40.74, 21.72, 36.6, 47.1, 44.58, 17.7, 3.48, 0.18, 0, 0, 0, 0, 0, 271.32, 11, 47.1, 0.18, 47.1, 0, 
삼천포태양광, 1, 2026-03-16 00:00:00, 0, 0, 0, 0, 0, 0, 0, 2.16, 12.144, 24.024, 32.796, 39.12, 40.44, 35.472, 30.18, 19.848, 4.116, 1.152, 0, 0, 0, 0, 0, 0, 241.452, 10, 40.44, 1.152, 40.44, 0, 
삼천포태양광, 2, 2026-03-16 00:00:00, 0, 0, 0, 0, 0, 0, 1.536, 64.512, 255.264, 484.512, 612.384, 710.304, 727.872, 656.448, 522.048, 368.256, 106.944, 52.8, 4.8, 0, 0, 0, 0, 0, 4567.68, 190, 727.87, 1.536, 727.872, 0, 
삼천포태양광, 3, 2026-03-16 00:00:00, 0, 0, 0, 0, 0, 0, 0.144, 23.328, 93.024, 162.036, 202.104, 236.088, 241.236, 212.832, 169.56, 118.224, 31.248, 14.544, 0.792, 0, 0, 0, 0, 0, 1505.16, 63, 241.23, 0.144, 241.236, 0, 
삼천포태양광, 4, 2026-03-16 00:00:00, 0, 0, 0, 0, 0, 0, 0.092, 53.331, 91.395, 104.454, 103.694, 94.793, 687.751, 1046.918, 912.36, 703.261, 954.271, 1187.066, 1179.018, 124.046, 0, 0, 0, 0, 7242.45, 302, 1187.06, 0.092, 1187.066, 0, 
구미태양광, 1, 2026-03-16 00:00:00, 0, 0, 0, 0, 0, 0, 0, 16.271, 162.711, 359.554, 524.579, 588.867, 451.612, 462.532, 508.163, 526.459, 264.603, 75.642, 28.131, 0, 0, 0, 0, 0, 3969.124, 165, 588.86, 16.271, 588.867, 0, 
삼천포태양광#6, 1, 2026-03-16 00:00:00, 0, 0, 0, 0, 0, 0, 0, 0, 0, 0, 0, 0, 0, 0, 0, 0, 0, 0, 0, 0, 0, 0, 0, 0, 0, 0, 0, 0, 0, 0, 
영흥태양광#5, 1, 2026-03-16 00:00:00, 0, 0, 0, 0, 0, 0, 4.821, 207.305, 756.905, 1648.8, 2285.179, 2314.105, 2627.474, 2169.474, 1856.105, 1583.716, 1436.674, 595.4, 53.032, 0, 0, 0, 0, 0, 17538.99, 731, 2627.47, 4.82, 2627.474, 0, 
영흥태양광 #3, 1, 2026-03-16 00:00:00, 0, 0, 0, 0, 0, 0, 0, 71.28, 460.8, 1033.44, 1436.4, 1488.24, 1666.08, 1448.4, 1295.28, 1022.64, 786, 231.84, 0.96, 0, 0, 0, 0, 0, 10941.36, 456, 1666.08, 0.96, 1666.08, 0, 
영흥태양광 #3, 2, 2026-03-16 00:00:00, 0, 0, 0, 0, 0, 0, 0.192, 37.824, 155.328, 364.704, 498.528, 511.392, 574.272, 507.264, 448.128, 358.848, 316.608, 136.8, 12.192, 0, 0, 0, 0, 0, 3922.08, 163, 574.27, 0.192, 574.272, 0, 
영흥태양광 #3, 3, 2026-03-16 00:00:00, 0, 0, 0, 0, 0, 0, 0.6, 52.92, 219, 488.28, 682.44, 693.48, 782.88, 687.36, 619.44, 461.76, 438, 187.08, 18.24, 0, 0, 0, 0, 0, 5331.48, 222, 782.88, 0.6, 782.88, 0, 
영흥태양광, 1, 2026-03-16 00:00:00, 0, 0, 0, 0, 0, 0, 0, 20.045, 126.298, 268.57, 417.6, 430.234, 475.43, 402.125, 359.27, 270.067, 264.192, 103.142, 7.411, 0, 0, 0, 0, 0, 3144.384, 131, 475.43, 7.411, 475.43, 0, 
예천태양광, 1, 2026-03-16 00:00:00, 0, 0, 0, 0, 0, 0, 0, 175.5, 616.32, 1012.68, 1277.82, 1427.04, 1231.92, 1207.8, 1015.92, 746.64, 374.4, 148.14, 8.82, 0, 0, 0, 0, 0, 9243, 385, 1427.04, 8.82, 1427.04, 0, 
여수태양광, 1, 2026-03-16 00:00:00, 0, 0, 0, 0, 0, 0, 0, 0, 0, 0, 0, 0, 0, 0, 0, 0, 0, 0, 0, 0, 0, 0, 0, 573, 573, 24, 573, 573, 573, 0, 
영흥태양광, 2, 2026-03-16 00:00:00, 0, 0, 0, 0, 0, 0, 0, 37.604, 158.131, 356.758, 501.389, 517.781, 568.884, 504.282, 459.928, 350.008, 281.549, 112.813, 9.642, 0, 0, 0, 0, 0, 3858.769, 161, 568.88, 9.64, 568.884, 0, 
탑선태양광, 1, 2026-03-16 00:00:00, 0, 0, 0, 0, 0, 0, 0, 0, 0, 0, 0, 0, 0, 0, 0, 0, 0, 0, 0, 0, 0, 0, 0, 959, 959, 40, 959, 959, 959, 0, 
탑선태양광, 3, 2026-03-16 00:00:00, 0, 0, 0, 0, 0, 0, 0, 0, 0, 0, 0, 0, 0, 0, 0, 0, 0, 0, 0, 0, 0, 0, 0, 274, 274, 11, 274, 274, 274, 0, 
경상대태양광, 1, 2026-03-16 00:00:00, 0, 0, 0, 0, 0, 0, 0, 50.112, 178.272, 328.824, 439.488, 528.768, 563.832, 563.112, 382.824, 447.912, 169.992, 70.776, 1.872, 0, 0, 0, 0, 0, 3725.784, 155, 563.83, 1.872, 563.832, 0, 
고흥만 수상태양광, 1, 2026-03-16 00:00:00, 0, 0, 0, 0, 0, 0, 67.956, 4700.22, 17367.168, 28798.56, 39245.22, 40338.144, 39725.112, 38587.584, 27852.72, 26534.424, 9479.316, 5067.048, 498.204, 0, 0, 0, 0, 0, 278261.676, 11594, 40338.14, 67.95, 40338.144, 0, 
영동태양광, 1, 2026-03-15 00:00:00, 0, 0, 0, 0, 0, 0, 0, 12.96, 20.064, 20.064, 20.256, 20.256, 20.256, 20.448, 20.448, 33.792, 434.4, 508.896, 0, 0, 0, 0, 0, 0, 1131.84, 47, 508.89, 12.96, 508.896, 0, 
삼천포태양광#5, 1, 2026-03-15 00:00:00, 0, 0, 0, 0, 0, 0, 0, 0, 0, 0, 0, 384.191, 248.482, 643.062, 232.51, 1623.436, 821.541, 2515.28, 2519.858, 2511.112, 875.867, 0, 0, 0, 12375.339, 516, 2519.85, 232.51, 2519.858, 0, 
삼천포태양광#5, 2, 2026-03-15 00:00:00, 0, 0, 0, 0, 0, 0, 0, 0, 0, 0, 0, 443.361, 347.049, 1220.776, 1845.578, 2930.057, 1450.755, 4183.945, 3831.649, 3819.672, 491.149, 0, 0, 0, 20563.991, 857, 4183.94, 347.04, 4183.945, 0, 
광양항세방태양광, 1, 2026-03-15 00:00:00, 0, 0, 0, 0, 0, 0, 0, 31.2, 302.4, 544.8, 573.6, 813.6, 1430.4, 1807.2, 1149.6, 1060.8, 643.2, 249.6, 14.4, 0, 0, 0, 0, 0, 8620.8, 359, 1807.2, 14.4, 1807.2, 0, 
두산엔진MG태양광, 1, 2026-03-15 00:00:00, 0, 0, 0, 0, 0, 0, 0, 1.32, 5.1, 12.24, 15.96, 25.32, 33.72, 33.9, 30.24, 13.5, 11.28, 4.98, 0.42, 0, 0, 0, 0, 0, 187.98, 8, 33.9, 0.42, 33.9, 0, 
삼천포태양광, 1, 2026-03-15 00:00:00, 0, 0, 0, 0, 0, 0, 0, 0.012, 5.76, 14.52, 17.436, 19.14, 20.448, 35.016, 36.648, 24.504, 9.828, 2.148, 0, 0, 0, 0, 0, 0, 185.46, 8, 36.64, 0.012, 36.648, 0, 
삼천포태양광, 2, 2026-03-15 00:00:00, 0, 0, 0, 0, 0, 0, 0, 19.392, 135.744, 275.232, 340.704, 393.312, 376.32, 662.112, 633.408, 436.992, 199.872, 68.448, 5.376, 0, 0, 0, 0, 0, 3546.912, 148, 662.11, 5.376, 662.112, 0, 
삼천포태양광, 3, 2026-03-15 00:00:00, 0, 0, 0, 0, 0, 0, 0, 4.212, 43.416, 89.892, 110.124, 126.648, 123.696, 220.212, 207.9, 147.492, 64.476, 18.936, 0.792, 0, 0, 0, 0, 0, 1157.796, 48, 220.21, 0.792, 220.212, 0, 
삼천포태양광, 4, 2026-03-15 00:00:00, 0, 0, 0, 0, 0, 0, 0, 0, 0, 0, 0, 108.49, 81.845, 113.859, 461.288, 728.091, 1070.288, 1182.496, 1180.101, 311.265, 0, 0, 0, 0, 5237.723, 218, 1182.49, 81.845, 1182.496, 0, 
구미태양광, 1, 2026-03-15 00:00:00, 0, 0, 0, 0, 0, 0, 0, 0, 9.835, 69.423, 155.696, 173.341, 245.657, 185.635, 112.813, 105.943, 108.474, 29.505, 2.965, 0, 0, 0, 0, 0, 1199.287, 50, 245.65, 2.965, 245.657, 0, 
삼천포태양광#6, 1, 2026-03-15 00:00:00, 0, 0, 0, 0, 0, 0, 0, 0, 0, 0, 0, 0, 0, 0, 0, 0, 0, 0, 0, 0, 0, 0, 0, 0, 0, 0, 0, 0, 0, 0, 
영흥태양광#5, 1, 2026-03-15 00:00:00, 0, 0, 0, 0, 0, 0, 0, 36.158, 250.695, 380.863, 829.221, 1267.937, 2044.126, 2704.611, 2514.179, 2075.463, 1330.611, 508.621, 43.389, 0, 0, 0, 0, 0, 13985.874, 583, 2704.61, 36.15, 2704.611, 0, 
영흥태양광 #3, 1, 2026-03-15 00:00:00, 0, 0, 0, 0, 0, 0, 0, 4.08, 146.16, 247.68, 547.2, 897.6, 1484.88, 1733.04, 1615.44, 1318.8, 747.12, 229.44, 1.44, 0, 0, 0, 0, 0, 8972.88, 374, 1733.04, 1.44, 1733.04, 0, 
영흥태양광 #3, 2, 2026-03-15 00:00:00, 0, 0, 0, 0, 0, 0, 0, 3.264, 51.552, 83.712, 187.776, 261.696, 521.952, 582.24, 546.144, 451.872, 294.528, 114.72, 8.256, 0, 0, 0, 0, 0, 3107.712, 129, 582.24, 3.264, 582.24, 0, 
영흥태양광 #3, 3, 2026-03-15 00:00:00, 0, 0, 0, 0, 0, 0, 0, 11.04, 85.56, 126.84, 270.36, 431.16, 699, 788.04, 744.24, 620.28, 401.4, 158.4, 14.16, 0, 0, 0, 0, 0, 4350.48, 181, 788.04, 11.04, 788.04, 0, 
영흥태양광, 1, 2026-03-15 00:00:00, 0, 0, 0, 0, 0, 0, 0, 3.379, 47.078, 79.526, 149.184, 266.266, 445.632, 483.648, 452.698, 379.699, 245.645, 91.392, 6.144, 0, 0, 0, 0, 0, 2650.291, 110, 483.64, 3.379, 483.648, 0, 
예천태양광, 1, 2026-03-15 00:00:00, 0, 0, 0, 0, 0, 0, 0, 74.52, 205.74, 360.18, 450.36, 361.8, 214.92, 465.3, 302.04, 169.56, 203.58, 40.86, 0, 0, 0, 0, 0, 0, 2848.86, 119, 465.3, 40.86, 465.3, 0, 
여수태양광, 1, 2026-03-15 00:00:00, 0, 0, 0, 0, 0, 0, 0, 0, 0, 0, 0, 0, 0, 0, 0, 0, 0, 0, 0, 0, 0, 0, 0, 550, 550, 23, 550, 550, 550, 0, 
영흥태양광, 2, 2026-03-15 00:00:00, 0, 0, 0, 0, 0, 0, 0, 4.821, 57.853, 91.6, 194.771, 293.12, 456.072, 535.137, 545.743, 437.752, 269.015, 103.171, 7.714, 0, 0, 0, 0, 0, 2996.769, 125, 545.74, 4.82, 545.743, 0, 
탑선태양광, 1, 2026-03-15 00:00:00, 0, 0, 0, 0, 0, 0, 0, 0, 0, 0, 0, 0, 0, 0, 0, 0, 0, 0, 0, 0, 0, 0, 0, 959, 959, 40, 959, 959, 959, 0, 
탑선태양광, 3, 2026-03-15 00:00:00, 0, 0, 0, 0, 0, 0, 0, 0, 0, 0, 0, 0, 0, 0, 0, 0, 0, 0, 0, 0, 0, 0, 0, 274, 274, 11, 274, 274, 274, 0, 
경상대태양광, 1, 2026-03-15 00:00:00, 0, 0, 0, 0, 0, 0, 0, 1.584, 34.92, 112.104, 142.2, 323.352, 365.976, 500.184, 449.424, 388.8, 259.92, 74.448, 7.488, 0, 0, 0, 0, 0, 2660.4, 111, 500.18, 1.584, 500.184, 0, 
고흥만 수상태양광, 1, 2026-03-15 00:00:00, 0, 0, 0, 0, 0, 0, 1.344, 2373.168, 6594.42, 10758.804, 10816.428, 13962.732, 23283.204, 27819.54, 30701.832, 29826.216, 17569.104, 6329.988, 448.896, 0, 0, 0, 0, 0, 180485.676, 7520, 30701.83, 1.34, 30701.832, 0, 
영동태양광, 1, 2026-03-14 00:00:00, 0, 0, 0, 0, 0, 0, 0, 13.728, 19.2, 19.872, 19.488, 19.776, 19.392, 19.68, 541.248, 502.944, 568.608, 691.392, 688.704, 485.376, 0, 0, 0, 0, 3609.408, 150, 691.39, 13.728, 691.392, 0, 
삼천포태양광#5, 1, 2026-03-14 00:00:00, 0, 0, 0, 0, 0, 0, 0, 0, 0, 0, 0, 623.767, 782.249, 2326.421, 2992.312, 2249.725, 1321.683, 2507.289, 2525.152, 2511.193, 989.57, 0, 0, 0, 18829.361, 785, 2992.31, 623.767, 2992.312, 0, 
삼천포태양광#5, 2, 2026-03-14 00:00:00, 0, 0, 0, 0, 0, 0, 0, 0, 0, 0, 0, 1478.056, 1816.822, 4210.127, 5071.395, 3760.584, 2276.027, 4183.574, 3852.024, 3820.41, 896.174, 0, 0, 0, 31365.193, 1307, 5071.39, 896.17, 5071.395, 0, 
광양항세방태양광, 1, 2026-03-14 00:00:00, 0, 0, 0, 0, 0, 0, 2.4, 141.6, 547.2, 1041.6, 1490.4, 1771.2, 1903.2, 1920, 1840.8, 1315.2, 883.2, 355.2, 21.6, 0, 0, 0, 0, 0, 13233.6, 551, 1920, 2.4, 1920, 0, 
두산엔진MG태양광, 1, 2026-03-14 00:00:00, 0, 0, 0, 0, 0, 0, 0.12, 2.58, 5.34, 17.52, 33.24, 43.14, 47.76, 46.38, 35.1, 23.46, 17.46, 7.8, 1.26, 0, 0, 0, 0, 0, 281.16, 12, 47.76, 0.12, 47.76, 0, 
삼천포태양광, 1, 2026-03-14 00:00:00, 0, 0, 0, 0, 0, 0, 0, 1.68, 12.648, 21.708, 35.724, 40.272, 43.476, 42.972, 39.348, 26.424, 17.004, 2.652, 0, 0, 0, 0, 0, 0, 283.908, 12, 43.47, 1.68, 43.476, 0, 
삼천포태양광, 2, 2026-03-14 00:00:00, 0, 0, 0, 0, 0, 0, 0.96, 54.24, 279.36, 459.84, 676.224, 735.648, 777.504, 759.936, 682.368, 485.184, 291.168, 102.912, 8.352, 0, 0, 0, 0, 0, 5313.696, 221, 777.5, 0.96, 777.504, 0, 
삼천포태양광, 3, 2026-03-14 00:00:00, 0, 0, 0, 0, 0, 0, 0.072, 24.948, 107.028, 150.3, 226.836, 244.152, 258.408, 250.632, 228.852, 161.28, 97.56, 31.464, 1.224, 0, 0, 0, 0, 0, 1782.756, 74, 258.4, 0.072, 258.408, 0, 
삼천포태양광, 4, 2026-03-14 00:00:00, 0, 0, 0, 0, 0, 0, 0, 0, 0, 0, 0, 110.065, 1013.042, 1220.684, 1210.454, 959.227, 1104.834, 1186.152, 1181.424, 553.934, 0, 0, 0, 0, 8539.816, 356, 1220.68, 110.065, 1220.684, 0, 
구미태양광, 1, 2026-03-14 00:00:00, 0, 0, 0, 0, 0, 0, 0, 13.595, 189.974, 270.678, 488.276, 623.724, 690.833, 588, 536.655, 525.736, 259.686, 156.708, 10.92, 0, 0, 0, 0, 0, 4354.785, 181, 690.83, 10.92, 690.833, 0, 
삼천포태양광#6, 1, 2026-03-14 00:00:00, 0, 0, 0, 0, 0, 0, 0, 0, 0, 0, 0, 0, 0, 0, 0, 0, 0, 0, 0, 0, 0, 0, 0, 0, 0, 0, 0, 0, 0, 0, 
영흥태양광#5, 1, 2026-03-14 00:00:00, 0, 0, 0, 0, 0, 0, 0, 60.263, 511.032, 677.358, 1354.716, 1815.126, 1381.232, 1954.937, 1357.126, 1275.168, 284.442, 74.726, 0, 0, 0, 0, 0, 0, 10746.126, 448, 1954.93, 60.26, 1954.937, 0, 
영흥태양광 #3, 1, 2026-03-14 00:00:00, 0, 0, 0, 0, 0, 0, 0, 7.44, 308.16, 419.52, 864, 1178.64, 906.48, 1280.4, 907.2, 865.44, 165.6, 9.6, 0, 0, 0, 0, 0, 0, 6912.48, 288, 1280.4, 7.44, 1280.4, 0, 
영흥태양광 #3, 2, 2026-03-14 00:00:00, 0, 0, 0, 0, 0, 0, 0, 7.008, 104.448, 143.136, 299.616, 407.04, 295.776, 431.136, 299.712, 279.456, 62.208, 11.04, 0, 0, 0, 0, 0, 0, 2340.576, 98, 431.13, 7.008, 431.136, 0, 
영흥태양광 #3, 3, 2026-03-14 00:00:00, 0, 0, 0, 0, 0, 0, 0, 14.52, 146.4, 199.2, 399.24, 539.76, 407.4, 566.76, 411.96, 413.4, 89.76, 23.04, 0, 0, 0, 0, 0, 0, 3211.44, 134, 566.76, 14.52, 566.76, 0, 
영흥태양광, 1, 2026-03-14 00:00:00, 0, 0, 0, 0, 0, 0, 0, 4.685, 80.678, 116.045, 244.762, 315.149, 263.002, 358.925, 253.018, 247.565, 51.84, 11.251, 0, 0, 0, 0, 0, 0, 1946.92, 81, 358.92, 4.685, 358.925, 0, 
예천태양광, 1, 2026-03-14 00:00:00, 0, 0, 0, 0, 0, 0, 0, 99.18, 169.2, 858.96, 460.62, 690.84, 730.08, 797.04, 1257.3, 1014.3, 628.56, 179.82, 2.7, 0, 0, 0, 0, 0, 6888.6, 287, 1257.3, 2.7, 1257.3, 0, 
여수태양광, 1, 2026-03-14 00:00:00, 0, 0, 0, 0, 0, 0, 0, 0, 0, 0, 0, 0, 0, 0, 0, 0, 0, 0, 0, 0, 0, 0, 0, 529, 529, 22, 529, 529, 529, 0, 
영흥태양광, 2, 2026-03-14 00:00:00, 0, 0, 0, 0, 0, 0, 0, 7.714, 110.884, 150.417, 297.941, 408.825, 319.154, 446.429, 314.333, 299.869, 67.495, 15.427, 0, 0, 0, 0, 0, 0, 2438.488, 102, 446.42, 7.71, 446.429, 0, 
탑선태양광, 1, 2026-03-14 00:00:00, 0, 0, 0, 0, 0, 0, 0, 0, 0, 0, 0, 0, 0, 0, 0, 0, 0, 0, 0, 0, 0, 0, 0, 959, 959, 40, 959, 959, 959, 0, 
탑선태양광, 3, 2026-03-14 00:00:00, 0, 0, 0, 0, 0, 0, 0, 0, 0, 0, 0, 0, 0, 0, 0, 0, 0, 0, 0, 0, 0, 0, 0, 274, 274, 11, 274, 274, 274, 0, 
경상대태양광, 1, 2026-03-14 00:00:00, 0, 0, 0, 0, 0, 0, 0, 30.096, 179.856, 347.616, 466.632, 541.44, 587.808, 584.064, 554.256, 397.584, 271.872, 132.048, 10.512, 0, 0, 0, 0, 0, 4103.784, 171, 587.8, 10.512, 587.808, 0, 
고흥만 수상태양광, 1, 2026-03-14 00:00:00, 0, 0, 0, 0, 0, 0, 54.852, 5077.548, 19137.804, 32973.864, 42773.136, 48772.584, 51455.88, 50579.928, 45158.484, 35392.056, 23630.88, 9324.336, 722.568, 0, 0, 0, 0, 0, 365053.92, 15211, 51455.88, 54.852, 51455.88, 0, 
영동태양광, 1, 2026-03-13 00:00:00, 0, 0, 0, 0, 0, 0, 0, 0.096, 0.576, 19.2, 19.968, 19.872, 19.968, 20.352, 19.392, 81.024, 537.408, 542.112, 6.144, 0, 0, 0, 0, 0, 1286.112, 54, 542.11, 0.096, 542.112, 0, 
삼천포태양광#5, 1, 2026-03-13 00:00:00, 0, 0, 0, 0, 0, 0, 0, 222.866, 1282.564, 2284.54, 572.366, 1123.47, 1076.031, 1156.597, 3171.505, 2592.231, 1848.903, 2522.247, 2515.054, 2511.938, 1088.03, 0, 0, 0, 23968.342, 999, 3171.5, 222.866, 3171.505, 0, 
삼천포태양광#5, 2, 2026-03-13 00:00:00, 0, 0, 0, 0, 0, 0, 0, 361.431, 2249.997, 3872.128, 1184.659, 1758.076, 1868.272, 3195.891, 5327.372, 4405.454, 3144.144, 4245.21, 3842.593, 3819.901, 1063.49, 0, 0, 0, 40338.618, 1681, 5327.37, 361.43, 5327.372, 0, 
광양항세방태양광, 1, 2026-03-13 00:00:00, 0, 0, 0, 0, 0, 0, 0, 122.4, 542.4, 1080, 1528.8, 1747.2, 1963.2, 1987.2, 1862.4, 1521.6, 943.2, 312, 19.2, 0, 0, 0, 0, 0, 13629.6, 568, 1987.2, 19.2, 1987.2, 0, 
두산엔진MG태양광, 1, 2026-03-13 00:00:00, 0, 0, 0, 0, 0, 0, 0.06, 2.58, 8.1, 12.96, 19.56, 38.58, 29.94, 37.62, 33.18, 19.68, 29.94, 26.16, 1.14, 0, 0, 0, 0, 0, 259.5, 11, 38.58, 0.06, 38.58, 0, 
삼천포태양광, 1, 2026-03-13 00:00:00, 0, 0, 0, 0, 0, 0, 0, 1.764, 12.504, 25.392, 31.332, 33.54, 35.844, 44.148, 40.716, 32.928, 23.736, 3.564, 0, 0, 0, 0, 0, 0, 285.468, 12, 44.14, 1.764, 44.148, 0, 
삼천포태양광, 2, 2026-03-13 00:00:00, 0, 0, 0, 0, 0, 0, 0.576, 52.608, 272.352, 526.848, 668.832, 744.096, 687.456, 777.312, 713.28, 567.84, 396.864, 130.752, 7.68, 0, 0, 0, 0, 0, 5546.496, 231, 777.31, 0.576, 777.312, 0, 
삼천포태양광, 3, 2026-03-13 00:00:00, 0, 0, 0, 0, 0, 0, 0.036, 24.84, 106.38, 179.316, 233.784, 253.764, 245.952, 273.708, 243.9, 194.832, 134.388, 42.48, 1.116, 0, 0, 0, 0, 0, 1934.496, 81, 273.7, 0.036, 273.708, 0, 
삼천포태양광, 4, 2026-03-13 00:00:00, 0, 0, 0, 0, 0, 0, 0, 27.391, 91.703, 105.252, 112.144, 224.157, 749.512, 1246.168, 1276.931, 1056.346, 1184.201, 1188.351, 1181.017, 814.49, 0, 0, 0, 0, 9257.663, 386, 1276.93, 27.391, 1276.931, 0, 
구미태양광, 1, 2026-03-13 00:00:00, 0, 0, 0, 0, 0, 0, 0, 19.308, 178.186, 401.063, 591.977, 570.572, 611.936, 595.231, 425.578, 383.129, 362.953, 187.009, 23.937, 0, 0, 0, 0, 0, 4350.879, 181, 611.93, 19.308, 611.936, 0, 
삼천포태양광#6, 1, 2026-03-13 00:00:00, 0, 0, 0, 0, 0, 0, 0, 0, 0, 0, 0, 0, 0, 0, 0, 0, 0, 0, 0, 0, 0, 0, 0, 0, 0, 0, 0, 0, 0, 0, 
영흥태양광#5, 1, 2026-03-13 00:00:00, 0, 0, 0, 0, 0, 0, 0, 212.126, 947.337, 1766.916, 2386.421, 2723.895, 2880.579, 2844.421, 2584.084, 2116.442, 1424.621, 559.242, 43.389, 0, 0, 0, 0, 0, 20489.473, 854, 2880.57, 43.38, 2880.579, 0, 
영흥태양광 #3, 1, 2026-03-13 00:00:00, 0, 0, 0, 0, 0, 0, 0, 71.04, 696, 1347.6, 1843.44, 2151.12, 2205.84, 1715.04, 1429.68, 1342.56, 804.72, 224.4, 1.92, 0, 0, 0, 0, 0, 13833.36, 576, 2205.84, 1.92, 2205.84, 0, 
영흥태양광 #3, 2, 2026-03-13 00:00:00, 0, 0, 0, 0, 0, 0, 0, 39.264, 199.392, 383.616, 524.16, 589.824, 623.136, 619.296, 570.336, 466.08, 316.512, 128.736, 8.64, 0, 0, 0, 0, 0, 4468.992, 186, 623.13, 8.64, 623.136, 0, 
영흥태양광 #3, 3, 2026-03-13 00:00:00, 0, 0, 0, 0, 0, 0, 0, 50.52, 265.2, 522.84, 709.08, 813.72, 855.6, 844.32, 777, 638.52, 437.28, 173.88, 14.28, 0, 0, 0, 0, 0, 6102.24, 254, 855.6, 14.28, 855.6, 0, 
영흥태양광, 1, 2026-03-13 00:00:00, 0, 0, 0, 0, 0, 0, 0, 13.056, 137.126, 279.322, 413.491, 499.968, 531.302, 516.826, 475.008, 391.718, 260.851, 96.192, 6.029, 0, 0, 0, 0, 0, 3620.889, 151, 531.3, 6.029, 531.302, 0, 
예천태양광, 1, 2026-03-13 00:00:00, 0, 0, 0, 0, 0, 0, 0.54, 167.04, 641.88, 892.62, 928.8, 1542.6, 1291.68, 813.6, 931.5, 410.76, 195.48, 175.68, 4.14, 0, 0, 0, 0, 0, 7996.32, 333, 1542.6, 0.54, 1542.6, 0, 
여수태양광, 1, 2026-03-13 00:00:00, 0, 0, 0, 0, 0, 0, 0, 0, 0, 0, 0, 0, 0, 0, 0, 0, 0, 0, 0, 0, 0, 0, 0, 621, 621, 26, 621, 621, 621, 0, 
영흥태양광, 2, 2026-03-13 00:00:00, 0, 0, 0, 0, 0, 0, 0, 32.783, 183.2, 375.078, 523.566, 601.667, 633.486, 583.347, 566.956, 448.358, 283.478, 107.027, 7.714, 0, 0, 0, 0, 0, 4346.66, 181, 633.48, 7.71, 633.486, 0, 
탑선태양광, 1, 2026-03-13 00:00:00, 0, 0, 0, 0, 0, 0, 0, 0, 0, 0, 0, 0, 0, 0, 0, 0, 0, 0, 0, 0, 0, 0, 0, 959, 959, 40, 959, 959, 959, 0, 
탑선태양광, 3, 2026-03-13 00:00:00, 0, 0, 0, 0, 0, 0, 0, 0, 0, 0, 0, 0, 0, 0, 0, 0, 0, 0, 0, 0, 0, 0, 0, 274, 274, 11, 274, 274, 274, 0, 
경상대태양광, 1, 2026-03-13 00:00:00, 0, 0, 0, 0, 0, 0, 0, 31.464, 164.16, 274.32, 484.488, 516.168, 593.856, 519.48, 564.624, 437.328, 272.52, 126.792, 10.44, 0, 0, 0, 0, 0, 3995.64, 166, 593.85, 10.44, 593.856, 0, 
고흥만 수상태양광, 1, 2026-03-13 00:00:00, 0, 0, 0, 0, 0, 0, 42.924, 4959.276, 19337.136, 33945.744, 44357.544, 50363.628, 43202.124, 47541.228, 45207.876, 36271.956, 23801.148, 9332.148, 612.864, 0, 0, 0, 0, 0, 358975.596, 14957, 50363.62, 42.92, 50363.628, 0, 
영동태양광, 1, 2026-03-12 00:00:00, 0, 0, 0, 0, 0, 0, 0, 9.216, 20.16, 20.256, 20.256, 19.296, 20.256, 19.968, 20.352, 102.528, 414.816, 600.192, 0, 0, 0, 0, 0, 0, 1267.296, 53, 600.19, 9.216, 600.192, 0, 
삼천포태양광#5, 1, 2026-03-12 00:00:00, 0, 0, 0, 0, 0, 0, 0, 178.953, 955.245, 1966.061, 206.453, 393.431, 401.016, 1056.676, 1503.194, 1520.084, 584.549, 2485.81, 2515.509, 2514.423, 627.506, 0, 0, 0, 16908.91, 705, 2515.5, 178.953, 2515.509, 0, 
삼천포태양광#5, 2, 2026-03-12 00:00:00, 0, 0, 0, 0, 0, 0, 0, 315.298, 1667.057, 3283.848, 546.84, 1041.296, 843.719, 2594.466, 2457.957, 2604.339, 1059.352, 3893.807, 3810.965, 3819.995, 399.926, 0, 0, 0, 28338.865, 1181, 3893.8, 315.29, 3893.807, 0, 
광양항세방태양광, 1, 2026-03-12 00:00:00, 0, 0, 0, 0, 0, 0, 0, 139.2, 487.2, 976.8, 1485.6, 1605.6, 1816.8, 1461.6, 1137.6, 1041.6, 297.6, 55.2, 2.4, 0, 0, 0, 0, 0, 10507.2, 438, 1816.8, 2.4, 1816.8, 0, 
두산엔진MG태양광, 1, 2026-03-12 00:00:00, 0, 0, 0, 0, 0, 0, 0.12, 2.94, 8.58, 18, 30.66, 42.66, 50.46, 22.5, 20.22, 20.82, 18.84, 12.84, 0.24, 0, 0, 0, 0, 0, 248.88, 10, 50.46, 0.12, 50.46, 0, 
삼천포태양광, 1, 2026-03-12 00:00:00, 0, 0, 0, 0, 0, 0, 0, 1.344, 10.872, 23.004, 32.604, 38.436, 27.432, 34.236, 19.68, 21.228, 6.792, 0, 0, 0, 0, 0, 0, 0, 215.628, 9, 38.43, 1.344, 38.436, 0, 
삼천포태양광, 2, 2026-03-12 00:00:00, 0, 0, 0, 0, 0, 0, 0.384, 47.232, 221.76, 455.616, 607.392, 686.112, 551.424, 614.688, 356.832, 353.76, 136.416, 11.808, 2.304, 0, 0, 0, 0, 0, 4045.728, 169, 686.11, 0.384, 686.112, 0, 
삼천포태양광, 3, 2026-03-12 00:00:00, 0, 0, 0, 0, 0, 0, 0.036, 14.508, 79.056, 152.28, 201.42, 221.04, 182.808, 200.88, 108.18, 111.348, 39.708, 1.296, 0.144, 0, 0, 0, 0, 0, 1312.704, 55, 221.04, 0.036, 221.04, 0, 
삼천포태양광, 4, 2026-03-12 00:00:00, 0, 0, 0, 0, 0, 0, 0, 50.629, 88.826, 105.539, 96.73, 102.417, 269.673, 951.329, 665.402, 602.202, 1028.698, 1182.51, 1176.238, 97.911, 0, 0, 0, 0, 6418.104, 267, 1182.51, 50.629, 1182.51, 0, 
구미태양광, 1, 2026-03-12 00:00:00, 0, 0, 0, 0, 0, 0, 0, 9.618, 112.668, 291.65, 434.546, 583.227, 608.899, 379.658, 394.772, 446.261, 272.486, 137.183, 8.967, 0, 0, 0, 0, 0, 3679.935, 153, 608.89, 8.967, 608.899, 0, 
삼천포태양광#6, 1, 2026-03-12 00:00:00, 0, 0, 0, 0, 0, 0, 0, 0, 0, 0, 0, 0, 0, 0, 0, 0, 0, 0, 0, 0, 0, 0, 0, 0, 0, 0, 0, 0, 0, 0, 
영흥태양광#5, 1, 2026-03-12 00:00:00, 0, 0, 0, 0, 0, 0, 0, 180.789, 867.789, 1677.726, 2302.053, 2656.4, 2827.547, 2757.642, 2487.663, 2048.947, 1260.705, 484.516, 36.158, 0, 0, 0, 0, 0, 19587.935, 816, 2827.54, 36.15, 2827.547, 0, 
영흥태양광 #3, 1, 2026-03-12 00:00:00, 0, 0, 0, 0, 0, 0, 0, 94.56, 765.84, 1510.32, 732, 1070.64, 2575.44, 2556, 2324.4, 1861.44, 1024.32, 282.96, 0.24, 0, 0, 0, 0, 0, 14798.16, 617, 2575.44, 0.24, 2575.44, 0, 
영흥태양광 #3, 2, 2026-03-12 00:00:00, 0, 0, 0, 0, 0, 0, 0, 35.136, 186.432, 366.336, 504.576, 577.728, 609.216, 593.28, 542.112, 445.248, 280.704, 111.744, 6.912, 0, 0, 0, 0, 0, 4259.424, 177, 609.21, 6.912, 609.216, 0, 
영흥태양광 #3, 3, 2026-03-12 00:00:00, 0, 0, 0, 0, 0, 0, 0, 44.88, 244.68, 476.76, 685.8, 793.8, 832.32, 808.68, 744.12, 609.6, 392.16, 151.44, 11.88, 0, 0, 0, 0, 0, 5796.12, 242, 832.32, 11.88, 832.32, 0, 
영흥태양광, 1, 2026-03-12 00:00:00, 0, 0, 0, 0, 0, 0, 0, 13.747, 125.491, 269.03, 404.237, 489.37, 523.814, 503.194, 446.592, 366.682, 231.13, 83.75, 4.915, 0, 0, 0, 0, 0, 3461.952, 144, 523.81, 4.915, 523.814, 0, 
예천태양광, 1, 2026-03-12 00:00:00, 0, 0, 0, 0, 0, 0, 0, 104.76, 466.56, 895.68, 1206.72, 1370.52, 676.26, 529.02, 856.08, 538.56, 333.18, 40.14, 2.16, 0, 0, 0, 0, 0, 7019.64, 292, 1370.52, 2.16, 1370.52, 0, 
여수태양광, 1, 2026-03-12 00:00:00, 0, 0, 0, 0, 0, 0, 0, 0, 0, 0, 0, 0, 0, 0, 0, 0, 0, 0, 0, 0, 0, 0, 0, 437, 437, 18, 437, 437, 437, 0, 
영흥태양광, 2, 2026-03-12 00:00:00, 0, 0, 0, 0, 0, 0, 0, 30.855, 172.594, 358.686, 507.175, 584.312, 613.238, 567.92, 535.137, 431.966, 258.408, 94.493, 6.749, 0, 0, 0, 0, 0, 4161.533, 173, 613.23, 6.74, 613.238, 0, 
탑선태양광, 1, 2026-03-12 00:00:00, 0, 0, 0, 0, 0, 0, 0, 0, 0, 0, 0, 0, 0, 0, 0, 0, 0, 0, 0, 0, 0, 0, 0, 959, 959, 40, 959, 959, 959, 0, 
탑선태양광, 3, 2026-03-12 00:00:00, 0, 0, 0, 0, 0, 0, 0, 0, 0, 0, 0, 0, 0, 0, 0, 0, 0, 0, 0, 0, 0, 0, 0, 274, 274, 11, 274, 274, 274, 0, 
경상대태양광, 1, 2026-03-12 00:00:00, 0, 0, 0, 0, 0, 0, 0, 24.192, 132.552, 295.992, 425.52, 489.96, 444.672, 494.712, 249.408, 251.064, 138.888, 46.152, 4.536, 0, 0, 0, 0, 0, 2997.648, 125, 494.71, 4.536, 494.712, 0, 
고흥만 수상태양광, 1, 2026-03-12 00:00:00, 0, 0, 0, 0, 0, 0, 18.984, 3701.712, 15273.3, 28716.576, 39319.644, 46541.544, 49418.208, 48031.368, 41658.372, 31669.848, 13132.392, 3419.472, 48.972, 0, 0, 0, 0, 0, 320950.392, 13373, 49418.2, 18.98, 49418.208, 0, 
영동태양광, 1, 2026-03-11 00:00:00, 0, 0, 0, 0, 0, 0, 0, 13.728, 20.256, 19.68, 19.584, 20.064, 248.64, 810.24, 594.624, 418.08, 560.16, 690.144, 687.84, 490.176, 0, 0, 0, 0, 4593.216, 191, 810.24, 13.728, 810.24, 0, 
삼천포태양광#5, 1, 2026-03-11 00:00:00, 0, 0, 0, 0, 0, 0, 0, 214.207, 978.822, 1938.038, 262.868, 657.577, 677.771, 1837.168, 2746.158, 2072.814, 1177.187, 2515.582, 2521.108, 2515.067, 929.561, 0, 0, 0, 21043.928, 877, 2746.15, 214.207, 2746.158, 0, 
삼천포태양광#5, 2, 2026-03-11 00:00:00, 0, 0, 0, 0, 0, 0, 0, 363.535, 1713.209, 3238.428, 518.194, 1374.882, 1555.142, 3928.584, 4636.59, 3497.203, 2020.435, 4207.235, 3830.675, 3819.123, 742.879, 0, 0, 0, 35446.114, 1477, 4636.59, 363.535, 4636.59, 0, 
광양항세방태양광, 1, 2026-03-11 00:00:00, 0, 0, 0, 0, 0, 0, 0, 127.2, 480, 998.4, 1459.2, 1694.4, 1850.4, 1869.6, 1598.4, 1171.2, 696, 276, 16.8, 0, 0, 0, 0, 0, 12237.6, 510, 1869.6, 16.8, 1869.6, 0, 
두산엔진MG태양광, 1, 2026-03-11 00:00:00, 0, 0, 0, 0, 0, 0, 0.06, 3.78, 7.14, 17.4, 29.88, 42.48, 49.2, 54, 49.92, 40.38, 32.7, 15.12, 0.78, 0, 0, 0, 0, 0, 342.84, 14, 54, 0.06, 54, 0, 
삼천포태양광, 1, 2026-03-11 00:00:00, 0, 0, 0, 0, 0, 0, 0, 1.872, 10.212, 23.736, 33.42, 40.188, 42.216, 41.724, 36.336, 27.936, 15.24, 2.736, 0, 0, 0, 0, 0, 0, 275.616, 11, 42.21, 1.872, 42.216, 0, 
삼천포태양광, 2, 2026-03-11 00:00:00, 0, 0, 0, 0, 0, 0, 0.384, 57.216, 218.592, 461.472, 612.192, 719.232, 747.84, 729.888, 631.104, 462.816, 261.888, 91.104, 5.472, 0, 0, 0, 0, 0, 4999.2, 208, 747.84, 0.384, 747.84, 0, 
삼천포태양광, 3, 2026-03-11 00:00:00, 0, 0, 0, 0, 0, 0, 0.036, 19.548, 79.524, 151.632, 202.572, 237.096, 242.244, 236.268, 208.404, 157.608, 85.608, 27.108, 0.756, 0, 0, 0, 0, 0, 1648.404, 69, 242.24, 0.036, 242.244, 0, 
삼천포태양광, 4, 2026-03-11 00:00:00, 0, 0, 0, 0, 0, 0, 0, 49.514, 90.776, 105.79, 92.762, 95.429, 649.126, 1163.183, 1118.556, 850.607, 1129.498, 1182.815, 1180.329, 480.618, 0, 0, 0, 0, 8189.003, 341, 1182.81, 49.514, 1182.815, 0, 
구미태양광, 1, 2026-03-11 00:00:00, 0, 0, 0, 0, 0, 0, 0, 8.75, 124.022, 257.01, 487.119, 592.411, 652.505, 658.652, 619.674, 529.569, 330.7, 147.235, 15.331, 0, 0, 0, 0, 0, 4422.978, 184, 658.65, 8.75, 658.652, 0, 
삼천포태양광#6, 1, 2026-03-11 00:00:00, 0, 0, 0, 0, 0, 0, 0, 0, 0, 0, 0, 0, 0, 0, 0, 0, 0, 0, 0, 0, 0, 0, 0, 0, 0, 0, 0, 0, 0, 0, 
영흥태양광#5, 1, 2026-03-11 00:00:00, 0, 0, 0, 0, 0, 0, 0, 7.232, 91.6, 248.284, 670.126, 797.884, 1159.463, 1687.368, 1205.263, 1171.516, 826.811, 248.284, 9.642, 0, 0, 0, 0, 0, 8123.473, 338, 1687.36, 7.23, 1687.368, 0, 
영흥태양광 #3, 1, 2026-03-11 00:00:00, 0, 0, 0, 0, 0, 0, 0, 0, 0, 0, 192.48, 748.56, 1100.64, 1444.08, 1109.52, 1042.32, 762.96, 199.92, 0, 0, 0, 0, 0, 0, 6600.48, 275, 1444.08, 192.48, 1444.08, 0, 
영흥태양광 #3, 2, 2026-03-11 00:00:00, 0, 0, 0, 0, 0, 0, 0, 0.288, 12.768, 49.344, 140.448, 168.288, 242.88, 378.336, 255.936, 268.032, 182.688, 51.072, 0.576, 0, 0, 0, 0, 0, 1750.656, 73, 378.33, 0.288, 378.336, 0, 
영흥태양광 #3, 3, 2026-03-11 00:00:00, 0, 0, 0, 0, 0, 0, 0, 1.32, 24.36, 72.12, 194.64, 247.2, 360.72, 435.6, 343.8, 334.2, 267.6, 72.36, 2.16, 0, 0, 0, 0, 0, 2356.08, 98, 435.6, 1.32, 435.6, 0, 
영흥태양광, 1, 2026-03-11 00:00:00, 0, 0, 0, 0, 0, 0, 0, 0, 8.64, 36.787, 111.245, 146.842, 244.992, 229.018, 241.69, 199.296, 165.734, 45.312, 0.23, 0, 0, 0, 0, 0, 1429.786, 60, 244.99, 0.23, 244.992, 0, 
예천태양광, 1, 2026-03-11 00:00:00, 0, 0, 0, 0, 0, 0, 0, 70.38, 416.34, 895.14, 1185.3, 1341.72, 1376.28, 1329.66, 1119.24, 855.9, 468.54, 161.64, 5.76, 0, 0, 0, 0, 0, 9225.9, 384, 1376.28, 5.76, 1376.28, 0, 
여수태양광, 1, 2026-03-11 00:00:00, 0, 0, 0, 0, 0, 0, 0, 0, 0, 0, 0, 0, 0, 0, 0, 0, 0, 0, 0, 0, 0, 0, 0, 530, 530, 22, 530, 530, 530, 0, 
영흥태양광, 2, 2026-03-11 00:00:00, 0, 0, 0, 0, 0, 0, 0, 0.964, 15.427, 52.067, 149.453, 184.164, 260.337, 360.615, 269.979, 258.408, 188.021, 60.745, 0.964, 0, 0, 0, 0, 0, 1801.144, 75, 360.61, 0.96, 360.615, 0, 
탑선태양광, 1, 2026-03-11 00:00:00, 0, 0, 0, 0, 0, 0, 0, 0, 0, 0, 0, 0, 0, 0, 0, 0, 0, 0, 0, 0, 0, 0, 0, 959, 959, 40, 959, 959, 959, 0, 
탑선태양광, 3, 2026-03-11 00:00:00, 0, 0, 0, 0, 0, 0, 0, 0, 0, 0, 0, 0, 0, 0, 0, 0, 0, 0, 0, 0, 0, 0, 0, 274, 274, 11, 274, 274, 274, 0, 
경상대태양광, 1, 2026-03-11 00:00:00, 0, 0, 0, 0, 0, 0, 0, 36.432, 122.76, 286.92, 443.016, 526.608, 571.68, 568.584, 514.512, 421.848, 285.48, 116.064, 10.152, 0, 0, 0, 0, 0, 3904.056, 163, 571.68, 10.152, 571.68, 0, 
고흥만 수상태양광, 1, 2026-03-11 00:00:00, 0, 0, 0, 0, 0, 0, 14.616, 4282.32, 18217.248, 32228.616, 43020.768, 49566.216, 52396.932, 49706.328, 40683.132, 25908.96, 17732.484, 7589.82, 586.32, 0, 0, 0, 0, 0, 341933.76, 14247, 52396.93, 14.61, 52396.932, 0, 
영동태양광, 1, 2026-03-10 00:00:00, 0, 0, 0, 0, 0, 0, 0, 12.576, 20.064, 19.488, 19.104, 19.968, 20.736, 747.36, 735.744, 591.072, 590.4, 692.736, 689.952, 635.616, 0, 0, 0, 0, 4794.816, 200, 747.36, 12.576, 747.36, 0, 
삼천포태양광#5, 1, 2026-03-10 00:00:00, 0, 0, 0, 0, 0, 0, 0, 215.061, 1130.701, 2131.101, 291.851, 627.032, 741.896, 2322.984, 2883.961, 2360.096, 1450.137, 2350.636, 2512.949, 2514.216, 1142.14, 6.776, 0, 0, 22681.537, 945, 2883.96, 6.77, 2883.961, 0, 
삼천포태양광#5, 2, 2026-03-10 00:00:00, 0, 0, 0, 0, 0, 0, 0, 352.812, 1971.647, 3558.013, 931.324, 1530.872, 1741.546, 4131.959, 4885.302, 3986.367, 2484.957, 4218.595, 3825.84, 3821.522, 881.98, 0, 0, 0, 38322.736, 1597, 4885.3, 352.81, 4885.302, 0, 
광양항세방태양광, 1, 2026-03-10 00:00:00, 0, 0, 0, 0, 0, 0, 0, 129.6, 496.8, 1046.4, 1526.4, 1797.6, 1956, 1982.4, 1795.2, 1447.2, 883.2, 304.8, 14.4, 0, 0, 0, 0, 0, 13380, 558, 1982.4, 14.4, 1982.4, 0, 
두산엔진MG태양광, 1, 2026-03-10 00:00:00, 0, 0, 0, 0, 0, 0, 0.12, 2.82, 7.02, 17.28, 32.34, 43.74, 52.56, 55.56, 55.62, 50.34, 38.34, 19.2, 0.84, 0, 0, 0, 0, 0, 375.78, 16, 55.62, 0.12, 55.62, 0, 
삼천포태양광, 1, 2026-03-10 00:00:00, 0, 0, 0, 0, 0, 0, 0, 1.824, 12.468, 25.416, 36.48, 43.452, 45.408, 44.388, 40.2, 32.352, 20.124, 3.528, 0, 0, 0, 0, 0, 0, 305.64, 13, 45.4, 1.824, 45.408, 0, 
삼천포태양광, 2, 2026-03-10 00:00:00, 0, 0, 0, 0, 0, 0, 0.384, 51.36, 244.32, 495.84, 651.36, 755.616, 767.904, 745.152, 672, 516.384, 314.496, 110.496, 5.184, 0, 0, 0, 0, 0, 5330.496, 222, 767.9, 0.384, 767.904, 0, 
삼천포태양광, 3, 2026-03-10 00:00:00, 0, 0, 0, 0, 0, 0, 0, 19.8, 93.456, 167.184, 216.504, 250.308, 260.424, 242.64, 224.748, 177.3, 107.64, 33.696, 0.72, 0, 0, 0, 0, 0, 1794.42, 75, 260.42, 0.72, 260.424, 0, 
삼천포태양광, 4, 2026-03-10 00:00:00, 0, 0, 0, 0, 0, 0, 0, 42.247, 90.94, 105.431, 96.801, 106.959, 926.566, 1210.898, 1171.585, 977.944, 1152.001, 1186.544, 1177.978, 621.421, 0, 0, 0, 0, 8867.315, 369, 1210.89, 42.247, 1210.898, 0, 
구미태양광, 1, 2026-03-10 00:00:00, 0, 0, 0, 0, 0, 0, 0, 11.643, 135.954, 317.322, 492.181, 622.639, 678.105, 672.754, 612.298, 505.487, 329.398, 135.664, 15.476, 0, 0, 0, 0, 0, 4528.921, 189, 678.1, 11.643, 678.105, 0, 
삼천포태양광#6, 1, 2026-03-10 00:00:00, 0, 0, 0, 0, 0, 0, 0, 0, 0, 0, 0, 0, 0, 0, 0, 0, 0, 0, 0, 0, 0, 0, 0, 0, 0, 0, 0, 0, 0, 0, 
영흥태양광#5, 1, 2026-03-10 00:00:00, 0, 0, 0, 0, 0, 0, 0, 202.484, 819.579, 1815.126, 2422.579, 2817.905, 2960.126, 2926.379, 2673.274, 2140.547, 1313.737, 508.621, 24.105, 0, 0, 0, 0, 0, 20624.462, 859, 2960.12, 24.1, 2960.126, 0, 
영흥태양광 #3, 1, 2026-03-10 00:00:00, 0, 0, 0, 0, 0, 0, 0, 0, 0, 0, 0, 0, 0, 0, 0, 0, 0, 0, 0, 0, 0, 0, 0, 0, 0, 0, 0, 0, 0, 0, 
영흥태양광 #3, 2, 2026-03-10 00:00:00, 0, 0, 0, 0, 0, 0, 0, 33.984, 168.48, 390.816, 527.424, 608.16, 642.528, 636.384, 581.856, 470.976, 295.104, 119.808, 2.88, 0, 0, 0, 0, 0, 4478.4, 187, 642.52, 2.88, 642.528, 0, 
영흥태양광 #3, 3, 2026-03-10 00:00:00, 0, 0, 0, 0, 0, 0, 0, 48.24, 227.4, 541.32, 720.48, 832.8, 873.48, 862.2, 795.72, 641.04, 417.48, 162.24, 7.92, 0, 0, 0, 0, 0, 6130.32, 255, 873.48, 7.92, 873.48, 0, 
영흥태양광, 1, 2026-03-10 00:00:00, 0, 0, 0, 0, 0, 0, 0, 17.126, 124.493, 289.92, 423.475, 511.642, 542.438, 525.312, 473.472, 389.222, 259.238, 89.971, 2.419, 0, 0, 0, 0, 0, 3648.728, 152, 542.43, 2.419, 542.438, 0, 
예천태양광, 1, 2026-03-10 00:00:00, 0, 0, 0, 0, 0, 0, 0, 136.8, 551.7, 950.94, 1218.6, 1302.84, 1229.04, 1107, 1211.76, 966.06, 593.82, 207.18, 5.04, 0, 0, 0, 0, 0, 9480.78, 395, 1302.84, 5.04, 1302.84, 0, 
여수태양광, 1, 2026-03-10 00:00:00, 0, 0, 0, 0, 0, 0, 0, 0, 0, 0, 0, 0, 0, 0, 0, 0, 0, 0, 0, 0, 0, 0, 0, 561, 561, 23, 561, 561, 561, 0, 
영흥태양광, 2, 2026-03-10 00:00:00, 0, 0, 0, 0, 0, 0, 0, 32.783, 163.916, 389.541, 535.137, 593.954, 583.347, 572.741, 585.276, 448.358, 263.229, 96.421, 3.857, 0, 0, 0, 0, 0, 4268.56, 178, 593.95, 3.85, 593.954, 0, 
탑선태양광, 1, 2026-03-10 00:00:00, 0, 0, 0, 0, 0, 0, 0, 0, 0, 0, 0, 0, 0, 0, 0, 0, 0, 0, 0, 0, 0, 0, 0, 959, 959, 40, 959, 959, 959, 0, 
탑선태양광, 3, 2026-03-10 00:00:00, 0, 0, 0, 0, 0, 0, 0, 0, 0, 0, 0, 0, 0, 0, 0, 0, 0, 0, 0, 0, 0, 0, 0, 274, 274, 11, 274, 274, 274, 0, 
경상대태양광, 1, 2026-03-10 00:00:00, 0, 0, 0, 0, 0, 0, 0, 28.008, 160.704, 329.472, 467.856, 549.36, 584.424, 583.128, 541.44, 448.776, 299.016, 117.072, 8.928, 0, 0, 0, 0, 0, 4118.184, 172, 584.42, 8.928, 584.424, 0, 
고흥만 수상태양광, 1, 2026-03-10 00:00:00, 0, 0, 0, 0, 0, 0, 20.664, 4115.832, 16975.98, 31365.012, 41906.424, 48498.912, 50713.74, 49188.552, 44462.712, 35836.248, 23313.36, 9219.672, 598.752, 0, 0, 0, 0, 0, 356215.86, 14842, 50713.74, 20.664, 50713.74, 0, 
영동태양광, 1, 2026-03-09 00:00:00, 0, 0, 0, 0, 0, 0, 0, 11.328, 20.352, 20.064, 20.544, 20.928, 21.888, 809.088, 624.192, 395.904, 458.88, 691.296, 687.264, 606.528, 0, 0, 0, 0, 4388.256, 183, 809.08, 11.328, 809.088, 0, 
삼천포태양광#5, 1, 2026-03-09 00:00:00, 0, 0, 0, 0, 0, 0, 0, 159.178, 678.671, 1877.196, 221.396, 478.706, 572.336, 1233.168, 2845.997, 1238.221, 1243.001, 2465.363, 2521.266, 2518.367, 868.015, 0, 0, 0, 18920.881, 788, 2845.99, 159.178, 2845.997, 0, 
삼천포태양광#5, 2, 2026-03-09 00:00:00, 0, 0, 0, 0, 0, 0, 0, 285.803, 1181.508, 3126.918, 671.759, 1278.816, 1254.047, 2576.431, 4804.648, 2211.1, 2165.278, 4151.615, 3826.344, 3820.591, 577.401, 0, 0, 0, 31932.259, 1331, 4804.64, 285.8, 4804.648, 0, 
광양항세방태양광, 1, 2026-03-09 00:00:00, 0, 0, 0, 0, 0, 0, 0, 112.8, 388.8, 960, 1351.2, 1156.8, 1444.8, 1550.4, 1524, 1113.6, 864, 338.4, 21.6, 0, 0, 0, 0, 0, 10826.4, 451, 1550.4, 21.6, 1550.4, 0, 
두산엔진MG태양광, 1, 2026-03-09 00:00:00, 0, 0, 0, 0, 0, 0, 0.06, 3, 6.96, 17.16, 30.72, 43.26, 31.02, 39.06, 30.6, 45.3, 12.06, 4.56, 0.48, 0, 0, 0, 0, 0, 264.24, 11, 45.3, 0.06, 45.3, 0, 
삼천포태양광, 1, 2026-03-09 00:00:00, 0, 0, 0, 0, 0, 0, 0, 1.212, 7.572, 22.776, 33.492, 40.248, 40.74, 34.26, 37.824, 13.044, 13.812, 1.656, 0, 0, 0, 0, 0, 0, 246.636, 10, 40.74, 1.212, 40.74, 0, 
삼천포태양광, 2, 2026-03-09 00:00:00, 0, 0, 0, 0, 0, 0, 0.192, 45.12, 158.976, 440.928, 618.72, 711.456, 739.104, 599.712, 640.704, 227.616, 273.504, 60.288, 4.704, 0, 0, 0, 0, 0, 4521.024, 188, 739.1, 0.192, 739.104, 0, 
삼천포태양광, 3, 2026-03-09 00:00:00, 0, 0, 0, 0, 0, 0, 0, 12.96, 54.432, 147.348, 206.46, 235.044, 251.1, 215.604, 201.096, 65.7, 90.756, 16.056, 0.648, 0, 0, 0, 0, 0, 1497.204, 62, 251.1, 0.648, 251.1, 0, 
삼천포태양광, 4, 2026-03-09 00:00:00, 0, 0, 0, 0, 0, 0, 0, 46.419, 88.006, 104.597, 94.349, 94.679, 484.963, 867.521, 1158.323, 638.008, 1098.433, 1184.158, 1179.91, 462.299, 0, 0, 0, 0, 7501.665, 313, 1184.15, 46.419, 1184.158, 0, 
구미태양광, 1, 2026-03-09 00:00:00, 0, 0, 0, 0, 0, 0, 0, 0, 38.255, 132.699, 327.012, 180.862, 536.077, 298.881, 389.71, 366.135, 191.131, 108.98, 15.042, 0, 0, 0, 0, 0, 2584.784, 108, 536.07, 15.042, 536.077, 0, 
삼천포태양광#6, 1, 2026-03-09 00:00:00, 0, 0, 0, 0, 0, 0, 0, 0, 0, 0, 0, 0, 0, 0, 0, 0, 0, 0, 0, 0, 0, 0, 0, 0, 0, 0, 0, 0, 0, 0, 
영흥태양광#5, 1, 2026-03-09 00:00:00, 0, 0, 0, 0, 0, 0, 0, 28.926, 530.316, 1484.884, 2220.095, 1670.495, 1721.116, 2285.179, 2277.947, 1781.379, 1075.095, 462.821, 26.516, 0, 0, 0, 0, 0, 15564.769, 649, 2285.17, 26.51, 2285.179, 0, 
영흥태양광 #3, 1, 2026-03-09 00:00:00, 0, 0, 0, 0, 0, 0, 0, 0, 0, 0, 0, 0, 0, 0, 0, 32.88, 112.32, 16.8, 0, 0, 0, 0, 0, 0, 162, 7, 112.32, 16.8, 112.32, 0, 
영흥태양광 #3, 2, 2026-03-09 00:00:00, 0, 0, 0, 0, 0, 0, 0, 2.496, 98.4, 206.112, 430.56, 580.8, 627.84, 616.32, 517.152, 394.944, 243.552, 104.16, 5.088, 0, 0, 0, 0, 0, 3827.424, 159, 627.84, 2.496, 627.84, 0, 
영흥태양광 #3, 3, 2026-03-09 00:00:00, 0, 0, 0, 0, 0, 0, 0, 9.48, 139.8, 410.28, 678.84, 807.72, 860.64, 837.84, 706.92, 503.52, 338.88, 140.76, 9, 0, 0, 0, 0, 0, 5443.68, 227, 860.64, 9, 860.64, 0, 
영흥태양광, 1, 2026-03-09 00:00:00, 0, 0, 0, 0, 0, 0, 0, 2.381, 89.28, 245.99, 394.406, 482.803, 510.029, 492.941, 412.224, 283.046, 209.165, 77.376, 3.418, 0, 0, 0, 0, 0, 3203.059, 133, 510.02, 2.381, 510.029, 0, 
예천태양광, 1, 2026-03-09 00:00:00, 0, 0, 0, 0, 0, 0, 0, 29.88, 416.7, 501.48, 469.26, 961.56, 628.92, 659.88, 1056.78, 788.4, 217.08, 78.3, 1.98, 0, 0, 0, 0, 0, 5810.22, 242, 1056.78, 1.98, 1056.78, 0, 
여수태양광, 1, 2026-03-09 00:00:00, 0, 0, 0, 0, 0, 0, 0, 0, 0, 0, 0, 0, 0, 0, 0, 0, 0, 0, 0, 0, 0, 0, 0, 515, 515, 21, 515, 515, 515, 0, 
영흥태양광, 2, 2026-03-09 00:00:00, 0, 0, 0, 0, 0, 0, 0, 3.857, 113.777, 320.118, 487.891, 592.989, 615.166, 591.061, 514.888, 380.863, 220.804, 88.707, 5.785, 0, 0, 0, 0, 0, 3935.906, 164, 615.166, 3.857, 615.166, 0, 
탑선태양광, 1, 2026-03-09 00:00:00, 0, 0, 0, 0, 0, 0, 0, 0, 0, 0, 0, 0, 0, 0, 0, 0, 0, 0, 0, 0, 0, 0, 0, 959, 959, 40, 959, 959, 959, 0, 
탑선태양광, 3, 2026-03-09 00:00:00, 0, 0, 0, 0, 0, 0, 0, 0, 0, 0, 0, 0, 0, 0, 0, 0, 0, 0, 0, 0, 0, 0, 0, 274, 274, 11, 274, 274, 274, 0, 
경상대태양광, 1, 2026-03-09 00:00:00, 0, 0, 0, 0, 0, 0, 0, 18.936, 130.896, 292.032, 429.912, 546.768, 338.76, 353.808, 574.92, 395.136, 311.976, 113.472, 7.056, 0, 0, 0, 0, 0, 3513.672, 146, 574.92, 7.056, 574.92, 0, 
고흥만 수상태양광, 1, 2026-03-09 00:00:00, 0, 0, 0, 0, 0, 0, 9.408, 4066.776, 12922.476, 19656.924, 18041.1, 32800.068, 29871.156, 46938.36, 43075.452, 36044.484, 23211.552, 9130.716, 643.104, 0, 0, 0, 0, 0, 276411.576, 11517, 46938.36, 9.408, 46938.36, 0, 
영동태양광, 1, 2026-03-08 00:00:00, 0, 0, 0, 0, 0, 0, 0, 11.52, 19.872, 19.008, 20.064, 20.352, 409.44, 861.696, 705.408, 656.64, 606.912, 692.832, 688.8, 684.48, 15.552, 0, 0, 0, 5412.576, 226, 861.69, 11.52, 861.696, 0, 
삼천포태양광#5, 1, 2026-03-08 00:00:00, 0, 0, 0, 0, 0, 0, 0, 180.033, 1268.375, 2286.522, 532.467, 753.085, 630.747, 1815.324, 2687.723, 2018.826, 1201.136, 2520.705, 2525.734, 2517.893, 960.098, 0, 0, 0, 21898.668, 912, 2687.72, 180.03, 2687.723, 0, 
삼천포태양광#5, 2, 2026-03-08 00:00:00, 0, 0, 0, 0, 0, 0, 0, 271.541, 2201.368, 3821.356, 1209.019, 1740.525, 1472.943, 3478.855, 4552.008, 3384.28, 2058.394, 4243.293, 3849.902, 3821.029, 757.814, 0, 0, 0, 36862.327, 1536, 4552, 271.54, 4552.008, 0, 
광양항세방태양광, 1, 2026-03-08 00:00:00, 0, 0, 0, 0, 0, 0, 0, 141.6, 544.8, 1082.4, 1528.8, 1867.2, 1792.8, 1718.4, 1574.4, 1252.8, 746.4, 288, 28.8, 0, 0, 0, 0, 0, 12566.4, 524, 1867.2, 28.8, 1867.2, 0, 
두산엔진MG태양광, 1, 2026-03-08 00:00:00, 0, 0, 0, 0, 0, 0, 0.06, 2.28, 4.98, 16.8, 32.22, 44.46, 48.54, 47.52, 47.58, 38.04, 31.2, 13.38, 0.54, 0, 0, 0, 0, 0, 327.6, 14, 48.54, 0.06, 48.54, 0, 
삼천포태양광, 1, 2026-03-08 00:00:00, 0, 0, 0, 0, 0, 0, 0, 1.86, 13.248, 26.604, 37.128, 43.56, 42.144, 39.492, 37.368, 27.636, 16.524, 3.336, 0.012, 0, 0, 0, 0, 0, 288.912, 12, 43.56, 0.012, 43.56, 0, 
삼천포태양광, 2, 2026-03-08 00:00:00, 0, 0, 0, 0, 0, 0, 0.096, 42.528, 262.176, 525.792, 677.184, 768.48, 737.76, 673.824, 626.4, 460.608, 271.488, 102.816, 9.12, 0, 0, 0, 0, 0, 5158.272, 215, 768.48, 0.096, 768.48, 0, 
삼천포태양광, 3, 2026-03-08 00:00:00, 0, 0, 0, 0, 0, 0, 0, 23.652, 106.668, 177.408, 226.26, 255.924, 242.1, 221.58, 207.324, 151.236, 89.172, 30.672, 1.548, 0, 0, 0, 0, 0, 1733.544, 72, 255.92, 1.548, 255.924, 0, 
삼천포태양광, 4, 2026-03-08 00:00:00, 0, 0, 0, 0, 0, 0, 0, 18.153, 90.905, 105.657, 100.466, 143.149, 1050.117, 1078.844, 1105.108, 842.127, 1101.583, 1185.371, 1182.18, 492.855, 0, 0, 0, 0, 8496.515, 354, 1185.37, 18.153, 1185.371, 0, 
구미태양광, 1, 2026-03-08 00:00:00, 0, 0, 0, 0, 0, 0, 0, 11.715, 186.43, 425.868, 590.965, 688.808, 712.6, 675.14, 614.684, 516.479, 251.948, 97.265, 9.763, 0, 0, 0, 0, 0, 4781.665, 199, 712.6, 9.763, 712.6, 0, 
삼천포태양광#6, 1, 2026-03-08 00:00:00, 0, 0, 0, 0, 0, 0, 0, 0, 0, 0, 0, 0, 0, 0, 0, 0, 0, 0, 0, 0, 0, 0, 0, 0, 0, 0, 0, 0, 0, 0, 
영흥태양광#5, 1, 2026-03-08 00:00:00, 0, 0, 0, 0, 0, 0, 0, 248.284, 1053.4, 1882.621, 2480.432, 2861.295, 2996.284, 2282.768, 1308.916, 1070.274, 1019.653, 523.084, 26.516, 0, 0, 0, 0, 0, 17753.527, 740, 2996.28, 26.51, 2996.284, 0, 
영흥태양광 #3, 1, 2026-03-08 00:00:00, 0, 0, 0, 0, 0, 0, 0, 0, 0, 0, 0, 0, 0, 0, 0, 0, 0, 0, 0, 0, 0, 0, 0, 0, 0, 0, 0, 0, 0, 0, 
영흥태양광 #3, 2, 2026-03-08 00:00:00, 0, 0, 0, 0, 0, 0, 0, 45.216, 219.648, 410.208, 550.272, 629.76, 661.632, 504.576, 288.672, 237.888, 224.064, 120.768, 4.704, 0, 0, 0, 0, 0, 3897.408, 162, 661.63, 4.704, 661.632, 0, 
영흥태양광 #3, 3, 2026-03-08 00:00:00, 0, 0, 0, 0, 0, 0, 0, 47.28, 270.96, 567, 750.48, 858.24, 891.36, 698.04, 395.28, 324.84, 313.68, 160.92, 8.76, 0, 0, 0, 0, 0, 5286.84, 220, 891.36, 8.76, 891.36, 0, 
영흥태양광, 1, 2026-03-08 00:00:00, 0, 0, 0, 0, 0, 0, 0, 5.453, 140.89, 297.139, 433.805, 524.429, 545.434, 431.77, 243.418, 204.096, 187.776, 86.669, 3.494, 0, 0, 0, 0, 0, 3104.373, 129, 545.43, 3.494, 545.434, 0, 
예천태양광, 1, 2026-03-08 00:00:00, 0, 0, 0, 0, 0, 0, 0, 176.04, 643.14, 1056.42, 1322.46, 1472.94, 1517.76, 1459.26, 1039.32, 703.26, 221.04, 127.08, 1.98, 0, 0, 0, 0, 0, 9740.7, 406, 1517.76, 1.98, 1517.76, 0, 
여수태양광, 1, 2026-03-08 00:00:00, 0, 0, 0, 0, 0, 0, 0, 0, 0, 0, 0, 0, 0, 0, 0, 0, 0, 0, 0, 0, 0, 0, 0, 446, 446, 19, 446, 446, 446, 0, 
영흥태양광, 2, 2026-03-08 00:00:00, 0, 0, 0, 0, 0, 0, 0, 31.819, 199.592, 397.255, 543.815, 631.558, 608.417, 446.429, 303.726, 251.659, 211.162, 98.349, 4.821, 0, 0, 0, 0, 0, 3728.602, 155, 631.55, 4.82, 631.558, 0, 
탑선태양광, 1, 2026-03-08 00:00:00, 0, 0, 0, 0, 0, 0, 0, 0, 0, 0, 0, 0, 0, 0, 0, 0, 0, 0, 0, 0, 0, 0, 0, 959, 959, 40, 959, 959, 959, 0, 
탑선태양광, 3, 2026-03-08 00:00:00, 0, 0, 0, 0, 0, 0, 0, 0, 0, 0, 0, 0, 0, 0, 0, 0, 0, 0, 0, 0, 0, 0, 0, 274, 274, 11, 274, 274, 274, 0, 
경상대태양광, 1, 2026-03-08 00:00:00, 0, 0, 0, 0, 0, 0, 0, 32.112, 179.784, 364.032, 487.584, 572.472, 537.48, 554.184, 511.992, 429.192, 274.752, 138.168, 11.376, 0, 0, 0, 0, 0, 4093.128, 171, 572.47, 11.376, 572.472, 0, 
고흥만 수상태양광, 1, 2026-03-08 00:00:00, 0, 0, 0, 0, 0, 0, 16.632, 5333.496, 19133.436, 30161.208, 37390.752, 46756.752, 49283.472, 43347.696, 45644.424, 28051.968, 17328.024, 9467.304, 801.36, 0, 0, 0, 0, 0, 332716.524, 13863, 49283.47, 16.63, 49283.472, 0, 
영동태양광, 1, 2026-03-07 00:00:00, 0, 0, 0, 0, 0, 0, 0, 10.176, 19.968, 19.2, 19.104, 20.928, 172.512, 846.912, 659.712, 274.944, 588.48, 689.568, 686.976, 450.528, 0, 0, 0, 0, 4459.008, 186, 846.91, 10.176, 846.912, 0, 
삼천포태양광#5, 1, 2026-03-07 00:00:00, 0, 0, 0, 0, 0, 0, 0, 112.185, 583.326, 1563.302, 258.321, 524.193, 1119.366, 1253.79, 3139.032, 2483.903, 1625.705, 2523.299, 2522.159, 2515.39, 1083.695, 0, 0, 0, 21307.666, 888, 3139.03, 112.185, 3139.032, 0, 
삼천포태양광#5, 2, 2026-03-07 00:00:00, 0, 0, 0, 0, 0, 0, 0, 201.668, 1008.892, 2600.412, 308.017, 1141.869, 2345.745, 3052.686, 5325.872, 4199.821, 2770.134, 4239.541, 3837.745, 3822.625, 1003.649, 0, 0, 0, 35858.676, 1494, 5325.87, 201.66, 5325.872, 0, 
광양항세방태양광, 1, 2026-03-07 00:00:00, 0, 0, 0, 0, 0, 0, 0, 84, 453.6, 888, 1051.2, 1771.2, 2119.2, 2119.2, 1944, 1586.4, 981.6, 331.2, 21.6, 0, 0, 0, 0, 0, 13351.2, 556, 2119.2, 21.6, 2119.2, 0, 
두산엔진MG태양광, 1, 2026-03-07 00:00:00, 0, 0, 0, 0, 0, 0, 0.06, 3.12, 9.54, 19.8, 28.32, 40.68, 43.26, 39.48, 25.98, 41.04, 44.28, 23.94, 0.72, 0, 0, 0, 0, 0, 320.22, 13, 44.28, 0.06, 44.28, 0, 
삼천포태양광, 1, 2026-03-07 00:00:00, 0, 0, 0, 0, 0, 0, 0, 0.696, 6.636, 18.984, 22.32, 39.168, 48.768, 47.772, 42.348, 33.984, 21.372, 2.868, 0, 0, 0, 0, 0, 0, 284.916, 12, 48.76, 0.69, 48.768, 0, 
삼천포태양광, 2, 2026-03-07 00:00:00, 0, 0, 0, 0, 0, 0, 0, 31.872, 137.664, 360.192, 403.392, 657.312, 832.416, 804.096, 704.352, 552.48, 348.384, 125.952, 6.912, 0, 0, 0, 0, 0, 4965.024, 207, 832.41, 6.912, 832.416, 0, 
삼천포태양광, 3, 2026-03-07 00:00:00, 0, 0, 0, 0, 0, 0, 0, 8.28, 43.92, 119.232, 130.572, 222.732, 286.092, 272.952, 238.5, 187.02, 118.692, 40.176, 0.756, 0, 0, 0, 0, 0, 1668.924, 70, 286.09, 0.756, 286.092, 0, 
삼천포태양광, 4, 2026-03-07 00:00:00, 0, 0, 0, 0, 0, 0, 0, 34.691, 88.51, 103.654, 102.694, 118.492, 261.521, 1015.149, 1279.992, 1026.524, 1159.978, 1186.809, 1181.505, 732.154, 0, 0, 0, 0, 8291.673, 345, 1279.99, 34.691, 1279.992, 0, 
구미태양광, 1, 2026-03-07 00:00:00, 0, 0, 0, 0, 0, 0, 0, 14.463, 154.756, 386.166, 592.989, 697.052, 738.633, 730.534, 703.271, 591.977, 419.432, 196.482, 21.116, 0, 0, 0, 0, 0, 5246.871, 219, 738.63, 14.463, 738.633, 0, 
삼천포태양광#6, 1, 2026-03-07 00:00:00, 0, 0, 0, 0, 0, 0, 0, 0, 0, 0, 0, 0, 0, 0, 0, 0, 0, 0, 0, 0, 0, 0, 0, 0, 0, 0, 0, 0, 0, 0, 
영흥태양광#5, 1, 2026-03-07 00:00:00, 0, 0, 0, 0, 0, 0, 0, 219.358, 1099.2, 1981.453, 2427.4, 2432.221, 2519, 2716.663, 2801.032, 2362.316, 1617.463, 653.253, 36.158, 0, 0, 0, 0, 0, 20865.517, 869, 2801.03, 36.15, 2801.032, 0, 
영흥태양광 #3, 1, 2026-03-07 00:00:00, 0, 0, 0, 0, 0, 0, 0, 0, 0, 0, 0, 0, 0, 0, 0, 0, 0, 0, 0, 0, 0, 0, 0, 0, 0, 0, 0, 0, 0, 0, 
영흥태양광 #3, 2, 2026-03-07 00:00:00, 0, 0, 0, 0, 0, 0, 0, 40.416, 225.312, 386.112, 575.616, 660.96, 698.496, 686.976, 631.584, 517.536, 353.28, 149.568, 8.064, 0, 0, 0, 0, 0, 4933.92, 206, 698.49, 8.064, 698.496, 0, 
영흥태양광 #3, 3, 2026-03-07 00:00:00, 0, 0, 0, 0, 0, 0, 0, 43.56, 289.32, 583.68, 781.8, 906.72, 962.76, 949.08, 863.28, 710.64, 483.36, 195.6, 11.4, 0, 0, 0, 0, 0, 6781.2, 283, 962.76, 11.4, 962.76, 0, 
영흥태양광, 1, 2026-03-07 00:00:00, 0, 0, 0, 0, 0, 0, 0, 4.915, 136.742, 302.4, 441.754, 535.45, 573.965, 559.258, 501.235, 421.21, 282.47, 97.651, 3.456, 0, 0, 0, 0, 0, 3860.506, 161, 573.96, 3.456, 573.965, 0, 
예천태양광, 1, 2026-03-07 00:00:00, 0, 0, 0, 0, 0, 0, 0, 136.26, 617.4, 1048.86, 1347.84, 1501.2, 1566.54, 1531.98, 1383.48, 1121.04, 714.6, 214.02, 1.44, 0, 0, 0, 0, 0, 11184.66, 466, 1566.54, 1.44, 1566.54, 0, 
여수태양광, 1, 2026-03-07 00:00:00, 0, 0, 0, 0, 0, 0, 0, 0, 0, 0, 0, 0, 0, 0, 0, 0, 0, 0, 0, 0, 0, 0, 0, 543, 543, 23, 543, 543, 543, 0, 
영흥태양광, 2, 2026-03-07 00:00:00, 0, 0, 0, 0, 0, 0, 0, 27.962, 200.556, 408.825, 572.741, 663.377, 701.945, 693.267, 633.486, 490.783, 306.619, 107.992, 4.821, 0, 0, 0, 0, 0, 4812.374, 201, 701.94, 4.82, 701.945, 0, 
탑선태양광, 1, 2026-03-07 00:00:00, 0, 0, 0, 0, 0, 0, 0, 0, 0, 0, 0, 0, 0, 0, 0, 0, 0, 0, 0, 0, 0, 0, 0, 959, 959, 40, 959, 959, 959, 0, 
탑선태양광, 3, 2026-03-07 00:00:00, 0, 0, 0, 0, 0, 0, 0, 0, 0, 0, 0, 0, 0, 0, 0, 0, 0, 0, 0, 0, 0, 0, 0, 274, 274, 11, 274, 274, 274, 0, 
경상대태양광, 1, 2026-03-07 00:00:00, 0, 0, 0, 0, 0, 0, 0, 17.856, 122.256, 240.624, 273.816, 498.528, 634.752, 630.504, 584.064, 489.672, 343.728, 137.808, 7.632, 0, 0, 0, 0, 0, 3981.24, 166, 634.75, 7.632, 634.752, 0, 
고흥만 수상태양광, 1, 2026-03-07 00:00:00, 0, 0, 0, 0, 0, 0, 0, 1736.7, 10752.672, 24935.064, 26405.988, 48844.32, 54848.472, 54471.732, 49287.168, 39657.24, 26330.052, 10381.056, 578.592, 0, 0, 0, 0, 0, 348229.056, 14510, 54848.47, 578.59, 54848.472, 0, 
영동태양광, 1, 2026-03-06 00:00:00, 0, 0, 0, 0, 0, 0, 0, 13.152, 20.256, 19.68, 20.16, 20.256, 20.16, 20.352, 20.928, 353.472, 635.616, 691.776, 650.688, 0, 0, 0, 0, 0, 2486.496, 104, 691.77, 13.152, 691.776, 0, 
삼천포태양광#5, 1, 2026-03-06 00:00:00, 0, 0, 0, 0, 0, 0, 0, 10.375, 162.775, 636.941, 229.067, 544.543, 853.179, 801.288, 1853.917, 2505.531, 1638.835, 2524.319, 2515.883, 2518.518, 1001.935, 0, 0, 0, 17797.106, 742, 2524.31, 10.375, 2524.319, 0, 
삼천포태양광#5, 2, 2026-03-06 00:00:00, 0, 0, 0, 0, 0, 0, 0, 25.557, 290.691, 1071.322, 371.833, 768.371, 1398.703, 1847.597, 4461.072, 4227, 2786.042, 4210.059, 3814.183, 3822.738, 915.281, 0, 0, 0, 30010.449, 1250, 4461.07, 25.55, 4461.072, 0, 
광양항세방태양광, 1, 2026-03-06 00:00:00, 0, 0, 0, 0, 0, 0, 0, 19.2, 242.4, 573.6, 938.4, 1579.2, 1999.2, 1692, 1742.4, 1068, 840, 300, 7.2, 0, 0, 0, 0, 0, 11001.6, 458, 1999.2, 7.2, 1999.2, 0, 
두산엔진MG태양광, 1, 2026-03-06 00:00:00, 0, 0, 0, 0, 0, 0, 0.06, 0.66, 4.26, 10.32, 19.68, 32.88, 28.26, 48.78, 28.8, 53.46, 36.48, 21.06, 0.72, 0, 0, 0, 0, 0, 285.42, 12, 53.46, 0.06, 53.46, 0, 
삼천포태양광, 1, 2026-03-06 00:00:00, 0, 0, 0, 0, 0, 0, 0, 0, 0.912, 7.464, 17.832, 30.24, 37.836, 43.8, 40.296, 32.028, 18.612, 3.336, 0, 0, 0, 0, 0, 0, 232.356, 10, 43.8, 0.912, 43.8, 0, 
삼천포태양광, 2, 2026-03-06 00:00:00, 0, 0, 0, 0, 0, 0, 0, 6.624, 43.296, 157.056, 327.264, 554.208, 646.368, 763.776, 691.968, 559.68, 351.264, 107.04, 2.976, 0, 0, 0, 0, 0, 4211.52, 175, 763.77, 2.976, 763.776, 0, 
삼천포태양광, 3, 2026-03-06 00:00:00, 0, 0, 0, 0, 0, 0, 0, 0.864, 11.844, 49.32, 107.1, 182.304, 218.7, 256.68, 235.152, 191.196, 118.224, 31.644, 0.252, 0, 0, 0, 0, 0, 1403.28, 58, 256.68, 0.252, 256.68, 0, 
삼천포태양광, 4, 2026-03-06 00:00:00, 0, 0, 0, 0, 0, 0, 0, 2.539, 51.766, 100.537, 75.58, 117.719, 137.807, 161.587, 1107.922, 1022.125, 1166.835, 1187.942, 1177.798, 712.111, 0, 0, 0, 0, 7022.268, 293, 1187.94, 2.53, 1187.942, 0, 
구미태양광, 1, 2026-03-06 00:00:00, 0, 0, 0, 0, 0, 0, 0, 0, 30.3, 113.03, 191.637, 374.885, 638.982, 659.592, 243.415, 168.93, 165.82, 84.32, 15.114, 0, 0, 0, 0, 0, 2686.025, 112, 659.59, 15.114, 659.592, 0, 
삼천포태양광#6, 1, 2026-03-06 00:00:00, 0, 0, 0, 0, 0, 0, 0, 0, 0, 0, 0, 0, 0, 0, 0, 0, 0, 0, 0, 0, 0, 0, 0, 0, 0, 0, 0, 0, 0, 0, 
영흥태양광#5, 1, 2026-03-06 00:00:00, 0, 0, 0, 0, 0, 0, 0, 57.853, 245.874, 470.053, 1140.179, 665.305, 250.695, 672.537, 1079.916, 1140.179, 1111.253, 402.558, 28.926, 0, 0, 0, 0, 0, 7265.328, 303, 1140.17, 28.92, 1140.179, 0, 
영흥태양광 #3, 1, 2026-03-06 00:00:00, 0, 0, 0, 0, 0, 0, 0, 0, 0, 0, 0, 0, 0, 0, 0, 0, 0, 0, 0, 0, 0, 0, 0, 0, 0, 0, 0, 0, 0, 0, 
영흥태양광 #3, 2, 2026-03-06 00:00:00, 0, 0, 0, 0, 0, 0, 0, 8.352, 53.184, 95.136, 321.888, 167.808, 57.696, 159.264, 278.592, 265.92, 242.112, 98.688, 5.088, 0, 0, 0, 0, 0, 1753.728, 73, 321.88, 5.088, 321.888, 0, 
영흥태양광 #3, 3, 2026-03-06 00:00:00, 0, 0, 0, 0, 0, 0, 0, 17.76, 78, 151.32, 448.2, 188.88, 92.64, 219.72, 373.92, 445.68, 391.44, 146.52, 9.6, 0, 0, 0, 0, 0, 2563.68, 107, 448.2, 9.6, 448.2, 0, 
영흥태양광, 1, 2026-03-06 00:00:00, 0, 0, 0, 0, 0, 0, 0, 3.494, 32.986, 99.686, 264.307, 131.059, 53.875, 108.365, 239.885, 284.122, 206.861, 95.77, 3.84, 0, 0, 0, 0, 0, 1524.25, 64, 284.12, 3.494, 284.122, 0, 
예천태양광, 1, 2026-03-06 00:00:00, 0, 0, 0, 0, 0, 0, 0, 31.68, 454.68, 900.54, 762.66, 780.3, 204.66, 183.24, 190.98, 120.96, 66.96, 17.82, 0, 0, 0, 0, 0, 0, 3714.48, 155, 900.54, 17.82, 900.54, 0, 
여수태양광, 1, 2026-03-06 00:00:00, 0, 0, 0, 0, 0, 0, 0, 0, 0, 0, 0, 0, 0, 0, 0, 0, 0, 0, 0, 0, 0, 0, 0, 511, 511, 21, 511, 511, 511, 0, 
영흥태양광, 2, 2026-03-06 00:00:00, 0, 0, 0, 0, 0, 0, 0, 10.606, 60.745, 111.848, 328.796, 179.343, 68.459, 155.238, 271.907, 276.728, 255.516, 85.815, 5.785, 0, 0, 0, 0, 0, 1810.786, 75, 328.79, 5.78, 328.796, 0, 
탑선태양광, 1, 2026-03-06 00:00:00, 0, 0, 0, 0, 0, 0, 0, 0, 0, 0, 0, 0, 0, 0, 0, 0, 0, 0, 0, 0, 0, 0, 0, 959, 959, 40, 959, 959, 959, 0, 
탑선태양광, 3, 2026-03-06 00:00:00, 0, 0, 0, 0, 0, 0, 0, 0, 0, 0, 0, 0, 0, 0, 0, 0, 0, 0, 0, 0, 0, 0, 0, 274, 274, 11, 274, 274, 274, 0, 
경상대태양광, 1, 2026-03-06 00:00:00, 0, 0, 0, 0, 0, 0, 0, 0.072, 34.344, 138.096, 264.312, 373.536, 550.008, 592.704, 565.776, 466.128, 227.232, 52.92, 5.184, 0, 0, 0, 0, 0, 3270.312, 136, 592.7, 0.072, 592.704, 0, 
고흥만 수상태양광, 1, 2026-03-06 00:00:00, 0, 0, 0, 0, 0, 0, 0, 584.22, 5690.496, 12916.512, 29095.5, 48743.436, 50878.548, 43708.224, 34882.344, 14830.032, 16781.52, 3052.896, 155.988, 0, 0, 0, 0, 0, 261319.716, 10888, 50878.54, 155.98, 50878.548, 0, 
영동태양광, 1, 2026-03-05 00:00:00, 0, 0, 0, 0, 0, 0, 0, 6.432, 20.16, 20.256, 19.68, 19.872, 21.888, 226.176, 568.992, 209.952, 452.832, 690.336, 688.608, 339.072, 0, 0, 0, 0, 3284.256, 137, 690.33, 6.432, 690.336, 0, 
삼천포태양광#5, 1, 2026-03-05 00:00:00, 0, 0, 0, 0, 0, 0, 0, 49.514, 435.319, 830.05, 255.803, 598.337, 767.936, 1123.352, 2089.034, 1376.618, 812.418, 2523.555, 2501.386, 2508.399, 797.669, 0, 0, 0, 16669.39, 695, 2523.55, 49.514, 2523.555, 0, 
삼천포태양광#5, 2, 2026-03-05 00:00:00, 0, 0, 0, 0, 0, 0, 0, 90.981, 753.377, 1369.642, 598.325, 1446.316, 1723.787, 2498.718, 3669.319, 2290.778, 1447.853, 4104.992, 3792.801, 3819.239, 435.003, 0, 0, 0, 28041.131, 1168, 4104.99, 90.98, 4104.992, 0, 
광양항세방태양광, 1, 2026-03-05 00:00:00, 0, 0, 0, 0, 0, 0, 0, 48, 398.4, 508.8, 1548, 1941.6, 1312.8, 1087.2, 768, 357.6, 333.6, 108, 0, 0, 0, 0, 0, 0, 8412, 351, 1941.6, 48, 1941.6, 0, 
두산엔진MG태양광, 1, 2026-03-05 00:00:00, 0, 0, 0, 0, 0, 0, 0, 1.86, 6.96, 15.48, 21.66, 17.64, 13.5, 19.68, 24.66, 27.78, 13.26, 8.82, 0.48, 0, 0, 0, 0, 0, 171.78, 7, 27.78, 0.48, 27.78, 0, 
삼천포태양광, 1, 2026-03-05 00:00:00, 0, 0, 0, 0, 0, 0, 0, 0.168, 4.62, 10.14, 24.528, 33.936, 32.1, 41.148, 30.492, 16.788, 11.064, 1.404, 0, 0, 0, 0, 0, 0, 206.388, 9, 41.14, 0.168, 41.148, 0, 
삼천포태양광, 2, 2026-03-05 00:00:00, 0, 0, 0, 0, 0, 0, 0, 17.664, 106.944, 211.392, 427.68, 648.96, 657.792, 711.264, 509.184, 320.928, 198.24, 57.984, 0.672, 0, 0, 0, 0, 0, 3868.704, 161, 711.26, 0.672, 711.264, 0, 
삼천포태양광, 3, 2026-03-05 00:00:00, 0, 0, 0, 0, 0, 0, 0, 4.14, 33.48, 67.068, 141.732, 213.552, 217.692, 235.62, 163.152, 97.272, 66.456, 15.48, 0, 0, 0, 0, 0, 0, 1255.644, 52, 235.62, 4.14, 235.62, 0, 
삼천포태양광, 4, 2026-03-05 00:00:00, 0, 0, 0, 0, 0, 0, 0, 14.961, 74.384, 109.524, 87.064, 136.548, 173.317, 764.577, 897.583, 615.484, 1018.361, 1187.038, 1173.357, 265.857, 0, 0, 0, 0, 6518.055, 272, 1187.03, 14.961, 1187.038, 0, 
구미태양광, 1, 2026-03-05 00:00:00, 0, 0, 0, 0, 0, 0, 0, 7.738, 141.884, 247.248, 489.216, 581.564, 641.658, 608.537, 563.485, 431.291, 249.779, 94.878, 6.725, 0, 0, 0, 0, 0, 4064.003, 169, 641.65, 6.725, 641.658, 0, 
삼천포태양광#6, 1, 2026-03-05 00:00:00, 0, 0, 0, 0, 0, 0, 0, 0, 0, 0, 0, 0, 0, 0, 0, 0, 0, 0, 0, 0, 0, 0, 0, 0, 0, 0, 0, 0, 0, 0, 
영흥태양광#5, 1, 2026-03-05 00:00:00, 0, 0, 0, 0, 0, 0, 0, 122.937, 518.263, 1407.747, 1451.137, 1803.074, 1745.221, 1130.537, 838.863, 431.484, 175.968, 0, 0, 0, 0, 0, 0, 0, 9625.231, 401, 1803.07, 122.93, 1803.074, 0, 
영흥태양광 #3, 1, 2026-03-05 00:00:00, 0, 0, 0, 0, 0, 0, 0, 0, 0, 0, 0, 0, 0, 0, 0, 0, 0, 0, 0, 0, 0, 0, 0, 0, 0, 0, 0, 0, 0, 0, 
영흥태양광 #3, 2, 2026-03-05 00:00:00, 0, 0, 0, 0, 0, 0, 0, 21.312, 113.952, 307.296, 339.072, 440.16, 407.232, 247.008, 182.016, 90.336, 36.192, 0, 0, 0, 0, 0, 0, 0, 2184.576, 91, 440.16, 21.312, 440.16, 0, 
영흥태양광 #3, 3, 2026-03-05 00:00:00, 0, 0, 0, 0, 0, 0, 0, 35.52, 169.8, 429.96, 456.96, 600.96, 552, 348.6, 262.44, 131.04, 54.48, 0.6, 0, 0, 0, 0, 0, 0, 3042.36, 127, 600.96, 0.6, 600.96, 0, 
영흥태양광, 1, 2026-03-05 00:00:00, 0, 0, 0, 0, 0, 0, 0, 14.861, 94.195, 232.896, 265.613, 357.35, 341.568, 221.722, 164.89, 80.602, 33.485, 0, 0, 0, 0, 0, 0, 0, 1807.182, 75, 357.35, 14.861, 357.35, 0, 
예천태양광, 1, 2026-03-05 00:00:00, 0, 0, 0, 0, 0, 0, 0, 112.32, 500.94, 484.2, 461.88, 394.2, 558, 853.2, 917.46, 739.08, 357.3, 39.24, 0, 0, 0, 0, 0, 0, 5417.82, 226, 917.46, 39.24, 917.46, 0, 
여수태양광, 1, 2026-03-05 00:00:00, 0, 0, 0, 0, 0, 0, 0, 0, 0, 0, 0, 0, 0, 0, 0, 0, 0, 0, 0, 0, 0, 0, 0, 570, 570, 24, 570, 570, 570, 0, 
영흥태양광, 2, 2026-03-05 00:00:00, 0, 0, 0, 0, 0, 0, 0, 24.105, 128.24, 312.404, 345.187, 447.394, 431.966, 269.015, 198.627, 103.171, 42.425, 0, 0, 0, 0, 0, 0, 0, 2302.534, 96, 447.39, 24.1, 447.394, 0, 
탑선태양광, 1, 2026-03-05 00:00:00, 0, 0, 0, 0, 0, 0, 0, 0, 0, 0, 0, 0, 0, 0, 0, 0, 0, 0, 0, 0, 0, 0, 0, 959, 959, 40, 959, 959, 959, 0, 
탑선태양광, 3, 2026-03-05 00:00:00, 0, 0, 0, 0, 0, 0, 0, 0, 0, 0, 0, 0, 0, 0, 0, 0, 0, 0, 0, 0, 0, 0, 0, 274, 274, 11, 274, 274, 274, 0, 
경상대태양광, 1, 2026-03-05 00:00:00, 0, 0, 0, 0, 0, 0, 0, 2.664, 51.048, 148.464, 247.392, 281.016, 218.88, 356.328, 192.168, 286.272, 190.872, 65.16, 2.52, 0, 0, 0, 0, 0, 2042.784, 85, 356.32, 2.52, 356.328, 0, 
고흥만 수상태양광, 1, 2026-03-05 00:00:00, 0, 0, 0, 0, 0, 0, 0, 3293.808, 13696.956, 28452.984, 41025.096, 46735.5, 43643.796, 17741.64, 7808.304, 13268.136, 8422.764, 2450.28, 15.036, 0, 0, 0, 0, 0, 226554.3, 9440, 46735.5, 15.036, 46735.5, 0, 
영동태양광, 1, 2026-03-04 00:00:00, 0, 0, 0, 0, 0, 0, 0, 5.952, 50.016, 269.664, 422.592, 524.64, 573.504, 652.416, 282.816, 425.088, 614.688, 691.008, 189.408, 0, 0, 0, 0, 0, 4701.792, 196, 691, 5.952, 691.008, 0, 
삼천포태양광#5, 1, 2026-03-04 00:00:00, 0, 0, 0, 0, 0, 0, 0, 138.536, 1101.329, 2123.598, 385.112, 527.115, 657.588, 1716.002, 2858.904, 2265.556, 1399.794, 2512.241, 2512.493, 2516.575, 935.543, 0, 0, 0, 21650.386, 902, 2858.9, 138.536, 2858.904, 0, 
삼천포태양광#5, 2, 2026-03-04 00:00:00, 0, 0, 0, 0, 0, 0, 0, 211.985, 1912.405, 3574.118, 887.512, 1215.425, 1459.059, 3596.494, 4845.616, 3806.174, 2394.172, 4186.592, 3806.634, 3822.518, 808.411, 0, 0, 0, 36527.115, 1522, 4845.61, 211.98, 4845.616, 0, 
광양항세방태양광, 1, 2026-03-04 00:00:00, 0, 0, 0, 0, 0, 0, 0, 81.6, 429.6, 955.2, 1428, 1723.2, 1747.2, 1742.4, 1596, 1344, 784.8, 256.8, 4.8, 0, 0, 0, 0, 0, 12093.6, 504, 1747.2, 4.8, 1747.2, 0, 
두산엔진MG태양광, 1, 2026-03-04 00:00:00, 0, 0, 0, 0, 0, 0, 0, 1.98, 4.44, 14.52, 32.1, 40.74, 29.82, 54.54, 54.18, 49.62, 38.04, 16.62, 0.54, 0, 0, 0, 0, 0, 337.14, 14, 54.54, 0.54, 54.54, 0, 
삼천포태양광, 1, 2026-03-04 00:00:00, 0, 0, 0, 0, 0, 0, 0, 1.224, 6.204, 9.72, 32.772, 42.108, 43.176, 41.748, 37.956, 30.504, 18.576, 3.6, 0, 0, 0, 0, 0, 0, 267.588, 11, 43.17, 1.224, 43.176, 0, 
삼천포태양광, 2, 2026-03-04 00:00:00, 0, 0, 0, 0, 0, 0, 0, 35.616, 220.992, 379.872, 668.352, 696.288, 760.704, 723.648, 645.12, 494.784, 306.048, 101.184, 2.112, 0, 0, 0, 0, 0, 5034.72, 210, 760.7, 2.112, 760.704, 0, 
삼천포태양광, 3, 2026-03-04 00:00:00, 0, 0, 0, 0, 0, 0, 0, 14.976, 82.188, 121.788, 225.828, 221.94, 252.54, 242.496, 218.844, 173.196, 104.184, 30.492, 0.108, 0, 0, 0, 0, 0, 1688.58, 70, 252.54, 0.108, 252.54, 0, 
삼천포태양광, 4, 2026-03-04 00:00:00, 0, 0, 0, 0, 0, 0, 0, 24.847, 88.331, 105.227, 107.665, 114.532, 551.305, 1167.769, 1166.384, 928.046, 1148.874, 1187.143, 1176.137, 596.227, 0, 0, 0, 0, 8362.487, 348, 1187.14, 24.847, 1187.143, 0, 
구미태양광, 1, 2026-03-04 00:00:00, 0, 0, 0, 0, 0, 0, 0, 5.858, 165.748, 398.388, 566.811, 660.315, 698.715, 685.12, 582.576, 527.254, 372.933, 162.204, 14.391, 0, 0, 0, 0, 0, 4840.313, 202, 698.71, 5.858, 698.715, 0, 
삼천포태양광#6, 1, 2026-03-04 00:00:00, 0, 0, 0, 0, 0, 0, 0, 0, 0, 0, 0, 0, 0, 0, 0, 0, 0, 0, 0, 0, 0, 0, 0, 0, 0, 0, 0, 0, 0, 0, 
영흥태양광#5, 1, 2026-03-04 00:00:00, 0, 0, 0, 0, 0, 0, 0, 156.684, 901.537, 1668.084, 2340.621, 2711.842, 2581.674, 2232.147, 2256.253, 1988.684, 1255.884, 419.432, 14.463, 0, 0, 0, 0, 0, 18527.305, 772, 2711.84, 14.46, 2711.842, 0, 
영흥태양광 #3, 1, 2026-03-04 00:00:00, 0, 0, 0, 0, 0, 0, 0, 0, 0, 0, 0, 0, 0, 0, 0, 0, 0, 0, 0, 0, 0, 0, 0, 0, 0, 0, 0, 0, 0, 0, 
영흥태양광 #3, 2, 2026-03-04 00:00:00, 0, 0, 0, 0, 0, 0, 0, 28.032, 190.656, 363.264, 470.016, 472.416, 574.368, 627.84, 566.592, 449.952, 277.248, 95.712, 2.4, 0, 0, 0, 0, 0, 4118.496, 172, 627.84, 2.4, 627.84, 0, 
영흥태양광 #3, 3, 2026-03-04 00:00:00, 0, 0, 0, 0, 0, 0, 0, 33.36, 242.88, 460.92, 689.64, 798.24, 802.92, 846, 758.4, 598.2, 382.8, 129.12, 5.28, 0, 0, 0, 0, 0, 5747.76, 239, 846, 5.28, 846, 0, 
영흥태양광, 1, 2026-03-04 00:00:00, 0, 0, 0, 0, 0, 0, 0, 6.566, 115.622, 260.774, 392.218, 470.861, 480.077, 500.314, 444.672, 360.883, 228.134, 71.923, 2.035, 0, 0, 0, 0, 0, 3334.079, 139, 500.31, 2.035, 500.314, 0, 
예천태양광, 1, 2026-03-04 00:00:00, 0, 0, 0, 0, 0, 0, 0, 140.04, 585.54, 921.78, 1230.48, 1416.6, 1496.7, 1397.52, 1197.72, 1051.2, 663.84, 175.32, 1.44, 0, 0, 0, 0, 0, 10278.18, 428, 1496.7, 1.44, 1496.7, 0, 
여수태양광, 1, 2026-03-04 00:00:00, 0, 0, 0, 0, 0, 0, 0, 0, 0, 0, 0, 0, 0, 0, 0, 0, 0, 0, 0, 0, 0, 0, 0, 519, 519, 22, 519, 519, 519, 0, 
영흥태양광, 2, 2026-03-04 00:00:00, 0, 0, 0, 0, 0, 0, 0, 22.177, 168.737, 350.973, 507.175, 590.097, 559.242, 607.453, 559.242, 402.076, 231.411, 79.065, 3.857, 0, 0, 0, 0, 0, 4081.505, 170, 607.45, 3.85, 607.453, 0, 
탑선태양광, 1, 2026-03-04 00:00:00, 0, 0, 0, 0, 0, 0, 0, 0, 0, 0, 0, 0, 0, 0, 0, 0, 0, 0, 0, 0, 0, 0, 0, 959, 959, 40, 959, 959, 959, 0, 
탑선태양광, 3, 2026-03-04 00:00:00, 0, 0, 0, 0, 0, 0, 0, 0, 0, 0, 0, 0, 0, 0, 0, 0, 0, 0, 0, 0, 0, 0, 0, 274, 274, 11, 274, 274, 274, 0, 
경상대태양광, 1, 2026-03-04 00:00:00, 0, 0, 0, 0, 0, 0, 0, 19.656, 155.376, 330.912, 460.368, 546.336, 540.36, 560.952, 480.6, 422.856, 297.36, 111.672, 5.976, 0, 0, 0, 0, 0, 3932.424, 164, 560.95, 5.976, 560.952, 0, 
고흥만 수상태양광, 1, 2026-03-04 00:00:00, 0, 0, 0, 0, 0, 0, 0, 3122.448, 15733.872, 30568.104, 41346.732, 47917.716, 50002.848, 48032.376, 41298.012, 32854.08, 20526.996, 7825.104, 366.492, 0, 0, 0, 0, 0, 339594.78, 14150, 50002.84, 366.49, 50002.848, 0, 
영동태양광, 1, 2026-03-03 00:00:00, 0, 0, 0, 0, 0, 0, 0, 0, 2.784, 19.488, 20.544, 20.736, 21.216, 19.392, 19.488, 35.808, 12.576, 1.536, 0, 0, 0, 0, 0, 0, 173.568, 7, 35.8, 1.536, 35.808, 0, 
삼천포태양광#5, 1, 2026-03-03 00:00:00, 0, 0, 0, 0, 0, 0, 0, 175.715, 822.585, 2201.746, 995.286, 431.253, 496.497, 225.473, 211.921, 209.856, 913.111, 2498.185, 2514.223, 1132.418, 0, 0, 0, 0, 12828.269, 535, 2514.22, 175.715, 2514.223, 0, 
삼천포태양광#5, 2, 2026-03-03 00:00:00, 0, 0, 0, 0, 0, 0, 0, 279.329, 1448.747, 3808.097, 1434.59, 659.16, 782.358, 285.621, 330.031, 335.556, 1621.873, 4186.27, 3811.122, 2929.154, 0, 0, 0, 0, 21911.908, 913, 4186.27, 279.329, 4186.27, 0, 
광양항세방태양광, 1, 2026-03-03 00:00:00, 0, 0, 0, 0, 0, 0, 0, 69.6, 302.4, 842.4, 1344, 1003.2, 1344, 1732.8, 1874.4, 1399.2, 696, 386.4, 7.2, 0, 0, 0, 0, 0, 11001.6, 458, 1874.4, 7.2, 1874.4, 0, 
두산엔진MG태양광, 1, 2026-03-03 00:00:00, 0, 0, 0, 0, 0, 0, 0, 1.08, 2.76, 5.52, 9.24, 14.64, 21.24, 18.78, 20.16, 18.3, 20.28, 6.96, 0.24, 0, 0, 0, 0, 0, 139.2, 6, 21.24, 0.24, 21.24, 0, 
삼천포태양광, 1, 2026-03-03 00:00:00, 0, 0, 0, 0, 0, 0, 0, 0.492, 5.1, 20.724, 21.48, 14.736, 21.54, 12.468, 12.528, 9.54, 9.936, 3.108, 0, 0, 0, 0, 0, 0, 131.652, 5, 21.54, 0.492, 21.54, 0, 
삼천포태양광, 2, 2026-03-03 00:00:00, 0, 0, 0, 0, 0, 0, 0, 36, 138.912, 491.136, 629.856, 287.904, 355.392, 278.88, 257.568, 182.784, 179.904, 108, 2.496, 0, 0, 0, 0, 0, 2948.832, 123, 629.85, 2.496, 629.856, 0, 
삼천포태양광, 3, 2026-03-03 00:00:00, 0, 0, 0, 0, 0, 0, 0, 17.352, 47.196, 165.672, 221.796, 91.296, 126.684, 92.988, 87.516, 55.404, 53.1, 35.208, 0.18, 0, 0, 0, 0, 0, 994.392, 41, 221.79, 0.18, 221.796, 0, 
삼천포태양광, 4, 2026-03-03 00:00:00, 0, 0, 0, 0, 0, 0, 0, 34.844, 98.251, 115.55, 215.171, 130.947, 168.521, 96.282, 98.408, 240.828, 1068.952, 1180.297, 1177.031, 445.308, 0, 0, 0, 0, 5070.39, 211, 1180.29, 34.844, 1180.297, 0, 
구미태양광, 1, 2026-03-03 00:00:00, 0, 0, 0, 0, 0, 0, 0, 0, 50.549, 161.337, 466.437, 418.058, 313.489, 411.332, 302.497, 505.27, 148.392, 52.429, 3.254, 0, 0, 0, 0, 0, 2833.044, 118, 505.27, 3.254, 505.27, 0, 
삼천포태양광#6, 1, 2026-03-03 00:00:00, 0, 0, 0, 0, 0, 0, 0, 0, 0, 0, 0, 0, 0, 0, 0, 0, 0, 0, 0, 0, 0, 0, 0, 0, 0, 0, 0, 0, 0, 0, 
영흥태양광#5, 1, 2026-03-03 00:00:00, 0, 0, 0, 0, 0, 0, 0, 48.211, 361.579, 687, 1248.653, 2405.705, 2945.663, 2904.684, 2639.526, 2082.695, 1347.484, 470.053, 16.874, 0, 0, 0, 0, 0, 17158.127, 715, 2945.66, 16.87, 2945.663, 0, 
영흥태양광 #3, 1, 2026-03-03 00:00:00, 0, 0, 0, 0, 0, 0, 0, 0, 0, 0, 0, 0, 0, 0, 0, 0, 0, 0, 0, 0, 0, 0, 0, 0, 0, 0, 0, 0, 0, 0, 
영흥태양광 #3, 2, 2026-03-03 00:00:00, 0, 0, 0, 0, 0, 0, 0, 4.608, 73.344, 142.656, 257.376, 529.728, 648, 632.64, 567.84, 467.424, 300.192, 109.056, 3.072, 0, 0, 0, 0, 0, 3735.936, 156, 648, 3.072, 648, 0, 
영흥태양광 #3, 3, 2026-03-03 00:00:00, 0, 0, 0, 0, 0, 0, 0, 11.52, 94.56, 195.12, 339.96, 651, 874.2, 880.44, 794.4, 644.16, 409.2, 145.32, 6.12, 0, 0, 0, 0, 0, 5046, 210, 880.44, 6.12, 880.44, 0, 
영흥태양광, 1, 2026-03-03 00:00:00, 0, 0, 0, 0, 0, 0, 0, 3.686, 50.035, 118.502, 214.848, 368.371, 550.464, 529.421, 459.725, 383.885, 239.386, 75.802, 1.997, 0, 0, 0, 0, 0, 2996.122, 125, 550.46, 1.99, 550.464, 0, 
예천태양광, 1, 2026-03-03 00:00:00, 0, 0, 0, 0, 0, 0, 0, 2.7, 78.3, 300.78, 622.44, 559.08, 736.2, 899.64, 658.08, 859.5, 205.74, 72.9, 0, 0, 0, 0, 0, 0, 4995.36, 208, 899.64, 2.7, 899.64, 0, 
여수태양광, 1, 2026-03-03 00:00:00, 0, 0, 0, 0, 0, 0, 0, 0, 0, 0, 0, 0, 0, 0, 0, 0, 0, 0, 0, 0, 0, 0, 0, 450, 450, 19, 450, 450, 450, 0, 
영흥태양광, 2, 2026-03-03 00:00:00, 0, 0, 0, 0, 0, 0, 0, 6.749, 76.173, 157.166, 271.907, 526.459, 646.985, 645.057, 577.562, 445.465, 265.158, 83.886, 2.893, 0, 0, 0, 0, 0, 3705.46, 154, 646.98, 2.89, 646.985, 0, 
탑선태양광, 1, 2026-03-03 00:00:00, 0, 0, 0, 0, 0, 0, 0, 0, 0, 0, 0, 0, 0, 0, 0, 0, 0, 0, 0, 0, 0, 0, 0, 959, 959, 40, 959, 959, 959, 0, 
탑선태양광, 3, 2026-03-03 00:00:00, 0, 0, 0, 0, 0, 0, 0, 0, 0, 0, 0, 0, 0, 0, 0, 0, 0, 0, 0, 0, 0, 0, 0, 274, 274, 11, 274, 274, 274, 0, 
경상대태양광, 1, 2026-03-03 00:00:00, 0, 0, 0, 0, 0, 0, 0, 0.864, 33.408, 80.208, 134.424, 170.784, 184.176, 249.624, 135.792, 124.704, 109.368, 67.824, 8.208, 0, 0, 0, 0, 0, 1299.384, 54, 249.62, 0.864, 249.624, 0, 
고흥만 수상태양광, 1, 2026-03-03 00:00:00, 0, 0, 0, 0, 0, 0, 0, 657.552, 5499.06, 20734.56, 43042.272, 49367.892, 37437.876, 28052.64, 20434.848, 29081.052, 14615.16, 5443.788, 118.272, 0, 0, 0, 0, 0, 254484.972, 10604, 49367.89, 118.27, 49367.892, 0, 
영동태양광, 1, 2026-03-02 00:00:00, 0, 0, 0, 0, 0, 0, 0, 0, 4.992, 9.408, 15.936, 18.72, 20.256, 20.064, 19.104, 18.336, 24.864, 0, 0, 0, 0, 0, 0, 0, 151.68, 6, 24.86, 4.992, 24.864, 0, 
삼천포태양광#5, 1, 2026-03-02 00:00:00, 0, 0, 0, 0, 0, 0, 0, 0, 9.543, 23.764, 130.65, 138.494, 125.553, 193.081, 189.235, 165.508, 91.465, 513.383, 0, 0, 0, 0, 0, 0, 1580.676, 66, 513.38, 9.54, 513.383, 0, 
삼천포태양광#5, 2, 2026-03-02 00:00:00, 0, 0, 0, 0, 0, 0, 0, 0, 18.697, 44.699, 216.43, 228.011, 207.493, 284.089, 282.609, 260.371, 187.859, 1382.835, 0, 0, 0, 0, 0, 0, 3113.093, 130, 1382.83, 18.697, 1382.835, 0, 
광양항세방태양광, 1, 2026-03-02 00:00:00, 0, 0, 0, 0, 0, 0, 0, 4.8, 36, 182.4, 247.2, 242.4, 367.2, 494.4, 470.4, 247.2, 45.6, 4.8, 0, 0, 0, 0, 0, 0, 2342.4, 98, 494.4, 4.8, 494.4, 0, 
두산엔진MG태양광, 1, 2026-03-02 00:00:00, 0, 0, 0, 0, 0, 0, 0, 0.24, 0.84, 2.22, 5.34, 7.68, 7.92, 7.08, 10.44, 6.36, 1.92, 0.54, 0, 0, 0, 0, 0, 0, 50.58, 2, 10.44, 0.24, 10.44, 0, 
삼천포태양광, 1, 2026-03-02 00:00:00, 0, 0, 0, 0, 0, 0, 0, 0, 0, 0, 0.348, 1.524, 0.312, 6.06, 4.032, 1.2, 0.012, 0, 0, 0, 0, 0, 0, 0, 13.488, 1, 6.06, 0.012, 6.06, 0, 
삼천포태양광, 2, 2026-03-02 00:00:00, 0, 0, 0, 0, 0, 0, 0, 0, 4.992, 10.56, 36.384, 53.76, 37.248, 127.872, 105.6, 55.584, 16.032, 0.192, 0, 0, 0, 0, 0, 0, 448.224, 19, 127.87, 0.192, 127.872, 0, 
삼천포태양광, 3, 2026-03-02 00:00:00, 0, 0, 0, 0, 0, 0, 0, 0, 0.576, 1.296, 9.468, 15.228, 9.144, 39.42, 31.392, 14.724, 2.808, 0, 0, 0, 0, 0, 0, 0, 124.056, 5, 39.42, 0.576, 39.42, 0, 
삼천포태양광, 4, 2026-03-02 00:00:00, 0, 0, 0, 0, 0, 0, 0, 0, 1.551, 4.225, 43.688, 56.183, 50.331, 91.566, 94.036, 85.569, 93.86, 0, 0, 0, 0, 0, 0, 0, 521.009, 22, 94.03, 1.55, 94.036, 0, 
구미태양광, 1, 2026-03-02 00:00:00, 0, 0, 0, 0, 0, 0, 0, 0, 2.097, 12.655, 27.914, 61.468, 86.128, 109.414, 109.269, 32.976, 6.725, 0.868, 0, 0, 0, 0, 0, 0, 449.514, 19, 109.41, 0.868, 109.414, 0, 
삼천포태양광#6, 1, 2026-03-02 00:00:00, 0, 0, 0, 0, 0, 0, 0, 0, 0, 0, 0, 0, 0, 0, 0, 0, 0, 0, 0, 0, 0, 0, 0, 0, 0, 0, 0, 0, 0, 0, 
영흥태양광#5, 1, 2026-03-02 00:00:00, 0, 0, 0, 0, 0, 0, 0, 2.411, 45.8, 156.684, 248.284, 412.2, 470.053, 559.242, 231.411, 159.095, 84.368, 38.568, 0, 0, 0, 0, 0, 0, 2408.116, 100, 559.24, 2.41, 559.242, 0, 
영흥태양광 #3, 1, 2026-03-02 00:00:00, 0, 0, 0, 0, 0, 0, 0, 0, 0, 0, 0, 0, 0, 0, 0, 0, 0, 0, 0, 0, 0, 0, 0, 0, 0, 0, 0, 0, 0, 0, 
영흥태양광 #3, 2, 2026-03-02 00:00:00, 0, 0, 0, 0, 0, 0, 0, 0, 3.36, 26.496, 47.616, 81.6, 93.024, 115.488, 45.6, 29.76, 8.736, 2.592, 0, 0, 0, 0, 0, 0, 454.272, 19, 115.48, 2.592, 115.488, 0, 
영흥태양광 #3, 3, 2026-03-02 00:00:00, 0, 0, 0, 0, 0, 0, 0, 0.36, 10.2, 42.48, 66.72, 105.36, 121.68, 153, 70.44, 51.36, 26.52, 8.52, 0, 0, 0, 0, 0, 0, 656.64, 27, 153, 0.36, 153, 0, 
영흥태양광, 1, 2026-03-02 00:00:00, 0, 0, 0, 0, 0, 0, 0, 0, 2.765, 21.619, 36.634, 57.254, 64.742, 96.845, 38.899, 32.256, 15.322, 2.035, 0, 0, 0, 0, 0, 0, 368.371, 15, 96.84, 2.035, 96.845, 0, 
예천태양광, 1, 2026-03-02 00:00:00, 0, 0, 0, 0, 0, 0, 0, 0, 21.24, 42.48, 100.08, 160.2, 171.18, 119.34, 182.7, 80.1, 21.6, 0.54, 0, 0, 0, 0, 0, 0, 899.46, 37, 182.7, 0.54, 182.7, 0, 
여수태양광, 1, 2026-03-02 00:00:00, 0, 0, 0, 0, 0, 0, 0, 0, 0, 0, 0, 0, 0, 0, 0, 0, 0, 0, 0, 0, 0, 0, 0, 432, 432, 18, 432, 432, 432, 0, 
영흥태양광, 2, 2026-03-02 00:00:00, 0, 0, 0, 0, 0, 0, 0, 0, 5.785, 33.747, 55.924, 94.493, 107.992, 139.811, 55.924, 41.461, 19.284, 5.785, 0, 0, 0, 0, 0, 0, 560.206, 23, 139.81, 5.78, 139.811, 0, 
탑선태양광, 1, 2026-03-02 00:00:00, 0, 0, 0, 0, 0, 0, 0, 0, 0, 0, 0, 0, 0, 0, 0, 0, 0, 0, 0, 0, 0, 0, 0, 959, 959, 40, 959, 959, 959, 0, 
탑선태양광, 3, 2026-03-02 00:00:00, 0, 0, 0, 0, 0, 0, 0, 0, 0, 0, 0, 0, 0, 0, 0, 0, 0, 0, 0, 0, 0, 0, 0, 274, 274, 11, 274, 274, 274, 0, 
경상대태양광, 1, 2026-03-02 00:00:00, 0, 0, 0, 0, 0, 0, 0, 0, 0.36, 18.144, 39.024, 41.904, 51.336, 73.08, 64.08, 30.168, 11.592, 0, 0, 0, 0, 0, 0, 0, 329.688, 14, 73.08, 0.36, 73.08, 0, 
고흥만 수상태양광, 1, 2026-03-02 00:00:00, 0, 0, 0, 0, 0, 0, 0, 193.872, 951.804, 3292.296, 4276.356, 5976.936, 9639.252, 8934.324, 7104.72, 1580.376, 1345.764, 161.784, 0.252, 0, 0, 0, 0, 0, 43457.736, 1811, 9639.25, 0.25, 9639.252, 0, 
영동태양광, 1, 2026-03-01 00:00:00, 0, 0, 0, 0, 0, 0, 0, 0, 0, 0.48, 10.368, 17.28, 20.16, 19.2, 17.568, 36.288, 53.76, 3.456, 0, 0, 0, 0, 0, 0, 178.56, 7, 53.76, 0.48, 53.76, 0, 
삼천포태양광#5, 1, 2026-03-01 00:00:00, 0, 0, 0, 0, 0, 0, 0, 124.317, 648.6, 874.436, 270.943, 760.845, 254.923, 203.704, 245.068, 196.09, 420.097, 2523.377, 2204.822, 0, 0, 0, 0, 0, 8727.222, 364, 2523.37, 124.31, 2523.377, 0, 
삼천포태양광#5, 2, 2026-03-01 00:00:00, 0, 0, 0, 0, 0, 0, 0, 188.126, 1077.123, 1465.06, 308.332, 905.751, 295.482, 299.219, 293.267, 321.353, 781.975, 3904.29, 3942.869, 1041.992, 0, 0, 0, 0, 14824.839, 618, 3942.86, 188.12, 3942.869, 0, 
광양항세방태양광, 1, 2026-03-01 00:00:00, 0, 0, 0, 0, 0, 0, 0, 84, 319.2, 436.8, 504, 592.8, 660, 912, 806.4, 552, 312, 45.6, 0, 0, 0, 0, 0, 0, 5224.8, 218, 912, 45.6, 912, 0, 
두산엔진MG태양광, 1, 2026-03-01 00:00:00, 0, 0, 0, 0, 0, 0, 0, 1.86, 7.44, 9.06, 12.24, 17.82, 21.6, 19.56, 21, 16.92, 7.2, 2.1, 0.18, 0, 0, 0, 0, 0, 136.98, 6, 21.6, 0.18, 21.6, 0, 
삼천포태양광, 1, 2026-03-01 00:00:00, 0, 0, 0, 0, 0, 0, 0, 0.972, 6.18, 9, 12.876, 27.672, 18.804, 10.908, 14.196, 8.58, 3.312, 0, 0, 0, 0, 0, 0, 0, 112.5, 5, 27.67, 0.972, 27.672, 0, 
삼천포태양광, 2, 2026-03-01 00:00:00, 0, 0, 0, 0, 0, 0, 0, 31.776, 134.592, 196.992, 213.696, 458.688, 295.296, 203.712, 280.128, 165.888, 90.336, 16.128, 0, 0, 0, 0, 0, 0, 2087.232, 87, 458.68, 16.128, 458.688, 0, 
삼천포태양광, 3, 2026-03-01 00:00:00, 0, 0, 0, 0, 0, 0, 0, 11.556, 51.228, 62.676, 67.356, 158.688, 87.48, 64.152, 92.052, 48.132, 25.668, 2.988, 0, 0, 0, 0, 0, 0, 671.976, 28, 158.68, 2.988, 158.688, 0, 
삼천포태양광, 4, 2026-03-01 00:00:00, 0, 0, 0, 0, 0, 0, 0, 28.205, 88.118, 110, 102.973, 172.498, 103.339, 95.661, 95.808, 237.997, 943.791, 1183.07, 43.221, 0, 0, 0, 0, 0, 3204.681, 134, 1183.07, 28.205, 1183.07, 0, 
구미태양광, 1, 2026-03-01 00:00:00, 0, 0, 0, 0, 0, 0, 0, 6.436, 58.142, 159.022, 162.349, 171.895, 181.296, 100.953, 109.125, 74.124, 51.489, 15.837, 0.795, 0, 0, 0, 0, 0, 1091.463, 45, 181.29, 0.795, 181.296, 0, 
삼천포태양광#6, 1, 2026-03-01 00:00:00, 0, 0, 0, 0, 0, 0, 0, 0, 0, 0, 0, 0, 0, 0, 0, 0, 0, 0, 0, 0, 0, 0, 0, 0, 0, 0, 0, 0, 0, 0, 
영흥태양광#5, 1, 2026-03-01 00:00:00, 0, 0, 0, 0, 0, 0, 0, 48.211, 192.842, 511.032, 959.389, 1265.526, 1147.411, 617.095, 778.6, 489.337, 433.895, 166.326, 0, 0, 0, 0, 0, 0, 6609.664, 275, 1265.526, 48.211, 1265.526, 0, 
영흥태양광 #3, 1, 2026-03-01 00:00:00, 0, 0, 0, 0, 0, 0, 0, 0, 0, 0, 0, 0, 0, 0, 0, 0, 0, 0, 0, 0, 0, 0, 0, 0, 0, 0, 0, 0, 0, 0, 
영흥태양광 #3, 2, 2026-03-01 00:00:00, 0, 0, 0, 0, 0, 0, 0, 4.512, 34.656, 105.6, 207.072, 275.136, 250.56, 129.408, 164.736, 103.488, 89.664, 32.448, 0.192, 0, 0, 0, 0, 0, 1397.472, 58, 275.13, 0.192, 275.136, 0, 
영흥태양광 #3, 3, 2026-03-01 00:00:00, 0, 0, 0, 0, 0, 0, 0, 12.36, 56.28, 152.76, 324.6, 366.36, 351.24, 171.6, 219.12, 140.4, 122.76, 48.36, 0.36, 0, 0, 0, 0, 0, 1966.2, 82, 366.36, 0.36, 366.36, 0, 
영흥태양광, 1, 2026-03-01 00:00:00, 0, 0, 0, 0, 0, 0, 0, 5.606, 42.01, 123.686, 256.32, 304.704, 306.048, 143.846, 168.768, 104.256, 89.779, 36.173, 0, 0, 0, 0, 0, 0, 1581.196, 66, 306.04, 5.606, 306.048, 0, 
예천태양광, 1, 2026-03-01 00:00:00, 0, 0, 0, 0, 0, 0, 0, 16.92, 106.74, 165.78, 127.26, 119.88, 152.28, 119.52, 134.1, 220.5, 267.3, 16.74, 0, 0, 0, 0, 0, 0, 1447.02, 60, 267.3, 16.74, 267.3, 0, 
여수태양광, 1, 2026-03-01 00:00:00, 0, 0, 0, 0, 0, 0, 0, 0, 0, 0, 0, 0, 0, 0, 0, 0, 0, 0, 0, 0, 0, 0, 0, 419, 419, 17, 419, 419, 419, 0, 
영흥태양광, 2, 2026-03-01 00:00:00, 0, 0, 0, 0, 0, 0, 0, 6.749, 40.497, 112.813, 226.589, 276.728, 264.194, 134.989, 177.415, 110.884, 92.564, 36.64, 0, 0, 0, 0, 0, 0, 1480.062, 62, 276.72, 6.74, 276.728, 0, 
탑선태양광, 1, 2026-03-01 00:00:00, 0, 0, 0, 0, 0, 0, 0, 0, 0, 0, 0, 0, 0, 0, 0, 0, 0, 0, 0, 0, 0, 0, 0, 959, 959, 40, 959, 959, 959, 0, 
탑선태양광, 3, 2026-03-01 00:00:00, 0, 0, 0, 0, 0, 0, 0, 0, 0, 0, 0, 0, 0, 0, 0, 0, 0, 0, 0, 0, 0, 0, 0, 274, 274, 11, 274, 274, 274, 0, 
경상대태양광, 1, 2026-03-01 00:00:00, 0, 0, 0, 0, 0, 0, 0, 6.984, 130.608, 113.328, 106.992, 128.52, 139.176, 145.8, 243.36, 175.968, 59.688, 10.728, 0.144, 0, 0, 0, 0, 0, 1261.296, 53, 243.36, 0.144, 243.36, 0, 
고흥만 수상태양광, 1, 2026-03-01 00:00:00, 0, 0, 0, 0, 0, 0, 0, 2429.532, 5389.188, 8006.628, 11115.888, 16404.024, 11689.104, 30650.928, 18027.408, 8187.9, 2867.256, 864.696, 5.208, 0, 0, 0, 0, 0, 115637.76, 4818, 30650.92, 5.2, 30650.928, 0, 
