발전구분, 호기, 일자, 1시 발전량(KWh), 2시 발전량(KWh),3시 발전량(KWh),4시 발전량(KWh),5시 발전량(KWh),6시 발전량(KWh),7시 발전량(KWh),8시 발전량(KWh),9시 발전량(KWh),10시 발전량(KWh),11시 발전량(KWh),12시 발전량(KWh),13시 발전량(KWh),14시 발전량(KWh),15시 발전량(KWh),16시 발전량(KWh),17시 발전량(KWh),18시 발전량(KWh),19시 발전량(KWh),20시 발전량(KWh),21시 발전량(KWh),22시 발전량(KWh),23시 발전량(KWh),24시 발전량(KWh),총량(KW),평균(KW),최대(시간별),최소(시간별),최대,최소
영동태양광, 1, 2026-04-30 00:00:00, 0, 0, 0, 0, 0, 0, 14.592, 20.256, 20.736, 21.12, 21.312, 21.984, 663.072, 878.784, 829.824, 590.784, 549.216, 691.392, 689.28, 627.552, 0, 0, 0, 0, 5639.904, 235, 878.78, 14.592, 878.784, 0, 
삼천포태양광#5, 1, 2026-04-30 00:00:00, 0, 0, 0, 0, 0, 0, 95.14, 422.289, 968.353, 1099.336, 197.762, 248.815, 218.456, 188.633, 190.526, 207.836, 840.871, 2512.086, 2551.65, 905.005, 0, 0, 0, 0, 10646.758, 444, 2551.65, 95.14, 2551.65, 0, 
삼천포태양광#5, 2, 2026-04-30 00:00:00, 0, 0, 0, 0, 0, 0, 172.795, 752.302, 1704.9, 1822.207, 298.809, 352.745, 347.986, 283.512, 283.868, 350.863, 1481.535, 4167.242, 3946.417, 2475.771, 0, 0, 0, 0, 18440.952, 768, 4167.24, 172.795, 4167.242, 0, 
광양항세방태양광, 1, 2026-04-30 00:00:00, 0, 0, 0, 0, 0, 0, 57.6, 321.6, 688.8, 1262.4, 1389.6, 1264.8, 1305.6, 1521.6, 808.8, 343.2, 321.6, 177.6, 31.2, 0, 0, 0, 0, 0, 9494.4, 396, 1521.6, 31.2, 1521.6, 0, 
두산엔진MG태양광, 1, 2026-04-30 00:00:00, 0, 0, 0, 0, 0, 0, 2.34, 7.68, 16.32, 31.26, 25.56, 16.26, 15.18, 21.72, 18, 16.08, 11.4, 7.26, 1.92, 0.06, 0, 0, 0, 0, 191.04, 8, 31.26, 0.06, 31.26, 0, 
삼천포태양광, 1, 2026-04-30 00:00:00, 0, 0, 0, 0, 0, 0, 0.54, 4.596, 11.868, 12.012, 15.48, 23.376, 24.408, 5.172, 13.008, 14.724, 9.576, 2.136, 0.072, 0, 0, 0, 0, 0, 136.968, 6, 24.4, 0.072, 24.408, 0, 
삼천포태양광, 2, 2026-04-30 00:00:00, 0, 0, 0, 0, 0, 0, 29.28, 108.288, 238.656, 259.488, 273.12, 453.696, 440.064, 121.92, 251.904, 271.968, 194.88, 73.536, 15.072, 0, 0, 0, 0, 0, 2731.872, 114, 453.69, 15.072, 453.696, 0, 
삼천포태양광, 3, 2026-04-30 00:00:00, 0, 0, 0, 0, 0, 0, 8.316, 33.48, 76.752, 78.84, 88.56, 150.66, 144.684, 38.448, 83.16, 86.724, 61.992, 21.456, 2.736, 0, 0, 0, 0, 0, 875.808, 36, 150.66, 2.736, 150.66, 0, 
삼천포태양광, 4, 2026-04-30 00:00:00, 0, 0, 0, 0, 0, 0, 29.313, 89.161, 93.876, 111.529, 97.925, 95.752, 95.199, 93.231, 94.51, 360.317, 1043.194, 1181.84, 673.461, 0, 0, 0, 0, 0, 4059.308, 169, 1181.84, 29.313, 1181.84, 0, 
구미태양광, 1, 2026-04-30 00:00:00, 0, 0, 0, 0, 0, 0, 1.88, 63.349, 221.937, 360.205, 364.978, 406.053, 356.3, 292.228, 311.103, 136.098, 98.856, 61.758, 28.203, 1.229, 0, 0, 0, 0, 2704.177, 113, 406.05, 1.229, 406.053, 0, 
삼천포태양광#6, 1, 2026-04-30 00:00:00, 0, 0, 0, 0, 0, 0, 0, 0, 0, 0, 0, 0, 0, 0, 0, 0, 0, 0, 0, 0, 0, 0, 0, 0, 0, 0, 0, 0, 0, 0, 
영흥태양광#5, 1, 2026-04-30 00:00:00, 0, 0, 0, 0, 0, 0, 122.937, 595.4, 1255.884, 1815.126, 2236.968, 2514.179, 2622.653, 2559.979, 2316.516, 1870.568, 1253.474, 602.632, 144.632, 2.411, 0, 0, 0, 0, 19913.359, 830, 2622.65, 2.411, 2622.653, 0, 
영흥태양광 #3, 1, 2026-04-30 00:00:00, 0, 0, 0, 0, 0, 0, 66.24, 591.6, 1271.28, 1862.88, 2310.96, 2617.2, 2750.4, 2675.28, 2443.92, 1983.6, 1327.2, 526.8, 100.56, 0, 0, 0, 0, 0, 20527.92, 855, 2750.4, 66.24, 2750.4, 0, 
영흥태양광 #3, 2, 2026-04-30 00:00:00, 0, 0, 0, 0, 0, 0, 14.4, 123.552, 282.048, 425.568, 531.648, 596.256, 623.616, 611.04, 556.896, 454.848, 310.272, 150.144, 27.072, 0, 0, 0, 0, 0, 4707.36, 196, 623.61, 14.4, 623.616, 0, 
영흥태양광 #3, 3, 2026-04-30 00:00:00, 0, 0, 0, 0, 0, 0, 27.96, 163.68, 410.52, 606.72, 741.84, 806.16, 863.04, 845.04, 774.84, 635.64, 434.16, 215.52, 51.12, 0.72, 0, 0, 0, 0, 6576.96, 274, 863.04, 0.72, 863.04, 0, 
영흥태양광, 1, 2026-04-30 00:00:00, 0, 0, 0, 0, 0, 0, 12.787, 111.782, 290.88, 464.755, 598.157, 677.107, 710.822, 692.736, 634.522, 522.97, 364.723, 177.216, 40.09, 0.154, 0, 0, 0, 0, 5298.701, 221, 710.82, 0.15, 710.822, 0, 
예천태양광, 1, 2026-04-30 00:00:00, 0, 0, 0, 0, 0, 0, 69.3, 345.6, 706.5, 1056.24, 1185.84, 946.8, 611.1, 527.22, 383.22, 358.02, 212.94, 76.68, 14.76, 0, 0, 0, 0, 0, 6494.22, 271, 1185.84, 14.76, 1185.84, 0, 
여수태양광, 1, 2026-04-30 00:00:00, 0, 0, 0, 0, 0, 0, 0, 0, 0, 0, 0, 0, 0, 0, 0, 0, 0, 0, 0, 0, 0, 0, 0, 403.27, 403.27, 17, 403.27, 403.27, 403.27, 0, 
영흥태양광, 2, 2026-04-30 00:00:00, 0, 0, 0, 0, 0, 0, 17.356, 123.419, 286.371, 433.895, 545.743, 613.238, 638.307, 624.808, 569.848, 457.036, 306.619, 145.596, 28.926, 0, 0, 0, 0, 0, 4791.162, 200, 638.3, 17.356, 638.307, 0, 
탑선태양광, 1, 2026-04-30 00:00:00, 0, 0, 0, 0, 0, 0, 0, 0, 0, 0, 0, 0, 0, 0, 0, 0, 0, 0, 0, 0, 0, 0, 0, 953.2, 953.2, 40, 953.2, 953.2, 953.2, 0, 
탑선태양광, 3, 2026-04-30 00:00:00, 0, 0, 0, 0, 0, 0, 0, 0, 0, 0, 0, 0, 0, 0, 0, 0, 0, 0, 0, 0, 0, 0, 0, 288.6, 288.6, 12, 288.6, 288.6, 288.6, 0, 
경상대태양광, 1, 2026-04-30 00:00:00, 0, 0, 0, 0, 0, 0, 11.592, 94.248, 197.712, 320.256, 460.944, 332.424, 285.984, 293.4, 208.872, 210.6, 163.152, 119.592, 17.208, 0, 0, 0, 0, 0, 2715.984, 113, 460.94, 11.592, 460.944, 0, 
고흥만 수상태양광, 1, 2026-04-30 00:00:00, 0, 0, 0, 0, 0, 0, 852.684, 4232.508, 14780.304, 31918.488, 37820.748, 39985.68, 40985.364, 27309.828, 12796.728, 5459.832, 5619.516, 3540.936, 302.064, 0, 0, 0, 0, 0, 225604.68, 9400, 40985.36, 302.06, 40985.364, 0, 
영동태양광, 1, 2026-04-29 00:00:00, 0, 0, 0, 0, 0, 0, 10.656, 19.872, 20.352, 20.832, 21.312, 21.888, 22.368, 290.784, 509.088, 436.224, 517.92, 691.008, 688.224, 644.448, 0, 0, 0, 0, 3914.976, 163, 691, 10.656, 691.008, 0, 
삼천포태양광#5, 1, 2026-04-29 00:00:00, 0, 0, 0, 0, 0, 0, 112.921, 546.558, 859.22, 1557.253, 359.66, 211.151, 226.482, 196.452, 205.544, 220.852, 680.77, 2493.117, 2514.341, 556.774, 0, 0, 0, 0, 10741.095, 448, 2514.34, 112.92, 2514.341, 0, 
삼천포태양광#5, 2, 2026-04-29 00:00:00, 0, 0, 0, 0, 0, 0, 241.04, 1138.88, 1735.535, 3102.989, 1101.414, 304.23, 325.829, 321.527, 313.211, 785.11, 1237.284, 4214.775, 3877.831, 3953.459, 800.856, 0, 0, 0, 23453.97, 977, 4214.77, 241.04, 4214.775, 0, 
광양항세방태양광, 1, 2026-04-29 00:00:00, 0, 0, 0, 0, 0, 0, 86.4, 343.2, 698.4, 1365.6, 1545.6, 1250.4, 1449.6, 1104, 1032, 588, 480, 283.2, 43.2, 0, 0, 0, 0, 0, 10269.6, 428, 1545.6, 43.2, 1545.6, 0, 
두산엔진MG태양광, 1, 2026-04-29 00:00:00, 0, 0, 0, 0, 0, 0.12, 3.66, 8.88, 15.84, 23.94, 36.18, 29.7, 29.76, 27.9, 26.04, 18.72, 11.76, 6.9, 1.74, 0, 0, 0, 0, 0, 241.14, 10, 36.18, 0.12, 36.18, 0, 
삼천포태양광, 1, 2026-04-29 00:00:00, 0, 0, 0, 0, 0, 0, 0.816, 6.732, 11.736, 22.62, 32.988, 20.64, 25.764, 17.016, 14.232, 8.76, 7.704, 3.264, 0, 0, 0, 0, 0, 0, 172.272, 7, 32.98, 0.816, 32.988, 0, 
삼천포태양광, 2, 2026-04-29 00:00:00, 0, 0, 0, 0, 0, 0.384, 38.016, 161.664, 243.456, 445.056, 641.28, 391.392, 480.576, 315.072, 274.752, 182.304, 159.648, 91.968, 10.464, 0, 0, 0, 0, 0, 3436.032, 143, 641.28, 0.384, 641.28, 0, 
삼천포태양광, 3, 2026-04-29 00:00:00, 0, 0, 0, 0, 0, 0.036, 10.692, 51.552, 78.444, 146.88, 211.248, 126.18, 158.076, 100.872, 88.452, 57.096, 49.86, 27.144, 1.944, 0, 0, 0, 0, 0, 1108.476, 46, 211.24, 0.036, 211.248, 0, 
삼천포태양광, 4, 2026-04-29 00:00:00, 0, 0, 0, 0, 0, 0, 39.719, 90.265, 95.317, 123.221, 121.765, 100.787, 94.432, 149.933, 457.324, 268.768, 1003.073, 1182.622, 1183.732, 291.151, 0, 0, 0, 0, 5202.109, 217, 1183.73, 39.719, 1183.732, 0, 
구미태양광, 1, 2026-04-29 00:00:00, 0, 0, 0, 0, 0, 0, 15.837, 100.085, 232.061, 412.562, 445.971, 490.59, 678.901, 438.089, 291.433, 256.721, 172.545, 110.065, 41.003, 1.663, 0, 0, 0, 0, 3687.526, 154, 678.9, 1.663, 678.901, 0, 
삼천포태양광#6, 1, 2026-04-29 00:00:00, 0, 0, 0, 0, 0, 0, 0, 0, 0, 0, 0, 0, 0, 0, 0, 0, 0, 0, 0, 0, 0, 0, 0, 0, 0, 0, 0, 0, 0, 0, 
영흥태양광#5, 1, 2026-04-29 00:00:00, 0, 0, 0, 0, 0, 0, 115.705, 477.284, 1193.211, 1800.663, 2147.779, 2478.021, 2593.726, 2458.737, 2155.011, 1639.158, 1067.863, 429.074, 118.116, 0, 0, 0, 0, 0, 18674.348, 778, 2593.72, 115.705, 2593.726, 0, 
영흥태양광 #3, 1, 2026-04-29 00:00:00, 0, 0, 0, 0, 0, 0, 57.12, 468.72, 1216.8, 1864.56, 2231.76, 2616.48, 2705.52, 2578.8, 2304.96, 1782.96, 1146.24, 432.96, 94.32, 0, 0, 0, 0, 0, 19501.2, 813, 2705.52, 57.12, 2705.52, 0, 
영흥태양광 #3, 2, 2026-04-29 00:00:00, 0, 0, 0, 0, 0, 0, 12.096, 101.184, 272.256, 425.664, 512.352, 588.48, 618.72, 589.632, 519.168, 399.648, 266.016, 97.824, 17.76, 0, 0, 0, 0, 0, 4420.8, 184, 618.72, 12.096, 618.72, 0, 
영흥태양광 #3, 3, 2026-04-29 00:00:00, 0, 0, 0, 0, 0, 0, 31.8, 141.48, 361.92, 580.56, 706.44, 834.6, 850.08, 801.36, 727.2, 575.4, 369.84, 148.2, 40.56, 0.12, 0, 0, 0, 0, 6169.56, 257, 850.08, 0.12, 850.08, 0, 
영흥태양광, 1, 2026-04-29 00:00:00, 0, 0, 0, 0, 0, 0, 17.702, 103.795, 274.33, 461.798, 578.765, 680.678, 711.898, 669.12, 603.072, 487.757, 296.563, 125.606, 31.872, 0, 0, 0, 0, 0, 5042.956, 210, 711.89, 17.702, 711.898, 0, 
예천태양광, 1, 2026-04-29 00:00:00, 0, 0, 0, 0, 0, 0, 77.04, 366.12, 629.82, 696.06, 817.02, 996.12, 642.24, 711.18, 595.62, 495.54, 379.8, 195.48, 35.64, 0, 0, 0, 0, 0, 6637.68, 277, 996.12, 35.64, 996.12, 0, 
여수태양광, 1, 2026-04-29 00:00:00, 0, 0, 0, 0, 0, 0, 0, 0, 0, 0, 0, 0, 0, 0, 0, 0, 0, 0, 0, 0, 0, 0, 0, 500.28, 500.28, 21, 500.28, 500.28, 500.28, 0, 
영흥태양광, 2, 2026-04-29 00:00:00, 0, 0, 0, 0, 0, 0, 15.427, 105.099, 269.979, 435.823, 524.531, 610.345, 635.415, 606.488, 540.922, 420.396, 266.122, 106.063, 23.141, 0, 0, 0, 0, 0, 4559.751, 190, 635.41, 15.427, 635.415, 0, 
탑선태양광, 1, 2026-04-29 00:00:00, 0, 0, 0, 0, 0, 0, 0, 0, 0, 0, 0, 0, 0, 0, 0, 0, 0, 0, 0, 0, 0, 0, 0, 946, 946, 39, 946, 946, 946, 0, 
탑선태양광, 3, 2026-04-29 00:00:00, 0, 0, 0, 0, 0, 0, 0, 0, 0, 0, 0, 0, 0, 0, 0, 0, 0, 0, 0, 0, 0, 0, 0, 285, 285, 12, 285, 285, 285, 0, 
경상대태양광, 1, 2026-04-29 00:00:00, 0, 0, 0, 0, 0, 0, 22.968, 93.096, 174.312, 342.288, 494.712, 411.192, 370.008, 314.496, 296.568, 194.4, 135.936, 93.672, 25.344, 0, 0, 0, 0, 0, 2968.992, 124, 494.71, 22.968, 494.712, 0, 
고흥만 수상태양광, 1, 2026-04-29 00:00:00, 0, 0, 0, 0, 0, 4.452, 1866.312, 7717.416, 19228.776, 24445.764, 22751.064, 25184.04, 27643.14, 29692.404, 21712.236, 17609.34, 14966.784, 5689.236, 991.62, 0, 0, 0, 0, 0, 219502.584, 9146, 29692.4, 4.45, 29692.404, 0, 
영동태양광, 1, 2026-04-28 00:00:00, 0, 0, 0, 0, 0, 0, 14.304, 20.064, 20.256, 20.832, 21.216, 21.696, 21.024, 20.352, 18.336, 22.752, 387.456, 685.632, 121.152, 0, 0, 0, 0, 0, 1395.072, 58, 685.63, 14.304, 685.632, 0, 
삼천포태양광#5, 1, 2026-04-28 00:00:00, 0, 0, 0, 0, 0, 0, 72.556, 364.934, 859.489, 1439.387, 195.921, 202.985, 254.525, 250.008, 202.132, 244.788, 514.529, 2461.605, 2520.888, 862.778, 0, 0, 0, 0, 10446.525, 435, 2520.88, 72.55, 2520.888, 0, 
삼천포태양광#5, 2, 2026-04-28 00:00:00, 0, 0, 0, 0, 0, 0, 154.453, 772.225, 1765.749, 2778.905, 297.02, 291.812, 344.848, 288.113, 296.252, 812.639, 1066.257, 4198.13, 3918.587, 3946.049, 693.168, 0, 0, 0, 21624.207, 901, 4198.13, 154.453, 4198.13, 0, 
광양항세방태양광, 1, 2026-04-28 00:00:00, 0, 0, 0, 0, 0, 0, 62.4, 338.4, 861.6, 1257.6, 1399.2, 1584, 1632, 1965.6, 1353.6, 1188, 571.2, 357.6, 93.6, 0, 0, 0, 0, 0, 12664.8, 528, 1965.6, 62.4, 1965.6, 0, 
두산엔진MG태양광, 1, 2026-04-28 00:00:00, 0, 0, 0, 0, 0, 0.06, 2.34, 8.82, 16.86, 25.98, 36.9, 40.98, 36.36, 44.04, 31.5, 26.64, 18.96, 8.52, 2.7, 0.06, 0, 0, 0, 0, 300.72, 13, 44.04, 0.06, 44.04, 0, 
삼천포태양광, 1, 2026-04-28 00:00:00, 0, 0, 0, 0, 0, 0, 0.54, 4.656, 12.06, 17.052, 21.78, 21.9, 17.988, 18.456, 15.72, 15, 5.712, 2.148, 0, 0, 0, 0, 0, 0, 153.012, 6, 21.9, 0.54, 21.9, 0, 
삼천포태양광, 2, 2026-04-28 00:00:00, 0, 0, 0, 0, 0, 0, 26.016, 109.344, 247.872, 380.16, 393.216, 384.96, 334.944, 364.896, 316.896, 282.24, 136.032, 70.56, 15.648, 0, 0, 0, 0, 0, 3062.784, 128, 393.21, 15.648, 393.216, 0, 
삼천포태양광, 3, 2026-04-28 00:00:00, 0, 0, 0, 0, 0, 0, 7.02, 34.164, 80.496, 125.352, 128.664, 123.48, 109.512, 122.544, 106.236, 91.692, 41.184, 20.772, 3.276, 0, 0, 0, 0, 0, 994.392, 41, 128.66, 3.276, 128.664, 0, 
삼천포태양광, 4, 2026-04-28 00:00:00, 0, 0, 0, 0, 0, 0, 25.159, 88.848, 89.305, 110.284, 97.186, 94.156, 97.546, 94.399, 87.208, 415.036, 1018.118, 1179.145, 1186.941, 210.845, 0, 0, 0, 0, 4794.176, 200, 1186.94, 25.159, 1186.941, 0, 
구미태양광, 1, 2026-04-28 00:00:00, 0, 0, 0, 0, 0, 0, 10.558, 70.942, 173.269, 305.1, 550.323, 600.221, 554.011, 508.669, 436.498, 358.903, 277.114, 113.536, 27.046, 0.289, 0, 0, 0, 0, 3986.479, 166, 600.22, 0.289, 600.221, 0, 
삼천포태양광#6, 1, 2026-04-28 00:00:00, 0, 0, 0, 0, 0, 0, 0, 0, 0, 0, 0, 0, 0, 0, 0, 0, 0, 0, 0, 0, 0, 0, 0, 0, 0, 0, 0, 0, 0, 0, 
영흥태양광#5, 1, 2026-04-28 00:00:00, 0, 0, 0, 0, 0, 0, 118.116, 445.947, 821.989, 1448.726, 1627.105, 1684.958, 1926.011, 1810.305, 1600.589, 1164.284, 843.684, 392.916, 110.884, 0, 0, 0, 0, 0, 13995.514, 583, 1926.01, 110.884, 1926.011, 0, 
영흥태양광 #3, 1, 2026-04-28 00:00:00, 0, 0, 0, 0, 0, 0, 64.8, 421.44, 726, 1513.2, 1948.08, 1900.56, 2076.96, 1986.72, 1766.16, 1276.08, 940.32, 381.6, 77.04, 0, 0, 0, 0, 0, 15078.96, 628, 2076.96, 64.8, 2076.96, 0, 
영흥태양광 #3, 2, 2026-04-28 00:00:00, 0, 0, 0, 0, 0, 0, 15.936, 90.048, 161.184, 333.888, 415.008, 433.824, 476.352, 440.448, 396.576, 290.88, 207.072, 89.28, 16.8, 0, 0, 0, 0, 0, 3367.296, 140, 476.35, 15.936, 476.352, 0, 
영흥태양광 #3, 3, 2026-04-28 00:00:00, 0, 0, 0, 0, 0, 0, 34.68, 138.72, 228.84, 463.08, 648.84, 607.08, 659.76, 642.36, 563.88, 417.96, 309.84, 134.04, 39.24, 0.24, 0, 0, 0, 0, 4888.56, 204, 659.76, 0.24, 659.76, 0, 
영흥태양광, 1, 2026-04-28 00:00:00, 0, 0, 0, 0, 0, 0, 19.469, 100.186, 138.854, 317.184, 508.954, 496.934, 549.389, 535.91, 471.859, 370.368, 257.779, 104.986, 29.146, 0, 0, 0, 0, 0, 3901.018, 163, 549.38, 19.469, 549.389, 0, 
예천태양광, 1, 2026-04-28 00:00:00, 0, 0, 0, 0, 0, 0, 86.04, 297.18, 599.22, 690.48, 981.36, 1160.28, 1268.1, 1300.86, 1287.36, 1002.6, 667.08, 255.42, 50.22, 0, 0, 0, 0, 0, 9646.2, 402, 1300.86, 50.22, 1300.86, 0, 
여수태양광, 1, 2026-04-28 00:00:00, 0, 0, 0, 0, 0, 0, 0, 0, 0, 0, 0, 0, 0, 0, 0, 0, 0, 0, 0, 0, 0, 0, 0, 679.31, 679.31, 28, 679.31, 679.31, 679.31, 0, 
영흥태양광, 2, 2026-04-28 00:00:00, 0, 0, 0, 0, 0, 0, 17.356, 95.457, 174.522, 352.901, 460.893, 449.322, 489.819, 461.857, 416.539, 303.726, 218.876, 89.672, 20.248, 0, 0, 0, 0, 0, 3551.188, 148, 489.81, 17.356, 489.819, 0, 
탑선태양광, 1, 2026-04-28 00:00:00, 0, 0, 0, 0, 0, 0, 0, 0, 0, 0, 0, 0, 0, 0, 0, 0, 0, 0, 0, 0, 0, 0, 0, 946, 946, 39, 946, 946, 946, 0, 
탑선태양광, 3, 2026-04-28 00:00:00, 0, 0, 0, 0, 0, 0, 0, 0, 0, 0, 0, 0, 0, 0, 0, 0, 0, 0, 0, 0, 0, 0, 0, 285, 285, 12, 285, 285, 285, 0, 
경상대태양광, 1, 2026-04-28 00:00:00, 0, 0, 0, 0, 0, 0, 9.072, 74.016, 175.896, 263.52, 387.432, 475.704, 533.88, 498.168, 399.888, 286.488, 180, 116.352, 33.336, 0, 0, 0, 0, 0, 3433.752, 143, 533.88, 9.072, 533.88, 0, 
고흥만 수상태양광, 1, 2026-04-28 00:00:00, 0, 0, 0, 0, 0, 2.604, 1212.12, 5856.816, 13950.552, 28665.84, 44260.188, 33131.616, 23591.232, 32909.856, 29805.804, 21054.852, 14992.824, 7379.4, 2444.232, 0.084, 0, 0, 0, 0, 259258.02, 10802, 44260.18, 0.08, 44260.188, 0, 
영동태양광, 1, 2026-04-27 00:00:00, 0, 0, 0, 0, 0, 0, 12.864, 20.16, 20.736, 21.216, 22.08, 22.848, 212.448, 810.24, 544.32, 292.704, 453.216, 688.416, 685.632, 445.056, 0, 0, 0, 0, 4251.936, 177, 810.24, 12.864, 810.24, 0, 
삼천포태양광#5, 1, 2026-04-27 00:00:00, 0, 0, 0, 0, 0, 0, 91.452, 600.526, 1320.462, 1923.66, 310.791, 342.271, 526.206, 201.251, 2088.547, 1648.081, 1007.323, 2511.548, 2535.379, 2491.631, 893.135, 0, 0, 0, 18492.263, 771, 2535.37, 91.452, 2535.379, 0, 
삼천포태양광#5, 2, 2026-04-27 00:00:00, 0, 0, 0, 0, 0, 0, 206.791, 1275.207, 2704.302, 3781.004, 850.284, 1136.555, 1044.666, 3382.946, 4399.435, 3251.728, 2002.794, 4247.98, 3964.114, 3801.911, 729.353, 0, 0, 0, 36779.07, 1532, 4399.43, 206.79, 4399.435, 0, 
광양항세방태양광, 1, 2026-04-27 00:00:00, 0, 0, 0, 0, 0, 0, 103.2, 429.6, 907.2, 1372.8, 1718.4, 1754.4, 2001.6, 2004, 1867.2, 1288.8, 948, 360, 72, 0, 0, 0, 0, 0, 14827.2, 618, 2004, 72, 2004, 0, 
두산엔진MG태양광, 1, 2026-04-27 00:00:00, 0, 0, 0, 0, 0, 0.06, 2.46, 4.68, 12, 26.34, 39.42, 44.7, 47.52, 53.58, 54.54, 51.06, 32.94, 9.6, 1.5, 0, 0, 0, 0, 0, 380.4, 16, 54.54, 0.06, 54.54, 0, 
삼천포태양광, 1, 2026-04-27 00:00:00, 0, 0, 0, 0, 0, 0, 0.108, 4.32, 15.588, 24.936, 32.76, 36.876, 35.076, 39.516, 35.712, 25.464, 15.828, 4.62, 0.264, 0, 0, 0, 0, 0, 271.068, 11, 39.51, 0.108, 39.516, 0, 
삼천포태양광, 2, 2026-04-27 00:00:00, 0, 0, 0, 0, 0, 0.384, 31.008, 178.656, 381.504, 533.952, 644.256, 691.68, 639.552, 695.424, 614.496, 446.4, 273.216, 106.56, 23.808, 0, 0, 0, 0, 0, 5260.896, 219, 695.42, 0.384, 695.424, 0, 
삼천포태양광, 3, 2026-04-27 00:00:00, 0, 0, 0, 0, 0, 0, 11.268, 60.876, 126.036, 177.084, 213.984, 228.528, 214.92, 233.352, 205.632, 150.408, 91.08, 32.076, 5.688, 0, 0, 0, 0, 0, 1750.932, 73, 233.35, 5.688, 233.352, 0, 
삼천포태양광, 4, 2026-04-27 00:00:00, 0, 0, 0, 0, 0, 0, 24.821, 88.187, 94.316, 106.848, 99.933, 96.901, 951.199, 1117.787, 1048.386, 799.705, 1088.467, 1181.832, 1190.539, 508.33, 0, 0, 0, 0, 8397.251, 350, 1190.53, 24.821, 1190.539, 0, 
구미태양광, 1, 2026-04-27 00:00:00, 0, 0, 0, 0, 0, 0, 7.882, 106.521, 259.758, 421.312, 537.885, 546.129, 519.372, 542.513, 585.541, 467.739, 335.401, 99.073, 6.002, 1.157, 0, 0, 0, 0, 4436.285, 185, 585.54, 1.157, 585.541, 0, 
삼천포태양광#6, 1, 2026-04-27 00:00:00, 0, 0, 0, 0, 0, 0, 0, 0, 0, 0, 0, 0, 0, 0, 0, 0, 0, 0, 0, 0, 0, 0, 0, 0, 0, 0, 0, 0, 0, 0, 
영흥태양광#5, 1, 2026-04-27 00:00:00, 0, 0, 0, 0, 0, 0, 14.463, 185.611, 1145, 1692.189, 2111.621, 1665.674, 1149.821, 995.547, 795.474, 284.442, 91.6, 60.263, 7.232, 0, 0, 0, 0, 0, 10198.937, 425, 2111.62, 7.232, 2111.621, 0, 
영흥태양광 #3, 1, 2026-04-27 00:00:00, 0, 0, 0, 0, 0, 0, 0, 117.6, 1144.56, 1714.32, 2150.64, 1743.36, 1158, 982.56, 766.56, 271.2, 45.36, 0.24, 0, 0, 0, 0, 0, 0, 10094.4, 421, 2150.64, 0.24, 2150.64, 0, 
영흥태양광 #3, 2, 2026-04-27 00:00:00, 0, 0, 0, 0, 0, 0, 0, 29.76, 257.952, 395.328, 497.088, 400.992, 270.624, 238.08, 186.336, 61.248, 6.528, 0.096, 0, 0, 0, 0, 0, 0, 2344.032, 98, 497.08, 0.096, 497.088, 0, 
영흥태양광 #3, 3, 2026-04-27 00:00:00, 0, 0, 0, 0, 0, 0, 3.12, 56.4, 374.52, 549.84, 697.32, 551.4, 363, 301.32, 236.76, 91.32, 28.32, 16.92, 2.04, 0, 0, 0, 0, 0, 3272.28, 136, 697.32, 2.04, 697.32, 0, 
영흥태양광, 1, 2026-04-27 00:00:00, 0, 0, 0, 0, 0, 0, 0, 37.018, 254.4, 435.61, 571.776, 478.502, 294.566, 241.267, 153.946, 75.571, 20.813, 5.914, 0.384, 0, 0, 0, 0, 0, 2569.767, 107, 571.77, 0.384, 571.776, 0, 
예천태양광, 1, 2026-04-27 00:00:00, 0, 0, 0, 0, 0, 0, 79.38, 318.42, 684.18, 1003.14, 887.58, 1138.14, 1010.88, 1314.72, 1055.52, 626.4, 289.26, 55.44, 6.3, 0, 0, 0, 0, 0, 8469.36, 353, 1314.72, 6.3, 1314.72, 0, 
여수태양광, 1, 2026-04-27 00:00:00, 0, 0, 0, 0, 0, 0, 0, 0, 0, 0, 0, 0, 0, 0, 0, 0, 0, 0, 0, 0, 0, 0, 0, 628.04, 628.04, 26, 628.04, 628.04, 628.04, 0, 
영흥태양광, 2, 2026-04-27 00:00:00, 0, 0, 0, 0, 0, 0, 0, 30.855, 255.516, 404.004, 513.924, 427.145, 276.728, 242.981, 184.164, 69.423, 14.463, 3.857, 0, 0, 0, 0, 0, 0, 2423.06, 101, 513.92, 3.857, 513.924, 0, 
탑선태양광, 1, 2026-04-27 00:00:00, 0, 0, 0, 0, 0, 0, 0, 0, 0, 0, 0, 0, 0, 0, 0, 0, 0, 0, 0, 0, 0, 0, 0, 946, 946, 39, 946, 946, 946, 0, 
탑선태양광, 3, 2026-04-27 00:00:00, 0, 0, 0, 0, 0, 0, 0, 0, 0, 0, 0, 0, 0, 0, 0, 0, 0, 0, 0, 0, 0, 0, 0, 285, 285, 12, 285, 285, 285, 0, 
경상대태양광, 1, 2026-04-27 00:00:00, 0, 0, 0, 0, 0, 0, 15.48, 105.12, 257.688, 393.912, 488.016, 492.264, 502.416, 566.208, 528.984, 409.464, 240.12, 78.768, 18.144, 0, 0, 0, 0, 0, 4096.584, 171, 566.2, 15.48, 566.208, 0, 
고흥만 수상태양광, 1, 2026-04-27 00:00:00, 0, 0, 0, 0, 0, 23.604, 2758.896, 12705.084, 25027.548, 36570.492, 44119.32, 47757.276, 50654.1, 48720.42, 44056.152, 33697.104, 20111.784, 9434.04, 3242.82, 14.616, 0, 0, 0, 0, 378893.256, 15787, 50654.1, 14.616, 50654.1, 0, 
영동태양광, 1, 2026-04-26 00:00:00, 0, 0, 0, 0, 0, 0, 13.056, 20.064, 19.872, 17.568, 18.336, 18.72, 130.848, 488.16, 734.208, 668.16, 644.256, 692.544, 688.512, 683.424, 266.4, 0, 0, 0, 5104.128, 213, 734.2, 13.056, 734.208, 0, 
삼천포태양광#5, 1, 2026-04-26 00:00:00, 0, 0, 0, 0, 0, 0, 105.465, 540.298, 984.393, 1500.247, 249.881, 224.54, 339.94, 230.832, 1112.223, 1880.48, 1253.6, 2510.162, 2534.026, 2480.091, 1027.806, 0, 0, 0, 16973.984, 707, 2534.02, 105.465, 2534.026, 0, 
삼천포태양광#5, 2, 2026-04-26 00:00:00, 0, 0, 0, 0, 0, 0, 234.598, 1130.565, 1991.094, 2966.545, 328.127, 452.93, 1525.744, 1539.693, 4521.138, 3727.806, 2482.72, 4259.023, 3987.417, 3801.606, 1000.962, 0, 0, 0, 33949.968, 1415, 4521.13, 234.59, 4521.138, 0, 
광양항세방태양광, 1, 2026-04-26 00:00:00, 0, 0, 0, 0, 0, 0, 117.6, 398.4, 864, 1231.2, 1639.2, 1536, 1749.6, 1819.2, 1804.8, 1600.8, 1099.2, 542.4, 112.8, 0, 0, 0, 0, 0, 14515.2, 605, 1819.2, 112.8, 1819.2, 0, 
두산엔진MG태양광, 1, 2026-04-26 00:00:00, 0, 0, 0, 0, 0, 0.06, 2.58, 6, 13.56, 20.94, 33.36, 31.2, 40.86, 44.76, 46.68, 45.84, 43.26, 26.7, 6.48, 0.06, 0, 0, 0, 0, 362.34, 15, 46.68, 0.06, 46.68, 0, 
삼천포태양광, 1, 2026-04-26 00:00:00, 0, 0, 0, 0, 0, 0, 0.42, 6.396, 12.024, 20.784, 23.928, 19.908, 40.944, 39.684, 36.228, 29.328, 19.512, 7.164, 0.36, 0, 0, 0, 0, 0, 256.68, 11, 40.94, 0.36, 40.944, 0, 
삼천포태양광, 2, 2026-04-26 00:00:00, 0, 0, 0, 0, 0, 0.288, 36.48, 161.088, 274.08, 427.968, 488.736, 360.48, 738.24, 706.272, 627.36, 494.688, 319.392, 134.688, 27.264, 0, 0, 0, 0, 0, 4797.024, 200, 738.24, 0.288, 738.24, 0, 
삼천포태양광, 3, 2026-04-26 00:00:00, 0, 0, 0, 0, 0, 0, 11.196, 52.308, 87.732, 143.712, 161.208, 121.104, 244.62, 233.388, 210.888, 168.84, 109.8, 44.316, 6.444, 0, 0, 0, 0, 0, 1595.556, 66, 244.62, 6.444, 244.62, 0, 
삼천포태양광, 4, 2026-04-26 00:00:00, 0, 0, 0, 0, 0, 0, 36.258, 86.754, 102.33, 103.592, 105.359, 91.522, 106.189, 947.379, 1077.063, 901.659, 1136.912, 1183.543, 1192.725, 666.951, 0, 0, 0, 0, 7738.236, 322, 1192.72, 36.258, 1192.725, 0, 
구미태양광, 1, 2026-04-26 00:00:00, 0, 0, 0, 0, 0, 0, 11.426, 95.891, 273.064, 441.488, 557.049, 259.686, 0, 231.049, 546.418, 496.954, 355.794, 189.25, 47.728, 1.591, 0, 0, 0, 0, 3507.388, 146, 557.04, 1.591, 557.049, 0, 
삼천포태양광#6, 1, 2026-04-26 00:00:00, 0, 0, 0, 0, 0, 0, 0, 0, 0, 0, 0, 0, 0, 0, 0, 0, 0, 0, 0, 0, 0, 0, 0, 0, 0, 0, 0, 0, 0, 0, 
영흥태양광#5, 1, 2026-04-26 00:00:00, 0, 0, 0, 0, 0, 0, 106.063, 559.242, 1222.137, 1856.105, 2036.895, 2461.147, 2547.926, 2461.147, 2244.2, 1834.411, 1246.242, 532.726, 132.579, 0, 0, 0, 0, 0, 19240.82, 802, 2547.92, 106.063, 2547.926, 0, 
영흥태양광 #3, 1, 2026-04-26 00:00:00, 0, 0, 0, 0, 0, 0, 48.24, 532.8, 1213.92, 1841.28, 2082.72, 2582.88, 2669.28, 2588.64, 2357.28, 1934.4, 1293.6, 444, 84.96, 0, 0, 0, 0, 0, 19674, 820, 2669.28, 48.24, 2669.28, 0, 
영흥태양광 #3, 2, 2026-04-26 00:00:00, 0, 0, 0, 0, 0, 0, 11.424, 114.72, 276.96, 431.712, 487.2, 589.632, 612.288, 592.416, 538.272, 444.48, 304.608, 132.864, 28.128, 0, 0, 0, 0, 0, 4564.704, 190, 612.28, 11.424, 612.288, 0, 
영흥태양광 #3, 3, 2026-04-26 00:00:00, 0, 0, 0, 0, 0, 0, 23.04, 153.72, 377.64, 612.72, 674.88, 818.88, 838.68, 811.68, 643.92, 629.28, 444.24, 206.16, 56.04, 0.48, 0, 0, 0, 0, 6291.36, 262, 838.68, 0.48, 838.68, 0, 
영흥태양광, 1, 2026-04-26 00:00:00, 0, 0, 0, 0, 0, 0, 9.6, 101.952, 281.357, 468.826, 545.702, 667.008, 692.659, 670.579, 616.589, 511.488, 356.621, 160.435, 34.56, 0, 0, 0, 0, 0, 5117.376, 213, 692.65, 9.6, 692.659, 0, 
예천태양광, 1, 2026-04-26 00:00:00, 0, 0, 0, 0, 0, 0, 64.62, 338.58, 712.98, 1016.1, 1219.5, 1329.84, 1356.12, 1304.28, 1160.1, 939.78, 631.26, 253.98, 28.8, 0, 0, 0, 0, 0, 10355.94, 431, 1356.12, 28.8, 1356.12, 0, 
여수태양광, 1, 2026-04-26 00:00:00, 0, 0, 0, 0, 0, 0, 0, 0, 0, 0, 0, 0, 0, 0, 0, 0, 0, 0, 0, 0, 0, 0, 0, 771.22, 771.22, 32, 771.22, 771.22, 771.22, 0, 
영흥태양광, 2, 2026-04-26 00:00:00, 0, 0, 0, 0, 0, 0, 12.535, 107.992, 274.8, 442.573, 497.533, 597.811, 616.131, 597.811, 546.707, 440.644, 298.905, 128.24, 26.998, 0, 0, 0, 0, 0, 4588.68, 191, 616.13, 12.535, 616.131, 0, 
탑선태양광, 1, 2026-04-26 00:00:00, 0, 0, 0, 0, 0, 0, 0, 0, 0, 0, 0, 0, 0, 0, 0, 0, 0, 0, 0, 0, 0, 0, 0, 946, 946, 39, 946, 946, 946, 0, 
탑선태양광, 3, 2026-04-26 00:00:00, 0, 0, 0, 0, 0, 0, 0, 0, 0, 0, 0, 0, 0, 0, 0, 0, 0, 0, 0, 0, 0, 0, 0, 285, 285, 12, 285, 285, 285, 0, 
경상대태양광, 1, 2026-04-26 00:00:00, 0, 0, 0, 0, 0, 0, 16.56, 101.088, 172.368, 362.304, 462.384, 438.984, 0, 391.32, 541.872, 455.76, 324.432, 169.992, 37.8, 0.144, 0, 0, 0, 0, 3475.008, 145, 541.87, 0.144, 541.872, 0, 
고흥만 수상태양광, 1, 2026-04-26 00:00:00, 0, 0, 0, 0, 0, 12.096, 2592.828, 11881.8, 19681.032, 35190.708, 43363.236, 1055.712, 0, 34324.5, 31137.288, 36359.568, 25218.984, 12249.972, 2519.58, 0, 0, 0, 0, 0, 255587.304, 10649, 43363.23, 12.09, 43363.236, 0, 
영동태양광, 1, 2026-04-25 00:00:00, 0, 0, 0, 0, 0, 0, 13.056, 20.064, 20.832, 20.64, 20.544, 21.312, 786.336, 856.128, 796.032, 683.232, 636.768, 692.736, 688.896, 683.712, 243.36, 0, 0, 0, 6183.648, 258, 856.12, 13.056, 856.128, 0, 
삼천포태양광#5, 1, 2026-04-25 00:00:00, 0, 0, 0, 0, 0, 0, 86.667, 637.841, 1415.542, 2055.707, 200.209, 191.012, 200.325, 1288.805, 2280.727, 1789.162, 1214.4, 2505.525, 2538.462, 2485.633, 1014.492, 0, 0, 0, 19904.509, 829, 2538.46, 86.667, 2538.462, 0, 
삼천포태양광#5, 2, 2026-04-25 00:00:00, 0, 0, 0, 0, 0, 0, 188.829, 1346.799, 2887.765, 4077.489, 1062.589, 1447.862, 1594.049, 3776.052, 4545.094, 3554.051, 2399.936, 4249.946, 4009.135, 3805.202, 1009.012, 0, 0, 0, 39953.81, 1665, 4545.09, 188.82, 4545.094, 0, 
광양항세방태양광, 1, 2026-04-25 00:00:00, 0, 0, 0, 0, 0, 0, 103.2, 453.6, 991.2, 1500, 1884, 2085.6, 2148, 2056.8, 1874.4, 1576.8, 1111.2, 573.6, 132, 0, 0, 0, 0, 0, 16490.4, 687, 2148, 103.2, 2148, 0, 
두산엔진MG태양광, 1, 2026-04-25 00:00:00, 0, 0, 0, 0, 0, 0.06, 2.16, 4.2, 11.94, 27.18, 40.74, 50.4, 31.08, 34.5, 36.72, 40.14, 42.24, 23.64, 6.9, 0.06, 0, 0, 0, 0, 351.96, 15, 50.4, 0.06, 50.4, 0, 
삼천포태양광, 1, 2026-04-25 00:00:00, 0, 0, 0, 0, 0, 0, 0.072, 4.428, 16.704, 26.964, 34.464, 39.384, 40.872, 38.856, 35.196, 28.368, 18.96, 7.26, 0.456, 0, 0, 0, 0, 0, 291.984, 12, 40.87, 0.072, 40.872, 0, 
삼천포태양광, 2, 2026-04-25 00:00:00, 0, 0, 0, 0, 0, 0.192, 28.512, 184.992, 408.288, 574.176, 674.016, 729.312, 740.736, 683.52, 613.92, 477.6, 312.672, 136.32, 30.816, 0, 0, 0, 0, 0, 5595.072, 233, 740.73, 0.192, 740.736, 0, 
삼천포태양광, 3, 2026-04-25 00:00:00, 0, 0, 0, 0, 0, 0, 10.26, 64.296, 135.684, 190.548, 225.936, 247.68, 251.748, 231.012, 205.992, 161.1, 106.56, 44.1, 7.128, 0, 0, 0, 0, 0, 1882.044, 78, 251.74, 7.128, 251.748, 0, 
삼천포태양광, 4, 2026-04-25 00:00:00, 0, 0, 0, 0, 0, 0, 22.536, 88.088, 94.261, 106.66, 98.787, 358.982, 1289.154, 1097.496, 1108.763, 869.987, 1119.847, 1182.865, 1195.298, 627.126, 0, 0, 0, 0, 9259.85, 386, 1289.15, 22.536, 1289.154, 0, 
구미태양광, 1, 2026-04-25 00:00:00, 0, 0, 0, 0, 0, 0, 9.835, 99.434, 292.807, 466.003, 579.611, 643.321, 674.128, 655.977, 603.692, 501.293, 363.604, 190.48, 51.055, 3.254, 0, 0, 0, 0, 5134.494, 214, 674.12, 3.254, 674.128, 0, 
삼천포태양광#6, 1, 2026-04-25 00:00:00, 0, 0, 0, 0, 0, 0, 0, 0, 0, 0, 0, 0, 0, 0, 0, 0, 0, 0, 0, 0, 0, 0, 0, 0, 0, 0, 0, 0, 0, 0, 
영흥태양광#5, 1, 2026-04-25 00:00:00, 0, 0, 0, 0, 0, 0, 101.242, 537.547, 1193.211, 1766.916, 2186.347, 2439.453, 2490.074, 2480.432, 2292.411, 1868.158, 1272.758, 588.168, 118.116, 0, 0, 0, 0, 0, 19334.833, 806, 2490.07, 101.242, 2490.074, 0, 
영흥태양광 #3, 1, 2026-04-25 00:00:00, 0, 0, 0, 0, 0, 0, 45.6, 520.32, 1198.32, 1794.96, 2233.44, 2530.08, 2593.2, 2584.32, 2393.28, 1957.44, 1320.24, 473.76, 65.28, 0, 0, 0, 0, 0, 19710.24, 821, 2593.2, 45.6, 2593.2, 0, 
영흥태양광 #3, 2, 2026-04-25 00:00:00, 0, 0, 0, 0, 0, 0, 10.848, 110.688, 269.088, 414.816, 516.96, 576.48, 585.504, 589.632, 543.456, 445.152, 307.968, 146.304, 23.136, 0, 0, 0, 0, 0, 4540.032, 189, 589.63, 10.848, 589.632, 0, 
영흥태양광 #3, 3, 2026-04-25 00:00:00, 0, 0, 0, 0, 0, 0, 23.64, 148.8, 388.92, 586.2, 726.36, 807.48, 823.92, 820.44, 756.12, 623.52, 434.52, 205.8, 42, 0.36, 0, 0, 0, 0, 6388.08, 266, 823.92, 0.36, 823.92, 0, 
영흥태양광, 1, 2026-04-25 00:00:00, 0, 0, 0, 0, 0, 0, 10.138, 96.307, 276.979, 446.093, 580.032, 667.277, 689.933, 675.494, 624.806, 518.4, 363.917, 170.957, 30.029, 0, 0, 0, 0, 0, 5150.362, 215, 689.93, 10.138, 689.933, 0, 
예천태양광, 1, 2026-04-25 00:00:00, 0, 0, 0, 0, 0, 0, 56.52, 343.8, 727.38, 1033.2, 1234.62, 1334.7, 1362.06, 1316.7, 1183.68, 954.36, 639.36, 258.84, 40.86, 0, 0, 0, 0, 0, 10486.08, 437, 1362.06, 40.86, 1362.06, 0, 
여수태양광, 1, 2026-04-25 00:00:00, 0, 0, 0, 0, 0, 0, 0, 0, 0, 0, 0, 0, 0, 0, 0, 0, 0, 0, 0, 0, 0, 0, 0, 905.39, 905.39, 38, 905.39, 905.39, 905.39, 0, 
영흥태양광, 2, 2026-04-25 00:00:00, 0, 0, 0, 0, 0, 0, 13.499, 108.956, 269.979, 426.181, 536.101, 592.025, 604.56, 598.775, 556.349, 447.394, 303.726, 137.882, 22.177, 0, 0, 0, 0, 0, 4617.604, 192, 604.56, 13.499, 604.56, 0, 
탑선태양광, 1, 2026-04-25 00:00:00, 0, 0, 0, 0, 0, 0, 0, 0, 0, 0, 0, 0, 0, 0, 0, 0, 0, 0, 0, 0, 0, 0, 0, 946, 946, 39, 946, 946, 946, 0, 
탑선태양광, 3, 2026-04-25 00:00:00, 0, 0, 0, 0, 0, 0, 0, 0, 0, 0, 0, 0, 0, 0, 0, 0, 0, 0, 0, 0, 0, 0, 0, 285, 285, 12, 285, 285, 285, 0, 
경상대태양광, 1, 2026-04-25 00:00:00, 0, 0, 0, 0, 0, 0, 14.544, 107.64, 272.448, 419.832, 522.144, 575.28, 592.776, 576.864, 533.16, 444.816, 325.296, 174.456, 43.632, 0.576, 0, 0, 0, 0, 4603.464, 192, 592.77, 0.576, 592.776, 0, 
고흥만 수상태양광, 1, 2026-04-25 00:00:00, 0, 0, 0, 0, 0, 12.684, 2709.84, 13311.144, 27467.412, 39257.484, 46808.748, 51330.132, 49932.876, 50387.316, 44196.768, 35696.22, 24981.432, 13198.92, 2649.444, 11.424, 0, 0, 0, 0, 401951.844, 16748, 51330.13, 11.42, 51330.132, 0, 
영동태양광, 1, 2026-04-24 00:00:00, 0, 0, 0, 0, 0, 0, 13.152, 19.968, 20.736, 20.448, 20.256, 20.64, 836.448, 874.272, 828.192, 718.656, 655.296, 693.984, 690.24, 686.784, 289.152, 0, 0, 0, 6388.224, 266, 874.27, 13.152, 874.272, 0, 
삼천포태양광#5, 1, 2026-04-24 00:00:00, 0, 0, 0, 0, 0, 0, 83.04, 420.248, 1419.026, 2142.708, 210.624, 218.319, 215.408, 1503.268, 2415.159, 1870.276, 1184.506, 2518.612, 2533.758, 2486.991, 1007.192, 0, 0, 0, 20229.135, 843, 2533.75, 83.04, 2533.758, 0, 
삼천포태양광#5, 2, 2026-04-24 00:00:00, 0, 0, 0, 0, 0, 0, 184.417, 896.766, 2884.364, 4245.604, 1215.35, 1559.383, 1499.878, 3940.875, 4797.19, 3693.111, 2346.668, 4262.559, 3978.17, 3802.8, 1158.047, 0, 0, 0, 40465.182, 1686, 4797.19, 184.417, 4797.19, 0, 
광양항세방태양광, 1, 2026-04-24 00:00:00, 0, 0, 0, 0, 0, 0, 96, 408, 940.8, 1531.2, 1915.2, 2116.8, 2239.2, 2174.4, 1944, 1620, 888, 369.6, 120, 0, 0, 0, 0, 0, 16363.2, 682, 2239.2, 96, 2239.2, 0, 
두산엔진MG태양광, 1, 2026-04-24 00:00:00, 0, 0, 0, 0, 0, 0.06, 2.04, 5.82, 12.42, 27.78, 41.76, 50.16, 28.8, 34.62, 34.92, 46.74, 43.68, 25.38, 5.82, 0, 0, 0, 0, 0, 360, 15, 50.16, 0.06, 50.16, 0, 
삼천포태양광, 1, 2026-04-24 00:00:00, 0, 0, 0, 0, 0, 0, 0.408, 4.524, 16.908, 27.624, 35.424, 40.476, 40.8, 40.944, 36.9, 29.088, 19.272, 7.68, 0.156, 0, 0, 0, 0, 0, 300.204, 13, 40.94, 0.156, 40.944, 0, 
삼천포태양광, 2, 2026-04-24 00:00:00, 0, 0, 0, 0, 0, 0, 29.952, 129.696, 404.832, 591.648, 691.488, 751.584, 734.784, 720.384, 644.832, 492.384, 309.024, 150.144, 24.288, 0, 0, 0, 0, 0, 5675.04, 236, 751.58, 24.288, 751.584, 0, 
삼천포태양광, 3, 2026-04-24 00:00:00, 0, 0, 0, 0, 0, 0, 8.532, 42.588, 135.432, 199.692, 232.704, 252.396, 245.772, 242.28, 214.056, 167.256, 105.156, 49.608, 5.688, 0, 0, 0, 0, 0, 1901.16, 79, 252.39, 5.688, 252.396, 0, 
삼천포태양광, 4, 2026-04-24 00:00:00, 0, 0, 0, 0, 0, 0, 28.168, 81.978, 93.842, 106.232, 99.69, 296.651, 1267.777, 1133.001, 1147.557, 901.533, 1121.698, 1185.669, 1192.439, 653.538, 0, 0, 0, 0, 9309.773, 388, 1267.77, 28.168, 1267.777, 0, 
구미태양광, 1, 2026-04-24 00:00:00, 0, 0, 0, 0, 0, 0, 11.064, 101.459, 297.29, 476.416, 591.615, 657.061, 677.599, 654.819, 425.506, 511.562, 350.949, 198.796, 47.15, 0.795, 0, 0, 0, 0, 5002.081, 208, 677.59, 0.795, 677.599, 0, 
삼천포태양광#6, 1, 2026-04-24 00:00:00, 0, 0, 0, 0, 0, 0, 0, 0, 0, 0, 0, 0, 0, 0, 0, 0, 0, 0, 0, 0, 0, 0, 0, 0, 0, 0, 0, 0, 0, 0, 
영흥태양광#5, 1, 2026-04-24 00:00:00, 0, 0, 0, 0, 0, 0, 98.832, 561.653, 1241.421, 1846.463, 2263.484, 2485.253, 2543.105, 2487.663, 2268.305, 1880.211, 1292.042, 592.989, 110.884, 2.411, 0, 0, 0, 0, 19674.716, 820, 2543.1, 2.411, 2543.105, 0, 
영흥태양광 #3, 1, 2026-04-24 00:00:00, 0, 0, 0, 0, 0, 0, 38.64, 543.84, 1261.44, 1883.76, 2315.52, 2572.56, 2660.16, 2599.44, 2370.96, 1980, 1358.88, 481.44, 53.04, 0, 0, 0, 0, 0, 20119.68, 838, 2660.16, 38.64, 2660.16, 0, 
영흥태양광 #3, 2, 2026-04-24 00:00:00, 0, 0, 0, 0, 0, 0, 10.944, 115.872, 281.28, 434.208, 537.216, 587.52, 602.112, 587.424, 540.384, 452.544, 317.376, 151.296, 23.904, 0, 0, 0, 0, 0, 4642.08, 193, 602.11, 10.944, 602.112, 0, 
영흥태양광 #3, 3, 2026-04-24 00:00:00, 0, 0, 0, 0, 0, 0, 21.36, 156.48, 410.52, 613.8, 747.12, 813.48, 836.76, 813.12, 752.88, 632.76, 445.68, 211.56, 40.2, 0.12, 0, 0, 0, 0, 6495.84, 271, 836.76, 0.12, 836.76, 0, 
영흥태양광, 1, 2026-04-24 00:00:00, 0, 0, 0, 0, 0, 0, 8.256, 96.077, 283.776, 467.174, 597.427, 670.426, 700.416, 678.989, 621.811, 516.557, 366.72, 170.573, 27.648, 0, 0, 0, 0, 0, 5205.85, 217, 700.41, 8.256, 700.416, 0, 
예천태양광, 1, 2026-04-24 00:00:00, 0, 0, 0, 0, 0, 0, 61.38, 357.3, 758.16, 1064.34, 1268.82, 1390.14, 1411.92, 1314.9, 1212.84, 978.84, 654.48, 244.62, 40.86, 0, 0, 0, 0, 0, 10758.6, 448, 1411.92, 40.86, 1411.92, 0, 
여수태양광, 1, 2026-04-24 00:00:00, 0, 0, 0, 0, 0, 0, 0, 0, 0, 0, 0, 0, 0, 0, 0, 0, 0, 0, 0, 0, 0, 0, 0, 927.6, 927.6, 39, 927.6, 927.6, 927.6, 0, 
영흥태양광, 2, 2026-04-24 00:00:00, 0, 0, 0, 0, 0, 0, 11.571, 109.92, 281.549, 447.394, 554.421, 602.632, 615.166, 602.632, 551.528, 449.322, 309.512, 142.703, 22.177, 0, 0, 0, 0, 0, 4700.527, 196, 615.16, 11.571, 615.166, 0, 
탑선태양광, 1, 2026-04-24 00:00:00, 0, 0, 0, 0, 0, 0, 0, 0, 0, 0, 0, 0, 0, 0, 0, 0, 0, 0, 0, 0, 0, 0, 0, 946, 946, 39, 946, 946, 946, 0, 
탑선태양광, 3, 2026-04-24 00:00:00, 0, 0, 0, 0, 0, 0, 0, 0, 0, 0, 0, 0, 0, 0, 0, 0, 0, 0, 0, 0, 0, 0, 0, 285, 285, 12, 285, 285, 285, 0, 
경상대태양광, 1, 2026-04-24 00:00:00, 0, 0, 0, 0, 0, 0, 17.208, 109.872, 281.088, 433.008, 400.536, 0, 0, 301.536, 523.368, 462.744, 306.36, 185.328, 50.76, 0, 0, 0, 0, 0, 3071.808, 128, 523.36, 17.208, 523.368, 0, 
고흥만 수상태양광, 1, 2026-04-24 00:00:00, 0, 0, 0, 0, 0, 0, 2505.048, 12622.428, 26486.88, 38371.2, 46877.88, 51722.832, 52882.284, 50381.688, 46610.172, 38345.664, 27035.82, 12616.38, 2676.408, 6.132, 0, 0, 0, 0, 409140.816, 17048, 52882.28, 6.13, 52882.284, 0, 
영동태양광, 1, 2026-04-23 00:00:00, 0, 0, 0, 0, 0, 0, 11.328, 20.352, 20.928, 21.984, 22.464, 25.536, 598.272, 766.08, 621.6, 603.36, 643.2, 692.832, 688.416, 684.672, 253.632, 0, 0, 0, 5674.656, 236, 766.08, 11.328, 766.08, 0, 
삼천포태양광#5, 1, 2026-04-23 00:00:00, 0, 0, 0, 0, 0, 0, 50.922, 239.642, 351.961, 793.472, 201.205, 189.847, 211.534, 257.748, 208.117, 270.479, 1274.377, 2510.732, 2519.378, 1244.688, 0, 0, 0, 0, 10324.102, 430, 2519.37, 50.92, 2519.378, 0, 
삼천포태양광#5, 2, 2026-04-23 00:00:00, 0, 0, 0, 0, 0, 0, 116.392, 516.619, 741.991, 1608.412, 300.967, 284.66, 317.358, 616, 386.726, 589.27, 2553.669, 4255.236, 3980.419, 3946.795, 1212.288, 0, 0, 0, 21426.802, 893, 4255.23, 116.39, 4255.236, 0, 
광양항세방태양광, 1, 2026-04-23 00:00:00, 0, 0, 0, 0, 0, 0, 69.6, 242.4, 362.4, 787.2, 948, 1668, 1152, 1401.6, 1814.4, 1524, 1099.2, 482.4, 79.2, 0, 0, 0, 0, 0, 11630.4, 485, 1814.4, 69.6, 1814.4, 0, 
두산엔진MG태양광, 1, 2026-04-23 00:00:00, 0, 0, 0, 0, 0, 0, 1.62, 4.86, 10.62, 19.14, 20.94, 20.94, 26.94, 25.08, 28.5, 35.1, 39.24, 29.64, 5.04, 0.06, 0, 0, 0, 0, 267.72, 11, 39.24, 0.06, 39.24, 0, 
삼천포태양광, 1, 2026-04-23 00:00:00, 0, 0, 0, 0, 0, 0, 0.336, 2.532, 4.272, 11.772, 14.964, 15.312, 21.06, 28.74, 21.516, 18.876, 19.476, 7.476, 0.48, 0, 0, 0, 0, 0, 166.812, 7, 28.74, 0.336, 28.74, 0, 
삼천포태양광, 2, 2026-04-23 00:00:00, 0, 0, 0, 0, 0, 0, 19.968, 73.44, 106.368, 227.616, 310.656, 288.96, 400.608, 475.2, 359.232, 339.072, 332.064, 140.256, 28.128, 0, 0, 0, 0, 0, 3101.568, 129, 475.2, 19.968, 475.2, 0, 
삼천포태양광, 3, 2026-04-23 00:00:00, 0, 0, 0, 0, 0, 0, 5.256, 21.42, 32.148, 74.988, 100.548, 95.22, 129.78, 154.836, 119.052, 114.048, 116.28, 46.728, 6.48, 0, 0, 0, 0, 0, 1016.784, 42, 154.83, 5.256, 154.836, 0, 
삼천포태양광, 4, 2026-04-23 00:00:00, 0, 0, 0, 0, 0, 0, 18.831, 80.883, 94.928, 100.867, 100.163, 94.173, 96.685, 100.989, 88.134, 448.971, 1107.457, 1185.305, 1192.251, 113.453, 0, 0, 0, 0, 4823.09, 201, 1192.25, 18.831, 1192.251, 0, 
구미태양광, 1, 2026-04-23 00:00:00, 0, 0, 0, 0, 0, 0, 3.76, 60.745, 230.181, 440.475, 487.625, 549.528, 615.19, 591.688, 528.05, 466.871, 270.895, 134.218, 41.148, 0.795, 0, 0, 0, 0, 4421.169, 184, 615.19, 0.795, 615.19, 0, 
삼천포태양광#6, 1, 2026-04-23 00:00:00, 0, 0, 0, 0, 0, 0, 0, 0, 0, 0, 0, 0, 0, 0, 0, 0, 0, 0, 0, 0, 0, 0, 0, 0, 0, 0, 0, 0, 0, 0, 
영흥태양광#5, 1, 2026-04-23 00:00:00, 0, 0, 0, 0, 0, 0, 91.6, 438.716, 1048.579, 1465.6, 1812.716, 2290, 2384.011, 2314.105, 2246.611, 1771.737, 1104.021, 438.716, 94.011, 0, 0, 0, 0, 0, 17500.423, 729, 2384.01, 91.6, 2384.011, 0, 
영흥태양광 #3, 1, 2026-04-23 00:00:00, 0, 0, 0, 0, 0, 0, 21.6, 407.28, 1056.96, 1518.24, 1904.88, 2406.72, 2529.36, 2435.04, 2332.56, 1892.64, 1178.4, 413.04, 61.92, 0, 0, 0, 0, 0, 18158.64, 757, 2529.36, 21.6, 2529.36, 0, 
영흥태양광 #3, 2, 2026-04-23 00:00:00, 0, 0, 0, 0, 0, 0, 6.912, 90.048, 237.6, 340.224, 428.448, 535.776, 552.384, 547.104, 528.864, 427.968, 270.336, 104.928, 15.936, 0, 0, 0, 0, 0, 4086.528, 170, 552.38, 6.912, 552.384, 0, 
영흥태양광 #3, 3, 2026-04-23 00:00:00, 0, 0, 0, 0, 0, 0, 25.92, 134.04, 335.76, 492, 618.6, 773.16, 785.04, 784.2, 755.88, 613.32, 382.92, 143.88, 32.4, 0.24, 0, 0, 0, 0, 5877.36, 245, 785.04, 0.24, 785.04, 0, 
영흥태양광, 1, 2026-04-23 00:00:00, 0, 0, 0, 0, 0, 0, 14.592, 92.582, 247.181, 390.758, 529.229, 629.53, 650.189, 643.2, 620.16, 506.381, 319.296, 108.557, 24.384, 0.077, 0, 0, 0, 0, 4776.116, 199, 650.18, 0.077, 650.189, 0, 
예천태양광, 1, 2026-04-23 00:00:00, 0, 0, 0, 0, 0, 0, 34.56, 298.98, 23.4, 0, 1084.32, 1133.28, 1099.08, 1142.46, 1175.22, 690.66, 461.34, 179.82, 34.38, 0, 0, 0, 0, 0, 7357.5, 307, 1175.22, 23.4, 1175.22, 0, 
여수태양광, 1, 2026-04-23 00:00:00, 0, 0, 0, 0, 0, 0, 0, 0, 0, 0, 0, 0, 0, 0, 0, 0, 0, 0, 0, 0, 0, 0, 0, 573, 573, 24, 573, 573, 573, 0, 
영흥태양광, 2, 2026-04-23 00:00:00, 0, 0, 0, 0, 0, 0, 15.427, 99.314, 249.731, 362.543, 455.107, 564.063, 589.133, 570.813, 549.6, 433.895, 275.764, 104.135, 18.32, 0, 0, 0, 0, 0, 4287.845, 179, 589.13, 15.427, 589.133, 0, 
탑선태양광, 1, 2026-04-23 00:00:00, 0, 0, 0, 0, 0, 0, 0, 0, 0, 0, 0, 0, 0, 0, 0, 0, 0, 0, 0, 0, 0, 0, 0, 946, 946, 39, 946, 946, 946, 0, 
탑선태양광, 3, 2026-04-23 00:00:00, 0, 0, 0, 0, 0, 0, 0, 0, 0, 0, 0, 0, 0, 0, 0, 0, 0, 0, 0, 0, 0, 0, 0, 285, 285, 12, 285, 285, 285, 0, 
경상대태양광, 1, 2026-04-23 00:00:00, 0, 0, 0, 0, 0, 0, 13.104, 51.912, 106.128, 170.712, 295.416, 318.528, 380.592, 433.512, 406.584, 479.304, 292.032, 175.68, 31.968, 0, 0, 0, 0, 0, 3155.472, 131, 479.3, 13.104, 479.304, 0, 
고흥만 수상태양광, 1, 2026-04-23 00:00:00, 0, 0, 0, 0, 0, 0, 328.02, 4071.564, 12084.072, 17707.452, 24853.5, 34085.352, 46186.812, 23382.072, 25707.276, 32957.568, 24426.192, 10473.624, 1345.26, 0, 0, 0, 0, 0, 257608.764, 10734, 46186.81, 328.02, 46186.812, 0, 
영동태양광, 1, 2026-04-22 00:00:00, 0, 0, 0, 0, 0, 0, 5.472, 19.968, 20.256, 20.544, 20.352, 18.624, 18.24, 18.048, 19.68, 598.08, 639.648, 688.032, 685.44, 682.272, 211.968, 0, 0, 0, 3666.624, 153, 688.03, 5.472, 688.032, 0, 
삼천포태양광#5, 1, 2026-04-22 00:00:00, 0, 0, 0, 0, 0, 0, 3.797, 99.692, 342.872, 431.729, 191.863, 195.772, 225.832, 508.262, 288.467, 206.43, 234.884, 1083.904, 0.016, 0, 0, 0, 0, 0, 3813.52, 159, 1083.9, 0.016, 1083.904, 0, 
삼천포태양광#5, 2, 2026-04-22 00:00:00, 0, 0, 0, 0, 0, 0, 17.392, 230.707, 730.07, 880.358, 284.897, 284.022, 279.284, 1039.838, 619.257, 449.007, 548.79, 2842.179, 0.028, 0, 0, 0, 0, 0, 8205.829, 342, 2842.17, 0.028, 2842.179, 0, 
광양항세방태양광, 1, 2026-04-22 00:00:00, 0, 0, 0, 0, 0, 0, 16.8, 112.8, 271.2, 333.6, 242.4, 458.4, 612, 556.8, 364.8, 266.4, 158.4, 45.6, 7.2, 0, 0, 0, 0, 0, 3446.4, 144, 612, 7.2, 612, 0, 
두산엔진MG태양광, 1, 2026-04-22 00:00:00, 0, 0, 0, 0, 0, 0, 0.84, 4.68, 7.86, 13.74, 14.76, 14.58, 23.04, 13.92, 8.46, 10.5, 6.78, 3.84, 1.32, 0, 0, 0, 0, 0, 124.32, 5, 23.04, 0.84, 23.04, 0, 
삼천포태양광, 1, 2026-04-22 00:00:00, 0, 0, 0, 0, 0, 0, 0, 0.54, 4.488, 5.4, 3.264, 5.4, 12.576, 8.268, 2.964, 2.328, 1.392, 0.336, 0, 0, 0, 0, 0, 0, 46.956, 2, 12.57, 0.336, 12.576, 0, 
삼천포태양광, 2, 2026-04-22 00:00:00, 0, 0, 0, 0, 0, 0, 5.376, 35.232, 104.064, 126.912, 92.16, 117.408, 234.048, 198.72, 88.8, 70.752, 59.136, 35.712, 1.824, 0, 0, 0, 0, 0, 1170.144, 49, 234.04, 1.824, 234.048, 0, 
삼천포태양광, 3, 2026-04-22 00:00:00, 0, 0, 0, 0, 0, 0, 0.612, 9.108, 31.428, 38.304, 27.036, 36.216, 76.392, 60.48, 26.136, 20.304, 16.236, 8.82, 0.036, 0, 0, 0, 0, 0, 351.108, 15, 76.39, 0.036, 76.392, 0, 
삼천포태양광, 4, 2026-04-22 00:00:00, 0, 0, 0, 0, 0, 0, 0.986, 33.656, 89.562, 105.106, 94.664, 94.092, 93.132, 245.077, 147.485, 103.252, 463.614, 53.165, 0.008, 0, 0, 0, 0, 0, 1523.799, 63, 463.61, 0.008, 463.614, 0, 
구미태양광, 1, 2026-04-22 00:00:00, 0, 0, 0, 0, 0, 0, 4.484, 26.901, 37.604, 100.302, 184.261, 205.521, 299.315, 254.479, 288.829, 310.09, 204.075, 177.101, 51.344, 1.446, 0, 0, 0, 0, 2145.752, 89, 310.09, 1.446, 310.09, 0, 
삼천포태양광#6, 1, 2026-04-22 00:00:00, 0, 0, 0, 0, 0, 0, 0, 0, 0, 0, 0, 0, 0, 0, 0, 0, 0, 0, 0, 0, 0, 0, 0, 0, 0, 0, 0, 0, 0, 0, 
영흥태양광#5, 1, 2026-04-22 00:00:00, 0, 0, 0, 0, 0, 0, 65.084, 219.358, 400.147, 518.263, 836.453, 1419.8, 1791.021, 2193.579, 2258.663, 1615.053, 1145, 525.495, 159.095, 2.411, 0, 0, 0, 0, 13149.422, 548, 2258.66, 2.411, 2258.663, 0, 
영흥태양광 #3, 1, 2026-04-22 00:00:00, 0, 0, 0, 0, 0, 0, 9.12, 205.68, 394.8, 522, 873.12, 1496.88, 1948.56, 2299.68, 2366.88, 1719.6, 1190.88, 459.6, 130.56, 0, 0, 0, 0, 0, 13617.36, 567, 2366.88, 9.12, 2366.88, 0, 
영흥태양광 #3, 2, 2026-04-22 00:00:00, 0, 0, 0, 0, 0, 0, 5.184, 39.936, 84.48, 112.896, 189.216, 331.68, 445.344, 517.824, 541.152, 399.264, 284.256, 127.68, 29.664, 0, 0, 0, 0, 0, 3108.576, 130, 541.15, 5.184, 541.152, 0, 
영흥태양광 #3, 3, 2026-04-22 00:00:00, 0, 0, 0, 0, 0, 0, 18.6, 71.88, 130.92, 170.4, 283.2, 477.6, 633.36, 724.08, 743.64, 549.84, 394.92, 183.12, 56.16, 0.72, 0, 0, 0, 0, 4438.44, 185, 743.64, 0.72, 743.64, 0, 
영흥태양광, 1, 2026-04-22 00:00:00, 0, 0, 0, 0, 0, 0, 9.446, 57.024, 104.179, 139.046, 228.941, 394.061, 537.677, 587.75, 616.973, 448.051, 332.851, 152.64, 43.469, 0.154, 0, 0, 0, 0, 3652.262, 152, 616.97, 0.154, 616.973, 0, 
예천태양광, 1, 2026-04-22 00:00:00, 0, 0, 0, 0, 0, 0, 27.9, 80.28, 173.7, 310.5, 333.36, 378.9, 660.24, 770.22, 1143.18, 946.26, 640.62, 257.4, 36.72, 0, 0, 0, 0, 0, 5759.28, 240, 1143.18, 27.9, 1143.18, 0, 
여수태양광, 1, 2026-04-22 00:00:00, 0, 0, 0, 0, 0, 0, 0, 0, 0, 0, 0, 0, 0, 0, 0, 0, 0, 0, 0, 0, 0, 0, 0, 692, 692, 29, 692, 692, 692, 0, 
영흥태양광, 2, 2026-04-22 00:00:00, 0, 0, 0, 0, 0, 0, 9.642, 53.996, 101.242, 132.097, 213.091, 360.615, 468.606, 531.28, 557.314, 403.04, 284.442, 129.204, 41.461, 0, 0, 0, 0, 0, 3286.03, 137, 557.31, 9.642, 557.314, 0, 
탑선태양광, 1, 2026-04-22 00:00:00, 0, 0, 0, 0, 0, 0, 0, 0, 0, 0, 0, 0, 0, 0, 0, 0, 0, 0, 0, 0, 0, 0, 0, 946, 946, 39, 946, 946, 946, 0, 
탑선태양광, 3, 2026-04-22 00:00:00, 0, 0, 0, 0, 0, 0, 0, 0, 0, 0, 0, 0, 0, 0, 0, 0, 0, 0, 0, 0, 0, 0, 0, 285, 285, 12, 285, 285, 285, 0, 
경상대태양광, 1, 2026-04-22 00:00:00, 0, 0, 0, 0, 0, 0, 0.792, 27, 70.56, 108.072, 109.584, 143.928, 168.624, 140.112, 126.72, 83.664, 65.16, 36.072, 6.12, 0, 0, 0, 0, 0, 1086.408, 45, 168.62, 0.792, 168.624, 0, 
고흥만 수상태양광, 1, 2026-04-22 00:00:00, 0, 0, 0, 0, 0, 0, 223.86, 2635.332, 3903.732, 3752.028, 4897.2, 13377.084, 11204.928, 14232.792, 9657.648, 6339.564, 3767.568, 2352.336, 559.776, 0, 0, 0, 0, 0, 76903.848, 3204, 14232.79, 223.86, 14232.792, 0, 
영동태양광, 1, 2026-04-21 00:00:00, 0, 0, 0, 0, 0, 0, 10.464, 20.16, 20.832, 21.312, 22.56, 19.008, 520.032, 721.92, 524.16, 370.848, 504.864, 687.168, 684.192, 611.04, 0, 0, 0, 0, 4738.56, 197, 721.92, 10.464, 721.92, 0, 
삼천포태양광#5, 1, 2026-04-21 00:00:00, 0, 0, 0, 0, 0, 0, 131.337, 615.551, 1487.128, 2463.055, 393.035, 280.578, 293.012, 1399.974, 2400.712, 1992.487, 1309.354, 2497.788, 2523.685, 2491.263, 1020.7, 0, 0, 0, 21299.659, 887, 2523.68, 131.33, 2523.685, 0, 
삼천포태양광#5, 2, 2026-04-21 00:00:00, 0, 0, 0, 0, 0, 0, 237.708, 1093.009, 2602.884, 4184.529, 1087.052, 1418.343, 1590.235, 3847.29, 4781.476, 3946.291, 2578.235, 4263.481, 3994.723, 3809.729, 1101.478, 0, 0, 0, 40536.463, 1689, 4781.47, 237.7, 4781.476, 0, 
광양항세방태양광, 1, 2026-04-21 00:00:00, 0, 0, 0, 0, 0, 0, 112.8, 432, 895.2, 1452, 1792.8, 2025.6, 2121.6, 2080.8, 1984.8, 1692, 1176, 554.4, 115.2, 0, 0, 0, 0, 0, 16435.2, 685, 2121.6, 112.8, 2121.6, 0, 
두산엔진MG태양광, 1, 2026-04-21 00:00:00, 0, 0, 0, 0, 0, 0, 3.06, 7.5, 12.6, 27.24, 40.8, 50.4, 48.36, 39.54, 33.48, 48.78, 47.52, 30.18, 6.48, 0, 0, 0, 0, 0, 395.94, 16, 50.4, 3.06, 50.4, 0, 
삼천포태양광, 1, 2026-04-21 00:00:00, 0, 0, 0, 0, 0, 0, 0.78, 5.94, 16.02, 11.028, 0, 0, 0, 0, 0, 7.8, 20.736, 7.452, 0.456, 0, 0, 0, 0, 0, 70.212, 3, 20.73, 0.456, 20.736, 0, 
삼천포태양광, 2, 2026-04-21 00:00:00, 0, 0, 0, 0, 0, 0, 36.576, 154.944, 364.032, 417.888, 0, 0, 0, 0, 251.232, 520.896, 326.592, 140.256, 29.28, 0, 0, 0, 0, 0, 2241.696, 93, 520.89, 29.28, 520.896, 0, 
삼천포태양광, 3, 2026-04-21 00:00:00, 0, 0, 0, 0, 0, 0, 10.908, 49.32, 119.88, 147.852, 0, 0, 0, 0, 44.712, 180.756, 118.728, 50.472, 8.136, 0, 0, 0, 0, 0, 730.764, 30, 180.75, 8.136, 180.756, 0, 
삼천포태양광, 4, 2026-04-21 00:00:00, 0, 0, 0, 0, 0, 0, 30.459, 90.776, 91.619, 106.127, 99.337, 97.166, 671.193, 991.529, 986.028, 823.726, 1141.883, 1183.9, 1194.584, 562.256, 0, 0, 0, 0, 8070.583, 336, 1194.58, 30.459, 1194.584, 0, 
구미태양광, 1, 2026-04-21 00:00:00, 0, 0, 0, 0, 0, 0, 12.438, 97.265, 284.635, 463.978, 535.065, 667.258, 690.76, 676.442, 606.151, 508.308, 353.624, 182.814, 30.59, 0.506, 0, 0, 0, 0, 5109.834, 213, 690.76, 0.506, 690.76, 0, 
삼천포태양광#6, 1, 2026-04-21 00:00:00, 0, 0, 0, 0, 0, 0, 0, 0, 0, 0, 0, 0, 0, 0, 0, 0, 0, 0, 0, 0, 0, 0, 0, 0, 0, 0, 0, 0, 0, 0, 
영흥태양광#5, 1, 2026-04-21 00:00:00, 0, 0, 0, 0, 0, 0, 98.832, 518.263, 1181.158, 1624.695, 1716.295, 1547.558, 1504.168, 1470.421, 1282.4, 882.253, 576.116, 269.979, 72.316, 0, 0, 0, 0, 0, 12744.454, 531, 1716.29, 72.316, 1716.295, 0, 
영흥태양광 #3, 1, 2026-04-21 00:00:00, 0, 0, 0, 0, 0, 0, 38.4, 510.48, 1196.4, 1676.4, 1801.92, 1698.48, 1621.44, 1551.84, 1343.76, 925.68, 602.88, 264, 43.44, 0, 0, 0, 0, 0, 13275.12, 553, 1801.92, 38.4, 1801.92, 0, 
영흥태양광 #3, 2, 2026-04-21 00:00:00, 0, 0, 0, 0, 0, 0, 12.288, 106.944, 268.416, 382.272, 413.664, 384.192, 361.248, 349.152, 302.784, 205.92, 130.272, 54.912, 8.064, 0, 0, 0, 0, 0, 2980.128, 124, 413.66, 8.064, 413.664, 0, 
영흥태양광 #3, 3, 2026-04-21 00:00:00, 0, 0, 0, 0, 0, 0, 24.36, 148.8, 382.56, 547.56, 577.8, 556.92, 520.44, 496.8, 427.44, 296.04, 195.12, 91.32, 22.8, 0, 0, 0, 0, 0, 4287.96, 179, 577.8, 22.8, 577.8, 0, 
영흥태양광, 1, 2026-04-21 00:00:00, 0, 0, 0, 0, 0, 0, 11.482, 97.536, 273.062, 438.182, 464.563, 502.963, 448.397, 430.694, 361.92, 253.133, 167.578, 75.994, 16.512, 0, 0, 0, 0, 0, 3542.016, 148, 502.96, 11.482, 502.963, 0, 
예천태양광, 1, 2026-04-21 00:00:00, 0, 0, 0, 0, 0, 0, 57.6, 348.48, 763.56, 1081.08, 1210.86, 1119.96, 1191.06, 1242.9, 1044.18, 888.66, 531.54, 243.72, 41.94, 0, 0, 0, 0, 0, 9765.54, 407, 1242.9, 41.94, 1242.9, 0, 
여수태양광, 1, 2026-04-21 00:00:00, 0, 0, 0, 0, 0, 0, 0, 0, 0, 0, 0, 0, 0, 0, 0, 0, 0, 0, 0, 0, 0, 0, 0, 684.12, 684.12, 29, 684.12, 684.12, 684.12, 0, 
영흥태양광, 2, 2026-04-21 00:00:00, 0, 0, 0, 0, 0, 0, 18.32, 114.741, 279.621, 407.861, 436.787, 422.324, 393.398, 380.863, 327.832, 230.446, 152.345, 71.352, 17.356, 0, 0, 0, 0, 0, 3253.246, 136, 436.78, 17.356, 436.787, 0, 
탑선태양광, 1, 2026-04-21 00:00:00, 0, 0, 0, 0, 0, 0, 0, 0, 0, 0, 0, 0, 0, 0, 0, 0, 0, 0, 0, 0, 0, 0, 0, 946, 946, 39, 946, 946, 946, 0, 
탑선태양광, 3, 2026-04-21 00:00:00, 0, 0, 0, 0, 0, 0, 0, 0, 0, 0, 0, 0, 0, 0, 0, 0, 0, 0, 0, 0, 0, 0, 0, 285, 285, 12, 285, 285, 285, 0, 
경상대태양광, 1, 2026-04-21 00:00:00, 0, 0, 0, 0, 0, 0, 17.064, 99.288, 264.888, 423.792, 515.952, 571.752, 604.008, 602.856, 567.144, 478.8, 348.84, 179.784, 39.024, 0, 0, 0, 0, 0, 4713.192, 196, 604, 17.064, 604.008, 0, 
고흥만 수상태양광, 1, 2026-04-21 00:00:00, 0, 0, 0, 0, 0, 0, 2476.824, 10252.2, 24145.716, 39411.456, 45124.128, 50499.036, 51996.924, 49497.672, 46580.016, 38832.024, 27435.66, 13184.808, 2748.9, 5.544, 0, 0, 0, 0, 402190.908, 16758, 51996.92, 5.54, 51996.924, 0, 
영동태양광, 1, 2026-04-20 00:00:00, 0, 0, 0, 0, 0, 0, 10.464, 20.256, 18.048, 16.416, 17.184, 17.76, 172.416, 307.104, 361.536, 183.456, 452.256, 685.632, 685.344, 479.04, 0, 0, 0, 0, 3426.912, 143, 685.63, 10.464, 685.632, 0, 
삼천포태양광#5, 1, 2026-04-20 00:00:00, 0, 0, 0, 0, 0, 0, 106.997, 587.038, 1339.766, 2067.219, 259.489, 545.601, 263.952, 192.671, 190.637, 188.592, 414.68, 2514.274, 2503.705, 2245.743, 0, 0, 0, 0, 13420.364, 559, 2514.27, 106.99, 2514.274, 0, 
삼천포태양광#5, 2, 2026-04-20 00:00:00, 0, 0, 0, 0, 0, 0, 150.111, 986.175, 2352.629, 3459.14, 679.187, 1323.038, 418.444, 283.673, 285.557, 295.779, 800.106, 4171.011, 3876.117, 3944.58, 738.976, 0, 0, 0, 23764.523, 990, 4171.01, 150.11, 4171.011, 0, 
광양항세방태양광, 1, 2026-04-20 00:00:00, 0, 0, 0, 0, 0, 0, 50.4, 441.6, 763.2, 1303.2, 1692, 1809.6, 645.6, 252, 518.4, 717.6, 494.4, 189.6, 50.4, 0, 0, 0, 0, 0, 8928, 372, 1809.6, 50.4, 1809.6, 0, 
두산엔진MG태양광, 1, 2026-04-20 00:00:00, 0, 0, 0, 0, 0, 0.06, 2.52, 6.78, 11.16, 24.6, 36, 49.38, 28.8, 34.32, 39.3, 16.74, 3.42, 6.42, 1.74, 0, 0, 0, 0, 0, 261.24, 11, 49.38, 0.06, 49.38, 0, 
삼천포태양광, 1, 2026-04-20 00:00:00, 0, 0, 0, 0, 0, 0, 0.264, 4.668, 14.952, 20.964, 31.884, 37.632, 27.672, 9.552, 7.572, 4.704, 4.26, 3.588, 0, 0, 0, 0, 0, 0, 167.712, 7, 37.63, 0.264, 37.632, 0, 
삼천포태양광, 2, 2026-04-20 00:00:00, 0, 0, 0, 0, 0, 0.096, 32.832, 155.52, 348.192, 479.04, 416.256, 646.848, 504.576, 206.976, 151.968, 110.976, 99.552, 88.896, 10.08, 0, 0, 0, 0, 0, 3251.808, 135, 646.84, 0.096, 646.848, 0, 
삼천포태양광, 3, 2026-04-20 00:00:00, 0, 0, 0, 0, 0, 0, 9.216, 52.74, 112.932, 153.756, 117.9, 228.816, 166.644, 62.496, 44.784, 32.148, 30.6, 26.712, 1.872, 0, 0, 0, 0, 0, 1040.616, 43, 228.81, 1.872, 228.816, 0, 
삼천포태양광, 4, 2026-04-20 00:00:00, 0, 0, 0, 0, 0, 0, 26.98, 80.243, 93.374, 108.305, 86.683, 106.257, 96.394, 96.593, 201.518, 135.829, 902.742, 1181.875, 1178.554, 81.789, 0, 0, 0, 0, 4377.136, 182, 1181.87, 26.98, 1181.875, 0, 
구미태양광, 1, 2026-04-20 00:00:00, 0, 0, 0, 0, 0, 0, 8.172, 70.002, 237.919, 423.771, 502.812, 368.015, 76.51, 39.051, 126.263, 73.039, 83.525, 44.547, 31.168, 1.446, 0, 0, 0, 0, 2086.24, 87, 502.81, 1.446, 502.812, 0, 
삼천포태양광#6, 1, 2026-04-20 00:00:00, 0, 0, 0, 0, 0, 0, 0, 0, 0, 0, 0, 0, 0, 0, 0, 0, 0, 0, 0, 0, 0, 0, 0, 0, 0, 0, 0, 0, 0, 0, 
영흥태양광#5, 1, 2026-04-20 00:00:00, 0, 0, 0, 0, 0, 0, 0, 142.221, 207.305, 636.379, 672.537, 778.6, 342.295, 354.347, 231.411, 720.747, 1335.432, 617.095, 125.347, 0, 0, 0, 0, 0, 6163.716, 257, 1335.43, 125.347, 1335.432, 0, 
영흥태양광 #3, 1, 2026-04-20 00:00:00, 0, 0, 0, 0, 0, 0, 0, 103.92, 156.48, 538.56, 704.4, 747.36, 319.92, 361.68, 202.32, 742.56, 1423.2, 502.08, 69.12, 0, 0, 0, 0, 0, 5871.6, 245, 1423.2, 69.12, 1423.2, 0, 
영흥태양광 #3, 2, 2026-04-20 00:00:00, 0, 0, 0, 0, 0, 0, 0, 21.984, 38.784, 149.376, 153.504, 180.384, 74.784, 81.024, 46.176, 167.328, 333.312, 150.432, 22.08, 0, 0, 0, 0, 0, 1419.168, 59, 333.31, 21.984, 333.312, 0, 
영흥태양광 #3, 3, 2026-04-20 00:00:00, 0, 0, 0, 0, 0, 0, 0, 45.72, 68.76, 174.6, 237.72, 236.28, 109.56, 135, 70.8, 250.56, 470.64, 219, 44.28, 0.24, 0, 0, 0, 0, 2063.16, 86, 470.64, 0.24, 470.64, 0, 
영흥태양광, 1, 2026-04-20 00:00:00, 0, 0, 0, 0, 0, 0, 0, 33.37, 49.766, 106.368, 166.541, 177.869, 83.098, 109.363, 52.147, 193.805, 399.398, 182.592, 31.066, 0, 0, 0, 0, 0, 1585.383, 66, 399.39, 31.066, 399.398, 0, 
예천태양광, 1, 2026-04-20 00:00:00, 0, 0, 0, 0, 0, 0, 50.94, 277.74, 701.64, 986.94, 1091.7, 339.84, 267.48, 538.38, 272.7, 190.8, 134.1, 85.32, 20.88, 0, 0, 0, 0, 0, 4958.46, 207, 1091.7, 20.88, 1091.7, 0, 
여수태양광, 1, 2026-04-20 00:00:00, 0, 0, 0, 0, 0, 0, 0, 0, 0, 0, 0, 0, 0, 0, 0, 0, 0, 0, 0, 0, 0, 0, 0, 576.43, 576.43, 24, 576.43, 576.43, 576.43, 0, 
영흥태양광, 2, 2026-04-20 00:00:00, 0, 0, 0, 0, 0, 0, 0, 30.855, 50.139, 137.882, 181.272, 187.057, 86.779, 95.457, 58.817, 168.737, 330.724, 153.309, 30.855, 0, 0, 0, 0, 0, 1511.883, 63, 330.72, 30.85, 330.724, 0, 
탑선태양광, 1, 2026-04-20 00:00:00, 0, 0, 0, 0, 0, 0, 0, 0, 0, 0, 0, 0, 0, 0, 0, 0, 0, 0, 0, 0, 0, 0, 0, 946, 946, 39, 946, 946, 946, 0, 
탑선태양광, 3, 2026-04-20 00:00:00, 0, 0, 0, 0, 0, 0, 0, 0, 0, 0, 0, 0, 0, 0, 0, 0, 0, 0, 0, 0, 0, 0, 0, 285, 285, 12, 285, 285, 285, 0, 
경상대태양광, 1, 2026-04-20 00:00:00, 0, 0, 0, 0, 0, 0, 19.152, 79.776, 245.52, 402.696, 462.528, 565.344, 435.456, 184.752, 173.808, 115.344, 77.616, 56.952, 19.296, 0, 0, 0, 0, 0, 2838.24, 118, 565.34, 19.152, 565.344, 0, 
고흥만 수상태양광, 1, 2026-04-20 00:00:00, 0, 0, 0, 0, 0, 0, 1838.004, 10246.656, 21465.696, 22559.04, 23752.932, 24294.564, 8286.516, 15983.94, 16611.84, 14720.16, 10986.192, 3647.196, 1402.716, 1.428, 0, 0, 0, 0, 175796.88, 7325, 24294.56, 1.42, 24294.564, 0, 
영동태양광, 1, 2026-04-19 00:00:00, 0, 0, 0, 0, 0, 0, 11.424, 20.064, 21.024, 21.312, 22.08, 22.464, 367.2, 811.2, 731.904, 615.264, 504.864, 693.024, 688.992, 685.152, 95.328, 0, 0, 0, 5311.296, 221, 811.2, 11.424, 811.2, 0, 
삼천포태양광#5, 1, 2026-04-19 00:00:00, 0, 0, 0, 0, 0, 0, 70.185, 567.119, 1220.36, 1925.564, 319.809, 0, 0, 0, 1695.112, 1523.594, 660.027, 2508.417, 2503.432, 2475.211, 869.56, 0, 0, 0, 16338.39, 681, 2508.41, 70.185, 2508.417, 0, 
삼천포태양광#5, 2, 2026-04-19 00:00:00, 0, 0, 0, 0, 0, 0, 114.822, 847.945, 1799.274, 2742.506, 313.146, 0, 0, 0, 2438.033, 2269.034, 1065.911, 4150.718, 3865.25, 3802.487, 409.032, 0, 0, 0, 23818.158, 992, 4150.71, 114.82, 4150.718, 0, 
광양항세방태양광, 1, 2026-04-19 00:00:00, 0, 0, 0, 0, 0, 0, 64.8, 264, 542.4, 655.2, 1372.8, 1783.2, 1101.6, 1480.8, 1970.4, 885.6, 561.6, 424.8, 72, 0, 0, 0, 0, 0, 11179.2, 466, 1970.4, 64.8, 1970.4, 0, 
두산엔진MG태양광, 1, 2026-04-19 00:00:00, 0, 0, 0, 0, 0, 0, 2.16, 6.96, 12.84, 28.14, 29.88, 29.46, 32.28, 30.36, 29.7, 37.98, 17.52, 13.56, 2.94, 0, 0, 0, 0, 0, 273.78, 11, 37.98, 2.16, 37.98, 0, 
삼천포태양광, 1, 2026-04-19 00:00:00, 0, 0, 0, 0, 0, 0, 0.636, 5.556, 14.676, 22.692, 30.096, 36.624, 32.748, 28.8, 29.556, 17.412, 6.6, 2.352, 0, 0, 0, 0, 0, 0, 227.748, 9, 36.62, 0.63, 36.624, 0, 
삼천포태양광, 2, 2026-04-19 00:00:00, 0, 0, 0, 0, 0, 0, 24.864, 142.752, 310.368, 458.016, 591.936, 677.568, 592.032, 500.544, 476.448, 339.072, 153.6, 74.496, 10.656, 0, 0, 0, 0, 0, 4352.352, 181, 677.56, 10.656, 677.568, 0, 
삼천포태양광, 3, 2026-04-19 00:00:00, 0, 0, 0, 0, 0, 0, 7.164, 46.8, 103.248, 151.488, 199.224, 223.92, 203.94, 160.164, 159.84, 111.42, 46.908, 21.6, 1.836, 0, 0, 0, 0, 0, 1437.552, 60, 223.92, 1.836, 223.92, 0, 
삼천포태양광, 4, 2026-04-19 00:00:00, 0, 0, 0, 0, 0, 0, 17.041, 91.224, 91.111, 108.562, 100.925, 0, 0, 0, 656.368, 567.365, 1053.846, 1181.314, 1179.726, 168.182, 0, 0, 0, 0, 5215.664, 217, 1181.31, 17.041, 1181.314, 0, 
구미태양광, 1, 2026-04-19 00:00:00, 0, 0, 0, 0, 0, 0, 3.833, 71.665, 204.581, 372.788, 512.647, 559.218, 489.361, 301.557, 279.79, 348.707, 272.992, 121.635, 36.809, 1.446, 0, 0, 0, 0, 3577.029, 149, 559.21, 1.446, 559.218, 0, 
삼천포태양광#6, 1, 2026-04-19 00:00:00, 0, 0, 0, 0, 0, 0, 0, 0, 0, 0, 0, 0, 0, 0, 0, 0, 0, 0, 0, 0, 0, 0, 0, 0, 0, 0, 0, 0, 0, 0, 
영흥태양광#5, 1, 2026-04-19 00:00:00, 0, 0, 0, 0, 0, 0, 67.495, 496.568, 1149.821, 1364.358, 1528.274, 1865.747, 2032.074, 2482.842, 2215.274, 1810.305, 1210.084, 552.011, 103.653, 0, 0, 0, 0, 0, 16878.506, 703, 2482.84, 67.49, 2482.842, 0, 
영흥태양광 #3, 1, 2026-04-19 00:00:00, 0, 0, 0, 0, 0, 0, 13.2, 466.32, 1146.72, 1463.52, 1428, 1911.12, 1980.24, 2577.84, 2296.8, 1882.56, 1235.28, 437.04, 54.24, 0, 0, 0, 0, 0, 16892.88, 704, 2577.84, 13.2, 2577.84, 0, 
영흥태양광 #3, 2, 2026-04-19 00:00:00, 0, 0, 0, 0, 0, 0, 5.664, 102.144, 260.928, 310.944, 326.208, 449.376, 481.248, 598.944, 532.224, 437.76, 298.56, 140.16, 21.792, 0, 0, 0, 0, 0, 3965.952, 165, 598.94, 5.66, 598.944, 0, 
영흥태양광 #3, 3, 2026-04-19 00:00:00, 0, 0, 0, 0, 0, 0, 16.08, 139.56, 377.52, 481.32, 407.52, 614.64, 669.96, 833.28, 738.84, 609.36, 421.56, 198, 36.84, 0, 0, 0, 0, 0, 5544.48, 231, 833.28, 16.08, 833.28, 0, 
영흥태양광, 1, 2026-04-19 00:00:00, 0, 0, 0, 0, 0, 0, 6.259, 93.888, 270.989, 420.058, 338.803, 465.254, 492.442, 694.08, 598.81, 498.048, 350.861, 163.123, 25.997, 0, 0, 0, 0, 0, 4418.612, 184, 694.08, 6.259, 694.08, 0, 
예천태양광, 1, 2026-04-19 00:00:00, 0, 0, 0, 0, 0, 0, 32.04, 136.62, 323.1, 725.22, 1238.58, 1261.44, 837.54, 569.34, 769.86, 392.76, 234.36, 175.5, 61.2, 0, 0, 0, 0, 0, 6757.56, 282, 1261.44, 32.04, 1261.44, 0, 
여수태양광, 1, 2026-04-19 00:00:00, 0, 0, 0, 0, 0, 0, 0, 0, 0, 0, 0, 0, 0, 0, 0, 0, 0, 0, 0, 0, 0, 0, 0, 587.17, 587.17, 24, 587.17, 587.17, 587.17, 0, 
영흥태양광, 2, 2026-04-19 00:00:00, 0, 0, 0, 0, 0, 0, 10.606, 109.92, 269.015, 376.042, 346.152, 454.143, 471.499, 608.417, 545.743, 438.716, 290.227, 134.025, 24.105, 0, 0, 0, 0, 0, 4078.61, 170, 608.41, 10.6, 608.417, 0, 
탑선태양광, 1, 2026-04-19 00:00:00, 0, 0, 0, 0, 0, 0, 0, 0, 0, 0, 0, 0, 0, 0, 0, 0, 0, 0, 0, 0, 0, 0, 0, 946, 946, 39, 946, 946, 946, 0, 
탑선태양광, 3, 2026-04-19 00:00:00, 0, 0, 0, 0, 0, 0, 0, 0, 0, 0, 0, 0, 0, 0, 0, 0, 0, 0, 0, 0, 0, 0, 0, 285, 285, 12, 285, 285, 285, 0, 
경상대태양광, 1, 2026-04-19 00:00:00, 0, 0, 0, 0, 0, 0, 11.808, 77.688, 242.28, 354.456, 412.416, 465.84, 536.472, 307.44, 473.832, 263.304, 137.016, 87.264, 23.112, 0, 0, 0, 0, 0, 3392.928, 141, 536.47, 11.808, 536.472, 0, 
고흥만 수상태양광, 1, 2026-04-19 00:00:00, 0, 0, 0, 0, 0, 0, 313.656, 860.748, 7644.504, 12085.668, 16450.224, 18824.064, 22853.208, 27599.796, 21358.68, 14734.608, 9531.984, 6363.504, 1465.212, 0, 0, 0, 0, 0, 160085.856, 6670, 27599.79, 313.65, 27599.796, 0, 
영동태양광, 1, 2026-04-18 00:00:00, 0, 0, 0, 0, 0, 0, 9.984, 19.968, 20.64, 19.296, 19.2, 19.104, 618.624, 839.904, 795.84, 688.992, 639.264, 692.544, 688.128, 683.904, 203.424, 0, 0, 0, 5958.816, 248, 839.9, 9.984, 839.904, 0, 
삼천포태양광#5, 1, 2026-04-18 00:00:00, 0, 0, 0, 0, 0, 0, 29.116, 153.201, 474.515, 708.965, 234.578, 527.083, 720.145, 500.356, 1681.111, 1448.287, 550.023, 2501.062, 2487.957, 2470.637, 813.293, 0, 0, 0, 15300.329, 638, 2501.06, 29.116, 2501.062, 0, 
삼천포태양광#5, 2, 2026-04-18 00:00:00, 0, 0, 0, 0, 0, 0, 44.325, 240.244, 741.209, 1016.899, 283.645, 584.384, 796.474, 492.797, 2346.234, 2052.548, 909.338, 4153.535, 3879.023, 3801.755, 556.355, 0, 0, 0, 21898.765, 912, 4153.53, 44.32, 4153.535, 0, 
광양항세방태양광, 1, 2026-04-18 00:00:00, 0, 0, 0, 0, 0, 0, 14.4, 93.6, 391.2, 580.8, 940.8, 1490.4, 1540.8, 1864.8, 1483.2, 787.2, 700.8, 300, 60, 0, 0, 0, 0, 0, 10248, 427, 1864.8, 14.4, 1864.8, 0, 
두산엔진MG태양광, 1, 2026-04-18 00:00:00, 0, 0, 0, 0, 0, 0, 1.68, 5.94, 11.94, 22.5, 25.02, 40.98, 33, 41.76, 28.62, 34.68, 22.38, 9.66, 1.56, 0, 0, 0, 0, 0, 279.72, 12, 41.76, 1.56, 41.76, 0, 
삼천포태양광, 1, 2026-04-18 00:00:00, 0, 0, 0, 0, 0, 0, 0.036, 0.696, 5.448, 7.8, 19.8, 33.888, 40.512, 35.892, 29.304, 19.872, 5.508, 2.496, 0.012, 0, 0, 0, 0, 0, 201.264, 8, 40.51, 0.012, 40.512, 0, 
삼천포태양광, 2, 2026-04-18 00:00:00, 0, 0, 0, 0, 0, 0, 11.52, 40.704, 115.104, 167.232, 388.512, 631.392, 747.84, 620.16, 503.808, 355.968, 134.592, 74.592, 13.248, 0, 0, 0, 0, 0, 3804.672, 159, 747.84, 11.52, 747.84, 0, 
삼천포태양광, 3, 2026-04-18 00:00:00, 0, 0, 0, 0, 0, 0, 2.664, 11.304, 35.424, 52.272, 136.62, 215.1, 250.02, 206.64, 166.824, 115.344, 41.076, 21.852, 2.844, 0, 0, 0, 0, 0, 1257.984, 52, 250.02, 2.664, 250.02, 0, 
삼천포태양광, 4, 2026-04-18 00:00:00, 0, 0, 0, 0, 0, 0, 7.031, 46.715, 89.524, 106.568, 93.689, 89.509, 105.366, 100.022, 263.039, 520.805, 998.647, 1179.019, 1180.028, 152.823, 0, 0, 0, 0, 4932.785, 206, 1180.02, 7.031, 1180.028, 0, 
구미태양광, 1, 2026-04-18 00:00:00, 0, 0, 0, 0, 0, 0, 0, 20.682, 46.861, 94.951, 120.84, 272.775, 531.521, 667.185, 582.793, 450.817, 233.58, 134.29, 37.46, 0.145, 0, 0, 0, 0, 3193.9, 133, 667.18, 0.145, 667.185, 0, 
삼천포태양광#6, 1, 2026-04-18 00:00:00, 0, 0, 0, 0, 0, 0, 0, 0, 0, 0, 0, 0, 0, 0, 0, 0, 0, 0, 0, 0, 0, 0, 0, 0, 0, 0, 0, 0, 0, 0, 
영흥태양광#5, 1, 2026-04-18 00:00:00, 0, 0, 0, 0, 0, 0, 86.779, 511.032, 1164.284, 1766.916, 2174.295, 2424.989, 2538.284, 2463.558, 2249.021, 1742.811, 1157.053, 556.832, 103.653, 0, 0, 0, 0, 0, 18939.507, 789, 2538.28, 86.779, 2538.284, 0, 
영흥태양광 #3, 1, 2026-04-18 00:00:00, 0, 0, 0, 0, 0, 0, 21.36, 478.32, 1165.44, 1775.76, 2222.88, 2523.36, 2642.64, 2579.76, 2335.92, 1808.16, 1186.8, 465.36, 76.56, 0, 0, 0, 0, 0, 19282.32, 803, 2642.64, 21.36, 2642.64, 0, 
영흥태양광 #3, 2, 2026-04-18 00:00:00, 0, 0, 0, 0, 0, 0, 9.216, 105.984, 265.536, 413.28, 529.536, 591.84, 615.36, 593.184, 541.248, 426.72, 288.288, 138.528, 17.952, 0, 0, 0, 0, 0, 4536.672, 189, 615.36, 9.216, 615.36, 0, 
영흥태양광 #3, 3, 2026-04-18 00:00:00, 0, 0, 0, 0, 0, 0, 21.84, 142.32, 382.68, 571.44, 719.16, 806.52, 841.2, 819.48, 749.04, 593.52, 404.64, 194.88, 35.52, 0, 0, 0, 0, 0, 6282.24, 262, 841.2, 21.84, 841.2, 0, 
영흥태양광, 1, 2026-04-18 00:00:00, 0, 0, 0, 0, 0, 0, 8.986, 91.853, 273.792, 460.262, 599.578, 680.64, 707.942, 684.48, 621.696, 481.229, 335.309, 160.781, 27.802, 0, 0, 0, 0, 0, 5134.35, 214, 707.94, 8.986, 707.942, 0, 
예천태양광, 1, 2026-04-18 00:00:00, 0, 0, 0, 0, 0, 0, 55.26, 361.26, 776.16, 1076.58, 1300.68, 1396.44, 1419.84, 1369.62, 1231.02, 928.62, 536.94, 180, 26.46, 0, 0, 0, 0, 0, 10658.88, 444, 1419.84, 26.46, 1419.84, 0, 
여수태양광, 1, 2026-04-18 00:00:00, 0, 0, 0, 0, 0, 0, 0, 0, 0, 0, 0, 0, 0, 0, 0, 0, 0, 0, 0, 0, 0, 0, 0, 422.23, 422.23, 18, 422.23, 422.23, 422.23, 0, 
영흥태양광, 2, 2026-04-18 00:00:00, 0, 0, 0, 0, 0, 0, 15.427, 112.813, 272.872, 428.109, 534.173, 599.739, 624.808, 610.345, 555.385, 423.288, 285.406, 136.918, 26.034, 0, 0, 0, 0, 0, 4625.317, 193, 624.8, 15.427, 624.808, 0, 
탑선태양광, 1, 2026-04-18 00:00:00, 0, 0, 0, 0, 0, 0, 0, 0, 0, 0, 0, 0, 0, 0, 0, 0, 0, 0, 0, 0, 0, 0, 0, 946, 946, 39, 946, 946, 946, 0, 
탑선태양광, 3, 2026-04-18 00:00:00, 0, 0, 0, 0, 0, 0, 0, 0, 0, 0, 0, 0, 0, 0, 0, 0, 0, 0, 0, 0, 0, 0, 0, 285, 285, 12, 285, 285, 285, 0, 
경상대태양광, 1, 2026-04-18 00:00:00, 0, 0, 0, 0, 0, 0, 0.216, 58.68, 91.512, 229.752, 251.568, 372.456, 497.808, 395.136, 217.728, 258.552, 234, 117.216, 19.08, 0, 0, 0, 0, 0, 2743.704, 114, 497.8, 0.216, 497.808, 0, 
고흥만 수상태양광, 1, 2026-04-18 00:00:00, 0, 0, 0, 0, 0, 0, 121.044, 1984.752, 4925.256, 10405.752, 30610.02, 14241.864, 28419.804, 32640.048, 22517.712, 17185.308, 7473.564, 4655.448, 812.532, 0, 0, 0, 0, 0, 175993.104, 7333, 32640.04, 121.04, 32640.048, 0, 
영동태양광, 1, 2026-04-17 00:00:00, 0, 0, 0, 0, 0, 0, 0.672, 10.848, 19.968, 20.448, 20.352, 20.448, 25.344, 20.544, 21.12, 127.392, 485.472, 689.088, 525.504, 0, 0, 0, 0, 0, 1987.2, 83, 689.08, 0.672, 689.088, 0, 
삼천포태양광#5, 1, 2026-04-17 00:00:00, 0, 0, 0, 0, 0, 0, 0.067, 38.311, 125.74, 252.683, 192.006, 189.831, 206.825, 188.768, 183.935, 178.698, 233.246, 2522.221, 1824.068, 13.438, 0, 0, 0, 0, 6149.837, 256, 2522.22, 0.067, 2522.221, 0, 
삼천포태양광#5, 2, 2026-04-17 00:00:00, 0, 0, 0, 0, 0, 0, 0.468, 80.688, 230.681, 438.124, 296.552, 284.238, 284.357, 281.515, 281.832, 274.688, 473.429, 3888.543, 3777.332, 22.672, 0, 0, 0, 0, 10615.119, 442, 3888.54, 0.46, 3888.543, 0, 
광양항세방태양광, 1, 2026-04-17 00:00:00, 0, 0, 0, 0, 0, 0, 4.8, 88.8, 112.8, 180, 290.4, 900, 585.6, 429.6, 448.8, 309.6, 69.6, 28.8, 0, 0, 0, 0, 0, 0, 3448.8, 144, 900, 4.8, 900, 0, 
두산엔진MG태양광, 1, 2026-04-17 00:00:00, 0, 0, 0, 0, 0, 0.06, 0.66, 3.06, 7.08, 8.58, 11.58, 29.94, 29.34, 22.02, 17.82, 6.66, 4.56, 1.8, 0.18, 0, 0, 0, 0, 0, 143.34, 6, 29.94, 0.06, 29.94, 0, 
삼천포태양광, 1, 2026-04-17 00:00:00, 0, 0, 0, 0, 0, 0, 0, 0.036, 0.528, 2.34, 12.912, 13.584, 21.984, 16.92, 4.572, 3.564, 1.236, 0, 0, 0, 0, 0, 0, 0, 77.676, 3, 21.98, 0.036, 21.984, 0, 
삼천포태양광, 2, 2026-04-17 00:00:00, 0, 0, 0, 0, 0, 0, 2.592, 14.496, 35.424, 66.912, 247.776, 257.184, 390.24, 323.52, 112.32, 88.416, 47.904, 14.88, 0.096, 0, 0, 0, 0, 0, 1601.76, 67, 390.24, 0.096, 390.24, 0, 
삼천포태양광, 3, 2026-04-17 00:00:00, 0, 0, 0, 0, 0, 0, 0.288, 2.952, 9.216, 19.404, 79.056, 81.72, 124.38, 100.692, 33.948, 25.056, 11.376, 2.196, 0, 0, 0, 0, 0, 0, 490.284, 20, 124.38, 0.288, 124.38, 0, 
삼천포태양광, 4, 2026-04-17 00:00:00, 0, 0, 0, 0, 0, 0, 0.025, 8.625, 36.867, 70.401, 95.074, 93.995, 94.522, 94.141, 85.833, 104.318, 834.781, 181.948, 0, 6.31, 0, 0, 0, 0, 1706.84, 71, 834.78, 0.025, 834.781, 0, 
구미태양광, 1, 2026-04-17 00:00:00, 0, 0, 0, 0, 0, 0, 0, 31.313, 72.027, 124.817, 142.028, 182.091, 167.122, 80.56, 122.431, 96.759, 69.206, 29.143, 3.327, 0, 0, 0, 0, 0, 1120.824, 47, 182.09, 3.327, 182.091, 0, 
삼천포태양광#6, 1, 2026-04-17 00:00:00, 0, 0, 0, 0, 0, 0, 0, 0, 0, 0, 0, 0, 0, 0, 0, 0, 0, 0, 0, 0, 0, 0, 0, 0, 0, 0, 0, 0, 0, 0, 
영흥태양광#5, 1, 2026-04-17 00:00:00, 0, 0, 0, 0, 0, 0, 48.211, 207.305, 756.905, 884.663, 1482.474, 1904.316, 2142.958, 1294.453, 1508.989, 1058.221, 788.242, 530.316, 108.474, 0, 0, 0, 0, 0, 12715.527, 530, 2142.95, 48.211, 2142.958, 0, 
영흥태양광 #3, 1, 2026-04-17 00:00:00, 0, 0, 0, 0, 0, 0, 5.28, 162, 791.28, 898.8, 1539.36, 2006.4, 2344.56, 1333.2, 1619.28, 1119.6, 823.2, 484.08, 53.28, 0, 0, 0, 0, 0, 13180.32, 549, 2344.56, 5.28, 2344.56, 0, 
영흥태양광 #3, 2, 2026-04-17 00:00:00, 0, 0, 0, 0, 0, 0, 1.152, 36.48, 182.208, 201.024, 349.92, 448.512, 525.216, 316.896, 374.304, 261.312, 189.984, 124.896, 18.912, 0, 0, 0, 0, 0, 3030.816, 126, 525.21, 1.152, 525.216, 0, 
영흥태양광 #3, 3, 2026-04-17 00:00:00, 0, 0, 0, 0, 0, 0, 12.12, 63, 276, 291, 486.96, 670.08, 740.04, 437.28, 545.88, 372.6, 277.92, 191.04, 39.72, 0.12, 0, 0, 0, 0, 4403.76, 183, 740.04, 0.12, 740.04, 0, 
영흥태양광, 1, 2026-04-17 00:00:00, 0, 0, 0, 0, 0, 0, 4.262, 41.434, 182.861, 245.606, 372.826, 538.368, 604.301, 356.198, 472.666, 297.062, 241.69, 161.357, 26.957, 0, 0, 0, 0, 0, 3545.588, 148, 604.3, 4.262, 604.301, 0, 
예천태양광, 1, 2026-04-17 00:00:00, 0, 0, 0, 0, 0, 0, 1.26, 105.12, 286.02, 666.72, 702.54, 300.42, 179.82, 145.08, 105.48, 110.52, 45.9, 29.16, 0.18, 0, 0, 0, 0, 0, 2678.22, 112, 702.54, 0.18, 702.54, 0, 
여수태양광, 1, 2026-04-17 00:00:00, 0, 0, 0, 0, 0, 0, 0, 0, 0, 0, 0, 0, 0, 0, 0, 0, 0, 0, 0, 0, 0, 0, 0, 608.9, 608.9, 25, 608.9, 608.9, 608.9, 0, 
영흥태양광, 2, 2026-04-17 00:00:00, 0, 0, 0, 0, 0, 0, 5.785, 44.354, 192.842, 222.733, 383.756, 471.499, 565.027, 327.832, 390.505, 275.764, 205.377, 133.061, 26.034, 0, 0, 0, 0, 0, 3244.569, 135, 565.02, 5.785, 565.027, 0, 
탑선태양광, 1, 2026-04-17 00:00:00, 0, 0, 0, 0, 0, 0, 0, 0, 0, 0, 0, 0, 0, 0, 0, 0, 0, 0, 0, 0, 0, 0, 0, 946, 946, 39, 946, 946, 946, 0, 
탑선태양광, 3, 2026-04-17 00:00:00, 0, 0, 0, 0, 0, 0, 0, 0, 0, 0, 0, 0, 0, 0, 0, 0, 0, 0, 0, 0, 0, 0, 0, 285, 285, 12, 285, 285, 285, 0, 
경상대태양광, 1, 2026-04-17 00:00:00, 0, 0, 0, 0, 0, 0, 0, 18.288, 38.376, 65.88, 88.272, 225.072, 245.232, 157.464, 130.032, 101.88, 36.36, 16.056, 0.216, 0, 0, 0, 0, 0, 1123.128, 47, 245.23, 0.216, 245.232, 0, 
고흥만 수상태양광, 1, 2026-04-17 00:00:00, 0, 0, 0, 0, 0, 0, 277.368, 2213.82, 2493.792, 2960.412, 9712.5, 21770.616, 20933.556, 11155.2, 9259.068, 6583.584, 2857.428, 855.456, 0, 0, 0, 0, 0, 0, 91072.8, 3795, 21770.61, 277.36, 21770.616, 0, 
영동태양광, 1, 2026-04-16 00:00:00, 0, 0, 0, 0, 0, 0, 1.248, 15.456, 20.256, 20.832, 21.216, 22.08, 22.752, 605.76, 717.696, 420, 617.76, 693.6, 689.376, 687.36, 232.416, 0, 0, 0, 4787.808, 199, 717.69, 1.248, 717.696, 0, 
삼천포태양광#5, 1, 2026-04-16 00:00:00, 0, 0, 0, 0, 0, 0, 64.419, 684.39, 1666.988, 2451.577, 410.548, 701.396, 768.444, 2293.869, 2895.568, 2352.893, 1561.481, 2535.455, 2529.549, 2468.168, 1111.251, 0, 0, 0, 24495.996, 1021, 2895.56, 64.41, 2895.568, 0, 
삼천포태양광#5, 2, 2026-04-16 00:00:00, 0, 0, 0, 0, 0, 0, 113.127, 1235.756, 2913.14, 4170.832, 1159.972, 1680.228, 1799.996, 4109.619, 4933.832, 4000.237, 2687.59, 4270.493, 3964.245, 3769.783, 1052.477, 0, 0, 0, 41861.327, 1744, 4933.83, 113.12, 4933.832, 0, 
광양항세방태양광, 1, 2026-04-16 00:00:00, 0, 0, 0, 0, 0, 0, 60, 343.2, 892.8, 1500, 1860, 2114.4, 2222.4, 2172, 1992, 1663.2, 1120.8, 480, 88.8, 0, 0, 0, 0, 0, 16509.6, 688, 2222.4, 60, 2222.4, 0, 
두산엔진MG태양광, 1, 2026-04-16 00:00:00, 0, 0, 0, 0, 0, 0, 1.74, 3.84, 10.38, 25.92, 40.14, 51.06, 55.02, 50.58, 44.82, 57, 48.12, 32.04, 5.76, 0, 0, 0, 0, 0, 426.42, 18, 57, 1.74, 57, 0, 
삼천포태양광, 1, 2026-04-16 00:00:00, 0, 0, 0, 0, 0, 0, 0.024, 4.068, 16.152, 26.832, 35.592, 41.304, 43.56, 42.768, 38.22, 31.032, 20.952, 7.08, 0.276, 0, 0, 0, 0, 0, 307.86, 13, 43.56, 0.024, 43.56, 0, 
삼천포태양광, 2, 2026-04-16 00:00:00, 0, 0, 0, 0, 0, 0, 20.352, 162.912, 404.256, 577.824, 687.072, 755.712, 774.432, 737.472, 654.624, 515.232, 339.552, 136.896, 22.176, 0, 0, 0, 0, 0, 5788.512, 241, 774.43, 20.352, 774.432, 0, 
삼천포태양광, 3, 2026-04-16 00:00:00, 0, 0, 0, 0, 0, 0, 6.444, 58.86, 133.884, 190.584, 227.268, 250.812, 260.136, 249.264, 220.608, 174.6, 115.38, 43.92, 5.256, 0, 0, 0, 0, 0, 1937.016, 81, 260.13, 5.25, 260.136, 0, 
삼천포태양광, 4, 2026-04-16 00:00:00, 0, 0, 0, 0, 0, 0, 10.95, 83.086, 94.359, 11.574, 0, 0, 0, 0, 463.584, 836.99, 1154.535, 391.733, 18.838, 0, 0, 0, 0, 0, 3065.649, 128, 1154.53, 10.95, 1154.535, 0, 
구미태양광, 1, 2026-04-16 00:00:00, 0, 0, 0, 0, 0, 0, 6.725, 92.781, 283.912, 466.871, 590.603, 661.545, 697.703, 690.616, 631.028, 489.867, 371.052, 202.773, 44.547, 0.434, 0, 0, 0, 0, 5230.457, 218, 697.7, 0.434, 697.703, 0, 
삼천포태양광#6, 1, 2026-04-16 00:00:00, 0, 0, 0, 0, 0, 0, 0, 0, 0, 0, 0, 0, 0, 0, 0, 0, 0, 0, 0, 0, 0, 0, 0, 0, 0, 0, 0, 0, 0, 0, 
영흥태양광#5, 1, 2026-04-16 00:00:00, 0, 0, 0, 0, 0, 0, 110.884, 484.516, 1060.632, 1374, 2191.168, 2379.189, 2323.747, 2422.579, 2273.126, 1897.084, 1284.811, 535.137, 89.189, 0, 0, 0, 0, 0, 18426.062, 768, 2422.57, 89.189, 2422.579, 0, 
영흥태양광 #3, 1, 2026-04-16 00:00:00, 0, 0, 0, 0, 0, 0, 36.24, 456.24, 1072.08, 1406.4, 2212.56, 2505.12, 2440.56, 2548.32, 2363.04, 1998, 1308.48, 435.36, 58.32, 0, 0, 0, 0, 0, 18840.72, 785, 2548.32, 36.24, 2548.32, 0, 
영흥태양광 #3, 2, 2026-04-16 00:00:00, 0, 0, 0, 0, 0, 0, 13.632, 99.552, 242.4, 326.016, 520.608, 568.896, 556.512, 572.448, 545.088, 458.88, 316.8, 132.288, 15.264, 0, 0, 0, 0, 0, 4368.384, 182, 572.44, 13.632, 572.448, 0, 
영흥태양광 #3, 3, 2026-04-16 00:00:00, 0, 0, 0, 0, 0, 0, 29.76, 142.56, 353.16, 461.04, 724.8, 814.32, 805.68, 808.08, 753, 640.44, 440.64, 189.48, 30.96, 0, 0, 0, 0, 0, 6193.92, 258, 814.32, 29.76, 814.32, 0, 
영흥태양광, 1, 2026-04-16 00:00:00, 0, 0, 0, 0, 0, 0, 15.744, 94.771, 261.427, 385.344, 559.488, 687.629, 680.141, 676.109, 628.339, 530.573, 367.373, 161.818, 24.115, 0, 0, 0, 0, 0, 5072.871, 211, 687.62, 15.744, 687.629, 0, 
예천태양광, 1, 2026-04-16 00:00:00, 0, 0, 0, 0, 0, 0, 43.38, 349.02, 771.48, 1087.38, 1338.3, 1410.84, 1472.22, 1332, 1234.44, 1015.38, 698.22, 262.98, 35.46, 0, 0, 0, 0, 0, 11051.1, 460, 1472.22, 35.46, 1472.22, 0, 
여수태양광, 1, 2026-04-16 00:00:00, 0, 0, 0, 0, 0, 0, 0, 0, 0, 0, 0, 0, 0, 0, 0, 0, 0, 0, 0, 0, 0, 0, 0, 700.84, 700.84, 29, 700.84, 700.84, 700.84, 0, 
영흥태양광, 2, 2026-04-16 00:00:00, 0, 0, 0, 0, 0, 0, 19.284, 108.956, 254.552, 346.152, 531.28, 599.739, 575.634, 601.667, 560.206, 462.821, 305.655, 133.061, 23.141, 0, 0, 0, 0, 0, 4522.148, 188, 601.66, 19.284, 601.667, 0, 
탑선태양광, 1, 2026-04-16 00:00:00, 0, 0, 0, 0, 0, 0, 0, 0, 0, 0, 0, 0, 0, 0, 0, 0, 0, 0, 0, 0, 0, 0, 0, 946, 946, 39, 946, 946, 946, 0, 
탑선태양광, 3, 2026-04-16 00:00:00, 0, 0, 0, 0, 0, 0, 0, 0, 0, 0, 0, 0, 0, 0, 0, 0, 0, 0, 0, 0, 0, 0, 0, 285, 285, 12, 285, 285, 285, 0, 
경상대태양광, 1, 2026-04-16 00:00:00, 0, 0, 0, 0, 0, 0, 9.504, 94.392, 263.664, 424.008, 528.192, 594.432, 622.152, 607.464, 560.664, 480.672, 356.904, 169.704, 32.688, 0, 0, 0, 0, 0, 4744.44, 198, 622.15, 9.504, 622.152, 0, 
고흥만 수상태양광, 1, 2026-04-16 00:00:00, 0, 0, 0, 0, 0, 0, 1888.152, 11833.668, 27013.728, 39546.108, 48909.84, 53709.012, 54932.304, 53249.952, 47819.772, 38084.508, 26447.4, 10214.148, 2038.848, 0, 0, 0, 0, 0, 415687.44, 17320, 54932.3, 1888.15, 54932.304, 0, 
영동태양광, 1, 2026-04-15 00:00:00, 0, 0, 0, 0, 0, 0, 7.104, 20.064, 20.736, 21.12, 21.888, 23.808, 413.184, 714.72, 234.528, 215.328, 424.8, 688.416, 684.864, 488.064, 0, 0, 0, 0, 3978.624, 166, 714.72, 7.104, 714.72, 0, 
삼천포태양광#5, 1, 2026-04-15 00:00:00, 0, 0, 0, 0, 0, 0, 104.008, 486.569, 790.553, 1798.738, 340.865, 569.477, 645.841, 2172.291, 2825.616, 2224.922, 1409.362, 2412.495, 2525.043, 2488.95, 1010.374, 0, 0, 0, 21805.104, 909, 2825.61, 104.008, 2825.616, 0, 
삼천포태양광#5, 2, 2026-04-15 00:00:00, 0, 0, 0, 0, 0, 0, 190.902, 873.397, 1380.207, 3120.049, 1093.187, 1492.232, 1611.878, 3665.578, 4808.32, 3768.496, 2437.518, 4255.976, 3952.68, 3804.273, 1050.594, 0, 0, 0, 37505.287, 1563, 4808.32, 190.902, 4808.32, 0, 
광양항세방태양광, 1, 2026-04-15 00:00:00, 0, 0, 0, 0, 0, 0, 72, 331.2, 492, 1392, 1754.4, 1951.2, 2052, 2030.4, 1852.8, 1485.6, 1012.8, 460.8, 88.8, 0, 0, 0, 0, 0, 14976, 624, 2052, 72, 2052, 0, 
두산엔진MG태양광, 1, 2026-04-15 00:00:00, 0, 0, 0, 0, 0, 0, 2.46, 7.68, 16.08, 22.02, 38.76, 49.86, 55.92, 58.8, 59.28, 54.12, 42.96, 25.98, 4.5, 0, 0, 0, 0, 0, 438.42, 18, 59.28, 2.46, 59.28, 0, 
삼천포태양광, 1, 2026-04-15 00:00:00, 0, 0, 0, 0, 0, 0, 0.516, 4.608, 8.988, 21.6, 34.488, 39.204, 41.364, 41.112, 37.116, 9.564, 6.108, 6.444, 0.192, 0, 0, 0, 0, 0, 251.304, 10, 41.36, 0.192, 41.364, 0, 
삼천포태양광, 2, 2026-04-15 00:00:00, 0, 0, 0, 0, 0, 0, 30.24, 122.304, 54.24, 0, 1.536, 726.24, 749.184, 730.944, 644.064, 497.952, 307.68, 129.216, 21.696, 0, 0, 0, 0, 0, 4015.296, 167, 749.18, 1.536, 749.184, 0, 
삼천포태양광, 3, 2026-04-15 00:00:00, 0, 0, 0, 0, 0, 0, 8.496, 39.024, 61.02, 145.98, 225.576, 242.208, 246.276, 130.5, 40.932, 165.528, 103.86, 41.184, 4.716, 0, 0, 0, 0, 0, 1455.3, 61, 246.27, 4.71, 246.276, 0, 
삼천포태양광, 4, 2026-04-15 00:00:00, 0, 0, 0, 0, 0, 0, 30.17, 91.946, 98.08, 99.651, 97.436, 97.09, 662.065, 1162.802, 1147.144, 910.205, 1141.543, 1183.793, 1190.245, 656.88, 0, 0, 0, 0, 8569.05, 357, 1190.24, 30.17, 1190.245, 0, 
구미태양광, 1, 2026-04-15 00:00:00, 0, 0, 0, 0, 0, 0, 5.568, 77.161, 170.81, 378.573, 573.898, 611.213, 633.631, 642.381, 578.599, 493.845, 356.372, 182.236, 39.557, 0.723, 0, 0, 0, 0, 4744.567, 198, 642.38, 0.723, 642.381, 0, 
삼천포태양광#6, 1, 2026-04-15 00:00:00, 0, 0, 0, 0, 0, 0, 0, 0, 0, 0, 0, 0, 0, 0, 0, 0, 0, 0, 0, 0, 0, 0, 0, 0, 0, 0, 0, 0, 0, 0, 
영흥태양광#5, 1, 2026-04-15 00:00:00, 0, 0, 0, 0, 0, 0, 48.211, 433.895, 1065.453, 1706.653, 2200.811, 2398.474, 2449.095, 2412.937, 2188.758, 1815.126, 1224.547, 568.884, 96.421, 0, 0, 0, 0, 0, 18609.265, 775, 2449.09, 48.211, 2449.095, 0, 
영흥태양광 #3, 1, 2026-04-15 00:00:00, 0, 0, 0, 0, 0, 0, 0, 305.28, 959.52, 1636.32, 2200.32, 2485.44, 2564.4, 2558.4, 2384.64, 1945.2, 1396.8, 556.32, 81.36, 0, 0, 0, 0, 0, 19074, 795, 2564.4, 81.36, 2564.4, 0, 
영흥태양광 #3, 2, 2026-04-15 00:00:00, 0, 0, 0, 0, 0, 0, 2.208, 86.112, 242.784, 408.096, 526.368, 581.472, 593.664, 585.312, 533.568, 445.152, 307.2, 147.072, 20.16, 0, 0, 0, 0, 0, 4479.168, 187, 593.66, 2.208, 593.664, 0, 
영흥태양광 #3, 3, 2026-04-15 00:00:00, 0, 0, 0, 0, 0, 0, 11.52, 126.72, 347.16, 574.8, 741.24, 802.32, 814.32, 800.04, 715.92, 611.52, 426.12, 203.28, 36.36, 0, 0, 0, 0, 0, 6211.32, 259, 814.32, 11.52, 814.32, 0, 
영흥태양광, 1, 2026-04-15 00:00:00, 0, 0, 0, 0, 0, 0, 4.416, 83.443, 248.87, 437.53, 591.168, 661.478, 678.989, 666.97, 586.598, 509.453, 353.203, 165.926, 24.307, 0, 0, 0, 0, 0, 5012.351, 209, 678.98, 4.416, 678.989, 0, 
예천태양광, 1, 2026-04-15 00:00:00, 0, 0, 0, 0, 0, 0, 38.16, 319.14, 635.04, 925.56, 1112.94, 1348.56, 1381.86, 1324.26, 1204.2, 986.04, 636.66, 239.22, 30.6, 0, 0, 0, 0, 0, 10182.24, 424, 1381.86, 30.6, 1381.86, 0, 
여수태양광, 1, 2026-04-15 00:00:00, 0, 0, 0, 0, 0, 0, 0, 0, 0, 0, 0, 0, 0, 0, 0, 0, 0, 0, 0, 0, 0, 0, 0, 401.88, 401.88, 17, 401.88, 401.88, 401.88, 0, 
영흥태양광, 2, 2026-04-15 00:00:00, 0, 0, 0, 0, 0, 0, 6.749, 94.493, 249.731, 416.539, 538.994, 592.989, 604.56, 599.739, 541.886, 445.465, 296.013, 138.846, 23.141, 0, 0, 0, 0, 0, 4549.145, 190, 604.56, 6.74, 604.56, 0, 
탑선태양광, 1, 2026-04-15 00:00:00, 0, 0, 0, 0, 0, 0, 0, 0, 0, 0, 0, 0, 0, 0, 0, 0, 0, 0, 0, 0, 0, 0, 0, 946, 946, 39, 946, 946, 946, 0, 
탑선태양광, 3, 2026-04-15 00:00:00, 0, 0, 0, 0, 0, 0, 0, 0, 0, 0, 0, 0, 0, 0, 0, 0, 0, 0, 0, 0, 0, 0, 0, 285, 285, 12, 285, 285, 285, 0, 
경상대태양광, 1, 2026-04-15 00:00:00, 0, 0, 0, 0, 0, 0, 11.304, 85.752, 152.856, 343.584, 507.024, 567.792, 584.784, 570.816, 528.552, 440.208, 317.16, 157.608, 29.664, 0, 0, 0, 0, 0, 4297.104, 179, 584.78, 11.304, 584.784, 0, 
고흥만 수상태양광, 1, 2026-04-15 00:00:00, 0, 0, 0, 0, 0, 0, 1613.304, 5862.444, 17975.076, 36582.756, 45047.856, 49896.588, 52102.596, 50129.772, 44508.996, 35395.416, 24065.664, 11189.388, 2121.168, 0, 0, 0, 0, 0, 376491.024, 15687, 52102.59, 1613.3, 52102.596, 0, 
영동태양광, 1, 2026-04-14 00:00:00, 0, 0, 0, 0, 0, 0, 10.08, 20.16, 20.736, 21.312, 22.08, 22.752, 249.888, 624.576, 622.656, 406.848, 530.976, 691.104, 687.264, 671.04, 4.32, 0, 0, 0, 4605.792, 192, 691.1, 4.32, 691.104, 0, 
삼천포태양광#5, 1, 2026-04-14 00:00:00, 0, 0, 0, 0, 0, 0, 50.657, 95.066, 210.769, 497.001, 197.124, 211.525, 286.787, 214.345, 165.375, 161.311, 266.197, 2512.19, 1152.173, 0, 0, 0, 0, 0, 6020.52, 251, 2512.19, 50.657, 2512.19, 0, 
삼천포태양광#5, 2, 2026-04-14 00:00:00, 0, 0, 0, 0, 0, 0, 95.334, 176.909, 394.097, 881.632, 287.972, 282.034, 411.199, 291.757, 277.981, 275.015, 572.766, 4096.213, 2754.88, 0, 0, 0, 0, 0, 10797.789, 450, 4096.21, 95.334, 4096.213, 0, 
광양항세방태양광, 1, 2026-04-14 00:00:00, 0, 0, 0, 0, 0, 0, 24, 76.8, 216, 528, 1048.8, 751.2, 720, 508.8, 372, 374.4, 163.2, 211.2, 26.4, 0, 0, 0, 0, 0, 5020.8, 209, 1048.8, 24, 1048.8, 0, 
두산엔진MG태양광, 1, 2026-04-14 00:00:00, 0, 0, 0, 0, 0, 0, 1.02, 6, 9.06, 16.62, 15.78, 13.14, 10.2, 13.74, 9.18, 10.02, 5.94, 3.3, 1.02, 0, 0, 0, 0, 0, 115.02, 5, 16.62, 1.02, 16.62, 0, 
삼천포태양광, 1, 2026-04-14 00:00:00, 0, 0, 0, 0, 0, 0, 0.144, 0.024, 1.74, 6.12, 10.332, 11.652, 22.224, 12.6, 1.38, 1.896, 1.584, 0.612, 0.144, 0, 0, 0, 0, 0, 70.452, 3, 22.22, 0.024, 22.224, 0, 
삼천포태양광, 2, 2026-04-14 00:00:00, 0, 0, 0, 0, 0, 0, 14.976, 27.36, 56.928, 130.272, 200.16, 236.16, 403.872, 267.168, 57.024, 61.344, 57.6, 37.92, 19.488, 0, 0, 0, 0, 0, 1570.272, 65, 403.87, 14.976, 403.872, 0, 
삼천포태양광, 3, 2026-04-14 00:00:00, 0, 0, 0, 0, 0, 0, 3.888, 6.696, 16.524, 39.96, 61.956, 73.98, 133.164, 84.96, 16.2, 17.424, 15.66, 10.44, 4.824, 0, 0, 0, 0, 0, 485.676, 20, 133.16, 3.888, 133.164, 0, 
삼천포태양광, 4, 2026-04-14 00:00:00, 0, 0, 0, 0, 0, 0, 14.842, 31.153, 67.638, 100.439, 95.401, 93.713, 103.318, 95.058, 70.892, 76.97, 847.7, 463.893, 23.194, 0, 0, 0, 0, 0, 2084.211, 87, 847.7, 14.842, 847.7, 0, 
구미태양광, 1, 2026-04-14 00:00:00, 0, 0, 0, 0, 0, 0, 0.145, 26.034, 84.971, 133.133, 281.453, 334.244, 369.244, 230.47, 193.083, 161.626, 107.967, 104.352, 41.582, 0.579, 0, 0, 0, 0, 2068.883, 86, 369.24, 0.145, 369.244, 0, 
삼천포태양광#6, 1, 2026-04-14 00:00:00, 0, 0, 0, 0, 0, 0, 0, 0, 0, 0, 0, 0, 0, 0, 0, 0, 0, 0, 0, 0, 0, 0, 0, 0, 0, 0, 0, 0, 0, 0, 
영흥태양광#5, 1, 2026-04-14 00:00:00, 0, 0, 0, 0, 0, 0, 72.316, 429.074, 1130.537, 1639.158, 1926.011, 2135.726, 2200.811, 2302.053, 1747.632, 1742.811, 1185.979, 539.958, 96.421, 0, 0, 0, 0, 0, 17148.487, 715, 2302.05, 72.316, 2302.053, 0, 
영흥태양광 #3, 1, 2026-04-14 00:00:00, 0, 0, 0, 0, 0, 0, 13.92, 409.68, 1146.72, 1686, 2009.28, 1849.68, 277.68, 1884, 1930.8, 1876.56, 1346.16, 536.64, 91.68, 0, 0, 0, 0, 0, 15058.8, 627, 2009.28, 13.92, 2009.28, 0, 
영흥태양광 #3, 2, 2026-04-14 00:00:00, 0, 0, 0, 0, 0, 0, 11.136, 95.04, 266.304, 395.712, 468.192, 513.984, 533.376, 559.392, 442.656, 433.92, 293.568, 135.072, 19.488, 0, 0, 0, 0, 0, 4167.84, 174, 559.39, 11.136, 559.392, 0, 
영흥태양광 #3, 3, 2026-04-14 00:00:00, 0, 0, 0, 0, 0, 0, 21, 131.04, 369.12, 549.6, 658.44, 717.96, 761.28, 776.52, 599.64, 579.96, 409.32, 189.48, 35.16, 0, 0, 0, 0, 0, 5798.52, 242, 776.52, 21, 776.52, 0, 
영흥태양광, 1, 2026-04-14 00:00:00, 0, 0, 0, 0, 0, 0, 11.866, 87.36, 258.931, 417.446, 552.691, 578.534, 633.715, 627.11, 486.797, 471.936, 337.997, 151.334, 25.037, 0, 0, 0, 0, 0, 4640.754, 193, 633.71, 11.866, 633.715, 0, 
예천태양광, 1, 2026-04-14 00:00:00, 0, 0, 0, 0, 0, 0, 41.04, 329.04, 644.94, 887.76, 1101.96, 1265.22, 974.16, 864.72, 707.76, 616.32, 271.62, 234.18, 15.12, 0, 0, 0, 0, 0, 7953.84, 331, 1265.22, 15.12, 1265.22, 0, 
여수태양광, 1, 2026-04-14 00:00:00, 0, 0, 0, 0, 0, 0, 0, 0, 0, 0, 0, 0, 0, 0, 0, 0, 0, 0, 0, 0, 0, 0, 0, 728.8, 728.8, 30, 728.8, 728.8, 728.8, 0, 
영흥태양광, 2, 2026-04-14 00:00:00, 0, 0, 0, 0, 0, 0, 12.535, 95.457, 267.086, 405.933, 488.855, 534.173, 551.528, 565.027, 449.322, 429.074, 286.371, 131.133, 24.105, 0, 0, 0, 0, 0, 4240.599, 177, 565.02, 12.53, 565.027, 0, 
탑선태양광, 1, 2026-04-14 00:00:00, 0, 0, 0, 0, 0, 0, 0, 0, 0, 0, 0, 0, 0, 0, 0, 0, 0, 0, 0, 0, 0, 0, 0, 946, 946, 39, 946, 946, 946, 0, 
탑선태양광, 3, 2026-04-14 00:00:00, 0, 0, 0, 0, 0, 0, 0, 0, 0, 0, 0, 0, 0, 0, 0, 0, 0, 0, 0, 0, 0, 0, 0, 285, 285, 12, 285, 285, 285, 0, 
경상대태양광, 1, 2026-04-14 00:00:00, 0, 0, 0, 0, 0, 0, 4.968, 37.44, 42.552, 132.624, 165.528, 140.688, 127.08, 153.36, 106.632, 64.728, 51.192, 40.536, 14.112, 0, 0, 0, 0, 0, 1081.44, 45, 165.52, 4.968, 165.528, 0, 
고흥만 수상태양광, 1, 2026-04-14 00:00:00, 0, 0, 0, 0, 0, 0, 55.608, 1252.692, 4983.636, 6555.024, 10876.488, 9730.728, 11603.76, 10376.352, 7777.644, 6812.148, 5678.484, 4243.344, 602.196, 0, 0, 0, 0, 0, 80548.104, 3356, 11603.76, 55.608, 11603.76, 0, 
영동태양광, 1, 2026-04-13 00:00:00, 0, 0, 0, 0, 0, 0, 5.76, 19.776, 20.448, 21.12, 21.216, 20.352, 20.256, 319.104, 725.472, 648.384, 623.808, 691.2, 688.224, 684.864, 57.216, 0, 0, 0, 4567.2, 190, 725.47, 5.76, 725.472, 0, 
삼천포태양광#5, 1, 2026-04-13 00:00:00, 0, 0, 0, 0, 0, 0, 34.084, 382.067, 1034.607, 2150.273, 369.858, 190.329, 283.142, 193.058, 176.582, 328.144, 656.002, 2515.85, 2491.238, 2487.184, 755.047, 0, 0, 0, 14047.465, 585, 2515.85, 34.084, 2515.85, 0, 
삼천포태양광#5, 2, 2026-04-13 00:00:00, 0, 0, 0, 0, 0, 0, 66.987, 692.334, 1850.569, 3578.912, 856.819, 330.084, 512.417, 305.163, 1099.283, 1363.84, 1206.564, 4131.716, 3828.221, 3807.469, 476.281, 0, 0, 0, 24106.659, 1004, 4131.71, 66.98, 4131.716, 0, 
광양항세방태양광, 1, 2026-04-13 00:00:00, 0, 0, 0, 0, 0, 0, 48, 261.6, 580.8, 1365.6, 1519.2, 1459.2, 1216.8, 1240.8, 856.8, 568.8, 439.2, 199.2, 16.8, 0, 0, 0, 0, 0, 9772.8, 407, 1519.2, 16.8, 1519.2, 0, 
두산엔진MG태양광, 1, 2026-04-13 00:00:00, 0, 0, 0, 0, 0, 0, 1.56, 6.6, 12.78, 23.04, 39.6, 39.96, 31.68, 41.52, 37.86, 29.52, 17.46, 5.64, 0.9, 0, 0, 0, 0, 0, 288.12, 12, 41.52, 0.9, 41.52, 0, 
삼천포태양광, 1, 2026-04-13 00:00:00, 0, 0, 0, 0, 0, 0, 0.084, 3.996, 13.332, 23.028, 31.152, 27.612, 28.236, 16.98, 15.3, 8.592, 7.38, 1.788, 0, 0, 0, 0, 0, 0, 177.48, 7, 31.15, 0.084, 31.152, 0, 
삼천포태양광, 2, 2026-04-13 00:00:00, 0, 0, 0, 0, 0, 0, 12.288, 97.152, 281.856, 505.344, 613.632, 523.872, 501.408, 326.304, 290.592, 193.632, 157.44, 63.744, 4.032, 0, 0, 0, 0, 0, 3571.296, 149, 613.63, 4.032, 613.632, 0, 
삼천포태양광, 3, 2026-04-13 00:00:00, 0, 0, 0, 0, 0, 0, 2.952, 30.276, 90.792, 164.16, 200.412, 169.2, 161.748, 104.472, 93.672, 60.3, 49.5, 18.036, 0.432, 0, 0, 0, 0, 0, 1145.952, 48, 200.41, 0.43, 200.412, 0, 
삼천포태양광, 4, 2026-04-13 00:00:00, 0, 0, 0, 0, 0, 0, 9.585, 76.679, 90.776, 107.696, 108.083, 94.243, 107.777, 481.555, 431.015, 339.976, 986.714, 1183.473, 1176.42, 228.898, 0, 0, 0, 0, 5422.89, 226, 1183.47, 9.585, 1183.473, 0, 
구미태양광, 1, 2026-04-13 00:00:00, 0, 0, 0, 0, 0, 0, 6.147, 83.597, 271.184, 425.506, 572.886, 636.741, 664.51, 658.652, 596.678, 498.979, 370.04, 181.223, 34.422, 0.072, 0, 0, 0, 0, 5000.637, 208, 664.51, 0.072, 664.51, 0, 
삼천포태양광#6, 1, 2026-04-13 00:00:00, 0, 0, 0, 0, 0, 0, 0, 0, 0, 0, 0, 0, 0, 0, 0, 0, 0, 0, 0, 0, 0, 0, 0, 0, 0, 0, 0, 0, 0, 0, 
영흥태양광#5, 1, 2026-04-13 00:00:00, 0, 0, 0, 0, 0, 0, 62.674, 443.537, 1096.789, 1750.042, 2210.453, 2470.789, 2593.726, 2547.926, 2299.642, 1552.379, 964.211, 421.842, 110.884, 0, 0, 0, 0, 0, 18524.894, 772, 2593.72, 62.674, 2593.726, 0, 
영흥태양광 #3, 1, 2026-04-13 00:00:00, 0, 0, 0, 0, 0, 0, 3.6, 428.4, 1111.44, 1797.36, 2262.24, 2590.08, 2718.48, 2669.76, 2402.64, 1637.28, 1021.68, 404.64, 85.44, 0, 0, 0, 0, 0, 19133.04, 797, 2718.48, 3.6, 2718.48, 0, 
영흥태양광 #3, 2, 2026-04-13 00:00:00, 0, 0, 0, 0, 0, 0, 9.504, 97.056, 256.224, 419.232, 530.496, 606.432, 634.56, 618.72, 555.744, 379.968, 241.248, 102.72, 23.232, 0, 0, 0, 0, 0, 4475.136, 186, 634.56, 9.504, 634.56, 0, 
영흥태양광 #3, 3, 2026-04-13 00:00:00, 0, 0, 0, 0, 0, 0, 15.6, 126.48, 358.32, 568.56, 708.24, 807.96, 848.16, 835.8, 762, 535.08, 345.12, 153.36, 37.92, 0, 0, 0, 0, 0, 6102.6, 254, 848.16, 15.6, 848.16, 0, 
영흥태양광, 1, 2026-04-13 00:00:00, 0, 0, 0, 0, 0, 0, 6.029, 79.258, 247.104, 437.03, 585.178, 671.347, 708.979, 690.394, 610.752, 458.074, 293.03, 137.472, 27.11, 0, 0, 0, 0, 0, 4951.757, 206, 708.97, 6.029, 708.979, 0, 
예천태양광, 1, 2026-04-13 00:00:00, 0, 0, 0, 0, 0, 0, 0, 0, 0, 0, 672.66, 1393.38, 1423.98, 1363.32, 1209.06, 947.88, 658.98, 227.34, 48.06, 0, 0, 0, 0, 0, 7944.66, 331, 1423.98, 48.06, 1423.98, 0, 
여수태양광, 1, 2026-04-13 00:00:00, 0, 0, 0, 0, 0, 0, 0, 0, 0, 0, 0, 0, 0, 0, 0, 0, 0, 0, 0, 0, 0, 0, 0, 722.7, 722.7, 30, 722.7, 722.7, 722.7, 0, 
영흥태양광, 2, 2026-04-13 00:00:00, 0, 0, 0, 0, 0, 0, 9.642, 97.385, 259.373, 429.074, 543.815, 612.274, 638.307, 628.665, 565.027, 384.72, 246.838, 108.956, 26.998, 0, 0, 0, 0, 0, 4551.074, 190, 638.3, 9.64, 638.307, 0, 
탑선태양광, 1, 2026-04-13 00:00:00, 0, 0, 0, 0, 0, 0, 0, 0, 0, 0, 0, 0, 0, 0, 0, 0, 0, 0, 0, 0, 0, 0, 0, 946, 946, 39, 946, 946, 946, 0, 
탑선태양광, 3, 2026-04-13 00:00:00, 0, 0, 0, 0, 0, 0, 0, 0, 0, 0, 0, 0, 0, 0, 0, 0, 0, 0, 0, 0, 0, 0, 0, 285, 285, 12, 285, 285, 285, 0, 
경상대태양광, 1, 2026-04-13 00:00:00, 0, 0, 0, 0, 0, 0, 4.104, 86.832, 170.496, 336.888, 491.112, 503.352, 536.328, 499.464, 499.536, 403.056, 195.12, 70.848, 6.696, 0, 0, 0, 0, 0, 3803.832, 158, 536.32, 4.104, 536.328, 0, 
고흥만 수상태양광, 1, 2026-04-13 00:00:00, 0, 0, 0, 0, 0, 0, 422.016, 4666.956, 17707.2, 32887.68, 31775.94, 26258.484, 24577.812, 28183.932, 15652.98, 10671.444, 6989.892, 2306.052, 261.24, 0, 0, 0, 0, 0, 202361.628, 8432, 32887.68, 261.24, 32887.68, 0, 
영동태양광, 1, 2026-04-12 00:00:00, 0, 0, 0, 0, 0, 0, 4.224, 19.584, 20.352, 20.736, 20.352, 20.16, 20.544, 580.416, 598.464, 510.72, 567.072, 691.008, 688.224, 628.032, 0, 0, 0, 0, 4389.888, 183, 691, 4.224, 691.008, 0, 
삼천포태양광#5, 1, 2026-04-12 00:00:00, 0, 0, 0, 0, 0, 0, 52.68, 618.903, 1089.109, 2173.511, 509.504, 218.998, 231.628, 230.302, 591.771, 303.687, 556.54, 2461.863, 2497.939, 2495.468, 389.747, 0, 0, 0, 14421.65, 601, 2497.93, 52.68, 2497.939, 0, 
삼천포태양광#5, 2, 2026-04-12 00:00:00, 0, 0, 0, 0, 0, 0, 81.689, 1108.63, 1911.351, 3697.773, 897.061, 282.548, 284.766, 247.228, 1431.556, 1903.508, 807.453, 4121.399, 3836.551, 3807.691, 715.749, 0, 0, 0, 25134.953, 1047, 4121.39, 81.68, 4121.399, 0, 
광양항세방태양광, 1, 2026-04-12 00:00:00, 0, 0, 0, 0, 0, 0, 48, 340.8, 741.6, 1334.4, 0, 0, 43.2, 1531.2, 1346.4, 753.6, 410.4, 165.6, 7.2, 0, 0, 0, 0, 0, 6722.4, 280, 1531.2, 7.2, 1531.2, 0, 
두산엔진MG태양광, 1, 2026-04-12 00:00:00, 0, 0, 0, 0, 0, 0, 1.38, 4.08, 11.76, 24.72, 35.94, 36.66, 32.58, 38.4, 32.52, 28.98, 24.12, 7.26, 0.84, 0, 0, 0, 0, 0, 279.24, 12, 38.4, 0.84, 38.4, 0, 
삼천포태양광, 1, 2026-04-12 00:00:00, 0, 0, 0, 0, 0, 0, 0, 4.548, 12.912, 25.86, 25.224, 22.776, 22.824, 18.9, 31.656, 11.976, 4.764, 0.996, 0, 0, 0, 0, 0, 0, 182.436, 8, 31.65, 0.996, 31.656, 0, 
삼천포태양광, 2, 2026-04-12 00:00:00, 0, 0, 0, 0, 0, 0, 16.512, 142.752, 276.192, 527.424, 493.44, 427.872, 420.096, 341.76, 554.592, 256.224, 119.616, 49.92, 4.128, 0, 0, 0, 0, 0, 3630.528, 151, 554.59, 4.128, 554.592, 0, 
삼천포태양광, 3, 2026-04-12 00:00:00, 0, 0, 0, 0, 0, 0, 5.58, 52.524, 89.46, 173.844, 160.596, 138.312, 135.288, 110.844, 184.5, 81.684, 36.144, 13.716, 0.36, 0, 0, 0, 0, 0, 1182.852, 49, 184.5, 0.36, 184.5, 0, 
삼천포태양광, 4, 2026-04-12 00:00:00, 0, 0, 0, 0, 0, 0, 10.167, 81.547, 90.068, 108.899, 139.035, 93.902, 94.79, 191.95, 945.064, 447.429, 1077.943, 1176.379, 1176.621, 133.313, 0, 0, 0, 0, 5767.107, 240, 1176.62, 10.167, 1176.621, 0, 
구미태양광, 1, 2026-04-12 00:00:00, 0, 0, 0, 0, 0, 0, 4.05, 85.116, 280.007, 443.223, 531.883, 649.54, 519.806, 556.036, 388.625, 359.916, 203.28, 145.21, 41.22, 0, 0, 0, 0, 0, 4207.912, 175, 649.54, 4.05, 649.54, 0, 
삼천포태양광#6, 1, 2026-04-12 00:00:00, 0, 0, 0, 0, 0, 0, 0, 0, 0, 0, 0, 0, 0, 0, 0, 0, 0, 0, 0, 0, 0, 0, 0, 0, 0, 0, 0, 0, 0, 0, 
영흥태양광#5, 1, 2026-04-12 00:00:00, 0, 0, 0, 0, 0, 0, 36.158, 224.179, 537.547, 1634.337, 2340.621, 2569.621, 2528.642, 2364.726, 2039.305, 1388.463, 1053.4, 498.979, 103.653, 0, 0, 0, 0, 0, 17319.631, 722, 2569.62, 36.158, 2569.621, 0, 
영흥태양광 #3, 1, 2026-04-12 00:00:00, 0, 0, 0, 0, 0, 0, 0, 184.08, 437.52, 1701.12, 2335.92, 2681.04, 2322.72, 2549.28, 2339.04, 1682.88, 1264.8, 596.64, 123.6, 0, 0, 0, 0, 0, 18218.64, 759, 2681.04, 123.6, 2681.04, 0, 
영흥태양광 #3, 2, 2026-04-12 00:00:00, 0, 0, 0, 0, 0, 0, 2.976, 46.08, 124.128, 411.36, 562.56, 618.624, 628.608, 591.84, 528.288, 372.576, 275.328, 126.528, 23.232, 0, 0, 0, 0, 0, 4312.128, 180, 628.6, 2.976, 628.608, 0, 
영흥태양광 #3, 3, 2026-04-12 00:00:00, 0, 0, 0, 0, 0, 0, 12.48, 86.16, 238.08, 644.88, 779.28, 876.96, 865.08, 818.88, 714.96, 474.36, 366.72, 169.68, 38.64, 0, 0, 0, 0, 0, 6086.16, 254, 876.96, 12.48, 876.96, 0, 
영흥태양광, 1, 2026-04-12 00:00:00, 0, 0, 0, 0, 0, 0, 4.378, 49.267, 206.515, 475.162, 622.81, 714.048, 710.131, 666.931, 592.435, 421.978, 290.304, 135.936, 29.184, 0, 0, 0, 0, 0, 4919.079, 205, 714.04, 4.378, 714.048, 0, 
예천태양광, 1, 2026-04-12 00:00:00, 0, 0, 0, 0, 0, 0, 32.94, 330.66, 763.38, 1024.74, 2.88, 0, 0, 0, 0, 0, 0, 0, 0, 0, 0, 0, 0, 0, 2154.6, 90, 1024.74, 2.88, 1024.74, 0, 
여수태양광, 1, 2026-04-12 00:00:00, 0, 0, 0, 0, 0, 0, 0, 0, 0, 0, 0, 0, 0, 0, 0, 0, 0, 0, 0, 0, 0, 0, 0, 638.8, 638.8, 27, 638.8, 638.8, 638.8, 0, 
영흥태양광, 2, 2026-04-12 00:00:00, 0, 0, 0, 0, 0, 0, 4.821, 53.032, 142.703, 457.036, 575.634, 636.379, 630.594, 593.954, 537.065, 372.185, 269.015, 124.383, 26.998, 0, 0, 0, 0, 0, 4423.799, 184, 636.37, 4.82, 636.379, 0, 
탑선태양광, 1, 2026-04-12 00:00:00, 0, 0, 0, 0, 0, 0, 0, 0, 0, 0, 0, 0, 0, 0, 0, 0, 0, 0, 0, 0, 0, 0, 0, 946, 946, 39, 946, 946, 946, 0, 
탑선태양광, 3, 2026-04-12 00:00:00, 0, 0, 0, 0, 0, 0, 0, 0, 0, 0, 0, 0, 0, 0, 0, 0, 0, 0, 0, 0, 0, 0, 0, 285, 285, 12, 285, 285, 285, 0, 
경상대태양광, 1, 2026-04-12 00:00:00, 0, 0, 0, 0, 0, 0, 7.632, 90, 233.856, 286.416, 423.432, 99.36, 302.832, 365.76, 362.088, 262.872, 206.568, 82.728, 3.312, 0, 0, 0, 0, 0, 2726.856, 114, 423.43, 3.312, 423.432, 0, 
고흥만 수상태양광, 1, 2026-04-12 00:00:00, 0, 0, 0, 0, 0, 0, 1718.808, 11537.484, 20952.456, 28595.616, 27119.904, 26594.4, 26463.696, 28707.504, 20325.9, 13757.772, 5356.26, 2366.868, 563.724, 0, 0, 0, 0, 0, 214060.392, 8919, 28707.5, 563.72, 28707.504, 0, 
영동태양광, 1, 2026-04-11 00:00:00, 0, 0, 0, 0, 0, 0, 4.032, 19.68, 20.352, 21.024, 21.408, 21.12, 18.24, 408.672, 593.472, 508.032, 573.696, 690.432, 686.976, 684.768, 54.912, 0, 0, 0, 4326.816, 180, 690.43, 4.032, 690.432, 0, 
삼천포태양광#5, 1, 2026-04-11 00:00:00, 0, 0, 0, 0, 0, 0, 43.762, 636.649, 1598.554, 2407.828, 382.529, 608.873, 773.593, 1941.112, 2635.696, 1845.385, 948.876, 2511.734, 2515.274, 2481.954, 938.497, 0, 0, 0, 22270.316, 928, 2635.69, 43.76, 2635.696, 0, 
삼천포태양광#5, 2, 2026-04-11 00:00:00, 0, 0, 0, 0, 0, 0, 66.148, 1145.803, 2795.697, 4091.911, 1142.995, 1487.907, 1644.081, 3762.847, 4466.897, 3099.283, 1673.244, 4241.788, 3899.761, 3803.338, 675.143, 0, 0, 0, 37996.843, 1583, 4466.89, 66.14, 4466.897, 0, 
광양항세방태양광, 1, 2026-04-11 00:00:00, 0, 0, 0, 0, 0, 0, 48, 372, 914.4, 1492.8, 1912.8, 2114.4, 2157.6, 2054.4, 1790.4, 1303.2, 720, 350.4, 50.4, 0, 0, 0, 0, 0, 15280.8, 637, 2157.6, 48, 2157.6, 0, 
두산엔진MG태양광, 1, 2026-04-11 00:00:00, 0, 0, 0, 0, 0, 0, 1.32, 3.54, 9.3, 24.66, 39.18, 50.04, 35.16, 21.96, 21, 33.84, 32.34, 13.68, 1.92, 0, 0, 0, 0, 0, 287.94, 12, 50.04, 1.32, 50.04, 0, 
삼천포태양광, 1, 2026-04-11 00:00:00, 0, 0, 0, 0, 0, 0, 0.012, 3.972, 16.128, 26.916, 35.556, 40.524, 41.724, 40.272, 35.064, 24.036, 11.796, 4.308, 0.072, 0, 0, 0, 0, 0, 280.38, 12, 41.72, 0.01, 41.724, 0, 
삼천포태양광, 2, 2026-04-11 00:00:00, 0, 0, 0, 0, 0, 0, 14.592, 148.416, 395.616, 576.96, 691.008, 753.12, 763.2, 699.744, 616.032, 429.888, 225.216, 104.64, 14.976, 0, 0, 0, 0, 0, 5433.408, 226, 763.2, 14.592, 763.2, 0, 
삼천포태양광, 3, 2026-04-11 00:00:00, 0, 0, 0, 0, 0, 0, 5.256, 57.276, 131.004, 189.792, 228.384, 248.364, 253.332, 234.072, 204.48, 141.228, 71.568, 31.644, 3.24, 0, 0, 0, 0, 0, 1799.64, 75, 253.33, 3.24, 253.332, 0, 
삼천포태양광, 4, 2026-04-11 00:00:00, 0, 0, 0, 0, 0, 0, 6.626, 77.084, 94.037, 105.853, 98.643, 253.932, 1312.597, 1091.698, 1081.808, 765.428, 1079.369, 1181.733, 1186.516, 387.556, 0, 0, 0, 0, 8722.88, 363, 1312.59, 6.62, 1312.597, 0, 
구미태양광, 1, 2026-04-11 00:00:00, 0, 0, 0, 0, 0, 0, 4.339, 76.872, 261.205, 444.814, 565.365, 642.743, 669.644, 675.429, 604.994, 505.632, 357.023, 161.192, 42.449, 0.217, 0, 0, 0, 0, 5011.918, 209, 675.42, 0.217, 675.429, 0, 
삼천포태양광#6, 1, 2026-04-11 00:00:00, 0, 0, 0, 0, 0, 0, 0, 0, 0, 0, 0, 0, 0, 0, 0, 0, 0, 0, 0, 0, 0, 0, 0, 0, 0, 0, 0, 0, 0, 0, 
영흥태양광#5, 1, 2026-04-11 00:00:00, 0, 0, 0, 0, 0, 0, 7.232, 79.547, 231.411, 371.221, 361.579, 848.505, 1393.284, 1607.821, 1342.663, 1149.821, 1022.063, 289.263, 48.211, 0, 0, 0, 0, 0, 8752.621, 365, 1607.82, 7.232, 1607.821, 0, 
영흥태양광 #3, 1, 2026-04-11 00:00:00, 0, 0, 0, 0, 0, 0, 0, 27.84, 210.48, 366.48, 363.84, 827.04, 1544.64, 1740.72, 1384.08, 1201.68, 1122, 237.12, 34.8, 0, 0, 0, 0, 0, 9060.72, 378, 1740.72, 27.84, 1740.72, 0, 
영흥태양광 #3, 2, 2026-04-11 00:00:00, 0, 0, 0, 0, 0, 0, 0.576, 11.232, 52.224, 86.016, 80.928, 184.32, 339.84, 412.896, 336.672, 284.064, 253.632, 64.608, 7.68, 0, 0, 0, 0, 0, 2114.688, 88, 412.89, 0.576, 412.896, 0, 
영흥태양광 #3, 3, 2026-04-11 00:00:00, 0, 0, 0, 0, 0, 0, 1.68, 23.88, 73.8, 125.4, 118.56, 237.6, 450, 648.24, 447.48, 357.48, 405.6, 113.16, 15.84, 0, 0, 0, 0, 0, 3018.72, 126, 648.24, 1.68, 648.24, 0, 
영흥태양광, 1, 2026-04-11 00:00:00, 0, 0, 0, 0, 0, 0, 0, 12.787, 42.432, 92.39, 105.216, 242.381, 497.741, 572.621, 454.387, 337.69, 241.421, 86.208, 10.33, 0, 0, 0, 0, 0, 2695.604, 112, 572.62, 10.33, 572.621, 0, 
예천태양광, 1, 2026-04-11 00:00:00, 0, 0, 0, 0, 0, 0, 39.78, 304.74, 700.02, 989.28, 452.16, 1.62, 897.3, 1244.16, 1287.9, 1048.86, 678.78, 254.34, 34.74, 0, 0, 0, 0, 0, 7933.68, 331, 1287.9, 1.62, 1287.9, 0, 
여수태양광, 1, 2026-04-11 00:00:00, 0, 0, 0, 0, 0, 0, 0, 0, 0, 0, 0, 0, 0, 0, 0, 0, 0, 0, 0, 0, 0, 0, 0, 512.72, 512.72, 21, 512.72, 512.72, 512.72, 0, 
영흥태양광, 2, 2026-04-11 00:00:00, 0, 0, 0, 0, 0, 0, 0, 13.499, 53.996, 94.493, 92.564, 206.341, 398.219, 406.897, 341.331, 289.263, 262.265, 80.994, 13.499, 0, 0, 0, 0, 0, 2253.361, 94, 406.89, 13.49, 406.897, 0, 
탑선태양광, 1, 2026-04-11 00:00:00, 0, 0, 0, 0, 0, 0, 0, 0, 0, 0, 0, 0, 0, 0, 0, 0, 0, 0, 0, 0, 0, 0, 0, 946, 946, 39, 946, 946, 946, 0, 
탑선태양광, 3, 2026-04-11 00:00:00, 0, 0, 0, 0, 0, 0, 0, 0, 0, 0, 0, 0, 0, 0, 0, 0, 0, 0, 0, 0, 0, 0, 0, 285, 285, 12, 285, 285, 285, 0, 
경상대태양광, 1, 2026-04-11 00:00:00, 0, 0, 0, 0, 0, 0, 5.616, 84.888, 247.536, 395.928, 500.832, 566.496, 583.56, 536.04, 494.064, 366.768, 247.608, 102.6, 18.936, 0, 0, 0, 0, 0, 4150.872, 173, 583.56, 5.616, 583.56, 0, 
고흥만 수상태양광, 1, 2026-04-11 00:00:00, 0, 0, 0, 0, 0, 0, 1294.104, 10693.704, 25927.02, 37825.368, 46331.124, 50676.612, 52148.208, 46981.116, 37208.724, 22402.044, 17613.708, 7439.796, 1097.46, 0, 0, 0, 0, 0, 357638.988, 14902, 52148.2, 1097.46, 52148.208, 0, 
영동태양광, 1, 2026-04-10 00:00:00, 0, 0, 0, 0, 0, 0, 0, 0.48, 11.328, 19.776, 20.16, 20.352, 22.08, 20.448, 22.944, 333.6, 587.232, 690.72, 191.712, 0, 0, 0, 0, 0, 1940.832, 81, 690.72, 0.48, 690.72, 0, 
삼천포태양광#5, 1, 2026-04-10 00:00:00, 0, 0, 0, 0, 0, 0, 0.378, 167.926, 802.584, 2053.246, 587.202, 859.164, 854.675, 1267.781, 2850.096, 2269.073, 1460.451, 2491.05, 2509.064, 2492.39, 1118.362, 0, 0, 0, 21783.442, 908, 2850.09, 0.378, 2850.096, 0, 
삼천포태양광#5, 2, 2026-04-10 00:00:00, 0, 0, 0, 0, 0, 0, 0.742, 290.572, 1308.008, 3360.683, 845.35, 1736.511, 1864.156, 3142.342, 4839.356, 3845.452, 2521.651, 4257.147, 3935.983, 3806.569, 930.398, 0, 0, 0, 36684.92, 1529, 4839.35, 0.74, 4839.356, 0, 
광양항세방태양광, 1, 2026-04-10 00:00:00, 0, 0, 0, 0, 0, 0, 4.8, 242.4, 487.2, 624, 880.8, 1113.6, 1334.4, 2044.8, 2059.2, 1608, 717.6, 333.6, 60, 0, 0, 0, 0, 0, 11510.4, 480, 2059.2, 4.8, 2059.2, 0, 
두산엔진MG태양광, 1, 2026-04-10 00:00:00, 0, 0, 0, 0, 0, 0, 0.96, 5.1, 14.16, 23.46, 38.04, 40.44, 29.52, 50.7, 58.92, 54.06, 44.46, 27.42, 4.62, 0, 0, 0, 0, 0, 391.86, 16, 58.92, 0.96, 58.92, 0, 
삼천포태양광, 1, 2026-04-10 00:00:00, 0, 0, 0, 0, 0, 0, 0, 1.872, 9.828, 24.408, 34.464, 39.792, 43.38, 41.88, 35.82, 30.156, 19.392, 6.54, 0.12, 0, 0, 0, 0, 0, 287.652, 12, 43.38, 0.12, 43.38, 0, 
삼천포태양광, 2, 2026-04-10 00:00:00, 0, 0, 0, 0, 0, 0, 0.672, 47.712, 199.008, 499.296, 676.704, 739.584, 781.44, 738.24, 640.608, 513.504, 326.784, 129.984, 20.352, 0, 0, 0, 0, 0, 5313.888, 221, 781.44, 0.672, 781.44, 0, 
삼천포태양광, 3, 2026-04-10 00:00:00, 0, 0, 0, 0, 0, 0, 0.072, 12.276, 63.324, 169.596, 226.44, 246.78, 260.64, 248.076, 213.3, 172.44, 109.332, 41.652, 4.356, 0, 0, 0, 0, 0, 1768.284, 74, 260.64, 0.072, 260.64, 0, 
삼천포태양광, 4, 2026-04-10 00:00:00, 0, 0, 0, 0, 0, 0, 0.055, 35.142, 88.192, 110.358, 114.28, 158.014, 563.945, 1170.501, 1155.132, 927.307, 1147.834, 1184.428, 1189.489, 636.417, 0, 0, 0, 0, 8481.094, 353, 1189.48, 0.055, 1189.489, 0, 
구미태양광, 1, 2026-04-10 00:00:00, 0, 0, 0, 0, 0, 0, 0, 27.625, 116.645, 73.69, 85.839, 77.306, 251.948, 316.743, 192.505, 253.105, 237.268, 58.431, 5.568, 0, 0, 0, 0, 0, 1696.673, 71, 316.74, 5.568, 316.743, 0, 
삼천포태양광#6, 1, 2026-04-10 00:00:00, 0, 0, 0, 0, 0, 0, 0, 0, 0, 0, 0, 0, 0, 0, 0, 0, 0, 0, 0, 0, 0, 0, 0, 0, 0, 0, 0, 0, 0, 0, 
영흥태양광#5, 1, 2026-04-10 00:00:00, 0, 0, 0, 0, 0, 0, 0, 28.926, 67.495, 229, 535.137, 1178.747, 1087.147, 1940.474, 1359.537, 1140.179, 720.747, 221.768, 14.463, 0, 0, 0, 0, 0, 8523.62, 355, 1940.47, 14.463, 1940.474, 0, 
영흥태양광 #3, 1, 2026-04-10 00:00:00, 0, 0, 0, 0, 0, 0, 0, 0, 9.36, 239.28, 482.88, 725.76, 1204.08, 1936.8, 1585.92, 1108.8, 570, 421.2, 200.64, 12.72, 0, 0, 0, 0, 8497.44, 354, 1936.8, 9.36, 1936.8, 0, 
영흥태양광 #3, 2, 2026-04-10 00:00:00, 0, 0, 0, 0, 0, 0, 0, 2.208, 6.144, 48.864, 0.096, 288.288, 262.944, 481.248, 337.44, 314.688, 213.696, 68.064, 0.768, 0, 0, 0, 0, 0, 2024.448, 84, 481.24, 0.096, 481.248, 0, 
영흥태양광 #3, 3, 2026-04-10 00:00:00, 0, 0, 0, 0, 0, 0, 0, 9.12, 20.76, 97.2, 141.96, 336.12, 341.76, 728.04, 512.76, 426.6, 343.44, 102.48, 1.68, 0, 0, 0, 0, 0, 3061.92, 128, 728.04, 1.68, 728.04, 0, 
영흥태양광, 1, 2026-04-10 00:00:00, 0, 0, 0, 0, 0, 0, 0, 0.346, 4.07, 31.219, 53.568, 93.773, 205.67, 603.494, 429.926, 367.718, 275.366, 55.373, 0, 0, 0, 0, 0, 0, 2120.523, 88, 603.49, 0.346, 603.494, 0, 
예천태양광, 1, 2026-04-10 00:00:00, 0, 0, 0, 0, 0, 0, 0, 0.9, 10.08, 72.54, 84.06, 99.54, 132.3, 164.88, 216.18, 97.56, 48.24, 34.74, 0.18, 0, 0, 0, 0, 0, 961.2, 40, 216.18, 0.18, 216.18, 0, 
여수태양광, 1, 2026-04-10 00:00:00, 0, 0, 0, 0, 0, 0, 0, 0, 0, 0, 0, 0, 0, 0, 0, 0, 0, 0, 0, 0, 0, 0, 0, 814.05, 814.05, 34, 814.05, 814.05, 814.05, 0, 
영흥태양광, 2, 2026-04-10 00:00:00, 0, 0, 0, 0, 0, 0, 0, 0.964, 9.642, 61.709, 120.526, 259.373, 278.657, 483.069, 354.829, 266.122, 214.055, 61.709, 0.964, 0, 0, 0, 0, 0, 2111.619, 88, 483.06, 0.96, 483.069, 0, 
탑선태양광, 1, 2026-04-10 00:00:00, 0, 0, 0, 0, 0, 0, 0, 0, 0, 0, 0, 0, 0, 0, 0, 0, 0, 0, 0, 0, 0, 0, 0, 946, 946, 39, 946, 946, 946, 0, 
탑선태양광, 3, 2026-04-10 00:00:00, 0, 0, 0, 0, 0, 0, 0, 0, 0, 0, 0, 0, 0, 0, 0, 0, 0, 0, 0, 0, 0, 0, 0, 285, 285, 12, 285, 285, 285, 0, 
경상대태양광, 1, 2026-04-10 00:00:00, 0, 0, 0, 0, 0, 0, 4.392, 47.736, 142.128, 320.328, 470.448, 530.064, 595.584, 584.136, 538.488, 452.736, 325.368, 164.088, 29.088, 0, 0, 0, 0, 0, 4204.584, 175, 595.58, 4.392, 595.584, 0, 
고흥만 수상태양광, 1, 2026-04-10 00:00:00, 0, 0, 0, 0, 0, 0, 681.744, 4114.068, 5343.744, 5244.708, 8404.452, 15111.852, 41463.24, 46571.868, 44559.48, 38079.048, 22040.592, 10896.144, 1688.316, 0, 0, 0, 0, 0, 244199.256, 10175, 46571.86, 681.74, 46571.868, 0, 
영동태양광, 1, 2026-04-09 00:00:00, 0, 0, 0, 0, 0, 0, 2.688, 62.304, 189.216, 201.792, 100.416, 121.056, 61.632, 66.72, 37.632, 25.632, 399.36, 687.36, 685.92, 301.248, 0, 0, 0, 0, 2942.976, 123, 687.36, 2.688, 687.36, 0, 
삼천포태양광#5, 1, 2026-04-09 00:00:00, 0, 0, 0, 0, 0, 0, 0, 5.945, 74.987, 29.867, 57.844, 64.768, 67.33, 88.779, 68.756, 10.251, 10.832, 30.627, 0, 0, 0, 0, 0, 0, 509.986, 21, 88.77, 5.945, 88.779, 0, 
삼천포태양광#5, 2, 2026-04-09 00:00:00, 0, 0, 0, 0, 0, 0, 0, 13.821, 140.589, 55.098, 106.761, 119.991, 143.133, 159.255, 118.337, 23.093, 30.782, 51.671, 0, 0, 0, 0, 0, 0, 962.531, 40, 159.25, 13.82, 159.255, 0, 
광양항세방태양광, 1, 2026-04-09 00:00:00, 0, 0, 0, 0, 0, 0, 0, 4.8, 28.8, 9.6, 26.4, 76.8, 48, 52.8, 9.6, 40.8, 12, 2.4, 0, 0, 0, 0, 0, 0, 312, 13, 76.8, 2.4, 76.8, 0, 
두산엔진MG태양광, 1, 2026-04-09 00:00:00, 0, 0, 0, 0, 0, 0, 0.06, 0.78, 5.28, 3, 2.04, 6.48, 9.18, 7.86, 9.96, 4.8, 4.74, 1.02, 0.06, 0, 0, 0, 0, 0, 55.26, 2, 9.96, 0.06, 9.96, 0, 
삼천포태양광, 1, 2026-04-09 00:00:00, 0, 0, 0, 0, 0, 0, 0, 0, 0.132, 0, 0.156, 0.156, 0.024, 0.468, 0.3, 0, 0, 0, 0, 0, 0, 0, 0, 0, 1.236, 0, 0.46, 0.024, 0.468, 0, 
삼천포태양광, 2, 2026-04-09 00:00:00, 0, 0, 0, 0, 0, 0, 0, 5.856, 23.616, 10.944, 21.024, 25.728, 22.176, 38.304, 30.048, 11.52, 7.488, 0.288, 0, 0, 0, 0, 0, 0, 196.992, 8, 38.3, 0.288, 38.304, 0, 
삼천포태양광, 3, 2026-04-09 00:00:00, 0, 0, 0, 0, 0, 0, 0, 0.252, 4.284, 1.512, 3.96, 5.076, 3.924, 9.612, 6.768, 1.656, 0.972, 0, 0, 0, 0, 0, 0, 0, 38.016, 2, 9.61, 0.252, 9.612, 0, 
삼천포태양광, 4, 2026-04-09 00:00:00, 0, 0, 0, 0, 0, 0, 0, 1.29, 23.599, 10.795, 14.931, 20.873, 26.249, 31.239, 22.179, 1.32, 4.194, 14.381, 0, 0, 0, 0, 0, 0, 171.05, 7, 31.23, 1.29, 31.239, 0, 
구미태양광, 1, 2026-04-09 00:00:00, 0, 0, 0, 0, 0, 0, 0, 8.099, 64.506, 50.476, 48.524, 100.23, 58.07, 32.831, 34.278, 20.61, 41.003, 2.965, 1.085, 0, 0, 0, 0, 0, 462.677, 19, 100.23, 1.085, 100.23, 0, 
삼천포태양광#6, 1, 2026-04-09 00:00:00, 0, 0, 0, 0, 0, 0, 0, 0, 0, 0, 0, 0, 0, 0, 0, 0, 0, 0, 0, 0, 0, 0, 0, 0, 0, 0, 0, 0, 0, 0, 
영흥태양광#5, 1, 2026-04-09 00:00:00, 0, 0, 0, 0, 0, 0, 4.821, 40.979, 79.547, 178.379, 229, 226.589, 142.221, 139.811, 127.758, 91.6, 115.705, 50.621, 0, 0, 0, 0, 0, 0, 1427.031, 59, 229, 4.821, 229, 0, 
영흥태양광 #3, 1, 2026-04-09 00:00:00, 0, 0, 0, 0, 0, 0, 0, 0, 23.28, 164.88, 226.08, 217.68, 136.08, 114.96, 106.08, 29.76, 75.6, 0.96, 0, 0, 0, 0, 0, 0, 1095.36, 46, 226.08, 0.96, 226.08, 0, 
영흥태양광 #3, 2, 2026-04-09 00:00:00, 0, 0, 0, 0, 0, 0, 0.288, 4.224, 12.768, 39.264, 52.896, 51.744, 31.488, 29.28, 26.4, 10.656, 21.408, 4.896, 0.096, 0, 0, 0, 0, 0, 285.408, 12, 52.89, 0.096, 52.896, 0, 
영흥태양광 #3, 3, 2026-04-09 00:00:00, 0, 0, 0, 0, 0, 0, 0.6, 12.24, 24.12, 60.48, 87.6, 81.48, 59.16, 54.12, 52.08, 28.2, 35.28, 19.8, 0.96, 0, 0, 0, 0, 0, 516.12, 22, 87.6, 0.6, 87.6, 0, 
영흥태양광, 1, 2026-04-09 00:00:00, 0, 0, 0, 0, 0, 0, 0, 5.069, 12.518, 45.965, 67.776, 66.394, 48.998, 35.021, 27.917, 18.47, 26.496, 11.443, 0, 0, 0, 0, 0, 0, 366.067, 15, 67.77, 5.069, 67.776, 0, 
예천태양광, 1, 2026-04-09 00:00:00, 0, 0, 0, 0, 0, 0, 0.36, 40.32, 105.12, 64.08, 186.84, 267.3, 61.38, 29.7, 12.6, 5.22, 10.08, 0, 0, 0, 0, 0, 0, 0, 783, 33, 267.3, 0.36, 267.3, 0, 
여수태양광, 1, 2026-04-09 00:00:00, 0, 0, 0, 0, 0, 0, 0, 0, 0, 0, 0, 0, 0, 0, 0, 0, 0, 0, 0, 0, 0, 0, 0, 550, 550, 23, 550, 550, 550, 0, 
영흥태양광, 2, 2026-04-09 00:00:00, 0, 0, 0, 0, 0, 0, 0, 4.821, 14.463, 45.318, 62.674, 60.745, 40.497, 36.64, 34.712, 20.248, 27.962, 6.749, 0, 0, 0, 0, 0, 0, 354.829, 15, 62.67, 4.82, 62.674, 0, 
탑선태양광, 1, 2026-04-09 00:00:00, 0, 0, 0, 0, 0, 0, 0, 0, 0, 0, 0, 0, 0, 0, 0, 0, 0, 0, 0, 0, 0, 0, 0, 946, 946, 39, 946, 946, 946, 0, 
탑선태양광, 3, 2026-04-09 00:00:00, 0, 0, 0, 0, 0, 0, 0, 0, 0, 0, 0, 0, 0, 0, 0, 0, 0, 0, 0, 0, 0, 0, 0, 285, 285, 12, 285, 285, 285, 0, 
경상대태양광, 1, 2026-04-09 00:00:00, 0, 0, 0, 0, 0, 0, 0, 0.216, 25.272, 10.224, 3.6, 47.592, 32.904, 64.008, 23.832, 15.624, 7.848, 0.072, 0, 0, 0, 0, 0, 0, 231.192, 10, 64, 0.072, 64.008, 0, 
고흥만 수상태양광, 1, 2026-04-09 00:00:00, 0, 0, 0, 0, 0, 0, 0, 160.524, 624.876, 826.476, 1635.144, 1196.832, 516.264, 1318.716, 304.836, 461.496, 93.744, 29.148, 0, 0, 0, 0, 0, 0, 7168.056, 299, 1635.14, 29.14, 1635.144, 0, 
영동태양광, 1, 2026-04-08 00:00:00, 0, 0, 0, 0, 0, 0, 4.896, 19.68, 20.352, 20.16, 20.544, 20.352, 524.256, 816.576, 625.344, 60.192, 444.864, 294.336, 60.288, 0, 0, 0, 0, 0, 2931.84, 122, 816.57, 4.896, 816.576, 0, 
삼천포태양광#5, 1, 2026-04-08 00:00:00, 0, 0, 0, 0, 0, 0, 32.049, 638.592, 1652.398, 2490.572, 475.721, 742.368, 856.927, 2468.069, 3039.858, 2459.351, 1581.922, 2476.855, 2507.565, 2499.266, 1194.088, 0, 0, 0, 25115.601, 1046, 3039.85, 32.049, 3039.858, 0, 
삼천포태양광#5, 2, 2026-04-08 00:00:00, 0, 0, 0, 0, 0, 0, 49.766, 1136.761, 2878.4, 4217.789, 1291.076, 1754.379, 1964.117, 4461.692, 5158.241, 4167.07, 2767.923, 4244.136, 3897.138, 3810.052, 1057.616, 0, 0, 0, 42856.156, 1786, 5158.24, 49.76, 5158.241, 0, 
광양항세방태양광, 1, 2026-04-08 00:00:00, 0, 0, 0, 0, 0, 0, 40.8, 321.6, 823.2, 1399.2, 1814.4, 2054.4, 2155.2, 2169.6, 2013.6, 1660.8, 1168.8, 475.2, 60, 0, 0, 0, 0, 0, 16156.8, 673, 2169.6, 40.8, 2169.6, 0, 
두산엔진MG태양광, 1, 2026-04-08 00:00:00, 0, 0, 0, 0, 0, 0, 1.26, 3.42, 8.76, 24.24, 39.06, 51.36, 52.5, 59.16, 45.48, 57.24, 49.08, 33.42, 5.1, 0, 0, 0, 0, 0, 430.08, 18, 59.16, 1.26, 59.16, 0, 
삼천포태양광, 1, 2026-04-08 00:00:00, 0, 0, 0, 0, 0, 0, 0, 3.756, 16.38, 27.84, 36.912, 42.156, 43.932, 44.304, 40.38, 33.408, 21, 7.308, 0, 0, 0, 0, 0, 0, 317.376, 13, 44.3, 3.756, 44.304, 0, 
삼천포태양광, 2, 2026-04-08 00:00:00, 0, 0, 0, 0, 0, 0, 12, 140.256, 403.2, 593.472, 712.32, 782.688, 796.032, 777.312, 694.272, 544.896, 349.344, 148.32, 15.936, 0, 0, 0, 0, 0, 5970.048, 249, 796.03, 12, 796.032, 0, 
삼천포태양광, 3, 2026-04-08 00:00:00, 0, 0, 0, 0, 0, 0, 3.672, 56.988, 133.884, 196.164, 237.78, 259.128, 264.204, 254.268, 228.924, 188.748, 123.804, 49.212, 2.988, 0, 0, 0, 0, 0, 1999.764, 83, 264.2, 2.988, 264.204, 0, 
삼천포태양광, 4, 2026-04-08 00:00:00, 0, 0, 0, 0, 0, 0, 5.545, 72.477, 94.241, 105.664, 97.947, 408.813, 1376.94, 1257.272, 1242.325, 1018.363, 1165.594, 1186.32, 1188.113, 758.049, 0, 0, 0, 0, 9977.663, 416, 1376.94, 5.545, 1376.94, 0, 
구미태양광, 1, 2026-04-08 00:00:00, 0, 0, 0, 0, 0, 0, 0.217, 77.667, 283.044, 481.045, 610.201, 691.99, 728.799, 715.492, 649.107, 549.672, 401.28, 205.666, 39.412, 0, 0, 0, 0, 0, 5433.592, 226, 728.79, 0.217, 728.799, 0, 
삼천포태양광#6, 1, 2026-04-08 00:00:00, 0, 0, 0, 0, 0, 0, 0, 0, 0, 0, 0, 0, 0, 0, 0, 0, 0, 0, 0, 0, 0, 0, 0, 0, 0, 0, 0, 0, 0, 0, 
영흥태양광#5, 1, 2026-04-08 00:00:00, 0, 0, 0, 0, 0, 0, 45.8, 484.516, 1200.442, 1860.926, 2328.568, 2591.316, 2680.505, 2608.189, 2350.263, 1923.6, 1311.326, 590.579, 74.726, 0, 0, 0, 0, 0, 20050.756, 835, 2680.5, 45.8, 2680.505, 0, 
영흥태양광 #3, 1, 2026-04-08 00:00:00, 0, 0, 0, 0, 0, 0, 0, 440.4, 1210.08, 1908.24, 2416.32, 2713.2, 2819.04, 2743.92, 2488.8, 737.28, 1187.76, 279.36, 296.16, 62.64, 0, 0, 0, 0, 19303.2, 804, 2819.04, 62.64, 2819.04, 0, 
영흥태양광 #3, 2, 2026-04-08 00:00:00, 0, 0, 0, 0, 0, 0, 6.24, 102.144, 280.992, 449.088, 559.872, 624.864, 644.448, 628.416, 574.464, 473.952, 329.088, 152.64, 19.2, 0, 0, 0, 0, 0, 4845.408, 202, 644.44, 6.24, 644.448, 0, 
영흥태양광 #3, 3, 2026-04-08 00:00:00, 0, 0, 0, 0, 0, 0, 10.92, 132.24, 392.4, 621.6, 777.12, 862.8, 888.72, 863.16, 785.64, 657, 457.08, 210.48, 29.88, 0, 0, 0, 0, 0, 6689.04, 279, 888.72, 10.92, 888.72, 0, 
영흥태양광, 1, 2026-04-08 00:00:00, 0, 0, 0, 0, 0, 0, 1.882, 70.771, 270.298, 461.798, 624.499, 721.037, 748.838, 730.406, 660.48, 542.131, 375.36, 167.731, 20.237, 0, 0, 0, 0, 0, 5395.468, 225, 748.83, 1.882, 748.838, 0, 
예천태양광, 1, 2026-04-08 00:00:00, 0, 0, 0, 0, 0, 0, 27.36, 321.12, 767.16, 1116.36, 1350, 1472.76, 1507.86, 1449.18, 1304.1, 1060.74, 713.52, 269.1, 15.48, 0, 0, 0, 0, 0, 11374.74, 474, 1507.86, 15.48, 1507.86, 0, 
여수태양광, 1, 2026-04-08 00:00:00, 0, 0, 0, 0, 0, 0, 0, 0, 0, 0, 0, 0, 0, 0, 0, 0, 0, 0, 0, 0, 0, 0, 0, 747, 747, 31, 747, 747, 747, 0, 
영흥태양광, 2, 2026-04-08 00:00:00, 0, 0, 0, 0, 0, 0, 6.749, 101.242, 280.585, 459.928, 579.491, 643.128, 661.448, 644.093, 574.669, 458, 310.476, 142.703, 18.32, 0, 0, 0, 0, 0, 4880.832, 203, 661.44, 6.74, 661.448, 0, 
탑선태양광, 1, 2026-04-08 00:00:00, 0, 0, 0, 0, 0, 0, 0, 0, 0, 0, 0, 0, 0, 0, 0, 0, 0, 0, 0, 0, 0, 0, 0, 946, 946, 39, 946, 946, 946, 0, 
탑선태양광, 3, 2026-04-08 00:00:00, 0, 0, 0, 0, 0, 0, 0, 0, 0, 0, 0, 0, 0, 0, 0, 0, 0, 0, 0, 0, 0, 0, 0, 285, 285, 12, 285, 285, 285, 0, 
경상대태양광, 1, 2026-04-08 00:00:00, 0, 0, 0, 0, 0, 0, 3.888, 77.256, 246.816, 408.312, 515.304, 580.896, 619.2, 614.952, 564.552, 475.848, 346.392, 174.312, 29.088, 0, 0, 0, 0, 0, 4656.816, 194, 619.2, 3.888, 619.2, 0, 
고흥만 수상태양광, 1, 2026-04-08 00:00:00, 0, 0, 0, 0, 0, 0, 1150.8, 11263.476, 26828.928, 39994.584, 49141.764, 53852.232, 55986.504, 53728.5, 48457.416, 39769.632, 27904.632, 11387.544, 1723.68, 0, 0, 0, 0, 0, 421189.692, 17550, 55986.5, 1150.8, 55986.504, 0, 
영동태양광, 1, 2026-04-07 00:00:00, 0, 0, 0, 0, 0, 0, 3.648, 19.68, 20.544, 21.312, 21.984, 22.848, 525.408, 802.272, 761.088, 658.08, 635.232, 692.736, 688.608, 686.592, 208.608, 0, 0, 0, 5768.64, 240, 802.27, 3.648, 802.272, 0, 
삼천포태양광#5, 1, 2026-04-07 00:00:00, 0, 0, 0, 0, 0, 0, 29.137, 580.828, 1669.538, 2568.66, 667.2, 955.994, 1009.08, 2366.638, 3106.379, 2503.121, 1657.347, 2487.894, 2512.156, 2498.953, 1179.453, 0, 0, 0, 25792.378, 1075, 3106.37, 29.13, 3106.379, 0, 
삼천포태양광#5, 2, 2026-04-07 00:00:00, 0, 0, 0, 0, 0, 0, 46.293, 1025.706, 2930.604, 4369.465, 1576.342, 2060.906, 2217.028, 4256.959, 5278.843, 4230.765, 2845.311, 4262.789, 3920.055, 3808.615, 1167.899, 0, 0, 0, 43997.58, 1833, 5278.84, 46.29, 5278.843, 0, 
광양항세방태양광, 1, 2026-04-07 00:00:00, 0, 0, 0, 0, 0, 0, 48, 302.4, 811.2, 1399.2, 1848, 2172, 2284.8, 2251.2, 2090.4, 1742.4, 1204.8, 504, 72, 0, 0, 0, 0, 0, 16730.4, 697, 2284.8, 48, 2284.8, 0, 
두산엔진MG태양광, 1, 2026-04-07 00:00:00, 0, 0, 0, 0, 0, 0, 1.14, 3.42, 8.34, 24.84, 41.34, 54.42, 43.98, 38.7, 38.88, 54.06, 49.86, 33.18, 5.46, 0, 0, 0, 0, 0, 397.62, 17, 54.42, 1.14, 54.42, 0, 
삼천포태양광, 1, 2026-04-07 00:00:00, 0, 0, 0, 0, 0, 0, 0.012, 3.768, 16.584, 28.32, 37.956, 43.392, 45.564, 45.204, 40.776, 32.916, 22.32, 7.944, 0.036, 0, 0, 0, 0, 0, 324.792, 14, 45.56, 0.012, 45.564, 0, 
삼천포태양광, 2, 2026-04-07 00:00:00, 0, 0, 0, 0, 0, 0, 9.984, 131.808, 407.136, 610.464, 743.328, 813.024, 826.752, 798.336, 708.768, 561.984, 363.84, 150.912, 20.256, 0, 0, 0, 0, 0, 6146.592, 256, 826.75, 9.984, 826.752, 0, 
삼천포태양광, 3, 2026-04-07 00:00:00, 0, 0, 0, 0, 0, 0, 3.312, 52.488, 138.384, 203.76, 248.976, 273.456, 278.928, 271.584, 241.884, 192.492, 125.316, 49.608, 3.492, 0, 0, 0, 0, 0, 2083.68, 87, 278.92, 3.312, 278.928, 0, 
삼천포태양광, 4, 2026-04-07 00:00:00, 0, 0, 0, 0, 0, 0, 3.474, 77.331, 92.882, 105.276, 122.122, 457.004, 1439.867, 1293.404, 1260.498, 1020.882, 1162.974, 1185.469, 1190.118, 806.167, 0, 0, 0, 0, 10217.468, 426, 1439.86, 3.474, 1439.867, 0, 
구미태양광, 1, 2026-04-07 00:00:00, 0, 0, 0, 0, 0, 0, 0.868, 68.989, 267.207, 468.389, 639.922, 729.449, 759.316, 730.606, 670.657, 571.512, 419.504, 214.995, 41.437, 0, 0, 0, 0, 0, 5582.851, 233, 759.31, 0.868, 759.316, 0, 
삼천포태양광#6, 1, 2026-04-07 00:00:00, 0, 0, 0, 0, 0, 0, 0, 0, 0, 0, 0, 0, 0, 0, 0, 0, 0, 0, 0, 0, 0, 0, 0, 0, 0, 0, 0, 0, 0, 0, 
영흥태양광#5, 1, 2026-04-07 00:00:00, 0, 0, 0, 0, 0, 0, 38.568, 482.105, 1265.526, 1913.958, 2393.653, 2651.579, 2735.947, 2653.989, 2432.221, 1993.505, 1359.537, 605.042, 81.958, 0, 0, 0, 0, 0, 20607.588, 859, 2735.94, 38.568, 2735.947, 0, 
영흥태양광 #3, 1, 2026-04-07 00:00:00, 0, 0, 0, 0, 0, 0, 0, 364.08, 1035.12, 1852.56, 2162.64, 2345.04, 1934.16, 1277.28, 2678.88, 2281.68, 1844.88, 1212.72, 345.36, 6.96, 0, 0, 0, 0, 19341.36, 806, 2678.88, 6.96, 2678.88, 0, 
영흥태양광 #3, 2, 2026-04-07 00:00:00, 0, 0, 0, 0, 0, 0, 4.512, 101.376, 289.344, 459.84, 577.44, 650.016, 675.072, 649.536, 593.28, 490.368, 342.336, 156.96, 20.64, 0, 0, 0, 0, 0, 5010.72, 209, 675.07, 4.512, 675.072, 0, 
영흥태양광 #3, 3, 2026-04-07 00:00:00, 0, 0, 0, 0, 0, 0, 8.04, 122.04, 272.04, 647.04, 808.56, 897.96, 927, 905.16, 820.92, 681.12, 472.68, 214.32, 31.92, 0, 0, 0, 0, 0, 6808.8, 284, 927, 8.04, 927, 0, 
영흥태양광, 1, 2026-04-07 00:00:00, 0, 0, 0, 0, 0, 0, 0.998, 62.592, 276.979, 474.278, 640.973, 731.328, 764.006, 720.691, 585.638, 484.8, 331.814, 140.122, 18.893, 0, 0, 0, 0, 0, 5233.112, 218, 764, 0.998, 764.006, 0, 
예천태양광, 1, 2026-04-07 00:00:00, 0, 0, 0, 0, 0, 0, 23.22, 325.44, 806.94, 1175.58, 1431.36, 1540.26, 1570.86, 1509.48, 1360.08, 1104.12, 727.74, 270.72, 16.2, 0, 0, 0, 0, 0, 11862, 494, 1570.86, 16.2, 1570.86, 0, 
여수태양광, 1, 2026-04-07 00:00:00, 0, 0, 0, 0, 0, 0, 0, 0, 0, 0, 0, 0, 0, 0, 0, 0, 0, 0, 0, 0, 0, 0, 0, 827, 827, 34, 827, 827, 827, 0, 
영흥태양광, 2, 2026-04-07 00:00:00, 0, 0, 0, 0, 0, 0, 4.821, 97.385, 290.227, 468.606, 576.598, 652.771, 682.661, 663.377, 609.381, 485.962, 323.011, 144.632, 19.284, 0, 0, 0, 0, 0, 5018.716, 209, 682.66, 4.82, 682.661, 0, 
탑선태양광, 1, 2026-04-07 00:00:00, 0, 0, 0, 0, 0, 0, 0, 0, 0, 0, 0, 0, 0, 0, 0, 0, 0, 0, 0, 0, 0, 0, 0, 946, 946, 39, 946, 946, 946, 0, 
탑선태양광, 3, 2026-04-07 00:00:00, 0, 0, 0, 0, 0, 0, 0, 0, 0, 0, 0, 0, 0, 0, 0, 0, 0, 0, 0, 0, 0, 0, 0, 285, 285, 12, 285, 285, 285, 0, 
경상대태양광, 1, 2026-04-07 00:00:00, 0, 0, 0, 0, 0, 0, 3.816, 75.24, 251.208, 419.184, 538.056, 606.096, 630.936, 616.824, 569.808, 484.344, 357.84, 184.608, 27.792, 0, 0, 0, 0, 0, 4765.752, 199, 630.93, 3.816, 630.936, 0, 
고흥만 수상태양광, 1, 2026-04-07 00:00:00, 0, 0, 0, 0, 0, 0, 1288.644, 9518.376, 27228.768, 40236.336, 50057.28, 55964.832, 57484.728, 55767.936, 50297.016, 40206.432, 28151.088, 12968.844, 1767.108, 0, 0, 0, 0, 0, 430937.388, 17956, 57484.72, 1288.64, 57484.728, 0, 
영동태양광, 1, 2026-04-06 00:00:00, 0, 0, 0, 0, 0, 0, 5.664, 19.872, 19.872, 21.888, 22.272, 35.232, 35.136, 30.24, 22.944, 398.112, 610.176, 690.624, 685.824, 683.904, 141.984, 0, 0, 0, 3423.744, 143, 690.62, 5.664, 690.624, 0, 
삼천포태양광#5, 1, 2026-04-06 00:00:00, 0, 0, 0, 0, 0, 0, 26.923, 301.058, 521.541, 1103.997, 199.568, 191.07, 190.373, 334.977, 280.91, 125.711, 381.004, 2523.166, 1528.371, 0, 0, 0, 0, 0, 7708.669, 321, 2523.16, 26.923, 2523.166, 0, 
삼천포태양광#5, 2, 2026-04-06 00:00:00, 0, 0, 0, 0, 0, 0, 57.864, 535.215, 959.052, 1892.857, 291.124, 284.625, 294.625, 447.885, 389.093, 228.209, 743.344, 4144.172, 3329.775, 0, 0, 0, 0, 0, 13597.84, 567, 4144.17, 57.864, 4144.172, 0, 
광양항세방태양광, 1, 2026-04-06 00:00:00, 0, 0, 0, 0, 0, 0, 24, 220.8, 434.4, 866.4, 1075.2, 1320, 748.8, 561.6, 412.8, 223.2, 160.8, 43.2, 9.6, 0, 0, 0, 0, 0, 6100.8, 254, 1320, 9.6, 1320, 0, 
두산엔진MG태양광, 1, 2026-04-06 00:00:00, 0, 0, 0, 0, 0, 0, 1.08, 6.48, 8.88, 18.6, 17.46, 9.78, 22.5, 15.78, 26.7, 10.92, 6.84, 5.34, 0.78, 0, 0, 0, 0, 0, 151.14, 6, 26.7, 0.78, 26.7, 0, 
삼천포태양광, 1, 2026-04-06 00:00:00, 0, 0, 0, 0, 0, 0, 0.096, 2.784, 6.432, 14.976, 11.1, 12.552, 15.456, 20.232, 16.284, 2.22, 4.008, 2.424, 0, 0, 0, 0, 0, 0, 108.564, 5, 20.23, 0.09, 20.232, 0, 
삼천포태양광, 2, 2026-04-06 00:00:00, 0, 0, 0, 0, 0, 0, 12.096, 76.224, 132.384, 273.12, 222.432, 233.472, 269.184, 331.68, 254.88, 75.072, 92.064, 67.392, 8.64, 0, 0, 0, 0, 0, 2048.64, 85, 331.68, 8.64, 331.68, 0, 
삼천포태양광, 3, 2026-04-06 00:00:00, 0, 0, 0, 0, 0, 0, 3.06, 22.176, 40.536, 83.268, 67.932, 70.704, 91.512, 108.396, 79.668, 19.152, 27.108, 19.548, 1.692, 0, 0, 0, 0, 0, 634.752, 26, 108.39, 1.692, 108.396, 0, 
삼천포태양광, 4, 2026-04-06 00:00:00, 0, 0, 0, 0, 0, 0, 8.902, 88.398, 89.478, 106.274, 96.579, 94.442, 94.602, 94.491, 110.749, 84.84, 875.748, 1053.102, 2.877, 0, 0, 0, 0, 0, 2800.482, 117, 1053.1, 2.877, 1053.102, 0, 
구미태양광, 1, 2026-04-06 00:00:00, 0, 0, 0, 0, 0, 0, 0.723, 12.945, 0.072, 64.867, 36.303, 62.77, 33.988, 167.773, 67.615, 16.271, 22.49, 8.027, 5.785, 0, 0, 0, 0, 0, 499.629, 21, 167.77, 0.072, 167.773, 0, 
삼천포태양광#6, 1, 2026-04-06 00:00:00, 0, 0, 0, 0, 0, 0, 0, 0, 0, 0, 0, 0, 0, 0, 0, 0, 0, 0, 0, 0, 0, 0, 0, 0, 0, 0, 0, 0, 0, 0, 
영흥태양광#5, 1, 2026-04-06 00:00:00, 0, 0, 0, 0, 0, 0, 2.411, 142.221, 221.768, 576.116, 250.695, 807.526, 1193.211, 1260.705, 1316.147, 1427.032, 1161.874, 595.4, 77.137, 0, 0, 0, 0, 0, 9032.243, 376, 1427.03, 2.411, 1427.032, 0, 
영흥태양광 #3, 1, 2026-04-06 00:00:00, 0, 0, 0, 0, 0, 0, 0, 2.16, 214.32, 208.08, 512.88, 565.92, 650.64, 1036.08, 1417.44, 1343.28, 1498.8, 1033.92, 287.52, 0.72, 0, 0, 0, 0, 8771.76, 365, 1498.8, 0.72, 1498.8, 0, 
영흥태양광 #3, 2, 2026-04-06 00:00:00, 0, 0, 0, 0, 0, 0, 0, 26.208, 50.496, 144.864, 57.792, 206.688, 290.976, 304.8, 340.512, 364.704, 294.72, 154.944, 20.064, 0, 0, 0, 0, 0, 2256.768, 94, 364.7, 20.064, 364.704, 0, 
영흥태양광 #3, 3, 2026-04-06 00:00:00, 0, 0, 0, 0, 0, 0, 0.48, 40.8, 63.24, 189.84, 82.56, 331.68, 385.56, 429.96, 456.12, 501.96, 405.24, 212.16, 30.72, 0, 0, 0, 0, 0, 3130.32, 130, 501.96, 0.48, 501.96, 0, 
영흥태양광, 1, 2026-04-06 00:00:00, 0, 0, 0, 0, 0, 0, 0, 29.645, 51.226, 146.957, 58.483, 269.798, 281.395, 407.808, 375.744, 398.246, 328.205, 167.923, 18.893, 0, 0, 0, 0, 0, 2534.323, 106, 407.8, 18.893, 407.808, 0, 
예천태양광, 1, 2026-04-06 00:00:00, 0, 0, 0, 0, 0, 0, 0, 1.08, 63.54, 138.24, 25.2, 173.7, 232.56, 183.24, 189.72, 194.04, 223.92, 180.9, 20.34, 0, 0, 0, 0, 0, 1626.48, 68, 232.56, 1.08, 232.56, 0, 
여수태양광, 1, 2026-04-06 00:00:00, 0, 0, 0, 0, 0, 0, 0, 0, 0, 0, 0, 0, 0, 0, 0, 0, 0, 0, 0, 0, 0, 0, 0, 765, 765, 32, 765, 765, 765, 0, 
영흥태양광, 2, 2026-04-06 00:00:00, 0, 0, 0, 0, 0, 0, 0, 28.926, 53.032, 152.345, 58.817, 235.267, 295.048, 318.189, 344.223, 343.259, 285.406, 142.703, 18.32, 0, 0, 0, 0, 0, 2275.535, 95, 344.22, 18.32, 344.223, 0, 
탑선태양광, 1, 2026-04-06 00:00:00, 0, 0, 0, 0, 0, 0, 0, 0, 0, 0, 0, 0, 0, 0, 0, 0, 0, 0, 0, 0, 0, 0, 0, 946, 946, 39, 946, 946, 946, 0, 
탑선태양광, 3, 2026-04-06 00:00:00, 0, 0, 0, 0, 0, 0, 0, 0, 0, 0, 0, 0, 0, 0, 0, 0, 0, 0, 0, 0, 0, 0, 0, 285, 285, 12, 285, 285, 285, 0, 
경상대태양광, 1, 2026-04-06 00:00:00, 0, 0, 0, 0, 0, 0, 1.656, 51.336, 99.72, 200.808, 289.08, 373.968, 281.016, 171.072, 220.104, 23.256, 67.968, 2.952, 0, 0, 0, 0, 0, 0, 1782.936, 74, 373.96, 1.656, 373.968, 0, 
고흥만 수상태양광, 1, 2026-04-06 00:00:00, 0, 0, 0, 0, 0, 0, 628.992, 5402.376, 11670.456, 15981.084, 25365.06, 27049.596, 24293.724, 26352.564, 15733.452, 6700.26, 5169.948, 4881.912, 310.632, 0, 0, 0, 0, 0, 169540.056, 7064, 27049.59, 310.63, 27049.596, 0, 
영동태양광, 1, 2026-04-05 00:00:00, 0, 0, 0, 0, 0, 0, 2.784, 19.584, 20.256, 20.64, 21.408, 22.272, 187.68, 737.952, 646.176, 527.808, 606.24, 692.064, 687.36, 684.864, 149.088, 0, 0, 0, 5026.176, 209, 737.95, 2.784, 737.952, 0, 
삼천포태양광#5, 1, 2026-04-05 00:00:00, 0, 0, 0, 0, 0, 0, 32.912, 500.137, 1394.583, 2454.543, 567.218, 587.485, 534.739, 648.938, 2017.626, 2421.531, 1653.082, 2494.912, 2506.866, 2497.35, 1197.638, 0, 0, 0, 21509.56, 896, 2506.86, 32.912, 2506.866, 0, 
삼천포태양광#5, 2, 2026-04-05 00:00:00, 0, 0, 0, 0, 0, 0, 58.928, 898.729, 2435.837, 4157.668, 1221.595, 1005.189, 963.471, 1546.415, 4207.355, 4067.607, 2827.338, 4261.31, 3913.344, 3809.874, 1129.946, 0, 0, 0, 36504.606, 1521, 4261.31, 58.928, 4261.31, 0, 
광양항세방태양광, 1, 2026-04-05 00:00:00, 0, 0, 0, 0, 0, 0, 19.2, 302.4, 806.4, 1308, 1596, 1761.6, 2104.8, 2193.6, 2037.6, 1672.8, 1159.2, 477.6, 64.8, 0, 0, 0, 0, 0, 15504, 646, 2193.6, 19.2, 2193.6, 0, 
두산엔진MG태양광, 1, 2026-04-05 00:00:00, 0, 0, 0, 0, 0, 0, 0.96, 5.1, 9.84, 23.94, 38.76, 41.28, 29.52, 38.04, 30.78, 30.78, 44.76, 31.32, 5.22, 0, 0, 0, 0, 0, 330.3, 14, 44.76, 0.96, 44.76, 0, 
삼천포태양광, 1, 2026-04-05 00:00:00, 0, 0, 0, 0, 0, 0, 0, 3.888, 14.304, 27.828, 33.768, 26.988, 30.624, 41.916, 36.348, 33.888, 20.352, 5.592, 0.024, 0, 0, 0, 0, 0, 275.52, 11, 41.91, 0.024, 41.916, 0, 
삼천포태양광, 2, 2026-04-05 00:00:00, 0, 0, 0, 0, 0, 0, 13.248, 120.48, 346.368, 587.136, 642.048, 530.976, 521.28, 729.504, 625.632, 556.992, 367.2, 146.4, 18.912, 0, 0, 0, 0, 0, 5206.176, 217, 729.5, 13.248, 729.504, 0, 
삼천포태양광, 3, 2026-04-05 00:00:00, 0, 0, 0, 0, 0, 0, 3.456, 47.34, 116.532, 195.264, 213.66, 170.352, 181.728, 244.548, 208.224, 187.632, 124.668, 48.204, 3.528, 0, 0, 0, 0, 0, 1745.136, 73, 244.54, 3.456, 244.548, 0, 
삼천포태양광, 4, 2026-04-05 00:00:00, 0, 0, 0, 0, 0, 0, 7.841, 70.742, 93.443, 105.549, 128.459, 159.23, 412.903, 1226.247, 1034.131, 962.166, 1169.42, 1185.586, 1189.293, 763.391, 0, 0, 0, 0, 8508.401, 355, 1226.24, 7.841, 1226.247, 0, 
구미태양광, 1, 2026-04-05 00:00:00, 0, 0, 0, 0, 0, 0, 2.097, 66.82, 242.403, 451.54, 412.562, 503.752, 577.875, 558.35, 585.686, 388.119, 397.448, 205.738, 38.038, 0, 0, 0, 0, 0, 4430.428, 185, 585.68, 2.097, 585.686, 0, 
삼천포태양광#6, 1, 2026-04-05 00:00:00, 0, 0, 0, 0, 0, 0, 0, 0, 0, 0, 0, 0, 0, 0, 0, 0, 0, 0, 0, 0, 0, 0, 0, 0, 0, 0, 0, 0, 0, 0, 
영흥태양광#5, 1, 2026-04-05 00:00:00, 0, 0, 0, 0, 0, 0, 2.411, 110.884, 243.463, 723.158, 959.389, 1663.263, 2142.958, 2629.884, 2355.084, 1911.547, 1246.242, 508.621, 57.853, 0, 0, 0, 0, 0, 14554.757, 606, 2629.88, 2.411, 2629.884, 0, 
영흥태양광 #3, 1, 2026-04-05 00:00:00, 0, 0, 0, 0, 0, 0, 0, 59.28, 223.68, 697.2, 1022.64, 1717.68, 2288.4, 2757.36, 2481.6, 2019.36, 1248, 418.56, 31.44, 0, 0, 0, 0, 0, 14965.2, 624, 2757.36, 31.44, 2757.36, 0, 
영흥태양광 #3, 2, 2026-04-05 00:00:00, 0, 0, 0, 0, 0, 0, 0.192, 20.352, 55.776, 177.888, 243.36, 385.056, 532.512, 636.288, 571.008, 468.864, 310.272, 127.968, 12, 0, 0, 0, 0, 0, 3541.536, 148, 636.28, 0.192, 636.288, 0, 
영흥태양광 #3, 3, 2026-04-05 00:00:00, 0, 0, 0, 0, 0, 0, 0.84, 36.12, 81, 230.52, 349.8, 524.76, 735.24, 866.16, 783.36, 644.64, 426.12, 184.8, 16.92, 0, 0, 0, 0, 0, 4880.28, 203, 866.16, 0.84, 866.16, 0, 
영흥태양광, 1, 2026-04-05 00:00:00, 0, 0, 0, 0, 0, 0, 0, 17.549, 64.742, 184.397, 267.648, 395.942, 578.88, 729.446, 662.515, 541.133, 355.2, 143.808, 12.787, 0, 0, 0, 0, 0, 3954.047, 165, 729.44, 12.787, 729.446, 0, 
예천태양광, 1, 2026-04-05 00:00:00, 0, 0, 0, 0, 0, 0, 24.3, 294.84, 698.4, 1080.54, 1081.44, 1427.4, 1321.56, 1211.04, 1131.84, 1062.18, 708.3, 266.58, 14.58, 0, 0, 0, 0, 0, 10323, 430, 1427.4, 14.58, 1427.4, 0, 
여수태양광, 1, 2026-04-05 00:00:00, 0, 0, 0, 0, 0, 0, 0, 0, 0, 0, 0, 0, 0, 0, 0, 0, 0, 0, 0, 0, 0, 0, 0, 983.45, 983.45, 41, 983.45, 983.45, 983.45, 0, 
영흥태양광, 2, 2026-04-05 00:00:00, 0, 0, 0, 0, 0, 0, 0, 22.177, 60.745, 175.486, 249.731, 422.324, 544.779, 652.771, 588.168, 464.749, 296.013, 127.276, 13.499, 0, 0, 0, 0, 0, 3617.718, 151, 652.77, 13.49, 652.771, 0, 
탑선태양광, 1, 2026-04-05 00:00:00, 0, 0, 0, 0, 0, 0, 0, 0, 0, 0, 0, 0, 0, 0, 0, 0, 0, 0, 0, 0, 0, 0, 0, 946, 946, 39, 946, 946, 946, 0, 
탑선태양광, 3, 2026-04-05 00:00:00, 0, 0, 0, 0, 0, 0, 0, 0, 0, 0, 0, 0, 0, 0, 0, 0, 0, 0, 0, 0, 0, 0, 0, 285, 285, 12, 285, 285, 285, 0, 
경상대태양광, 1, 2026-04-05 00:00:00, 0, 0, 0, 0, 0, 0, 1.584, 49.104, 241.488, 383.328, 494.712, 506.232, 445.896, 525.024, 444.6, 419.832, 348.624, 180.072, 25.848, 0, 0, 0, 0, 0, 4066.344, 169, 525.02, 1.584, 525.024, 0, 
고흥만 수상태양광, 1, 2026-04-05 00:00:00, 0, 0, 0, 0, 0, 0, 751.716, 10639.44, 25854.444, 38919.552, 43946.196, 42742.896, 53993.688, 52496.556, 47641.86, 39089.652, 27090.336, 12208.056, 1675.296, 0, 0, 0, 0, 0, 397049.688, 16544, 53993.68, 751.71, 53993.688, 0, 
영동태양광, 1, 2026-04-04 00:00:00, 0, 0, 0, 0, 0, 0, 0, 0, 2.496, 0.384, 13.92, 20.16, 20.16, 19.968, 20.352, 157.344, 433.248, 498.048, 5.664, 0, 0, 0, 0, 0, 1191.744, 50, 498.04, 0.384, 498.048, 0, 
삼천포태양광#5, 1, 2026-04-04 00:00:00, 0, 0, 0, 0, 0, 0, 0, 3.23, 62.441, 221.128, 217.5, 323.13, 620.824, 679.044, 530.853, 269.313, 1631.184, 2520.558, 2517.85, 1904.33, 0, 0, 0, 0, 11501.385, 479, 2520.55, 3.23, 2520.558, 0, 
삼천포태양광#5, 2, 2026-04-04 00:00:00, 0, 0, 0, 0, 0, 0, 0, 5.653, 108.605, 379.008, 287.264, 354.343, 1028.765, 1152.916, 803.84, 502.02, 2800.261, 4230.214, 3902.726, 3947.455, 961.24, 0, 0, 0, 20464.31, 853, 4230.21, 5.65, 4230.214, 0, 
광양항세방태양광, 1, 2026-04-04 00:00:00, 0, 0, 0, 0, 0, 0, 0, 2.4, 62.4, 249.6, 520.8, 1149.6, 1562.4, 1692, 1579.2, 794.4, 890.4, 158.4, 21.6, 0, 0, 0, 0, 0, 8683.2, 362, 1692, 2.4, 1692, 0, 
두산엔진MG태양광, 1, 2026-04-04 00:00:00, 0, 0, 0, 0, 0, 0, 0, 0.48, 2.94, 2.94, 8.28, 17.34, 20.7, 30.96, 33.42, 29.94, 20.34, 7.98, 2.4, 0, 0, 0, 0, 0, 177.72, 7, 33.42, 0.48, 33.42, 0, 
삼천포태양광, 1, 2026-04-04 00:00:00, 0, 0, 0, 0, 0, 0, 0, 0, 0.348, 1.38, 7.812, 19.152, 27.456, 34.392, 19.632, 19.572, 23.076, 8.208, 0.048, 0, 0, 0, 0, 0, 161.076, 7, 34.39, 0.048, 34.392, 0, 
삼천포태양광, 2, 2026-04-04 00:00:00, 0, 0, 0, 0, 0, 0, 0, 2.592, 24, 53.952, 141.696, 340.32, 498.528, 598.464, 390.336, 346.656, 377.376, 156.96, 14.784, 0, 0, 0, 0, 0, 2945.664, 123, 598.46, 2.592, 598.464, 0, 
삼천포태양광, 3, 2026-04-04 00:00:00, 0, 0, 0, 0, 0, 0, 0, 0.432, 7.236, 16.056, 40.788, 126.54, 176.076, 196.452, 127.188, 125.748, 124.668, 48.852, 2.448, 0, 0, 0, 0, 0, 992.484, 41, 196.45, 0.432, 196.452, 0, 
삼천포태양광, 4, 2026-04-04 00:00:00, 0, 0, 0, 0, 0, 0, 0, 0.301, 14.09, 71.472, 94.996, 88.495, 160.443, 143.048, 143.426, 383.331, 1127.172, 1187.397, 1187.08, 39.191, 0, 0, 0, 0, 4640.442, 193, 1187.39, 0.301, 1187.397, 0, 
구미태양광, 1, 2026-04-04 00:00:00, 0, 0, 0, 0, 0, 0, 0, 0.868, 9.473, 22.129, 50.115, 73.473, 263.157, 348.345, 361.796, 208.92, 111.366, 58.431, 15.476, 0, 0, 0, 0, 0, 1523.549, 63, 361.79, 0.868, 361.796, 0, 
삼천포태양광#6, 1, 2026-04-04 00:00:00, 0, 0, 0, 0, 0, 0, 0, 0, 0, 0, 0, 0, 0, 0, 0, 0, 0, 0, 0, 0, 0, 0, 0, 0, 0, 0, 0, 0, 0, 0, 
영흥태양광#5, 1, 2026-04-04 00:00:00, 0, 0, 0, 0, 0, 0, 0, 149.453, 549.6, 1417.389, 2164.653, 2552.747, 2663.632, 2588.905, 2343.032, 1901.905, 1308.916, 573.705, 84.368, 0, 0, 0, 0, 0, 18298.305, 762, 2663.63, 84.368, 2663.632, 0, 
영흥태양광 #3, 1, 2026-04-04 00:00:00, 0, 0, 0, 0, 0, 0, 0, 135.12, 551.04, 1465.92, 2210.88, 2627.52, 2776.32, 2739.12, 2509.92, 2077.44, 1295.52, 435.6, 19.2, 3.84, 0, 0, 0, 0, 18847.44, 785, 2776.32, 3.84, 2776.32, 0, 
영흥태양광 #3, 2, 2026-04-04 00:00:00, 0, 0, 0, 0, 0, 0, 0, 31.392, 129.984, 345.696, 517.92, 613.248, 646.56, 640.896, 588, 479.808, 327.84, 148.608, 21.312, 0, 0, 0, 0, 0, 4491.264, 187, 646.56, 21.312, 646.56, 0, 
영흥태양광 #3, 3, 2026-04-04 00:00:00, 0, 0, 0, 0, 0, 0, 0, 49.92, 178.8, 471.12, 699, 837.96, 885.48, 873, 809.16, 670.2, 449.4, 201.48, 33.36, 0, 0, 0, 0, 0, 6158.88, 257, 885.48, 33.36, 885.48, 0, 
영흥태양광, 1, 2026-04-04 00:00:00, 0, 0, 0, 0, 0, 0, 0, 37.632, 127.488, 354.125, 563.251, 677.606, 719.078, 711.706, 665.395, 536.102, 376.704, 163.507, 22.118, 0, 0, 0, 0, 0, 4954.712, 206, 719.07, 22.118, 719.078, 0, 
예천태양광, 1, 2026-04-04 00:00:00, 0, 0, 0, 0, 0, 0, 0, 0, 0.54, 51.66, 310.5, 911.52, 819.72, 923.04, 678.96, 441.72, 228.78, 135.54, 7.92, 0, 0, 0, 0, 0, 4509.9, 188, 923.04, 0.54, 923.04, 0, 
여수태양광, 1, 2026-04-04 00:00:00, 0, 0, 0, 0, 0, 0, 0, 0, 0, 0, 0, 0, 0, 0, 0, 0, 0, 0, 0, 0, 0, 0, 0, 427.19, 427.19, 18, 427.19, 427.19, 427.19, 0, 
영흥태양광, 2, 2026-04-04 00:00:00, 0, 0, 0, 0, 0, 0, 0, 32.783, 133.061, 355.794, 531.28, 619.987, 660.484, 649.878, 597.811, 478.248, 310.476, 138.846, 21.213, 0, 0, 0, 0, 0, 4529.861, 189, 660.48, 21.21, 660.484, 0, 
탑선태양광, 1, 2026-04-04 00:00:00, 0, 0, 0, 0, 0, 0, 0, 0, 0, 0, 0, 0, 0, 0, 0, 0, 0, 0, 0, 0, 0, 0, 0, 946, 946, 39, 946, 946, 946, 0, 
탑선태양광, 3, 2026-04-04 00:00:00, 0, 0, 0, 0, 0, 0, 0, 0, 0, 0, 0, 0, 0, 0, 0, 0, 0, 0, 0, 0, 0, 0, 0, 285, 285, 12, 285, 285, 285, 0, 
경상대태양광, 1, 2026-04-04 00:00:00, 0, 0, 0, 0, 0, 0, 0, 1.728, 7.92, 49.608, 107.352, 281.736, 357.336, 428.328, 244.008, 152.712, 241.128, 169.056, 24.696, 0, 0, 0, 0, 0, 2065.608, 86, 428.32, 1.728, 428.328, 0, 
고흥만 수상태양광, 1, 2026-04-04 00:00:00, 0, 0, 0, 0, 0, 0, 0, 442.848, 4623.108, 7019.796, 27917.064, 40380.564, 35663.04, 52081.26, 30575.832, 16900.212, 18735.36, 6415.332, 1035.888, 0, 0, 0, 0, 0, 241790.304, 10075, 52081.26, 442.84, 52081.26, 0, 
영동태양광, 1, 2026-04-03 00:00:00, 0, 0, 0, 0, 0, 0, 4.8, 19.776, 20.448, 20.736, 20.928, 21.408, 128.544, 714.816, 523.488, 303.648, 537.312, 690.432, 686.592, 636.288, 0.768, 0, 0, 0, 4329.984, 180, 714.81, 0.768, 714.816, 0, 
삼천포태양광#5, 1, 2026-04-03 00:00:00, 0, 0, 0, 0, 0, 0, 22.524, 522.415, 1448.68, 1838.815, 242.063, 641.184, 713.932, 1529.455, 2400.133, 955.877, 426.507, 2518.857, 2481.743, 2503.538, 539.657, 0, 0, 0, 18785.38, 783, 2518.85, 22.524, 2518.857, 0, 
삼천포태양광#5, 2, 2026-04-03 00:00:00, 0, 0, 0, 0, 0, 0, 43.956, 922.571, 2538.422, 3092.999, 429.743, 1585.643, 1700.794, 3235.546, 4054.16, 1628.443, 841.716, 3930.527, 3798.151, 3802.471, 401.199, 0, 0, 0, 32006.341, 1334, 4054.16, 43.956, 4054.16, 0, 
광양항세방태양광, 1, 2026-04-03 00:00:00, 0, 0, 0, 0, 0, 0, 36, 292.8, 729.6, 1113.6, 1516.8, 1929.6, 1922.4, 1888.8, 1543.2, 792, 244.8, 67.2, 0, 0, 0, 0, 0, 0, 12076.8, 503, 1929.6, 36, 1929.6, 0, 
두산엔진MG태양광, 1, 2026-04-03 00:00:00, 0, 0, 0, 0, 0, 0, 0.84, 4.74, 10.02, 20.88, 31.26, 46.98, 34.56, 43.38, 45.06, 35.64, 13.26, 3.48, 0.36, 0, 0, 0, 0, 0, 290.46, 12, 46.98, 0.36, 46.98, 0, 
삼천포태양광, 1, 2026-04-03 00:00:00, 0, 0, 0, 0, 0, 0, 0.024, 3.66, 14.964, 21.78, 27.66, 41.568, 45.144, 38.136, 31.392, 11.1, 3.768, 0.012, 0, 0, 0, 0, 0, 0, 239.208, 10, 45.14, 0.01, 45.144, 0, 
삼천포태양광, 2, 2026-04-03 00:00:00, 0, 0, 0, 0, 0, 0, 9.504, 115.968, 352.992, 441.408, 508.704, 758.88, 785.472, 697.056, 563.136, 228.096, 101.088, 20.736, 0.768, 0, 0, 0, 0, 0, 4583.808, 191, 785.47, 0.768, 785.472, 0, 
삼천포태양광, 3, 2026-04-03 00:00:00, 0, 0, 0, 0, 0, 0, 2.664, 46.188, 119.376, 143.928, 167.508, 251.964, 265.392, 230.436, 181.692, 69.876, 29.736, 4.284, 0, 0, 0, 0, 0, 0, 1513.044, 63, 265.39, 2.664, 265.392, 0, 
삼천포태양광, 4, 2026-04-03 00:00:00, 0, 0, 0, 0, 0, 0, 6.32, 71.774, 93.227, 110.65, 93.266, 117.165, 823.139, 1143.895, 990.068, 405.856, 945.513, 1184.928, 1172.138, 27.312, 0, 0, 0, 0, 7185.251, 299, 1184.92, 6.32, 1184.928, 0, 
구미태양광, 1, 2026-04-03 00:00:00, 0, 0, 0, 0, 0, 0, 3.399, 66.314, 151.357, 318.189, 493.772, 606.585, 595.304, 462.387, 351.382, 279.79, 150.345, 100.013, 17.428, 0, 0, 0, 0, 0, 3596.265, 150, 606.58, 3.399, 606.585, 0, 
삼천포태양광#6, 1, 2026-04-03 00:00:00, 0, 0, 0, 0, 0, 0, 0, 0, 0, 0, 0, 0, 0, 0, 0, 0, 0, 0, 0, 0, 0, 0, 0, 0, 0, 0, 0, 0, 0, 0, 
영흥태양광#5, 1, 2026-04-03 00:00:00, 0, 0, 0, 0, 0, 0, 0, 79.547, 318.189, 882.253, 1590.947, 2128.495, 2398.474, 1641.568, 1940.474, 1055.811, 646.021, 332.653, 60.263, 0, 0, 0, 0, 0, 13074.695, 545, 2398.47, 60.263, 2398.474, 0, 
영흥태양광 #3, 1, 2026-04-03 00:00:00, 0, 0, 0, 0, 0, 0, 0, 0.72, 320.16, 844.32, 1609.92, 2186.4, 2508.96, 1769.28, 2025.6, 1082.88, 646.8, 320.64, 38.88, 0, 0, 0, 0, 0, 13354.56, 556, 2508.96, 0.72, 2508.96, 0, 
영흥태양광 #3, 2, 2026-04-03 00:00:00, 0, 0, 0, 0, 0, 0, 0, 10.176, 69.312, 202.752, 380.352, 512.448, 578.112, 405.888, 475.488, 259.104, 156.096, 81.216, 12.384, 0, 0, 0, 0, 0, 3143.328, 131, 578.11, 10.176, 578.112, 0, 
영흥태양광 #3, 3, 2026-04-03 00:00:00, 0, 0, 0, 0, 0, 0, 0.24, 20.88, 118.2, 272.52, 525.72, 713.52, 804.48, 576.84, 655.92, 335.16, 219.24, 116.04, 22.68, 0, 0, 0, 0, 0, 4381.44, 183, 804.48, 0.24, 804.48, 0, 
영흥태양광, 1, 2026-04-03 00:00:00, 0, 0, 0, 0, 0, 0, 0, 9.408, 79.872, 241.728, 420.019, 573.427, 660.134, 480.768, 550.541, 272.87, 176.563, 94.579, 17.894, 0, 0, 0, 0, 0, 3577.803, 149, 660.13, 9.408, 660.134, 0, 
예천태양광, 1, 2026-04-03 00:00:00, 0, 0, 0, 0, 0, 0, 23.58, 202.32, 554.58, 946.62, 1180.8, 1233.36, 1183.5, 1020.6, 835.38, 745.2, 358.2, 113.4, 6.3, 0, 0, 0, 0, 0, 8403.84, 350, 1233.36, 6.3, 1233.36, 0, 
여수태양광, 1, 2026-04-03 00:00:00, 0, 0, 0, 0, 0, 0, 0, 0, 0, 0, 0, 0, 0, 0, 0, 0, 0, 0, 0, 0, 0, 0, 0, 723.15, 723.15, 30, 723.15, 723.15, 723.15, 0, 
영흥태양광, 2, 2026-04-03 00:00:00, 0, 0, 0, 0, 0, 0, 0, 11.571, 80.029, 211.162, 396.291, 529.352, 605.524, 432.931, 485.962, 274.8, 163.916, 87.743, 15.427, 0, 0, 0, 0, 0, 3294.708, 137, 605.52, 11.57, 605.524, 0, 
탑선태양광, 1, 2026-04-03 00:00:00, 0, 0, 0, 0, 0, 0, 0, 0, 0, 0, 0, 0, 0, 0, 0, 0, 0, 0, 0, 0, 0, 0, 0, 946, 946, 39, 946, 946, 946, 0, 
탑선태양광, 3, 2026-04-03 00:00:00, 0, 0, 0, 0, 0, 0, 0, 0, 0, 0, 0, 0, 0, 0, 0, 0, 0, 0, 0, 0, 0, 0, 0, 285, 285, 12, 285, 285, 285, 0, 
경상대태양광, 1, 2026-04-03 00:00:00, 0, 0, 0, 0, 0, 0, 0.504, 59.544, 214.704, 352.152, 430.56, 524.16, 568.656, 528.408, 481.824, 372.744, 109.224, 38.592, 3.096, 0, 0, 0, 0, 0, 3684.168, 154, 568.65, 0.504, 568.656, 0, 
고흥만 수상태양광, 1, 2026-04-03 00:00:00, 0, 0, 0, 0, 0, 0, 880.152, 8765.064, 18788.112, 25922.148, 39366.6, 49198.716, 50582.448, 47394.48, 27763.26, 12295.5, 5314.596, 1801.128, 149.268, 0, 0, 0, 0, 0, 288221.472, 12009, 50582.44, 149.26, 50582.448, 0, 
영동태양광, 1, 2026-04-02 00:00:00, 0, 0, 0, 0, 0, 0, 0.288, 34.848, 87.264, 20.064, 20.064, 21.216, 22.176, 378.048, 635.52, 526.56, 574.56, 691.968, 688.032, 685.344, 31.392, 0, 0, 0, 4417.344, 184, 691.96, 0.288, 691.968, 0, 
삼천포태양광#5, 1, 2026-04-02 00:00:00, 0, 0, 0, 0, 0, 0, 16.528, 529.584, 1526.107, 2398.277, 437.501, 774.217, 769.26, 2403.071, 2924.21, 2400.118, 1617.249, 2514.021, 2520.238, 2492.195, 1021.811, 0, 0, 0, 24344.387, 1014, 2924.21, 16.528, 2924.21, 0, 
삼천포태양광#5, 2, 2026-04-02 00:00:00, 0, 0, 0, 0, 0, 0, 27.899, 914.844, 2626.354, 3995.359, 1146.249, 1615.558, 1719.494, 4079.843, 4985.198, 4070.432, 2773.294, 4247.678, 3906.273, 3809.15, 993.909, 0, 0, 0, 40911.534, 1705, 4985.19, 27.89, 4985.198, 0, 
광양항세방태양광, 1, 2026-04-02 00:00:00, 0, 0, 0, 0, 0, 0, 21.6, 237.6, 715.2, 1250.4, 1802.4, 2068.8, 2196, 2179.2, 1956, 1584, 1106.4, 444, 55.2, 0, 0, 0, 0, 0, 15616.8, 651, 2196, 21.6, 2196, 0, 
두산엔진MG태양광, 1, 2026-04-02 00:00:00, 0, 0, 0, 0, 0, 0, 0.9, 3.9, 8.4, 22.56, 37.56, 49.08, 43.86, 59.04, 55.14, 53.28, 46.2, 29.1, 4.62, 0, 0, 0, 0, 0, 413.64, 17, 59.04, 0.9, 59.04, 0, 
삼천포태양광, 1, 2026-04-02 00:00:00, 0, 0, 0, 0, 0, 0, 0, 3.312, 15.384, 27.276, 36.384, 41.892, 43.812, 43.428, 38.796, 32.04, 21.708, 7.452, 0.036, 0, 0, 0, 0, 0, 311.52, 13, 43.81, 0.036, 43.812, 0, 
삼천포태양광, 2, 2026-04-02 00:00:00, 0, 0, 0, 0, 0, 0, 8.544, 113.28, 366.624, 571.104, 697.152, 768.768, 784.32, 759.36, 672.96, 542.496, 357.408, 147.168, 17.952, 0, 0, 0, 0, 0, 5807.136, 242, 784.32, 8.544, 784.32, 0, 
삼천포태양광, 3, 2026-04-02 00:00:00, 0, 0, 0, 0, 0, 0, 2.268, 47.772, 125.316, 191.376, 233.1, 257.256, 263.412, 251.748, 223.308, 184.14, 122.292, 48.528, 3.276, 0, 0, 0, 0, 0, 1953.792, 81, 263.41, 2.268, 263.412, 0, 
삼천포태양광, 4, 2026-04-02 00:00:00, 0, 0, 0, 0, 0, 0, 3.676, 65.612, 93.628, 105.5, 97.202, 201.177, 1351.558, 1243.854, 1189.36, 975.881, 1158.889, 1186.381, 1186.969, 745.863, 0, 0, 0, 0, 9605.55, 400, 1351.55, 3.676, 1351.558, 0, 
구미태양광, 1, 2026-04-02 00:00:00, 0, 0, 0, 0, 0, 0, 0.506, 50.259, 236.69, 438.668, 577.442, 658.652, 707.104, 720.555, 648.745, 528.195, 391.662, 196.337, 37.315, 0, 0, 0, 0, 0, 5192.13, 216, 720.55, 0.506, 720.555, 0, 
삼천포태양광#6, 1, 2026-04-02 00:00:00, 0, 0, 0, 0, 0, 0, 0, 0, 0, 0, 0, 0, 0, 0, 0, 0, 0, 0, 0, 0, 0, 0, 0, 0, 0, 0, 0, 0, 0, 0, 
영흥태양광#5, 1, 2026-04-02 00:00:00, 0, 0, 0, 0, 0, 0, 24.105, 351.937, 1034.116, 1668.084, 2169.474, 2504.537, 2673.274, 2593.726, 2371.958, 1766.916, 1337.842, 600.221, 74.726, 0, 0, 0, 0, 0, 19170.916, 799, 2673.27, 24.105, 2673.274, 0, 
영흥태양광 #3, 1, 2026-04-02 00:00:00, 0, 0, 0, 0, 0, 0, 0, 297.6, 1019.28, 1683.84, 2202.72, 2578.8, 2765.28, 2691.6, 2458.32, 1943.28, 1305.6, 426.24, 21.84, 0, 0, 0, 0, 0, 19394.4, 808, 2765.28, 21.84, 2765.28, 0, 
영흥태양광 #3, 2, 2026-04-02 00:00:00, 0, 0, 0, 0, 0, 0, 2.4, 75.36, 240.384, 398.976, 520.608, 599.232, 641.376, 628.8, 578.304, 448.416, 333.312, 155.616, 18.816, 0, 0, 0, 0, 0, 4641.6, 193, 641.37, 2.4, 641.376, 0, 
영흥태양광 #3, 3, 2026-04-02 00:00:00, 0, 0, 0, 0, 0, 0, 6.24, 102.72, 331.32, 547.92, 710.76, 826.68, 874.92, 851.04, 784.92, 629.88, 456.72, 211.56, 29.28, 0, 0, 0, 0, 0, 6363.96, 265, 874.92, 6.24, 874.92, 0, 
영흥태양광, 1, 2026-04-02 00:00:00, 0, 0, 0, 0, 0, 0, 1.306, 58.33, 234.701, 418.56, 579.456, 683.021, 737.587, 723.494, 671.539, 554.189, 386.765, 170.765, 19.354, 0, 0, 0, 0, 0, 5239.067, 218, 737.58, 1.306, 737.587, 0, 
예천태양광, 1, 2026-04-02 00:00:00, 0, 0, 0, 0, 0, 0, 16.2, 260.82, 709.74, 1078.2, 1327.14, 1467.72, 1510.56, 1443.6, 1278.36, 1020.06, 689.58, 261.72, 15.48, 0, 0, 0, 0, 0, 11079.18, 462, 1510.56, 15.48, 1510.56, 0, 
여수태양광, 1, 2026-04-02 00:00:00, 0, 0, 0, 0, 0, 0, 0, 0, 0, 0, 0, 0, 0, 0, 0, 0, 0, 0, 0, 0, 0, 0, 0, 657.56, 657.56, 27, 657.56, 657.56, 657.56, 0, 
영흥태양광, 2, 2026-04-02 00:00:00, 0, 0, 0, 0, 0, 0, 2.893, 77.137, 239.124, 406.897, 535.137, 616.131, 654.699, 641.2, 591.061, 466.678, 311.44, 140.775, 18.32, 0, 0, 0, 0, 0, 4701.492, 196, 654.69, 2.89, 654.699, 0, 
탑선태양광, 1, 2026-04-02 00:00:00, 0, 0, 0, 0, 0, 0, 0, 0, 0, 0, 0, 0, 0, 0, 0, 0, 0, 0, 0, 0, 0, 0, 0, 946, 946, 39, 946, 946, 946, 0, 
탑선태양광, 3, 2026-04-02 00:00:00, 0, 0, 0, 0, 0, 0, 0, 0, 0, 0, 0, 0, 0, 0, 0, 0, 0, 0, 0, 0, 0, 0, 0, 285, 285, 12, 285, 285, 285, 0, 
경상대태양광, 1, 2026-04-02 00:00:00, 0, 0, 0, 0, 0, 0, 1.368, 64.656, 225.072, 384.408, 494.928, 561.096, 592.488, 599.184, 550.008, 471.384, 347.976, 172.944, 23.328, 0, 0, 0, 0, 0, 4488.84, 187, 599.18, 1.368, 599.184, 0, 
고흥만 수상태양광, 1, 2026-04-02 00:00:00, 0, 0, 0, 0, 0, 0, 743.484, 8206.548, 22704.528, 37461.48, 45767.484, 50952.804, 53202.072, 52142.16, 47581.8, 36763.356, 23247, 9773.652, 1453.536, 0, 0, 0, 0, 0, 389999.904, 16250, 53202.07, 743.48, 53202.072, 0, 
영동태양광, 1, 2026-04-01 00:00:00, 0, 0, 0, 0, 0, 0, 1.44, 60.48, 185.28, 351.648, 467.04, 599.52, 636, 488.16, 289.632, 156.192, 87.072, 14.88, 0, 0, 0, 0, 0, 0, 3337.344, 139, 636, 1.44, 636, 0, 
삼천포태양광#5, 1, 2026-04-01 00:00:00, 0, 0, 0, 0, 0, 0, 0, 39.027, 131.337, 463.651, 191.451, 189.121, 190.054, 189.57, 189.365, 191.439, 408.669, 1373.203, 1237.29, 0, 0, 0, 0, 0, 4794.177, 200, 1373.2, 39.02, 1373.203, 0, 
삼천포태양광#5, 2, 2026-04-01 00:00:00, 0, 0, 0, 0, 0, 0, 0, 76.879, 240.016, 796.686, 287.35, 284.246, 285.024, 283.563, 283.199, 304.062, 1002.602, 4002.175, 2.713, 0, 0, 0, 0, 0, 7848.515, 327, 4002.17, 2.71, 4002.175, 0, 
광양항세방태양광, 1, 2026-04-01 00:00:00, 0, 0, 0, 0, 0, 0, 0, 12, 184.8, 288, 199.2, 403.2, 547.2, 662.4, 597.6, 528, 434.4, 194.4, 0, 0, 0, 0, 0, 0, 4051.2, 169, 662.4, 12, 662.4, 0, 
두산엔진MG태양광, 1, 2026-04-01 00:00:00, 0, 0, 0, 0, 0, 0, 0.24, 4.2, 11.4, 19.14, 25.92, 9.72, 9.84, 16.56, 20.04, 9.48, 9.24, 4.14, 1.14, 0, 0, 0, 0, 0, 141.06, 6, 25.92, 0.24, 25.92, 0, 
삼천포태양광, 1, 2026-04-01 00:00:00, 0, 0, 0, 0, 0, 0, 0, 0, 0.576, 5.136, 5.088, 3.6, 7.224, 11.268, 6.012, 4.524, 4.98, 3, 0, 0, 0, 0, 0, 0, 51.408, 2, 11.26, 0.57, 11.268, 0, 
삼천포태양광, 2, 2026-04-01 00:00:00, 0, 0, 0, 0, 0, 0, 0, 14.4, 34.944, 118.368, 121.632, 96.576, 145.728, 230.688, 144.288, 111.264, 119.136, 85.632, 2.4, 0, 0, 0, 0, 0, 1225.056, 51, 230.68, 2.4, 230.688, 0, 
삼천포태양광, 3, 2026-04-01 00:00:00, 0, 0, 0, 0, 0, 0, 0, 2.7, 9.432, 36.612, 35.316, 28.224, 45.324, 74.412, 45.972, 33.876, 36.504, 24.876, 0.324, 0, 0, 0, 0, 0, 373.572, 16, 74.41, 0.324, 74.412, 0, 
삼천포태양광, 4, 2026-04-01 00:00:00, 0, 0, 0, 0, 0, 0, 0, 10.654, 40.863, 99.51, 95.479, 91.617, 94.275, 94.371, 94.1, 153.259, 801.793, 131.942, 1.013, 0, 0, 0, 0, 0, 1708.876, 71, 801.79, 1.01, 801.793, 0, 
구미태양광, 1, 2026-04-01 00:00:00, 0, 0, 0, 0, 0, 0, 0, 8.533, 68.338, 162.421, 182.67, 320.287, 190.335, 316.743, 174.932, 109.703, 87.502, 68.483, 23.792, 0, 0, 0, 0, 0, 1713.739, 71, 320.28, 8.533, 320.287, 0, 
삼천포태양광#6, 1, 2026-04-01 00:00:00, 0, 0, 0, 0, 0, 0, 0, 0, 0, 0, 0, 0, 0, 0, 0, 0, 0, 0, 0, 0, 0, 0, 0, 0, 0, 0, 0, 0, 0, 0, 
영흥태양광#5, 1, 2026-04-01 00:00:00, 0, 0, 0, 0, 0, 0, 21.695, 236.232, 735.211, 1412.568, 1663.263, 1795.842, 643.611, 1200.442, 699.053, 747.263, 1214.905, 609.863, 101.242, 0, 0, 0, 0, 0, 11081.19, 462, 1795.84, 21.695, 1795.842, 0, 
영흥태양광 #3, 1, 2026-04-01 00:00:00, 0, 0, 0, 0, 0, 0, 0, 176.4, 718.8, 1413.6, 1679.76, 1912.32, 648.48, 1248.24, 727.44, 776.64, 1177.68, 535.92, 63.12, 0, 0, 0, 0, 0, 11078.4, 462, 1912.32, 63.12, 1912.32, 0, 
영흥태양광 #3, 2, 2026-04-01 00:00:00, 0, 0, 0, 0, 0, 0, 2.016, 50.976, 169.824, 338.304, 402.912, 447.744, 155.904, 286.656, 167.232, 181.536, 303.648, 156, 24.48, 0, 0, 0, 0, 0, 2687.232, 112, 447.74, 2.01, 447.744, 0, 
영흥태양광 #3, 3, 2026-04-01 00:00:00, 0, 0, 0, 0, 0, 0, 5.88, 74.04, 236.04, 452.04, 549.24, 621.36, 201.84, 397.2, 228.12, 269.88, 422.64, 215.88, 36.36, 0, 0, 0, 0, 0, 3710.52, 155, 621.36, 5.88, 621.36, 0, 
영흥태양광, 1, 2026-04-01 00:00:00, 0, 0, 0, 0, 0, 0, 1.92, 53.99, 175.757, 359.424, 416.41, 508.147, 159.283, 342.182, 191.923, 209.894, 363.994, 178.406, 28.301, 0, 0, 0, 0, 0, 2989.631, 125, 508.14, 1.92, 508.147, 0, 
예천태양광, 1, 2026-04-01 00:00:00, 0, 0, 0, 0, 0, 0, 3.24, 142.56, 218.88, 386.1, 558.18, 605.52, 756.9, 793.62, 559.62, 407.16, 253.62, 81, 0.36, 0, 0, 0, 0, 0, 4766.76, 199, 793.62, 0.36, 793.62, 0, 
여수태양광, 1, 2026-04-01 00:00:00, 0, 0, 0, 0, 0, 0, 0, 0, 0, 0, 0, 0, 0, 0, 0, 0, 0, 0, 0, 0, 0, 0, 0, 429.9, 429.9, 18, 429.9, 429.9, 429.9, 0, 
영흥태양광, 2, 2026-04-01 00:00:00, 0, 0, 0, 0, 0, 0, 2.893, 55.924, 174.522, 350.973, 406.897, 467.642, 166.808, 306.619, 186.093, 183.2, 291.192, 154.274, 26.034, 0, 0, 0, 0, 0, 2773.071, 116, 467.64, 2.89, 467.642, 0, 
탑선태양광, 1, 2026-04-01 00:00:00, 0, 0, 0, 0, 0, 0, 0, 0, 0, 0, 0, 0, 0, 0, 0, 0, 0, 0, 0, 0, 0, 0, 0, 946, 946, 39, 946, 946, 946, 0, 
탑선태양광, 3, 2026-04-01 00:00:00, 0, 0, 0, 0, 0, 0, 0, 0, 0, 0, 0, 0, 0, 0, 0, 0, 0, 0, 0, 0, 0, 0, 0, 285, 285, 12, 285, 285, 285, 0, 
경상대태양광, 1, 2026-04-01 00:00:00, 0, 0, 0, 0, 0, 0, 0, 5.256, 32.688, 67.608, 123.552, 102.888, 127.368, 195.696, 153.36, 99, 117.72, 64.512, 7.344, 0, 0, 0, 0, 0, 1096.992, 46, 195.69, 5.256, 195.696, 0, 
고흥만 수상태양광, 1, 2026-04-01 00:00:00, 0, 0, 0, 0, 0, 0, 60.48, 3131.52, 8615.88, 11342.604, 8044.344, 8274.924, 16004.268, 20906.928, 16903.656, 12183.528, 5727.372, 857.052, 594.804, 0, 0, 0, 0, 0, 112647.36, 4694, 20906.92, 60.48, 20906.928, 0, 
