발전구분, 호기, 일자, 1시 발전량(KWh), 2시 발전량(KWh),3시 발전량(KWh),4시 발전량(KWh),5시 발전량(KWh),6시 발전량(KWh),7시 발전량(KWh),8시 발전량(KWh),9시 발전량(KWh),10시 발전량(KWh),11시 발전량(KWh),12시 발전량(KWh),13시 발전량(KWh),14시 발전량(KWh),15시 발전량(KWh),16시 발전량(KWh),17시 발전량(KWh),18시 발전량(KWh),19시 발전량(KWh),20시 발전량(KWh),21시 발전량(KWh),22시 발전량(KWh),23시 발전량(KWh),24시 발전량(KWh),총량(KW),평균(KW),최대(시간별),최소(시간별),최대,최소
영동태양광, 1, 2026-05-31 00:00:00, 0, 0, 0, 0, 0, 0.576, 14.688, 15.84, 16.608, 16.992, 17.28, 17.376, 503.04, 764.832, 727.2, 643.872, 626.208, 688.32, 684.192, 678.144, 257.952, 0, 0, 0, 5673.12, 236, 764.83, 0.57, 764.832, 0, 
삼천포태양광#5, 1, 2026-05-31 00:00:00, 0, 0, 0, 0, 0, 0.044, 136.489, 778.97, 1613.988, 2282.589, 216.794, 329.866, 344.436, 1911.003, 2630.245, 2146.594, 1481.717, 2502.86, 2519.282, 2491.728, 1181.905, 0, 0, 0, 22568.51, 940, 2630.24, 0.04, 2630.245, 0, 
삼천포태양광#5, 2, 2026-05-31 00:00:00, 0, 0, 0, 0, 0, 0.147, 255.337, 1389.503, 2793.994, 3857.4, 805.47, 1097.759, 1210.445, 3656.976, 4522.991, 3657.568, 2547.574, 4263.762, 3998.792, 3813.143, 1036.199, 0, 0, 0, 38907.06, 1621, 4522.99, 0.14, 4522.991, 0, 
광양항세방태양광, 1, 2026-05-31 00:00:00, 0, 0, 0, 0, 0, 12, 165.6, 604.8, 1183.2, 1636.8, 1915.2, 2090.4, 2124, 2068.8, 1929.6, 1680, 1274.4, 756, 232.8, 7.2, 0, 0, 0, 0, 17680.8, 737, 2124, 7.2, 2124, 0, 
두산엔진MG태양광, 1, 2026-05-31 00:00:00, 0, 0, 0, 0, 0, 0.66, 2.52, 4.02, 14.34, 28.98, 41.52, 47.58, 28.08, 29.4, 27.24, 25.98, 46.8, 36.42, 15.12, 0.72, 0, 0, 0, 0, 349.38, 15, 47.58, 0.66, 47.58, 0, 
삼천포태양광, 1, 2026-05-31 00:00:00, 0, 0, 0, 0, 0, 0, 0, 3.492, 15.792, 24.528, 31.152, 34.944, 36.204, 36.468, 34.248, 28.416, 20.016, 8.444, 0.576, 0, 0, 0, 0, 0, 274.28, 11, 36.46, 0.57, 36.468, 0, 
삼천포태양광, 2, 2026-05-31 00:00:00, 0, 0, 0, 0, 0, 3.36, 41.664, 207.936, 398.88, 547.296, 639.552, 686.304, 694.656, 677.088, 611.904, 488.16, 325.152, 140.832, 34.368, 2.438, 0, 0, 0, 0, 5499.59, 229, 694.65, 2.43, 694.656, 0, 
삼천포태양광, 3, 2026-05-31 00:00:00, 0, 0, 0, 0, 0, 0.288, 12.852, 68.616, 132.948, 182.016, 215.352, 231.228, 233.496, 226.764, 206.244, 167.616, 113.616, 49.212, 6.766, 0.036, 0, 0, 0, 0, 1847.05, 77, 233.49, 0.03, 233.496, 0, 
삼천포태양광, 4, 2026-05-31 00:00:00, 0, 0, 0, 0, 0, 0, 35.342, 88.55, 95.034, 107.427, 99.417, 136.119, 1200.263, 1059.397, 1074.06, 882.35, 1140.853, 1184.819, 1193.575, 676.024, 0, 0, 0, 0, 8973.23, 374, 1200.26, 35.34, 1200.263, 0, 
구미태양광, 1, 2026-05-31 00:00:00, 0, 0, 0, 0, 0, 0.145, 17.862, 116.573, 295.41, 447.201, 547.575, 608.176, 631.823, 623.941, 581.564, 494.857, 369.389, 207.619, 57.491, 6.075, 0, 0, 0, 0, 5005.701, 209, 631.82, 0.145, 631.823, 0, 
삼천포태양광#6, 1, 2026-05-31 00:00:00, 0, 0, 0, 0, 0, 0, 0, 0, 0, 0, 0, 0, 0, 0, 0, 0, 0, 0, 0, 0, 0, 0, 0, 0, 0, 0, 0, 0, 0, 0, 
영흥태양광#5, 1, 2026-05-31 00:00:00, 0, 0, 0, 0, 0, 14.463, 142.221, 614.684, 1255.884, 1805.484, 2162.242, 2374.368, 2453.916, 2396.063, 2186.347, 1795.842, 1219.726, 648.432, 163.916, 19.284, 0, 0, 0, 0, 19252.872, 802, 2453.91, 14.46, 2453.916, 0, 
영흥태양광 #3, 1, 2026-05-31 00:00:00, 0, 0, 0, 0, 0, 0, 53.28, 547.2, 1114.08, 1586.64, 1912.32, 2129.04, 2204.64, 2151.12, 1972.32, 1641.84, 1137.12, 551.76, 114.24, 0, 0, 0, 0, 0, 17115.6, 713, 2204.64, 53.28, 2204.64, 0, 
영흥태양광 #3, 2, 2026-05-31 00:00:00, 0, 0, 0, 0, 0, 0, 17.376, 132.096, 290.208, 419.424, 503.232, 553.248, 572.064, 560.064, 515.904, 424.896, 293.76, 154.272, 31.872, 0.096, 0, 0, 0, 0, 4468.512, 186, 572.06, 0.096, 572.064, 0, 
영흥태양광 #3, 3, 2026-05-31 00:00:00, 0, 0, 0, 0, 0, 2.64, 31.32, 182.52, 404.28, 566.04, 661.92, 718.32, 736.56, 722.52, 661.32, 557.64, 396.84, 225.36, 60.12, 8.28, 0, 0, 0, 0, 5935.68, 247, 736.56, 2.64, 736.56, 0, 
영흥태양광, 1, 2026-05-31 00:00:00, 0, 0, 0, 0, 0, 0, 13.056, 118.618, 294.797, 463.526, 576.845, 647.885, 673.306, 660.979, 605.107, 506.995, 351.667, 180.826, 47.117, 3.802, 0, 0, 0, 0, 5144.526, 214, 673.3, 3.802, 673.306, 0, 
예천태양광, 1, 2026-05-31 00:00:00, 0, 0, 0, 0, 0, 3.6, 73.8, 376.2, 734.04, 1007.28, 1183.14, 1279.62, 1304.64, 1247.76, 1100.34, 937.26, 651.24, 284.04, 43.74, 1.44, 0, 0, 0, 0, 10228.14, 426, 1304.64, 1.44, 1304.64, 0, 
여수태양광, 1, 2026-05-31 00:00:00, 0, 0, 0, 0, 0, 0, 0, 0, 0, 0, 0, 0, 0, 0, 0, 0, 0, 0, 0, 0, 0, 0, 0, 869.38, 869.38, 36, 869.38, 869.38, 869.38, 0, 
영흥태양광, 2, 2026-05-31 00:00:00, 0, 0, 0, 0, 0, 0, 26.034, 138.846, 306.619, 451.251, 537.065, 584.312, 603.596, 589.133, 543.815, 450.286, 310.476, 167.773, 44.354, 4.821, 0, 0, 0, 0, 4758.381, 198, 603.59, 4.821, 603.596, 0, 
탑선태양광, 1, 2026-05-31 00:00:00, 0, 0, 0, 0, 0, 0, 0, 0, 0, 0, 0, 0, 0, 0, 0, 0, 0, 0, 0, 0, 0, 0, 0, 1152, 1152, 48, 1152, 1152, 1152, 0, 
탑선태양광, 3, 2026-05-31 00:00:00, 0, 0, 0, 0, 0, 0, 0, 0, 0, 0, 0, 0, 0, 0, 0, 0, 0, 0, 0, 0, 0, 0, 0, 303.6, 303.6, 13, 303.6, 303.6, 303.6, 0, 
경상대태양광, 1, 2026-05-31 00:00:00, 0, 0, 0, 0, 0, 0.216, 22.464, 117.36, 277.848, 409.896, 495.792, 542.232, 561.024, 554.688, 519.84, 453.168, 349.92, 207.36, 58.032, 1.8, 0, 0, 0, 0, 4571.64, 190, 561.02, 0.216, 561.024, 0, 
고흥만 수상태양광, 1, 2026-05-31 00:00:00, 0, 0, 0, 0, 0, 243.516, 4079.544, 15390.816, 28197.792, 38539.872, 46203.948, 49840.224, 50666.616, 48306.3, 43779.372, 36589.392, 26662.692, 14377.02, 3894.828, 219.828, 0, 0, 0, 0, 406991.76, 16958, 50666.61, 219.82, 50666.616, 0, 
영동태양광, 1, 2026-05-30 00:00:00, 0, 0, 0, 0, 0, 0.576, 13.824, 15.264, 11.808, 10.368, 11.232, 15.84, 363.168, 691.968, 708, 617.952, 615.456, 686.304, 682.272, 677.088, 302.016, 0, 0, 0, 5423.136, 226, 708, 0.57, 708, 0, 
삼천포태양광#5, 1, 2026-05-30 00:00:00, 0, 0, 0, 0, 0, 0.96, 145.67, 784.6, 1612.87, 2325.7, 331.39, 407.86, 454.6, 1880.33, 1882.88, 1446.52, 1126.74, 2501.41, 2542.16, 2502.72, 1148.78, 0, 0, 0, 21095.19, 879, 2542.16, 0.96, 2542.16, 0, 
삼천포태양광#5, 2, 2026-05-30 00:00:00, 0, 0, 0, 0, 0, 1.82, 270.99, 1399.38, 2789.88, 3915.52, 897, 1193.2, 1295.8, 3687.29, 3173.19, 2487.94, 1974.08, 4258.12, 4167.04, 3834.66, 783.66, 0, 0, 0, 36129.57, 1505, 4258.12, 1.82, 4258.12, 0, 
광양항세방태양광, 1, 2026-05-30 00:00:00, 0, 0, 0, 0, 0, 14.4, 194.4, 633.6, 1161.6, 1617.6, 1951.2, 2116.8, 2169.6, 2030.4, 1514.4, 1101.6, 864, 530.4, 362.4, 28.8, 0, 0, 0, 0, 16291.2, 679, 2169.6, 14.4, 2169.6, 0, 
두산엔진MG태양광, 1, 2026-05-30 00:00:00, 0, 0, 0, 0, 0, 0.66, 2.7, 4.38, 14.52, 29.16, 41.58, 49.8, 34.32, 31.32, 40.32, 30.12, 27.6, 24.54, 11.88, 1.2, 0, 0, 0, 0, 344.1, 14, 49.8, 0.66, 49.8, 0, 
삼천포태양광, 1, 2026-05-30 00:00:00, 0, 0, 0, 0, 0, 0, 0, 3.8, 16.14, 25.04, 31.92, 35.68, 37.52, 36.93, 23.26, 19.18, 14.83, 5.52, 1.47, 0, 0, 0, 0, 0, 251.29, 10, 37.52, 1.47, 37.52, 0, 
삼천포태양광, 2, 2026-05-30 00:00:00, 0, 0, 0, 0, 0, 3.84, 44.16, 211.96, 399.64, 551.52, 649.92, 699.55, 715.2, 695.8, 448.12, 343.96, 267.16, 123.64, 57.79, 6.43, 0, 0, 0, 0, 5218.69, 217, 715.2, 3.84, 715.2, 0, 
삼천포태양광, 3, 2026-05-30 00:00:00, 0, 0, 0, 0, 0, 0.54, 13.5, 68.54, 133.48, 186.12, 218.23, 234.39, 239.43, 233.6, 146.3, 114.37, 88.16, 37.72, 14.94, 0.68, 0, 0, 0, 0, 1730, 72, 239.43, 0.54, 239.43, 0, 
삼천포태양광, 4, 2026-05-30 00:00:00, 0, 0, 0, 0, 0, 0.06, 37.32, 88.87, 94.87, 107.03, 99.3, 200.39, 1223.85, 1078.79, 809.3, 591.39, 1087.68, 1180.75, 1196.58, 524.91, 0, 0, 0, 0, 8321.09, 347, 1223.85, 0.06, 1223.85, 0, 
구미태양광, 1, 2026-05-30 00:00:00, 0, 0, 0, 0, 0, 0, 18.151, 118.236, 302.859, 454.722, 561.677, 616.347, 639.922, 637.174, 595.593, 494.423, 351.527, 208.776, 61.83, 7.955, 0, 0, 0, 0, 5069.192, 211, 639.92, 7.955, 639.922, 0, 
삼천포태양광#6, 1, 2026-05-30 00:00:00, 0, 0, 0, 0, 0, 0, 0, 0, 0, 0, 0, 0, 0, 0, 0, 0, 0, 0, 0, 0, 0, 0, 0, 0, 0, 0, 0, 0, 0, 0, 
영흥태양광#5, 1, 2026-05-30 00:00:00, 0, 0, 0, 0, 0, 14.463, 154.274, 626.737, 1260.705, 1788.611, 2150.189, 2364.726, 2461.147, 2396.063, 2174.295, 1795.842, 1279.989, 626.737, 137.4, 12.053, 0, 0, 0, 0, 19243.231, 802, 2461.14, 12.05, 2461.147, 0, 
영흥태양광 #3, 1, 2026-05-30 00:00:00, 0, 0, 0, 0, 0, 0, 65.76, 553.2, 1116.96, 1589.04, 1913.28, 2125.2, 2209.44, 2160.96, 1956.24, 1640.16, 1193.76, 534.96, 83.52, 0, 0, 0, 0, 0, 17142.48, 714, 2209.44, 65.76, 2209.44, 0, 
영흥태양광 #3, 2, 2026-05-30 00:00:00, 0, 0, 0, 0, 0, 0, 18.048, 132.768, 290.4, 421.632, 503.616, 555.552, 577.92, 559.008, 511.392, 426.24, 306.432, 150.336, 26.688, 0.768, 0, 0, 0, 0, 4480.8, 187, 577.92, 0.768, 577.92, 0, 
영흥태양광 #3, 3, 2026-05-30 00:00:00, 0, 0, 0, 0, 0, 3, 34.32, 181.44, 403.8, 562.56, 661.56, 716.28, 738.48, 719.52, 659.52, 560.76, 416.76, 224.88, 52.68, 6.12, 0, 0, 0, 0, 5941.68, 248, 738.48, 3, 738.48, 0, 
영흥태양광, 1, 2026-05-30 00:00:00, 0, 0, 0, 0, 0, 0, 17.05, 123.61, 296.486, 462.067, 581.338, 649.728, 677.453, 665.587, 605.299, 507.533, 367.68, 185.894, 39.552, 2.304, 0, 0, 0, 0, 5181.581, 216, 677.45, 2.3, 677.453, 0, 
예천태양광, 1, 2026-05-30 00:00:00, 0, 0, 0, 0, 0, 2.88, 73.98, 387.18, 746.46, 1024.56, 1201.86, 1310.04, 1356.66, 1312.2, 1195.2, 977.22, 660.42, 281.34, 41.94, 0.72, 0, 0, 0, 0, 10572.66, 441, 1356.66, 0.72, 1356.66, 0, 
여수태양광, 1, 2026-05-30 00:00:00, 0, 0, 0, 0, 0, 0, 0, 0, 0, 0, 0, 0, 0, 0, 0, 0, 0, 0, 0, 0, 0, 0, 0, 811.288, 811.288, 34, 811.28, 811.288, 811.288, 0, 
영흥태양광, 2, 2026-05-30 00:00:00, 0, 0, 0, 0, 0, 0, 30.855, 142.703, 309.512, 448.358, 537.065, 587.204, 607.453, 596.846, 539.958, 452.215, 322.046, 164.88, 38.568, 2.893, 0, 0, 0, 0, 4780.556, 199, 607.45, 2.89, 607.453, 0, 
탑선태양광, 1, 2026-05-30 00:00:00, 0, 0, 0, 0, 0, 0, 0, 0, 0, 0, 0, 0, 0, 0, 0, 0, 0, 0, 0, 0, 0, 0, 0, 1124, 1124, 47, 1124, 1124, 1124, 0, 
탑선태양광, 3, 2026-05-30 00:00:00, 0, 0, 0, 0, 0, 0, 0, 0, 0, 0, 0, 0, 0, 0, 0, 0, 0, 0, 0, 0, 0, 0, 0, 299, 299, 12, 299, 299, 299, 0, 
경상대태양광, 1, 2026-05-30 00:00:00, 0, 0, 0, 0, 0, 0.288, 24.12, 119.304, 281.376, 412.2, 498.384, 545.328, 552.816, 535.464, 495.504, 335.376, 275.544, 198.36, 84.384, 6.624, 0, 0, 0, 0, 4365.072, 182, 552.81, 0.288, 552.816, 0, 
고흥만 수상태양광, 1, 2026-05-30 00:00:00, 0, 0, 0, 0, 0, 259.812, 4111.044, 15563.184, 28408.968, 38408.58, 45606.624, 45292.38, 40631.808, 43498.476, 31556.196, 30144.912, 19453.392, 10918.404, 6034.476, 683.676, 0, 0, 0, 0, 360571.932, 15024, 45606.62, 259.812, 45606.624, 0, 
영동태양광, 1, 2026-05-29 00:00:00, 0, 0, 0, 0, 0, 0.96, 20.16, 17.856, 17.568, 17.568, 18.432, 18.912, 584.832, 794.016, 763.68, 648.192, 572.736, 685.248, 681.984, 678.432, 306.144, 0, 0, 0, 5826.72, 243, 794.01, 0.96, 794.016, 0, 
삼천포태양광#5, 1, 2026-05-29 00:00:00, 0, 0, 0, 0, 0, 0.478, 152.145, 776.35, 1596.795, 2276.625, 221.923, 337.927, 364.06, 1792.007, 2615.724, 2075.153, 1243.287, 2495.736, 2521.77, 2487.93, 1159.61, 0, 0, 0, 22117.52, 922, 2615.72, 0.47, 2615.724, 0, 
삼천포태양광#5, 2, 2026-05-29 00:00:00, 0, 0, 0, 0, 0, 1.247, 282.49, 1385.859, 2763.47, 3804.787, 630.27, 1086.37, 1114.741, 3438.742, 4439.114, 3501.612, 2160.839, 4265.803, 4083.756, 3826.92, 1066.05, 0, 0, 0, 37852.07, 1577, 4439.11, 1.24, 4439.114, 0, 
광양항세방태양광, 1, 2026-05-29 00:00:00, 0, 0, 0, 0, 0, 14.4, 199.2, 621.6, 1108.8, 1543.2, 1860, 2052, 2116.8, 1963.2, 1615.2, 1495.2, 1243.2, 700.8, 225.6, 12, 0, 0, 0, 0, 16771.2, 699, 2116.8, 12, 2116.8, 0, 
두산엔진MG태양광, 1, 2026-05-29 00:00:00, 0, 0, 0, 0, 0, 0.66, 3.18, 6, 15.06, 28.32, 37.08, 32.22, 22.38, 29.04, 34.02, 38.16, 41.04, 24.78, 10.08, 0, 0, 0, 0, 0, 322.02, 13, 41.04, 0.66, 41.04, 0, 
삼천포태양광, 1, 2026-05-29 00:00:00, 0, 0, 0, 0, 0, 0, 0, 4.02, 15.876, 24.948, 31.248, 35.652, 36.78, 36.792, 33.648, 27.204, 16.968, 7.74, 0.934, 0, 0, 0, 0, 0, 271.81, 11, 36.79, 0.93, 36.792, 0, 
삼천포태양광, 2, 2026-05-29 00:00:00, 0, 0, 0, 0, 0, 4.32, 45.888, 206.304, 387.36, 536.16, 621.6, 685.632, 693.792, 679.392, 601.152, 469.44, 278.976, 144.576, 45.6, 2.938, 0, 0, 0, 0, 5403.13, 225, 693.79, 2.93, 693.792, 0, 
삼천포태양광, 3, 2026-05-29 00:00:00, 0, 0, 0, 0, 0, 0.648, 15.048, 67.824, 129.78, 178.344, 208.116, 218.124, 230.184, 228.204, 200.772, 156.78, 97.056, 47.7, 11.448, 0.192, 0, 0, 0, 0, 1790.22, 75, 230.18, 0.19, 230.184, 0, 
삼천포태양광, 4, 2026-05-29 00:00:00, 0, 0, 0, 0, 0, 0.067, 39.686, 89.102, 94.814, 107.709, 96.111, 97.167, 993.599, 1059.227, 1070.649, 854.274, 1124.033, 1182.565, 1196.281, 645.806, 0, 0, 0, 0, 8651.09, 360, 1196.28, 0.06, 1196.281, 0, 
구미태양광, 1, 2026-05-29 00:00:00, 0, 0, 0, 0, 0, 0, 32.036, 121.201, 207.257, 435.703, 515.105, 347.333, 582.721, 567.1, 460.652, 467.955, 373.077, 207.619, 65.301, 0, 0, 0, 0, 0, 4383.06, 183, 582.72, 32.036, 582.721, 0, 
삼천포태양광#6, 1, 2026-05-29 00:00:00, 0, 0, 0, 0, 0, 0, 0, 0, 0, 0, 0, 0, 0, 0, 0, 0, 0, 0, 0, 0, 0, 0, 0, 0, 0, 0, 0, 0, 0, 0, 
영흥태양광#5, 1, 2026-05-29 00:00:00, 0, 0, 0, 0, 0, 4.821, 96.421, 265.158, 713.516, 959.389, 1750.042, 2381.6, 2475.611, 2427.4, 2191.168, 1822.358, 1301.684, 636.379, 137.4, 14.463, 0, 0, 0, 0, 17177.41, 716, 2475.61, 4.82, 2475.611, 0, 
영흥태양광 #3, 1, 2026-05-29 00:00:00, 0, 0, 0, 0, 0, 0, 18.48, 197.52, 569.28, 796.56, 1616.64, 2137.92, 2235.6, 2187.12, 1984.32, 1665.6, 1207.92, 543.36, 79.68, 0, 0, 0, 0, 0, 15240, 635, 2235.6, 18.48, 2235.6, 0, 
영흥태양광 #3, 2, 2026-05-29 00:00:00, 0, 0, 0, 0, 0, 0, 8.832, 45.408, 157.152, 204, 189.984, 552.096, 585.984, 573.216, 515.424, 430.944, 313.344, 156.192, 28.992, 0.768, 0, 0, 0, 0, 3762.336, 157, 585.98, 0.76, 585.984, 0, 
영흥태양광 #3, 3, 2026-05-29 00:00:00, 0, 0, 0, 0, 0, 1.44, 26.28, 78.72, 165.24, 214.32, 498.48, 728.28, 748.2, 731.76, 672.24, 570, 424.56, 228.72, 52.08, 6.12, 0, 0, 0, 0, 5146.44, 214, 748.2, 1.44, 748.2, 0, 
영흥태양광, 1, 2026-05-29 00:00:00, 0, 0, 0, 0, 0, 0, 16.934, 72.845, 178.675, 210.394, 423.552, 652.646, 683.674, 669.504, 606.912, 511.872, 370.33, 187.622, 38.669, 2.074, 0, 0, 0, 0, 4625.703, 193, 683.67, 2.07, 683.674, 0, 
예천태양광, 1, 2026-05-29 00:00:00, 0, 0, 0, 0, 0, 7.74, 106.2, 388.98, 339.48, 249.48, 1041.48, 1111.14, 1339.56, 1225.26, 1193.4, 885.6, 648, 280.08, 78.12, 0, 0, 0, 0, 0, 8894.52, 371, 1339.56, 7.74, 1339.56, 0, 
여수태양광, 1, 2026-05-29 00:00:00, 0, 0, 0, 0, 0, 0, 0, 0, 0, 0, 0, 0, 0, 0, 0, 0, 0, 0, 0, 0, 0, 0, 0, 774.001, 774.001, 32, 774, 774, 774.001, 0, 
영흥태양광, 2, 2026-05-29 00:00:00, 0, 0, 0, 0, 0, 0, 6.749, 58.817, 159.095, 231.411, 434.859, 594.918, 615.166, 604.56, 546.707, 458.964, 325.903, 168.737, 37.604, 2.893, 0, 0, 0, 0, 4246.383, 177, 615.16, 2.89, 615.166, 0, 
탑선태양광, 1, 2026-05-29 00:00:00, 0, 0, 0, 0, 0, 0, 0, 0, 0, 0, 0, 0, 0, 0, 0, 0, 0, 0, 0, 0, 0, 0, 0, 1124, 1124, 47, 1124, 1124, 1124, 0, 
탑선태양광, 3, 2026-05-29 00:00:00, 0, 0, 0, 0, 0, 0, 0, 0, 0, 0, 0, 0, 0, 0, 0, 0, 0, 0, 0, 0, 0, 0, 0, 299, 299, 12, 299, 299, 299, 0, 
경상대태양광, 1, 2026-05-29 00:00:00, 0, 0, 0, 0, 0, 0.288, 25.416, 119.664, 272.664, 405.072, 485.64, 389.088, 494.856, 532.656, 465.336, 367.848, 338.472, 215.784, 62.496, 2.88, 0, 0, 0, 0, 4178.16, 174, 532.65, 0.288, 532.656, 0, 
고흥만 수상태양광, 1, 2026-05-29 00:00:00, 0, 0, 0, 0, 0, 369.432, 4725.084, 14831.376, 26079.48, 37308.936, 44894.472, 48152.412, 48917.568, 47575.92, 32161.668, 35609.784, 25202.1, 13997.76, 4178.16, 293.58, 0, 0, 0, 0, 384297.732, 16012, 48917.56, 293.58, 48917.568, 0, 
영동태양광, 1, 2026-05-28 00:00:00, 0, 0, 0, 0, 0, 0, 8.544, 18.912, 20.064, 20.16, 19.68, 18.24, 144.192, 767.232, 716.928, 624.768, 617.376, 684.48, 681.696, 677.856, 298.176, 0, 0, 0, 5318.304, 222, 767.23, 8.544, 767.232, 0, 
삼천포태양광#5, 1, 2026-05-28 00:00:00, 0, 0, 0, 0, 0, 0, 70.177, 372.911, 484.424, 1174.126, 424.912, 270.957, 267.231, 399.378, 1137.42, 2071.03, 1371.345, 2523.656, 2534.964, 2480.65, 759.329, 0, 0, 0, 16342.51, 681, 2534.96, 70.17, 2534.964, 0, 
삼천포태양광#5, 2, 2026-05-28 00:00:00, 0, 0, 0, 0, 0, 0, 121.362, 679.039, 886.371, 1799.69, 675.733, 403.747, 516.781, 801.417, 3004.226, 3522.35, 2390.604, 4124.901, 3969.457, 3795.899, 755.023, 0, 0, 0, 27446.6, 1144, 4124.9, 121.36, 4124.901, 0, 
광양항세방태양광, 1, 2026-05-28 00:00:00, 0, 0, 0, 0, 0, 2.4, 60, 278.4, 489.6, 1377.6, 854.4, 1341.6, 1164, 1178.4, 1768.8, 1293.6, 782.4, 744, 230.4, 9.6, 0, 0, 0, 0, 11575.2, 482, 1768.8, 2.4, 1768.8, 0, 
두산엔진MG태양광, 1, 2026-05-28 00:00:00, 0, 0, 0, 0, 0, 0.48, 2.7, 6.96, 17.16, 21.9, 23.04, 23.88, 32.28, 24.78, 27.6, 17.88, 24.96, 35.76, 14.94, 0.6, 0, 0, 0, 0, 274.92, 11, 35.76, 0.48, 35.76, 0, 
삼천포태양광, 1, 2026-05-28 00:00:00, 0, 0, 0, 0, 0, 0, 0, 3.492, 4.344, 8.124, 16.14, 26.544, 26.088, 29.16, 34.092, 27.756, 19.008, 3.468, 0.204, 0, 0, 0, 0, 0, 198.42, 8, 34.09, 0.2, 34.092, 0, 
삼천포태양광, 2, 2026-05-28 00:00:00, 0, 0, 0, 0, 0, 0, 18.432, 76.608, 108.96, 228.768, 553.632, 482.976, 498.048, 598.752, 607.104, 474.336, 322.56, 79.776, 26.688, 1.86, 0, 0, 0, 0, 4078.5, 170, 607.1, 1.86, 607.104, 0, 
삼천포태양광, 3, 2026-05-28 00:00:00, 0, 0, 0, 0, 0, 0, 4.356, 23.112, 33.696, 69.984, 191.268, 152.568, 172.08, 211.428, 202.536, 162.72, 111.492, 26.028, 5.372, 0, 0, 0, 0, 0, 1366.64, 57, 211.42, 4.35, 211.428, 0, 
삼천포태양광, 4, 2026-05-28 00:00:00, 0, 0, 0, 0, 0, 0, 14.757, 81.882, 81.621, 110.833, 99.826, 121.84, 95.748, 121.477, 535.249, 849.421, 1136.315, 1188.755, 1185.78, 542.286, 0, 0, 0, 0, 6165.79, 257, 1188.75, 14.75, 1188.755, 0, 
구미태양광, 1, 2026-05-28 00:00:00, 0, 0, 0, 0, 0, 0, 4.556, 62.625, 139.28, 178.909, 171.171, 219.84, 224.974, 156.708, 259.831, 157.142, 323.758, 200.749, 65.663, 6.075, 0, 0, 0, 0, 2171.281, 90, 323.75, 4.556, 323.758, 0, 
삼천포태양광#6, 1, 2026-05-28 00:00:00, 0, 0, 0, 0, 0, 0, 0, 0, 0, 0, 0, 0, 0, 0, 0, 0, 0, 0, 0, 0, 0, 0, 0, 0, 0, 0, 0, 0, 0, 0, 
영흥태양광#5, 1, 2026-05-28 00:00:00, 0, 0, 0, 0, 0, 2.411, 43.389, 115.705, 120.526, 462.821, 713.516, 1393.284, 1752.453, 1388.463, 1858.516, 1706.653, 1267.937, 532.726, 122.937, 19.284, 0, 0, 0, 0, 11500.621, 479, 1858.51, 2.411, 1858.516, 0, 
영흥태양광 #3, 1, 2026-05-28 00:00:00, 0, 0, 0, 0, 0, 0, 1.2, 40.8, 35.76, 377.04, 731.28, 1261.2, 1590.24, 1587.6, 1774.56, 1646.88, 1169.04, 495.36, 85.68, 0, 0, 0, 0, 0, 10796.64, 450, 1774.56, 1.2, 1774.56, 0, 
영흥태양광 #3, 2, 2026-05-28 00:00:00, 0, 0, 0, 0, 0, 0, 0, 12, 14.208, 91.872, 157.344, 317.952, 427.68, 340.512, 431.424, 426.24, 301.056, 139.776, 24.192, 0.096, 0, 0, 0, 0, 2684.352, 112, 431.42, 0.096, 431.424, 0, 
영흥태양광 #3, 3, 2026-05-28 00:00:00, 0, 0, 0, 0, 0, 0, 10.56, 27.6, 31.32, 114.12, 228.24, 323.4, 434.88, 429.12, 617.04, 566.28, 378.48, 229.08, 61.44, 8.88, 0, 0, 0, 0, 3460.44, 144, 617.04, 8.88, 617.04, 0, 
영흥태양광, 1, 2026-05-28 00:00:00, 0, 0, 0, 0, 0, 0, 0, 6.797, 11.251, 64.09, 163.968, 194.611, 306.547, 360.307, 539.712, 504.499, 360.154, 180.25, 48.73, 4.915, 0, 0, 0, 0, 2745.831, 114, 539.71, 4.915, 539.712, 0, 
예천태양광, 1, 2026-05-28 00:00:00, 0, 0, 0, 0, 0, 0, 61.2, 107.1, 211.68, 160.2, 138.06, 140.4, 330.84, 399.6, 614.52, 554.4, 327.06, 286.2, 56.88, 1.44, 0, 0, 0, 0, 3389.58, 141, 614.52, 1.44, 614.52, 0, 
여수태양광, 1, 2026-05-28 00:00:00, 0, 0, 0, 0, 0, 0, 0, 0, 0, 0, 0, 0, 0, 0, 0, 0, 0, 0, 0, 0, 0, 0, 0, 463, 463, 19, 463, 463, 463, 0, 
영흥태양광, 2, 2026-05-28 00:00:00, 0, 0, 0, 0, 0, 0, 0.964, 11.571, 15.427, 118.598, 207.305, 346.152, 400.147, 443.537, 501.389, 454.143, 320.118, 155.238, 35.676, 3.857, 0, 0, 0, 0, 3014.122, 126, 501.38, 0.964, 501.389, 0, 
탑선태양광, 1, 2026-05-28 00:00:00, 0, 0, 0, 0, 0, 0, 0, 0, 0, 0, 0, 0, 0, 0, 0, 0, 0, 0, 0, 0, 0, 0, 0, 1124, 1124, 47, 1124, 1124, 1124, 0, 
탑선태양광, 3, 2026-05-28 00:00:00, 0, 0, 0, 0, 0, 0, 0, 0, 0, 0, 0, 0, 0, 0, 0, 0, 0, 0, 0, 0, 0, 0, 0, 299, 299, 12, 299, 299, 299, 0, 
경상대태양광, 1, 2026-05-28 00:00:00, 0, 0, 0, 0, 0, 0, 1.08, 43.56, 129.888, 223.632, 390.096, 345.384, 363.96, 402.192, 346.464, 344.088, 135.144, 125.064, 39.888, 2.304, 0, 0, 0, 0, 2892.744, 121, 402.19, 1.08, 402.192, 0, 
고흥만 수상태양광, 1, 2026-05-28 00:00:00, 0, 0, 0, 0, 0, 66.696, 1058.988, 2652.216, 4546.164, 6490.932, 13398.252, 30919.728, 21472.836, 21702.996, 23161.572, 14521.416, 9407.832, 7575.288, 3438.288, 253.428, 0, 0, 0, 0, 160666.632, 6694, 30919.72, 66.69, 30919.728, 0, 
영동태양광, 1, 2026-05-27 00:00:00, 0, 0, 0, 0, 0, 0, 2.4, 9.504, 19.68, 19.68, 19.68, 19.488, 19.584, 19.488, 19.776, 52.416, 385.536, 211.488, 1.536, 0, 0, 0, 0, 0, 800.256, 33, 385.53, 1.536, 385.536, 0, 
삼천포태양광#5, 1, 2026-05-27 00:00:00, 0, 0, 0, 0, 0, 0, 17.172, 166.609, 250.033, 473.806, 193.386, 194.429, 188.989, 189.214, 163.496, 151.52, 211.749, 1716.885, 1.212, 0, 0, 0, 0, 0, 3918.5, 163, 1716.88, 1.21, 1716.885, 0, 
삼천포태양광#5, 2, 2026-05-27 00:00:00, 0, 0, 0, 0, 0, 0, 34.06, 295.594, 468.864, 827.567, 285.085, 284.078, 283.145, 283.425, 274.194, 273.252, 456.195, 3570.471, 6.46, 0, 0, 0, 0, 0, 7342.39, 306, 3570.47, 6.46, 3570.471, 0, 
광양항세방태양광, 1, 2026-05-27 00:00:00, 0, 0, 0, 0, 0, 0, 14.4, 184.8, 424.8, 787.2, 900, 921.6, 1027.2, 1039.2, 633.6, 316.8, 122.4, 120, 50.4, 2.4, 0, 0, 0, 0, 6544.8, 273, 1039.2, 2.4, 1039.2, 0, 
두산엔진MG태양광, 1, 2026-05-27 00:00:00, 0, 0, 0, 0, 0, 0.06, 1.02, 2.58, 6.72, 6.36, 10.86, 18.12, 13.74, 9.48, 7.44, 3.54, 2.76, 1.2, 0.6, 0, 0, 0, 0, 0, 84.48, 4, 18.12, 0.06, 18.12, 0, 
삼천포태양광, 1, 2026-05-27 00:00:00, 0, 0, 0, 0, 0, 0, 0, 1.044, 3.396, 5.952, 11.22, 10.836, 10.056, 9.504, 2.076, 1.524, 0.662, 0, 0, 0, 0, 0, 0, 0, 56.27, 2, 11.22, 0.66, 11.22, 0, 
삼천포태양광, 2, 2026-05-27 00:00:00, 0, 0, 0, 0, 0, 0, 12.096, 48.48, 80.544, 131.52, 207.552, 207.744, 192.096, 175.296, 66.912, 53.088, 41.952, 12.864, 5.036, 0, 0, 0, 0, 0, 1235.18, 51, 207.74, 5.03, 207.744, 0, 
삼천포태양광, 3, 2026-05-27 00:00:00, 0, 0, 0, 0, 0, 0, 2.484, 13.932, 24.66, 42.66, 65.88, 64.512, 59.04, 51.336, 18.648, 13.896, 10.728, 1.656, 0.388, 0, 0, 0, 0, 0, 369.82, 15, 65.88, 0.38, 65.88, 0, 
삼천포태양광, 4, 2026-05-27 00:00:00, 0, 0, 0, 0, 0, 0, 2.677, 54.677, 75.799, 100.419, 94.745, 94.092, 94.25, 94.025, 63.455, 52.684, 521.16, 1.567, 0, 0, 0, 0, 0, 0, 1249.55, 52, 521.16, 1.56, 521.16, 0, 
구미태양광, 1, 2026-05-27 00:00:00, 0, 0, 0, 0, 0, 0, 3.833, 16.705, 33.265, 50.693, 76.293, 105.726, 137.255, 130.964, 75.859, 192.36, 144.198, 48.524, 6.364, 0, 0, 0, 0, 0, 1022.039, 43, 192.36, 3.833, 192.36, 0, 
삼천포태양광#6, 1, 2026-05-27 00:00:00, 0, 0, 0, 0, 0, 0, 0, 0, 0, 0, 0, 0, 0, 0, 0, 0, 0, 0, 0, 0, 0, 0, 0, 0, 0, 0, 0, 0, 0, 0, 
영흥태양광#5, 1, 2026-05-27 00:00:00, 0, 0, 0, 0, 0, 0, 19.284, 60.263, 267.568, 713.516, 1017.242, 778.6, 489.337, 544.779, 296.495, 361.579, 260.337, 120.526, 60.263, 0, 0, 0, 0, 0, 4989.789, 208, 1017.24, 19.284, 1017.242, 0, 
영흥태양광 #3, 1, 2026-05-27 00:00:00, 0, 0, 0, 0, 0, 0, 0, 0.24, 206.4, 669.84, 933.6, 687.12, 458.4, 513.36, 259.68, 303.12, 206.4, 64.32, 9.36, 0, 0, 0, 0, 0, 4311.84, 180, 933.6, 0.24, 933.6, 0, 
영흥태양광 #3, 2, 2026-05-27 00:00:00, 0, 0, 0, 0, 0, 0, 0.096, 6.624, 55.488, 165.696, 230.496, 177.888, 110.784, 122.4, 65.376, 77.088, 55.584, 20.064, 6.24, 0, 0, 0, 0, 0, 1093.824, 46, 230.49, 0.096, 230.496, 0, 
영흥태양광 #3, 3, 2026-05-27 00:00:00, 0, 0, 0, 0, 0, 0, 5.64, 20.88, 88.32, 261, 342.24, 232.2, 170.4, 206.04, 107.28, 121.8, 81.72, 34.8, 16.8, 0, 0, 0, 0, 0, 1689.12, 70, 342.24, 5.64, 342.24, 0, 
영흥태양광, 1, 2026-05-27 00:00:00, 0, 0, 0, 0, 0, 0, 0, 0.422, 44.966, 140.774, 238.118, 139.622, 100.992, 141.466, 65.818, 82.022, 44.89, 16.474, 9.869, 0, 0, 0, 0, 0, 1025.433, 43, 238.11, 0.422, 238.118, 0, 
예천태양광, 1, 2026-05-27 00:00:00, 0, 0, 0, 0, 0, 0.36, 35.1, 70.56, 155.16, 201.6, 228.96, 262.98, 228.06, 369.72, 433.98, 339.12, 218.52, 135, 25.74, 0, 0, 0, 0, 0, 2704.86, 113, 433.98, 0.36, 433.98, 0, 
여수태양광, 1, 2026-05-27 00:00:00, 0, 0, 0, 0, 0, 0, 0, 0, 0, 0, 0, 0, 0, 0, 0, 0, 0, 0, 0, 0, 0, 0, 0, 467, 467, 19, 467, 467, 467, 0, 
영흥태양광, 2, 2026-05-27 00:00:00, 0, 0, 0, 0, 0, 0, 0, 1.928, 52.067, 189.949, 269.015, 204.413, 134.989, 145.596, 81.958, 89.672, 66.531, 28.926, 14.463, 0, 0, 0, 0, 0, 1279.507, 53, 269.01, 1.928, 269.015, 0, 
탑선태양광, 1, 2026-05-27 00:00:00, 0, 0, 0, 0, 0, 0, 0, 0, 0, 0, 0, 0, 0, 0, 0, 0, 0, 0, 0, 0, 0, 0, 0, 1124, 1124, 47, 1124, 1124, 1124, 0, 
탑선태양광, 3, 2026-05-27 00:00:00, 0, 0, 0, 0, 0, 0, 0, 0, 0, 0, 0, 0, 0, 0, 0, 0, 0, 0, 0, 0, 0, 0, 0, 299, 299, 12, 299, 299, 299, 0, 
경상대태양광, 1, 2026-05-27 00:00:00, 0, 0, 0, 0, 0, 0, 2.952, 30.672, 93.456, 105.048, 136.008, 114.84, 136.368, 145.224, 116.28, 49.968, 28.944, 18.72, 4.536, 0.144, 0, 0, 0, 0, 983.16, 41, 145.22, 0.144, 145.224, 0, 
고흥만 수상태양광, 1, 2026-05-27 00:00:00, 0, 0, 0, 0, 0, 0, 336.336, 2888.172, 6705.972, 10641.792, 13998.936, 11583.348, 12687.024, 10047.408, 5828.76, 4727.352, 3234.924, 1307.796, 450.156, 0.42, 0, 0, 0, 0, 84438.396, 3518, 13998.93, 0.42, 13998.936, 0, 
영동태양광, 1, 2026-05-26 00:00:00, 0, 0, 0, 0, 0, 0, 15.168, 19.68, 19.488, 18.528, 20.352, 18.528, 19.008, 18.336, 341.376, 362.016, 458.208, 685.728, 684.96, 467.712, 0, 0, 0, 0, 3149.088, 131, 685.72, 15.168, 685.728, 0, 
삼천포태양광#5, 1, 2026-05-26 00:00:00, 0, 0, 0, 0, 0, 2.42, 126.643, 662.497, 896.992, 1021.598, 198.407, 202.917, 194.926, 192.807, 193.284, 221.304, 425.51, 2493.908, 2453.507, 0, 0, 0, 0, 0, 9286.72, 387, 2493.9, 2.42, 2493.908, 0, 
삼천포태양광#5, 2, 2026-05-26 00:00:00, 0, 0, 0, 0, 0, 5.027, 223.235, 1183.399, 1587.819, 1717.401, 289.76, 283.633, 283.775, 284.327, 284.84, 351.887, 812.155, 3915.061, 3790.045, 1678.936, 0, 0, 0, 0, 16691.3, 695, 3915.06, 5.02, 3915.061, 0, 
광양항세방태양광, 1, 2026-05-26 00:00:00, 0, 0, 0, 0, 0, 4.8, 112.8, 480, 573.6, 652.8, 628.8, 1070.4, 756, 808.8, 636, 374.4, 96, 14.4, 0, 0, 0, 0, 0, 0, 6208.8, 259, 1070.4, 4.8, 1070.4, 0, 
두산엔진MG태양광, 1, 2026-05-26 00:00:00, 0, 0, 0, 0, 0, 0.6, 4.92, 8.28, 17.16, 23.28, 34.56, 36.6, 30.24, 37.02, 26.46, 30.18, 13.98, 6.42, 0.84, 0, 0, 0, 0, 0, 270.54, 11, 37.02, 0.6, 37.02, 0, 
삼천포태양광, 1, 2026-05-26 00:00:00, 0, 0, 0, 0, 0, 0, 0.528, 7.296, 9.924, 10.86, 12.336, 17.064, 15.78, 13.104, 13.26, 15.708, 3.252, 0.298, 0, 0, 0, 0, 0, 0, 119.41, 5, 17.06, 0.29, 17.064, 0, 
삼천포태양광, 2, 2026-05-26 00:00:00, 0, 0, 0, 0, 0, 1.536, 34.944, 176.352, 221.28, 232.032, 235.776, 333.504, 297.216, 264.672, 250.56, 299.712, 102.528, 28.468, 0, 0, 0, 0, 0, 0, 2478.58, 103, 333.5, 1.53, 333.504, 0, 
삼천포태양광, 3, 2026-05-26 00:00:00, 0, 0, 0, 0, 0, 0.18, 8.964, 55.476, 70.524, 73.116, 75.78, 107.64, 95.112, 83.196, 79.884, 98.172, 29.16, 6.546, 0, 0, 0, 0, 0, 0, 783.75, 33, 107.64, 0.18, 107.64, 0, 
삼천포태양광, 4, 2026-05-26 00:00:00, 0, 0, 0, 0, 0, 0.083, 33.889, 78.993, 99.31, 108.882, 95.689, 94.281, 94.179, 94.626, 94.532, 358.425, 988.671, 1175.671, 112.839, 0, 0, 0, 0, 0, 3430.07, 143, 1175.67, 0.08, 1175.671, 0, 
구미태양광, 1, 2026-05-26 00:00:00, 0, 0, 0, 0, 0, 0.362, 31.53, 64.361, 121.201, 176.957, 255.998, 393.904, 493.555, 379.152, 255.926, 43.317, 65.084, 37.387, 15.548, 0.506, 0, 0, 0, 0, 2334.788, 97, 493.55, 0.362, 493.555, 0, 
삼천포태양광#6, 1, 2026-05-26 00:00:00, 0, 0, 0, 0, 0, 0, 0, 0, 0, 0, 0, 0, 0, 0, 0, 0, 0, 0, 0, 0, 0, 0, 0, 0, 0, 0, 0, 0, 0, 0, 
영흥태양광#5, 1, 2026-05-26 00:00:00, 0, 0, 0, 0, 0, 7.232, 115.705, 421.842, 636.379, 723.158, 1048.579, 1178.747, 1993.505, 949.747, 433.895, 404.968, 238.642, 113.295, 43.389, 0, 0, 0, 0, 0, 8309.083, 346, 1993.5, 7.232, 1993.505, 0, 
영흥태양광 #3, 1, 2026-05-26 00:00:00, 0, 0, 0, 0, 0, 0, 47.04, 354.96, 558, 627.6, 912.48, 1038.72, 1838.88, 865.68, 390.48, 342.48, 204, 76.32, 6.96, 0, 0, 0, 0, 0, 7263.6, 303, 1838.88, 6.96, 1838.88, 0, 
영흥태양광 #3, 2, 2026-05-26 00:00:00, 0, 0, 0, 0, 0, 0, 19.296, 91.968, 145.632, 163.968, 248.832, 272.256, 478.08, 228.192, 97.632, 91.584, 49.824, 16.992, 0.96, 0, 0, 0, 0, 0, 1905.216, 79, 478.08, 0.96, 478.08, 0, 
영흥태양광 #3, 3, 2026-05-26 00:00:00, 0, 0, 0, 0, 0, 1.2, 37.08, 138.12, 216.96, 239.28, 331.44, 390.84, 605.04, 314.16, 154.44, 134.4, 84.36, 42.48, 15.72, 0.36, 0, 0, 0, 0, 2705.88, 113, 605.04, 0.36, 605.04, 0, 
영흥태양광, 1, 2026-05-26 00:00:00, 0, 0, 0, 0, 0, 0, 15.398, 77.798, 136.013, 135.898, 189.696, 254.016, 331.008, 196.109, 102.49, 79.411, 50.304, 23.539, 6.029, 0, 0, 0, 0, 0, 1597.709, 67, 331, 6.029, 331.008, 0, 
예천태양광, 1, 2026-05-26 00:00:00, 0, 0, 0, 0, 0, 7.02, 118.08, 270.72, 440.46, 850.14, 1179.9, 1048.68, 1065.06, 978.84, 487.62, 111.96, 169.2, 18.54, 0, 0, 0, 0, 0, 0, 6746.22, 281, 1179.9, 7.02, 1179.9, 0, 
여수태양광, 1, 2026-05-26 00:00:00, 0, 0, 0, 0, 0, 0, 0, 0, 0, 0, 0, 0, 0, 0, 0, 0, 0, 0, 0, 0, 0, 0, 0, 532.66, 532.66, 22, 532.66, 532.66, 532.66, 0, 
영흥태양광, 2, 2026-05-26 00:00:00, 0, 0, 0, 0, 0, 0, 8.678, 101.242, 164.88, 179.343, 264.194, 289.263, 520.674, 254.552, 118.598, 102.206, 64.602, 30.855, 10.606, 0, 0, 0, 0, 0, 2109.693, 88, 520.67, 8.678, 520.674, 0, 
탑선태양광, 1, 2026-05-26 00:00:00, 0, 0, 0, 0, 0, 0, 0, 0, 0, 0, 0, 0, 0, 0, 0, 0, 0, 0, 0, 0, 0, 0, 0, 1124, 1124, 47, 1124, 1124, 1124, 0, 
탑선태양광, 3, 2026-05-26 00:00:00, 0, 0, 0, 0, 0, 0, 0, 0, 0, 0, 0, 0, 0, 0, 0, 0, 0, 0, 0, 0, 0, 0, 0, 299, 299, 12, 299, 299, 299, 0, 
경상대태양광, 1, 2026-05-26 00:00:00, 0, 0, 0, 0, 0, 0, 13.968, 83.952, 168.048, 215.352, 274.968, 205.632, 246.528, 258.696, 272.592, 127.368, 140.688, 38.448, 0.216, 0, 0, 0, 0, 0, 2046.456, 85, 274.96, 0.216, 274.968, 0, 
고흥만 수상태양광, 1, 2026-05-26 00:00:00, 0, 0, 0, 0, 0, 96.18, 2053.632, 5049.156, 10502.268, 11285.82, 11010.3, 14550.144, 19859.868, 11820.816, 5996.172, 3176.796, 1001.448, 438.9, 92.568, 0, 0, 0, 0, 0, 96934.068, 4039, 19859.86, 92.568, 19859.868, 0, 
영동태양광, 1, 2026-05-25 00:00:00, 0, 0, 0, 0, 0, 0.864, 18.72, 19.296, 19.776, 20.928, 20.832, 20.64, 20.352, 21.024, 339.456, 357.792, 556.512, 690.72, 687.936, 684.672, 110.784, 0, 0, 0, 3590.304, 150, 690.72, 0.864, 690.72, 0, 
삼천포태양광#5, 1, 2026-05-25 00:00:00, 0, 0, 0, 0, 0, 2.202, 162.337, 760.389, 1055.612, 1515.17, 230.35, 190.049, 232.451, 196.94, 209.459, 1181.196, 1408.804, 2495.007, 2514.715, 2466.931, 1165.878, 0, 0, 0, 15787.49, 658, 2514.71, 2.2, 2514.715, 0, 
삼천포태양광#5, 2, 2026-05-25 00:00:00, 0, 0, 0, 0, 0, 4.35, 291.8, 1347.942, 1805.773, 2634.822, 597.504, 286.765, 328.567, 283.791, 934.817, 3020.937, 2443.946, 4256.197, 3974.495, 3775.506, 996.618, 0, 0, 0, 26983.83, 1124, 4256.19, 4.35, 4256.197, 0, 
광양항세방태양광, 1, 2026-05-25 00:00:00, 0, 0, 0, 0, 0, 0, 105.6, 506.4, 496.8, 744, 895.2, 1080, 1161.6, 900, 849.6, 820.8, 780, 434.4, 86.4, 0, 0, 0, 0, 0, 8860.8, 369, 1161.6, 86.4, 1161.6, 0, 
두산엔진MG태양광, 1, 2026-05-25 00:00:00, 0, 0, 0, 0, 0, 0.6, 3.9, 7.08, 15.72, 27.3, 28.38, 29.22, 28.26, 29.58, 33.54, 31.32, 40.08, 23.22, 13.92, 0.24, 0, 0, 0, 0, 312.36, 13, 40.08, 0.24, 40.08, 0, 
삼천포태양광, 1, 2026-05-25 00:00:00, 0, 0, 0, 0, 0, 0, 1.056, 6.324, 11.796, 19.332, 28.38, 20.616, 22.68, 17.592, 26.628, 25.872, 18.984, 6.564, 0.256, 0, 0, 0, 0, 0, 206.08, 9, 28.38, 0.25, 28.38, 0, 
삼천포태양광, 2, 2026-05-25 00:00:00, 0, 0, 0, 0, 0, 3.84, 46.368, 202.848, 256.992, 358.368, 579.936, 367.2, 405.408, 326.016, 485.376, 413.76, 305.568, 129.504, 29.496, 0, 0, 0, 0, 0, 3910.68, 163, 579.93, 3.84, 579.936, 0, 
삼천포태양광, 3, 2026-05-25 00:00:00, 0, 0, 0, 0, 0, 0.576, 13.428, 65.7, 80.316, 116.82, 189.864, 118.98, 128.34, 105.192, 156.384, 138.564, 106.704, 42.48, 6.802, 0, 0, 0, 0, 0, 1270.15, 53, 189.86, 0.57, 189.864, 0, 
삼천포태양광, 4, 2026-05-25 00:00:00, 0, 0, 0, 0, 0, 0.52, 42.751, 89.67, 102.247, 103.6, 103.26, 94.61, 101.126, 94.165, 599.789, 696.747, 1138.026, 1180.916, 1188.725, 618.908, 0, 0, 0, 0, 6155.06, 256, 1188.72, 0.52, 1188.725, 0, 
구미태양광, 1, 2026-05-25 00:00:00, 0, 0, 0, 0, 0, 0, 41.292, 108.112, 297.796, 436.353, 464.267, 515.539, 492.398, 507.078, 516.696, 457.687, 325.204, 211.668, 66.241, 4.339, 0, 0, 0, 0, 4444.67, 185, 516.69, 4.339, 516.696, 0, 
삼천포태양광#6, 1, 2026-05-25 00:00:00, 0, 0, 0, 0, 0, 0, 0, 0, 0, 0, 0, 0, 0, 0, 0, 0, 0, 0, 0, 0, 0, 0, 0, 0, 0, 0, 0, 0, 0, 0, 
영흥태양광#5, 1, 2026-05-25 00:00:00, 0, 0, 0, 0, 0, 14.463, 161.505, 597.811, 1190.8, 1725.937, 1930.832, 2171.884, 2142.958, 1872.979, 1725.937, 1617.463, 1219.726, 518.263, 197.663, 28.926, 0, 0, 0, 0, 17117.147, 713, 2171.88, 14.463, 2171.884, 0, 
영흥태양광 #3, 1, 2026-05-25 00:00:00, 0, 0, 0, 0, 0, 0.24, 97.2, 522.24, 1062, 1530, 1742.88, 1903.2, 1958.16, 1656.48, 1587.12, 1419.84, 1131.36, 459.6, 157.92, 18.72, 0, 0, 0, 0, 15246.96, 635, 1958.16, 0.24, 1958.16, 0, 
영흥태양광 #3, 2, 2026-05-25 00:00:00, 0, 0, 0, 0, 0, 0, 23.04, 128.16, 274.944, 403.296, 446.496, 503.04, 506.112, 449.76, 418.368, 378.048, 288.672, 122.016, 39.84, 5.184, 0, 0, 0, 0, 3986.976, 166, 506.11, 5.184, 506.112, 0, 
영흥태양광 #3, 3, 2026-05-25 00:00:00, 0, 0, 0, 0, 0, 3.36, 42.96, 176.76, 378.96, 549.48, 623.64, 648.48, 675.12, 582.36, 555.6, 486.96, 406.32, 197.64, 71.76, 11.52, 0, 0, 0, 0, 5410.92, 225, 675.12, 3.36, 675.12, 0, 
영흥태양광, 1, 2026-05-25 00:00:00, 0, 0, 0, 0, 0, 0, 16.051, 82.906, 197.683, 326.285, 390.221, 401.434, 428.966, 393.792, 371.52, 312.883, 265.805, 133.786, 40.666, 7.066, 0, 0, 0, 0, 3369.064, 140, 428.96, 7.066, 428.966, 0, 
예천태양광, 1, 2026-05-25 00:00:00, 0, 0, 0, 0, 0, 6.12, 103.14, 341.46, 522.72, 721.08, 382.86, 664.74, 1150.92, 941.76, 1041.12, 772.92, 549.54, 300.78, 44.64, 0.18, 0, 0, 0, 0, 7543.98, 314, 1150.92, 0.18, 1150.92, 0, 
여수태양광, 1, 2026-05-25 00:00:00, 0, 0, 0, 0, 0, 0, 0, 0, 0, 0, 0, 0, 0, 0, 0, 0, 0, 0, 0, 0, 0, 0, 0, 376.974, 376.974, 16, 376.97, 376.974, 376.974, 0, 
영흥태양광, 2, 2026-05-25 00:00:00, 0, 0, 0, 0, 0, 0.964, 32.783, 137.882, 292.156, 431.966, 496.568, 523.566, 545.743, 462.821, 438.716, 384.72, 308.547, 142.703, 50.139, 9.642, 0, 0, 0, 0, 4258.916, 177, 545.74, 0.964, 545.743, 0, 
탑선태양광, 1, 2026-05-25 00:00:00, 0, 0, 0, 0, 0, 0, 0, 0, 0, 0, 0, 0, 0, 0, 0, 0, 0, 0, 0, 0, 0, 0, 0, 1124, 1124, 47, 1124, 1124, 1124, 0, 
탑선태양광, 3, 2026-05-25 00:00:00, 0, 0, 0, 0, 0, 0, 0, 0, 0, 0, 0, 0, 0, 0, 0, 0, 0, 0, 0, 0, 0, 0, 0, 299, 299, 12, 299, 299, 299, 0, 
경상대태양광, 1, 2026-05-25 00:00:00, 0, 0, 0, 0, 0, 0, 33.768, 107.496, 197.208, 237.024, 349.56, 238.32, 472.176, 395.352, 357.912, 368.928, 297.432, 128.448, 51.768, 0.72, 0, 0, 0, 0, 3236.112, 135, 472.17, 0.72, 472.176, 0, 
고흥만 수상태양광, 1, 2026-05-25 00:00:00, 0, 0, 0, 0, 0, 36.12, 1647.492, 4231.668, 7252.476, 15788.22, 32039.616, 31754.016, 39124.848, 28554.12, 26024.88, 25479.888, 18494.28, 9895.62, 1321.152, 47.124, 0, 0, 0, 0, 241691.52, 10070, 39124.84, 36.12, 39124.848, 0, 
영동태양광, 1, 2026-05-24 00:00:00, 0, 0, 0, 0, 0, 1.344, 21.888, 19.968, 20.544, 19.968, 19.296, 19.2, 367.872, 784.8, 729.12, 664.512, 632.544, 690.336, 689.184, 685.728, 304.992, 0, 0, 0, 5671.296, 236, 784.8, 1.344, 784.8, 0, 
삼천포태양광#5, 1, 2026-05-24 00:00:00, 0, 0, 0, 0, 0, 27.879, 262.292, 705.161, 1155.468, 2205.947, 334.335, 441.6, 456.296, 1714.838, 2202.565, 1742.654, 923.409, 2503.415, 2541.01, 2487.432, 1019.919, 0, 0, 0, 20724.22, 864, 2541.01, 27.87, 2541.01, 0, 
삼천포태양광#5, 2, 2026-05-24 00:00:00, 0, 0, 0, 0, 0, 51.191, 463.146, 1241.318, 2031.519, 3712.741, 835.256, 1258.125, 1257.443, 3525.599, 3761.273, 2920.046, 1622.823, 4248.434, 4053.894, 3810.023, 645.969, 0, 0, 0, 35438.8, 1477, 4248.43, 51.19, 4248.434, 0, 
광양항세방태양광, 1, 2026-05-24 00:00:00, 0, 0, 0, 0, 0, 28.8, 237.6, 542.4, 820.8, 1248, 1394.4, 0, 0, 1560, 1689.6, 1262.4, 667.2, 393.6, 129.6, 2.4, 0, 0, 0, 0, 9976.8, 416, 1689.6, 2.4, 1689.6, 0, 
두산엔진MG태양광, 1, 2026-05-24 00:00:00, 0, 0, 0, 0, 0, 0.9, 4.38, 9.6, 19.44, 28.32, 41.16, 46.26, 31.26, 46.38, 49.32, 39.72, 29.4, 13.5, 5.4, 0.3, 0, 0, 0, 0, 365.34, 15, 49.32, 0.3, 49.32, 0, 
삼천포태양광, 1, 2026-05-24 00:00:00, 0, 0, 0, 0, 0, 0.024, 1.44, 6.42, 13.476, 23.376, 32.748, 37.344, 38.88, 36.168, 28.296, 23.004, 10.836, 4.356, 0.642, 0, 0, 0, 0, 0, 257.01, 11, 38.88, 0.02, 38.88, 0, 
삼천포태양광, 2, 2026-05-24 00:00:00, 0, 0, 0, 0, 0, 11.52, 69.984, 182.208, 285.888, 523.104, 649.056, 702.144, 710.976, 648.768, 507.744, 410.688, 219.84, 108, 38.688, 1.272, 0, 0, 0, 0, 5069.88, 211, 710.97, 1.27, 710.976, 0, 
삼천포태양광, 3, 2026-05-24 00:00:00, 0, 0, 0, 0, 0, 2.7, 21.204, 58.464, 94.752, 173.556, 216.864, 236.628, 237.564, 215.46, 170.28, 134.568, 69.66, 32.58, 9.82, 0, 0, 0, 0, 0, 1674.1, 70, 237.56, 2.7, 237.564, 0, 
삼천포태양광, 4, 2026-05-24 00:00:00, 0, 0, 0, 0, 0, 7.402, 75.643, 93.936, 91.477, 106.689, 97.465, 98.883, 974.149, 1020.698, 910.498, 719.741, 1071.256, 1178.143, 1192.848, 408.072, 0, 0, 0, 0, 8046.9, 335, 1192.84, 7.4, 1192.848, 0, 
구미태양광, 1, 2026-05-24 00:00:00, 0, 0, 0, 0, 0, 0, 25.383, 105.147, 275.451, 460.218, 554.879, 629.943, 648.962, 607.019, 567.028, 455.734, 321.878, 179.415, 75.787, 15.259, 0, 0, 0, 0, 4922.103, 205, 648.96, 15.259, 648.962, 0, 
삼천포태양광#6, 1, 2026-05-24 00:00:00, 0, 0, 0, 0, 0, 0, 0, 0, 0, 0, 0, 0, 0, 0, 0, 0, 0, 0, 0, 0, 0, 0, 0, 0, 0, 0, 0, 0, 0, 0, 
영흥태양광#5, 1, 2026-05-24 00:00:00, 0, 0, 0, 0, 0, 14.463, 192.842, 631.558, 1219.726, 1754.863, 2128.495, 2314.105, 2415.347, 2299.642, 2041.716, 1711.474, 1234.189, 595.4, 166.326, 14.463, 0, 0, 0, 0, 18734.609, 781, 2415.34, 14.463, 2415.347, 0, 
영흥태양광 #3, 1, 2026-05-24 00:00:00, 0, 0, 0, 0, 0, 0, 129.36, 561.6, 1083.36, 1561.44, 1877.04, 2070.48, 2197.2, 2081.52, 1904.64, 1582.8, 1138.56, 493.68, 117.12, 0, 0, 0, 0, 0, 16798.8, 700, 2197.2, 117.12, 2197.2, 0, 
영흥태양광 #3, 2, 2026-05-24 00:00:00, 0, 0, 0, 0, 0, 0, 28.992, 135.264, 280.32, 415.872, 503.136, 549.6, 571.488, 542.496, 496.8, 414.24, 295.104, 140.448, 35.904, 0.864, 0, 0, 0, 0, 4410.528, 184, 571.48, 0.864, 571.488, 0, 
영흥태양광 #3, 3, 2026-05-24 00:00:00, 0, 0, 0, 0, 0, 3.24, 53.64, 187.92, 385.56, 550.92, 648.6, 691.8, 746.16, 707.28, 652.32, 559.68, 408.72, 211.44, 62.04, 6.12, 0, 0, 0, 0, 5875.44, 245, 746.16, 3.24, 746.16, 0, 
영흥태양광, 1, 2026-05-24 00:00:00, 0, 0, 0, 0, 0, 0, 22.848, 90.202, 203.942, 328.128, 425.088, 477.504, 500.582, 473.165, 426.624, 359.808, 261.427, 129.254, 37.171, 2.227, 0, 0, 0, 0, 3737.97, 156, 500.58, 2.227, 500.582, 0, 
예천태양광, 1, 2026-05-24 00:00:00, 0, 0, 0, 0, 0, 0, 52.92, 238.5, 617.04, 938.88, 1199.52, 1320.3, 1342.44, 1281.42, 1142.82, 933.3, 622.44, 307.08, 64.08, 2.16, 0, 0, 0, 0, 10062.9, 419, 1342.44, 2.16, 1342.44, 0, 
여수태양광, 1, 2026-05-24 00:00:00, 0, 0, 0, 0, 0, 0, 0, 0, 0, 0, 0, 0, 0, 0, 0, 0, 0, 0, 0, 0, 0, 0, 0, 587.141, 587.141, 24, 587.14, 587.14, 587.141, 0, 
영흥태양광, 2, 2026-05-24 00:00:00, 0, 0, 0, 0, 0, 0, 43.389, 147.524, 297.941, 439.68, 524.531, 569.848, 596.846, 569.848, 520.674, 432.931, 311.44, 154.274, 45.318, 2.893, 0, 0, 0, 0, 4657.137, 194, 596.84, 2.893, 596.846, 0, 
탑선태양광, 1, 2026-05-24 00:00:00, 0, 0, 0, 0, 0, 0, 0, 0, 0, 0, 0, 0, 0, 0, 0, 0, 0, 0, 0, 0, 0, 0, 0, 1124, 1124, 47, 1124, 1124, 1124, 0, 
탑선태양광, 3, 2026-05-24 00:00:00, 0, 0, 0, 0, 0, 0, 0, 0, 0, 0, 0, 0, 0, 0, 0, 0, 0, 0, 0, 0, 0, 0, 0, 299, 299, 12, 299, 299, 299, 0, 
경상대태양광, 1, 2026-05-24 00:00:00, 0, 0, 0, 0, 0, 1.944, 45, 117.792, 221.616, 372.816, 500.544, 539.28, 567.936, 533.448, 411.552, 314.784, 235.8, 122.04, 46.512, 3.024, 0, 0, 0, 0, 4034.088, 168, 567.93, 1.944, 567.936, 0, 
고흥만 수상태양광, 1, 2026-05-24 00:00:00, 0, 0, 0, 0, 0, 192.108, 3319.848, 10869.936, 17606.232, 32623.164, 37058.616, 230.16, 258.048, 32222.316, 28387.296, 23713.536, 12634.86, 7555.8, 2513.784, 89.46, 0, 0, 0, 0, 209275.164, 8720, 37058.61, 89.46, 37058.616, 0, 
영동태양광, 1, 2026-05-23 00:00:00, 0, 0, 0, 0, 0, 0, 0, 17.088, 19.776, 19.68, 19.872, 19.584, 19.968, 20.448, 20.736, 157.056, 478.464, 688.8, 271.392, 0.288, 0, 0, 0, 0, 1753.152, 73, 688.8, 0.288, 688.8, 0, 
삼천포태양광#5, 1, 2026-05-23 00:00:00, 0, 0, 0, 0, 0, 0.246, 115.22, 233.594, 248.251, 529.26, 192.225, 192.859, 193.772, 579.052, 412.657, 222.366, 1150.379, 2501.344, 2554.242, 1274.563, 0, 0, 0, 0, 10400.03, 433, 2554.24, 0.24, 2554.242, 0, 
삼천포태양광#5, 2, 2026-05-23 00:00:00, 0, 0, 0, 0, 0, 0.646, 201.413, 426.781, 439.962, 898.008, 287.768, 287.767, 291.393, 801.255, 629.636, 354.864, 2006.542, 4264.08, 4094.054, 2830.461, 0, 0, 0, 0, 17814.63, 742, 4264.08, 0.64, 4264.08, 0, 
광양항세방태양광, 1, 2026-05-23 00:00:00, 0, 0, 0, 0, 0, 9.6, 117.6, 182.4, 316.8, 592.8, 914.4, 868.8, 1288.8, 1804.8, 1780.8, 1744.8, 1305.6, 530.4, 160.8, 2.4, 0, 0, 0, 0, 11620.8, 484, 1804.8, 2.4, 1804.8, 0, 
두산엔진MG태양광, 1, 2026-05-23 00:00:00, 0, 0, 0, 0, 0, 0.06, 2.1, 3.84, 5.88, 7.38, 10.44, 28.74, 13.2, 26.1, 32.76, 16.62, 10.92, 7.98, 3.48, 0.18, 0, 0, 0, 0, 169.68, 7, 32.76, 0.06, 32.76, 0, 
삼천포태양광, 1, 2026-05-23 00:00:00, 0, 0, 0, 0, 0, 0, 0.516, 1.968, 1.5, 5.64, 8.736, 6.216, 11.652, 25.068, 31.824, 25.98, 16.032, 8.016, 0.462, 0, 0, 0, 0, 0, 143.61, 6, 31.82, 0.46, 31.824, 0, 
삼천포태양광, 2, 2026-05-23 00:00:00, 0, 0, 0, 0, 0, 0.768, 33.792, 63.936, 63.264, 128.16, 180.576, 153.504, 228.96, 420.096, 534.816, 467.616, 269.184, 163.296, 35.808, 0.504, 0, 0, 0, 0, 2744.28, 114, 534.81, 0.5, 534.816, 0, 
삼천포태양광, 3, 2026-05-23 00:00:00, 0, 0, 0, 0, 0, 0.108, 8.928, 18.54, 18.396, 39.6, 59.292, 49.14, 73.152, 146.484, 185.364, 155.772, 91.404, 54.9, 9.24, 0, 0, 0, 0, 0, 910.32, 38, 185.36, 0.1, 185.364, 0, 
삼천포태양광, 4, 2026-05-23 00:00:00, 0, 0, 0, 0, 0, 0, 35.831, 73.393, 89.739, 99.852, 95.182, 93.822, 94.436, 120.549, 107.836, 417.554, 1048.453, 1183.889, 369.284, 0, 0, 0, 0, 0, 3829.82, 160, 1183.88, 35.83, 1183.889, 0, 
구미태양광, 1, 2026-05-23 00:00:00, 0, 0, 0, 0, 0, 0, 18.441, 54.888, 113.174, 293.964, 278.85, 95.891, 97.699, 242.619, 249.851, 223.89, 343.283, 185.779, 71.014, 6.436, 0, 0, 0, 0, 2275.779, 95, 343.28, 6.436, 343.283, 0, 
삼천포태양광#6, 1, 2026-05-23 00:00:00, 0, 0, 0, 0, 0, 0, 0, 0, 0, 0, 0, 0, 0, 0, 0, 0, 0, 0, 0, 0, 0, 0, 0, 0, 0, 0, 0, 0, 0, 0, 
영흥태양광#5, 1, 2026-05-23 00:00:00, 0, 0, 0, 0, 0, 0, 48.211, 69.905, 306.137, 347.116, 1031.705, 1116.074, 1641.568, 920.821, 1774.147, 1733.168, 1200.442, 607.453, 175.968, 16.874, 0, 0, 0, 0, 10989.589, 458, 1774.14, 16.874, 1774.147, 0, 
영흥태양광 #3, 1, 2026-05-23 00:00:00, 0, 0, 0, 0, 0, 0, 0, 7.2, 186.24, 282.48, 882.24, 965.52, 1460.16, 674.4, 1620.48, 1585.2, 1117.2, 508.08, 130.56, 0, 0, 0, 0, 0, 9419.76, 392, 1620.48, 7.2, 1620.48, 0, 
영흥태양광 #3, 2, 2026-05-23 00:00:00, 0, 0, 0, 0, 0, 0, 2.112, 5.28, 63.744, 68.928, 238.944, 258.528, 386.112, 212.736, 376.32, 413.184, 291.84, 147.168, 40.032, 0.96, 0, 0, 0, 0, 2505.888, 104, 413.18, 0.96, 413.184, 0, 
영흥태양광 #3, 3, 2026-05-23 00:00:00, 0, 0, 0, 0, 0, 0, 13.56, 25.2, 104.16, 112.08, 311.28, 336.24, 487.8, 342.72, 523.56, 552.72, 399, 216.36, 64.68, 6, 0, 0, 0, 0, 3495.36, 146, 552.72, 6, 552.72, 0, 
영흥태양광, 1, 2026-05-23 00:00:00, 0, 0, 0, 0, 0, 0, 0.422, 12.058, 53.222, 76.339, 191.194, 197.683, 393.754, 323.904, 385.498, 370.291, 258.854, 135.667, 38.477, 2.342, 0, 0, 0, 0, 2439.705, 102, 393.75, 0.422, 393.754, 0, 
예천태양광, 1, 2026-05-23 00:00:00, 0, 0, 0, 0, 0, 5.4, 70.02, 157.14, 367.92, 376.74, 282.42, 581.4, 835.56, 603.36, 675.9, 807.66, 514.8, 254.88, 66.96, 0.54, 0, 0, 0, 0, 5600.7, 233, 835.56, 0.54, 835.56, 0, 
여수태양광, 1, 2026-05-23 00:00:00, 0, 0, 0, 0, 0, 0, 0, 0, 0, 0, 0, 0, 0, 0, 0, 0, 0, 0, 0, 0, 0, 0, 0, 396.007, 396.007, 17, 396, 396.007, 396.007, 0, 
영흥태양광, 2, 2026-05-23 00:00:00, 0, 0, 0, 0, 0, 0, 0.964, 13.499, 72.316, 85.815, 247.802, 278.657, 422.324, 201.52, 439.68, 437.752, 305.655, 159.095, 46.282, 3.857, 0, 0, 0, 0, 2715.218, 113, 439.68, 0.964, 439.68, 0, 
탑선태양광, 1, 2026-05-23 00:00:00, 0, 0, 0, 0, 0, 0, 0, 0, 0, 0, 0, 0, 0, 0, 0, 0, 0, 0, 0, 0, 0, 0, 0, 1124, 1124, 47, 1124, 1124, 1124, 0, 
탑선태양광, 3, 2026-05-23 00:00:00, 0, 0, 0, 0, 0, 0, 0, 0, 0, 0, 0, 0, 0, 0, 0, 0, 0, 0, 0, 0, 0, 0, 0, 299, 299, 12, 299, 299, 299, 0, 
경상대태양광, 1, 2026-05-23 00:00:00, 0, 0, 0, 0, 0, 0, 14.688, 45.36, 65.088, 89.568, 204.84, 225.504, 157.464, 394.92, 437.832, 245.88, 225.432, 174.096, 51.048, 2.232, 0, 0, 0, 0, 2333.952, 97, 437.83, 2.232, 437.832, 0, 
고흥만 수상태양광, 1, 2026-05-23 00:00:00, 0, 0, 0, 0, 0, 332.472, 4977.672, 7111.104, 9931.32, 20540.94, 26997.432, 20457.948, 29537.508, 37903.824, 45391.08, 41450.976, 22347.192, 14054.712, 3616.368, 233.352, 0, 0, 0, 0, 284883.9, 11870, 45391.08, 233.352, 45391.08, 0, 
영동태양광, 1, 2026-05-22 00:00:00, 0, 0, 0, 0, 0, 9.024, 33.312, 20.064, 20.64, 21.312, 22.176, 21.6, 427.968, 788.064, 757.92, 659.904, 636.096, 692.448, 687.936, 684, 301.056, 0, 0, 0, 5783.52, 241, 788.06, 9.024, 788.064, 0, 
삼천포태양광#5, 1, 2026-05-22 00:00:00, 0, 0, 0, 0, 0, 0, 173.904, 489.613, 792.486, 1376.086, 193.763, 188.859, 187.862, 205.099, 190.186, 227.097, 813.086, 2482.528, 1635.691, 0, 0, 0, 0, 0, 8956.26, 373, 2482.52, 173.9, 2482.528, 0, 
삼천포태양광#5, 2, 2026-05-22 00:00:00, 0, 0, 0, 0, 0, 0, 339.467, 867.474, 1388.661, 2366.206, 289.666, 282.555, 284.332, 309.685, 284.826, 357.023, 1449.946, 4280.798, 3307.011, 0, 0, 0, 0, 0, 15807.65, 659, 4280.79, 282.55, 4280.798, 0, 
광양항세방태양광, 1, 2026-05-22 00:00:00, 0, 0, 0, 0, 0, 2.4, 177.6, 667.2, 1104, 1572, 914.4, 722.4, 753.6, 856.8, 720, 967.2, 967.2, 717.6, 240, 9.6, 0, 0, 0, 0, 10392, 433, 1572, 2.4, 1572, 0, 
두산엔진MG태양광, 1, 2026-05-22 00:00:00, 0, 0, 0, 0, 0, 0.18, 2.4, 8.64, 14.82, 12.42, 10.62, 14.34, 20.64, 32.4, 29.94, 46.86, 49.74, 35.76, 12.78, 0.54, 0, 0, 0, 0, 292.08, 12, 49.74, 0.18, 49.74, 0, 
삼천포태양광, 1, 2026-05-22 00:00:00, 0, 0, 0, 0, 0, 0, 1.416, 5.448, 9.72, 16.128, 10.704, 10.86, 3.756, 12.708, 11.028, 14.724, 8.22, 6.936, 0.852, 0, 0, 0, 0, 0, 112.5, 5, 16.12, 0.85, 16.128, 0, 
삼천포태양광, 2, 2026-05-22 00:00:00, 0, 0, 0, 0, 0, 0.48, 52.512, 131.04, 203.328, 310.944, 221.376, 195.264, 89.664, 238.848, 226.08, 269.28, 175.008, 133.632, 43.2, 1.394, 0, 0, 0, 0, 2292.05, 96, 310.94, 0.48, 310.944, 0, 
삼천포태양광, 3, 2026-05-22 00:00:00, 0, 0, 0, 0, 0, 0, 15.012, 40.968, 66.6, 110.124, 68.58, 58.176, 24.912, 75.204, 69.696, 88.812, 62.28, 43.272, 11.258, 0.036, 0, 0, 0, 0, 734.93, 31, 110.12, 0.03, 110.124, 0, 
삼천포태양광, 4, 2026-05-22 00:00:00, 0, 0, 0, 0, 0, 0, 54.008, 97.008, 93.012, 108.996, 96.115, 94.018, 92.173, 94.833, 94.509, 355.056, 1030.105, 1065.586, 52.931, 0, 0, 0, 0, 0, 3328.35, 139, 1065.58, 52.93, 1065.586, 0, 
구미태양광, 1, 2026-05-22 00:00:00, 0, 0, 0, 0, 0, 0, 21.55, 116.211, 303.799, 469.113, 502.522, 517.419, 666.318, 449.804, 477.501, 366.858, 377.922, 210.656, 60.456, 7.015, 0, 0, 0, 0, 4547.144, 189, 666.31, 7.015, 666.318, 0, 
삼천포태양광#6, 1, 2026-05-22 00:00:00, 0, 0, 0, 0, 0, 0, 0, 0, 0, 0, 0, 0, 0, 0, 0, 0, 0, 0, 0, 0, 0, 0, 0, 0, 0, 0, 0, 0, 0, 0, 
영흥태양광#5, 1, 2026-05-22 00:00:00, 0, 0, 0, 0, 0, 14.463, 214.537, 486.926, 1089.558, 1832, 2205.632, 2412.937, 2478.021, 2357.495, 2123.674, 1692.189, 1205.263, 564.063, 190.432, 7.232, 0, 0, 0, 0, 18874.422, 786, 2478.02, 7.232, 2478.021, 0, 
영흥태양광 #3, 1, 2026-05-22 00:00:00, 0, 0, 0, 0, 0, 0.24, 138.96, 437.04, 984.48, 1628.4, 1963.2, 2181.6, 2250.72, 2155.68, 1956.24, 1564.8, 1139.28, 512.16, 147.84, 0, 0, 0, 0, 0, 17060.64, 711, 2250.72, 0.24, 2250.72, 0, 
영흥태양광 #3, 2, 2026-05-22 00:00:00, 0, 0, 0, 0, 0, 0, 35.328, 103.968, 250.656, 434.976, 519.168, 564.864, 578.4, 550.848, 496.128, 399.648, 286.944, 133.344, 41.568, 0.288, 0, 0, 0, 0, 4396.128, 183, 578.4, 0.288, 578.4, 0, 
영흥태양광 #3, 3, 2026-05-22 00:00:00, 0, 0, 0, 0, 0, 3.12, 60, 156.96, 359.16, 577.68, 685.32, 744.72, 762.12, 731.76, 667.32, 539.52, 407.28, 218.04, 70.2, 2.88, 0, 0, 0, 0, 5986.08, 249, 762.12, 2.88, 762.12, 0, 
영흥태양광, 1, 2026-05-22 00:00:00, 0, 0, 0, 0, 0, 0, 27.61, 83.443, 190.426, 335.194, 432.691, 484.186, 507.994, 492.173, 445.056, 360.73, 263.04, 133.056, 42.893, 0.883, 0, 0, 0, 0, 3799.375, 158, 507.99, 0.883, 507.994, 0, 
예천태양광, 1, 2026-05-22 00:00:00, 0, 0, 0, 0, 0, 5.94, 85.86, 391.32, 738.9, 874.62, 1206.54, 1333.26, 1380.06, 1311.84, 1118.88, 956.7, 660.06, 278.46, 51.48, 0, 0, 0, 0, 0, 10393.92, 433, 1380.06, 5.94, 1380.06, 0, 
여수태양광, 1, 2026-05-22 00:00:00, 0, 0, 0, 0, 0, 0, 0, 0, 0, 0, 0, 0, 0, 0, 0, 0, 0, 0, 0, 0, 0, 0, 0, 537, 537, 22, 537, 537, 537, 0, 
영흥태양광, 2, 2026-05-22 00:00:00, 0, 0, 0, 0, 0, 0, 46.282, 120.526, 269.979, 456.072, 553.457, 602.632, 620.952, 594.918, 538.994, 431.002, 306.619, 158.131, 53.032, 1.928, 0, 0, 0, 0, 4754.524, 198, 620.95, 1.928, 620.952, 0, 
탑선태양광, 1, 2026-05-22 00:00:00, 0, 0, 0, 0, 0, 0, 0, 0, 0, 0, 0, 0, 0, 0, 0, 0, 0, 0, 0, 0, 0, 0, 0, 1124, 1124, 47, 1124, 1124, 1124, 0, 
탑선태양광, 3, 2026-05-22 00:00:00, 0, 0, 0, 0, 0, 0, 0, 0, 0, 0, 0, 0, 0, 0, 0, 0, 0, 0, 0, 0, 0, 0, 0, 299, 299, 12, 299, 299, 299, 0, 
경상대태양광, 1, 2026-05-22 00:00:00, 0, 0, 0, 0, 0, 0, 24.552, 130.968, 160.704, 213.624, 249.768, 215.424, 184.392, 246.672, 179.064, 230.184, 308.736, 208.224, 56.736, 2.52, 0, 0, 0, 0, 2411.568, 100, 308.73, 2.52, 308.736, 0, 
고흥만 수상태양광, 1, 2026-05-22 00:00:00, 0, 0, 0, 0, 0, 116.172, 913.248, 6574.848, 16837.884, 20260.464, 25690.308, 20513.976, 29230.32, 24383.352, 19217.436, 28407.456, 24975.216, 12476.184, 3565.632, 232.512, 0, 0, 0, 0, 233395.008, 9725, 29230.32, 116.172, 29230.32, 0, 
영동태양광, 1, 2026-05-21 00:00:00, 0, 0, 0, 0, 0, 0, 0, 0.192, 8.352, 18.336, 19.584, 19.776, 19.776, 19.68, 19.2, 32.64, 286.464, 4.608, 0.096, 0, 0, 0, 0, 0, 448.704, 19, 286.46, 0.096, 286.464, 0, 
삼천포태양광#5, 1, 2026-05-21 00:00:00, 0, 0, 0, 0, 0, 0, 11.65, 161.08, 448.887, 717.547, 470.54, 403.858, 470.83, 268.078, 164.196, 1614.531, 793.009, 2505.432, 2524.562, 2492.526, 802.524, 0, 0, 0, 13849.25, 577, 2524.56, 11.65, 2524.562, 0, 
삼천포태양광#5, 2, 2026-05-21 00:00:00, 0, 0, 0, 0, 0, 0, 20.888, 244.941, 717.967, 973.625, 377.782, 352.96, 899.268, 459.035, 602.925, 2961.816, 1548.318, 4084.666, 3907.703, 3773.502, 331.364, 0, 0, 0, 21256.76, 886, 4084.66, 20.88, 4084.666, 0, 
광양항세방태양광, 1, 2026-05-21 00:00:00, 0, 0, 0, 0, 0, 0, 14.4, 189.6, 300, 403.2, 729.6, 1020, 1888.8, 1552.8, 643.2, 540, 952.8, 717.6, 184.8, 2.4, 0, 0, 0, 0, 9139.2, 381, 1888.8, 2.4, 1888.8, 0, 
두산엔진MG태양광, 1, 2026-05-21 00:00:00, 0, 0, 0, 0, 0, 0, 1.32, 3.3, 5.46, 11.64, 12.12, 8.94, 12.84, 18.72, 15.66, 13.98, 4.56, 0.66, 0.36, 0, 0, 0, 0, 0, 109.56, 5, 18.72, 0.36, 18.72, 0, 
삼천포태양광, 1, 2026-05-21 00:00:00, 0, 0, 0, 0, 0, 0, 0.012, 0.792, 4.32, 7.788, 24.996, 34.884, 38.724, 20.748, 28.428, 22.776, 12.264, 1.428, 0.1, 0, 0, 0, 0, 0, 197.26, 8, 38.72, 0.01, 38.724, 0, 
삼천포태양광, 2, 2026-05-21 00:00:00, 0, 0, 0, 0, 0, 0, 7.008, 43.776, 119.616, 176.832, 610.176, 712.032, 685.152, 419.616, 491.328, 452.736, 214.56, 55.392, 18.856, 0, 0, 0, 0, 0, 4007.08, 167, 712.03, 7, 712.032, 0, 
삼천포태양광, 3, 2026-05-21 00:00:00, 0, 0, 0, 0, 0, 0, 1.512, 12.78, 42.48, 64.008, 211.716, 244.764, 243.252, 137.592, 176.148, 161.496, 68.076, 15.3, 3.876, 0, 0, 0, 0, 0, 1383, 58, 244.76, 1.51, 244.764, 0, 
삼천포태양광, 4, 2026-05-21 00:00:00, 0, 0, 0, 0, 0, 0, 2.73, 52.282, 71.138, 101.107, 105.247, 99.813, 122.469, 104.487, 73.774, 747.798, 1067.505, 1182.086, 1181.495, 208.559, 0, 0, 0, 0, 5120.49, 213, 1182.08, 2.73, 1182.086, 0, 
구미태양광, 1, 2026-05-21 00:00:00, 0, 0, 0, 0, 0, 0, 0.217, 15.909, 32.036, 117.73, 99.651, 124.383, 144.415, 93.07, 38.472, 67.471, 159.963, 67.398, 19.959, 0.289, 0, 0, 0, 0, 980.963, 41, 159.96, 0.217, 159.963, 0, 
삼천포태양광#6, 1, 2026-05-21 00:00:00, 0, 0, 0, 0, 0, 0, 0, 0, 0, 0, 0, 0, 0, 0, 0, 0, 0, 0, 0, 0, 0, 0, 0, 0, 0, 0, 0, 0, 0, 0, 
영흥태양광#5, 1, 2026-05-21 00:00:00, 0, 0, 0, 0, 0, 0, 9.642, 69.905, 241.053, 392.916, 665.305, 404.968, 231.411, 166.326, 250.695, 349.526, 484.516, 286.853, 110.884, 9.642, 0, 0, 0, 0, 3673.642, 153, 665.3, 9.642, 665.305, 0, 
영흥태양광 #3, 1, 2026-05-21 00:00:00, 0, 0, 0, 0, 0, 0, 0, 8.4, 197.76, 324.96, 602.16, 406.32, 158.64, 123.84, 222.72, 298.8, 497.52, 255.36, 76.32, 0, 0, 0, 0, 0, 3172.8, 132, 602.16, 8.4, 602.16, 0, 
영흥태양광 #3, 2, 2026-05-21 00:00:00, 0, 0, 0, 0, 0, 0, 0, 0.672, 45.6, 86.976, 145.536, 90.24, 50.112, 30.528, 46.464, 74.016, 112.032, 62.88, 17.472, 0, 0, 0, 0, 0, 762.528, 32, 145.53, 0.672, 145.536, 0, 
영흥태양광 #3, 3, 2026-05-21 00:00:00, 0, 0, 0, 0, 0, 0, 3.36, 31.32, 117.84, 163.32, 245.52, 155.64, 64.08, 48.72, 77.4, 106.08, 205.8, 99.24, 40.08, 4.44, 0, 0, 0, 0, 1362.84, 57, 245.52, 3.36, 245.52, 0, 
영흥태양광, 1, 2026-05-21 00:00:00, 0, 0, 0, 0, 0, 0, 0, 10.79, 56.102, 74.496, 149.222, 76.8, 30.144, 17.395, 45.542, 58.445, 171.264, 64.051, 21.773, 1.843, 0, 0, 0, 0, 777.867, 32, 171.26, 1.843, 171.264, 0, 
예천태양광, 1, 2026-05-21 00:00:00, 0, 0, 0, 0, 0, 0, 2.34, 38.7, 119.16, 236.34, 543.78, 486, 211.68, 385.92, 401.22, 277.02, 181.44, 133.92, 49.5, 0, 0, 0, 0, 0, 3067.02, 128, 543.78, 2.34, 543.78, 0, 
여수태양광, 1, 2026-05-21 00:00:00, 0, 0, 0, 0, 0, 0, 0, 0, 0, 0, 0, 0, 0, 0, 0, 0, 0, 0, 0, 0, 0, 0, 0, 472.11, 472.11, 20, 472.11, 472.11, 472.11, 0, 
영흥태양광, 2, 2026-05-21 00:00:00, 0, 0, 0, 0, 0, 0, 0, 3.857, 58.817, 99.314, 173.558, 121.491, 50.139, 38.568, 67.495, 87.743, 139.811, 79.065, 28.926, 2.893, 0, 0, 0, 0, 951.677, 40, 173.55, 2.893, 173.558, 0, 
탑선태양광, 1, 2026-05-21 00:00:00, 0, 0, 0, 0, 0, 0, 0, 0, 0, 0, 0, 0, 0, 0, 0, 0, 0, 0, 0, 0, 0, 0, 0, 1124, 1124, 47, 1124, 1124, 1124, 0, 
탑선태양광, 3, 2026-05-21 00:00:00, 0, 0, 0, 0, 0, 0, 0, 0, 0, 0, 0, 0, 0, 0, 0, 0, 0, 0, 0, 0, 0, 0, 0, 299, 299, 12, 299, 299, 299, 0, 
경상대태양광, 1, 2026-05-21 00:00:00, 0, 0, 0, 0, 0, 0, 1.872, 34.992, 68.4, 93.384, 136.44, 314.424, 439.56, 566.496, 557.928, 403.92, 167.616, 29.52, 13.752, 0, 0, 0, 0, 0, 2828.304, 118, 566.49, 1.872, 566.496, 0, 
고흥만 수상태양광, 1, 2026-05-21 00:00:00, 0, 0, 0, 0, 0, 0, 3910.116, 2526.384, 13702.248, 11292.792, 31122.084, 52129.812, 47040.168, 24390.156, 31317.888, 18364.332, 13155.492, 6134.268, 1777.44, 123.564, 0, 0, 0, 0, 256986.744, 10708, 52129.81, 123.56, 52129.812, 0, 
영동태양광, 1, 2026-05-20 00:00:00, 0, 0, 0, 0, 0, 0, 0.672, 13.056, 19.392, 19.488, 19.776, 19.776, 19.584, 19.296, 17.376, 22.56, 330.912, 0, 0, 0, 0, 0, 0, 0, 501.888, 21, 330.91, 0.672, 330.912, 0, 
삼천포태양광#5, 1, 2026-05-20 00:00:00, 0, 0, 0, 0, 0, 0, 0, 26.025, 100.8, 95.072, 93.718, 151.588, 173.339, 88.832, 0, 0, 30.398, 534.218, 0, 0, 0, 0, 0, 0, 1293.99, 54, 534.21, 26.02, 534.218, 0, 
삼천포태양광#5, 2, 2026-05-20 00:00:00, 0, 0, 0, 0, 0, 0, 0, 34.427, 137.482, 126.763, 160.718, 237.983, 265.951, 133.913, 0, 0, 62.89, 261.563, 0, 0, 0, 0, 0, 0, 1421.69, 59, 265.95, 34.42, 265.951, 0, 
광양항세방태양광, 1, 2026-05-20 00:00:00, 0, 0, 0, 0, 0, 0, 7.2, 57.6, 76.8, 115.2, 208.8, 266.4, 216, 144, 79.2, 74.4, 36, 14.4, 0, 0, 0, 0, 0, 0, 1296, 54, 266.4, 7.2, 266.4, 0, 
두산엔진MG태양광, 1, 2026-05-20 00:00:00, 0, 0, 0, 0, 0, 0, 0.9, 1.5, 3.06, 3.18, 3.9, 3.72, 4.44, 3.06, 2.28, 1.62, 1.2, 0.66, 0.18, 0, 0, 0, 0, 0, 29.7, 1, 4.44, 0.18, 4.44, 0, 
삼천포태양광, 1, 2026-05-20 00:00:00, 0, 0, 0, 0, 0, 0, 0, 0, 0.324, 0.372, 0.3, 1.548, 2.22, 0.228, 0.06, 0.058, 0, 0, 0, 0, 0, 0, 0, 0, 5.11, 0, 2.22, 0.05, 2.22, 0, 
삼천포태양광, 2, 2026-05-20 00:00:00, 0, 0, 0, 0, 0, 0, 0.672, 14.304, 33.312, 36.96, 33.888, 57.888, 77.184, 34.56, 29.088, 21.216, 10.08, 7.68, 0.718, 0, 0, 0, 0, 0, 357.55, 15, 77.18, 0.67, 77.184, 0, 
삼천포태양광, 3, 2026-05-20 00:00:00, 0, 0, 0, 0, 0, 0, 0, 2.052, 7.632, 8.712, 8.064, 16.416, 21.06, 8.784, 6.48, 4.572, 1.62, 0.798, 0, 0, 0, 0, 0, 0, 86.19, 4, 21.06, 0.79, 21.06, 0, 
삼천포태양광, 4, 2026-05-20 00:00:00, 0, 0, 0, 0, 0, 0, 0, 5.053, 27.606, 27.196, 32.228, 61.284, 74.341, 34.295, 0, 0, 7.175, 2.572, 0, 0, 0, 0, 0, 0, 271.75, 11, 74.34, 2.57, 74.341, 0, 
구미태양광, 1, 2026-05-20 00:00:00, 0, 0, 0, 0, 0, 0, 0, 7.521, 16.922, 53.803, 42.739, 40.714, 33.699, 38.472, 30.373, 32.542, 10.92, 4.99, 0, 0, 0, 0, 0, 0, 312.695, 13, 53.8, 4.99, 53.803, 0, 
삼천포태양광#6, 1, 2026-05-20 00:00:00, 0, 0, 0, 0, 0, 0, 0, 0, 0, 0, 0, 0, 0, 0, 0, 0, 0, 0, 0, 0, 0, 0, 0, 0, 0, 0, 0, 0, 0, 0, 
영흥태양광#5, 1, 2026-05-20 00:00:00, 0, 0, 0, 0, 0, 0, 9.642, 53.032, 118.116, 149.453, 190.432, 190.432, 166.326, 253.105, 216.947, 137.4, 69.905, 21.695, 2.411, 0, 0, 0, 0, 0, 1578.896, 66, 253.1, 2.411, 253.105, 0, 
영흥태양광 #3, 1, 2026-05-20 00:00:00, 0, 0, 0, 0, 0, 0, 0, 0, 55.44, 116.16, 159.36, 173.28, 145.92, 220.56, 184.08, 104.64, 34.56, 0, 0, 0, 0, 0, 0, 0, 1194, 50, 220.56, 34.56, 220.56, 0, 
영흥태양광 #3, 2, 2026-05-20 00:00:00, 0, 0, 0, 0, 0, 0, 0, 0, 16.224, 26.208, 37.248, 38.4, 32.64, 54.432, 44.448, 24.864, 5.664, 0, 0, 0, 0, 0, 0, 0, 280.128, 12, 54.43, 5.664, 54.432, 0, 
영흥태양광 #3, 3, 2026-05-20 00:00:00, 0, 0, 0, 0, 0, 0, 2.4, 16.56, 38.16, 51.48, 70.32, 80.76, 71.64, 97.92, 86.88, 50.76, 29.16, 9.72, 0.48, 0, 0, 0, 0, 0, 606.24, 25, 97.92, 0.48, 97.92, 0, 
영흥태양광, 1, 2026-05-20 00:00:00, 0, 0, 0, 0, 0, 0, 0, 3.686, 23.04, 35.174, 55.949, 67.277, 55.795, 68.621, 60.595, 35.174, 18.701, 1.766, 0, 0, 0, 0, 0, 0, 425.778, 18, 68.62, 1.766, 68.621, 0, 
예천태양광, 1, 2026-05-20 00:00:00, 0, 0, 0, 0, 0, 0, 7.38, 72.9, 133.38, 126.72, 200.52, 210.42, 232.74, 167.04, 128.52, 54.72, 18.36, 0.18, 0, 0, 0, 0, 0, 0, 1352.88, 56, 232.74, 0.18, 232.74, 0, 
여수태양광, 1, 2026-05-20 00:00:00, 0, 0, 0, 0, 0, 0, 0, 0, 0, 0, 0, 0, 0, 0, 0, 0, 0, 0, 0, 0, 0, 0, 0, 533.677, 533.677, 22, 533.67, 533.67, 533.677, 0, 
영흥태양광, 2, 2026-05-20 00:00:00, 0, 0, 0, 0, 0, 0, 0, 0.964, 22.177, 37.604, 50.139, 53.996, 46.282, 68.459, 60.745, 34.712, 18.32, 1.928, 0, 0, 0, 0, 0, 0, 395.326, 16, 68.45, 0.964, 68.459, 0, 
탑선태양광, 1, 2026-05-20 00:00:00, 0, 0, 0, 0, 0, 0, 0, 0, 0, 0, 0, 0, 0, 0, 0, 0, 0, 0, 0, 0, 0, 0, 0, 1124, 1124, 47, 1124, 1124, 1124, 0, 
탑선태양광, 3, 2026-05-20 00:00:00, 0, 0, 0, 0, 0, 0, 0, 0, 0, 0, 0, 0, 0, 0, 0, 0, 0, 0, 0, 0, 0, 0, 0, 299, 299, 12, 299, 299, 299, 0, 
경상대태양광, 1, 2026-05-20 00:00:00, 0, 0, 0, 0, 0, 0, 0, 4.896, 21.456, 28.44, 44.208, 42.84, 44.064, 36.216, 18.504, 13.248, 6.264, 10.44, 0, 0, 0, 0, 0, 0, 270.576, 11, 44.2, 4.896, 44.208, 0, 
고흥만 수상태양광, 1, 2026-05-20 00:00:00, 0, 0, 0, 0, 0, 0, 103.152, 365.904, 769.608, 855.54, 1410.864, 2697.072, 1423.296, 1234.128, 2348.808, 2092.104, 1245.972, 744.744, 401.772, 0, 0, 0, 0, 0, 15692.964, 654, 2697.07, 103.15, 2697.072, 0, 
영동태양광, 1, 2026-05-19 00:00:00, 0, 0, 0, 0, 0, 0, 11.712, 17.376, 16.992, 17.856, 16.032, 15.936, 64.32, 574.176, 451.584, 226.176, 437.76, 684.576, 683.136, 448.704, 0, 0, 0, 0, 3666.336, 153, 684.57, 11.712, 684.576, 0, 
삼천포태양광#5, 1, 2026-05-19 00:00:00, 0, 0, 0, 0, 0, 7.538, 179.967, 785.997, 1673.172, 1925.607, 284.229, 426.094, 364.635, 797.514, 2327.947, 1747.763, 1012.619, 2479.218, 2506.353, 2471.996, 949.951, 0, 0, 0, 19940.6, 831, 2506.35, 7.53, 2506.353, 0, 
삼천포태양광#5, 2, 2026-05-19 00:00:00, 0, 0, 0, 0, 0, 8.06, 293.031, 1269.475, 2359.069, 3213.41, 449.866, 763.319, 684.901, 1251.581, 3662.296, 2815.654, 1463.538, 4248.604, 4055.137, 3798.602, 962.337, 0, 0, 0, 31298.88, 1304, 4248.6, 8.06, 4248.604, 0, 
광양항세방태양광, 1, 2026-05-19 00:00:00, 0, 0, 0, 0, 0, 4.8, 153.6, 580.8, 1108.8, 1183.2, 1682.4, 1946.4, 1408.8, 1600.8, 1622.4, 1188, 799.2, 487.2, 112.8, 2.4, 0, 0, 0, 0, 13881.6, 578, 1946.4, 2.4, 1946.4, 0, 
두산엔진MG태양광, 1, 2026-05-19 00:00:00, 0, 0, 0, 0, 0, 0.6, 2.7, 5.64, 14.4, 29.52, 39.06, 47.52, 54, 57, 44.82, 38.64, 38.4, 18.06, 6.24, 0.18, 0, 0, 0, 0, 396.78, 17, 57, 0.18, 57, 0, 
삼천포태양광, 1, 2026-05-19 00:00:00, 0, 0, 0, 0, 0, 0, 0.288, 4.908, 16.404, 22.668, 31.728, 37.236, 35.82, 24.996, 32.508, 23.052, 13.044, 6.084, 0.774, 0, 0, 0, 0, 0, 249.51, 10, 37.23, 0.28, 37.236, 0, 
삼천포태양광, 2, 2026-05-19 00:00:00, 0, 0, 0, 0, 0, 4.8, 49.536, 206.4, 387.072, 475.968, 638.592, 697.152, 659.712, 458.88, 553.344, 405.696, 233.76, 127.872, 39.648, 0.048, 0, 0, 0, 0, 4938.48, 206, 697.15, 0.04, 697.152, 0, 
삼천포태양광, 3, 2026-05-19 00:00:00, 0, 0, 0, 0, 0, 0.9, 15.048, 67.644, 128.052, 156.96, 209.844, 234.36, 218.448, 149.616, 185.868, 132.624, 76.428, 39.672, 9.666, 0, 0, 0, 0, 0, 1625.13, 68, 234.36, 0.9, 234.36, 0, 
삼천포태양광, 4, 2026-05-19 00:00:00, 0, 0, 0, 0, 0, 1.328, 50.098, 88.712, 101.511, 103.2, 109.77, 94.107, 1039.431, 694.457, 944.406, 735.751, 1114.954, 1178.986, 1186.614, 466.475, 0, 0, 0, 0, 7909.8, 330, 1186.61, 1.32, 1186.614, 0, 
구미태양광, 1, 2026-05-19 00:00:00, 0, 0, 0, 0, 0, 0.145, 29.577, 113.463, 285.213, 326.072, 473.451, 418.998, 589.157, 544.61, 543.815, 357.963, 205.232, 124.383, 40.28, 3.616, 0, 0, 0, 0, 4055.975, 169, 589.15, 0.145, 589.157, 0, 
삼천포태양광#6, 1, 2026-05-19 00:00:00, 0, 0, 0, 0, 0, 0, 0, 0, 0, 0, 0, 0, 0, 0, 0, 0, 0, 0, 0, 0, 0, 0, 0, 0, 0, 0, 0, 0, 0, 0, 
영흥태양광#5, 1, 2026-05-19 00:00:00, 0, 0, 0, 0, 0, 2.411, 137.4, 354.347, 417.021, 928.053, 1477.653, 1198.032, 689.411, 537.547, 650.842, 547.189, 320.6, 132.579, 26.516, 0, 0, 0, 0, 0, 7419.601, 309, 1477.65, 2.411, 1477.653, 0, 
영흥태양광 #3, 1, 2026-05-19 00:00:00, 0, 0, 0, 0, 0, 0, 48.96, 293.04, 333.84, 784.56, 1262.88, 1044.96, 601.44, 459.12, 556.8, 479.52, 267.84, 91.44, 0, 0, 0, 0, 0, 0, 6224.4, 259, 1262.88, 48.96, 1262.88, 0, 
영흥태양광 #3, 2, 2026-05-19 00:00:00, 0, 0, 0, 0, 0, 0, 22.752, 78.048, 93.696, 217.152, 354.432, 280.32, 160.992, 123.936, 150.816, 124.896, 69.504, 26.016, 1.248, 0, 0, 0, 0, 0, 1703.808, 71, 354.43, 1.248, 354.432, 0, 
영흥태양광 #3, 3, 2026-05-19 00:00:00, 0, 0, 0, 0, 0, 0.24, 43.32, 115.8, 137.4, 300, 460.44, 378.6, 229.32, 181.32, 219.6, 187.2, 108.96, 46.08, 8.04, 0, 0, 0, 0, 0, 2416.32, 101, 460.44, 0.24, 460.44, 0, 
영흥태양광, 1, 2026-05-19 00:00:00, 0, 0, 0, 0, 0, 0, 25.421, 89.357, 97.421, 241.19, 375.898, 311.155, 188.621, 138.317, 179.789, 156.442, 86.592, 35.635, 0, 0, 0, 0, 0, 0, 1925.838, 80, 375.89, 25.421, 375.898, 0, 
예천태양광, 1, 2026-05-19 00:00:00, 0, 0, 0, 0, 0, 3.78, 117.36, 391.14, 693.36, 797.58, 948.78, 1131.3, 1230.3, 1022.94, 891.9, 538.92, 269.64, 127.8, 27.36, 0, 0, 0, 0, 0, 8192.16, 341, 1230.3, 3.78, 1230.3, 0, 
여수태양광, 1, 2026-05-19 00:00:00, 0, 0, 0, 0, 0, 0, 0, 0, 0, 0, 0, 0, 0, 0, 0, 0, 0, 0, 0, 0, 0, 0, 0, 453.5, 453.5, 19, 453.5, 453.5, 453.5, 0, 
영흥태양광, 2, 2026-05-19 00:00:00, 0, 0, 0, 0, 0, 0, 23.141, 86.779, 97.385, 225.625, 370.257, 299.869, 179.343, 132.097, 166.808, 142.703, 80.994, 34.712, 0, 0, 0, 0, 0, 0, 1839.713, 77, 370.25, 23.141, 370.257, 0, 
탑선태양광, 1, 2026-05-19 00:00:00, 0, 0, 0, 0, 0, 0, 0, 0, 0, 0, 0, 0, 0, 0, 0, 0, 0, 0, 0, 0, 0, 0, 0, 1124, 1124, 47, 1124, 1124, 1124, 0, 
탑선태양광, 3, 2026-05-19 00:00:00, 0, 0, 0, 0, 0, 0, 0, 0, 0, 0, 0, 0, 0, 0, 0, 0, 0, 0, 0, 0, 0, 0, 0, 299, 299, 12, 299, 299, 299, 0, 
경상대태양광, 1, 2026-05-19 00:00:00, 0, 0, 0, 0, 0, 0.216, 26.928, 113.688, 269.352, 413.352, 429.84, 520.992, 590.976, 545.472, 427.68, 395.352, 261.072, 154.44, 47.376, 0.432, 0, 0, 0, 0, 4197.168, 175, 590.97, 0.216, 590.976, 0, 
고흥만 수상태양광, 1, 2026-05-19 00:00:00, 0, 0, 0, 0, 0, 62.58, 3875.928, 10317.804, 14979.468, 32346.216, 20507.34, 31619.028, 40978.14, 28456.008, 19008.36, 24718.092, 17671.164, 6415.08, 2614.584, 59.724, 0, 0, 0, 0, 253629.516, 10568, 40978.14, 59.724, 40978.14, 0, 
영동태양광, 1, 2026-05-18 00:00:00, 0, 0, 0, 0, 0, 0.384, 16.704, 17.376, 17.376, 17.568, 16.608, 15.744, 648.672, 771.648, 718.08, 580.608, 583.68, 686.496, 684.96, 682.08, 135.552, 0, 0, 0, 5593.536, 233, 771.64, 0.384, 771.648, 0, 
삼천포태양광#5, 1, 2026-05-18 00:00:00, 0, 0, 0, 0, 0, 2.398, 168.816, 803.801, 1641.244, 2337.491, 284.491, 449.95, 535.1, 1933.41, 2681.688, 2169.157, 1418.12, 2518.342, 2535.892, 2493.535, 1229.735, 0, 0, 0, 23203.17, 967, 2681.68, 2.39, 2681.688, 0, 
삼천포태양광#5, 2, 2026-05-18 00:00:00, 0, 0, 0, 0, 0, 3.296, 275.962, 1296.061, 2594.781, 3593.018, 473.563, 768.073, 916.909, 3313.429, 4180.818, 3363.605, 2270.358, 4238.763, 4023.562, 3819.761, 969.161, 0, 0, 0, 36101.12, 1504, 4238.76, 3.29, 4238.763, 0, 
광양항세방태양광, 1, 2026-05-18 00:00:00, 0, 0, 0, 0, 0, 7.2, 160.8, 535.2, 1077.6, 1509.6, 1886.4, 2102.4, 2162.4, 2124, 1956, 1660.8, 1142.4, 434.4, 194.4, 4.8, 0, 0, 0, 0, 16958.4, 707, 2162.4, 4.8, 2162.4, 0, 
두산엔진MG태양광, 1, 2026-05-18 00:00:00, 0, 0, 0, 0, 0, 0.48, 2.76, 4.5, 14.04, 29.28, 42.6, 52.14, 44.82, 60.78, 57, 54.96, 47.22, 28.98, 7.26, 0.42, 0, 0, 0, 0, 447.24, 19, 60.78, 0.42, 60.78, 0, 
삼천포태양광, 1, 2026-05-18 00:00:00, 0, 0, 0, 0, 0, 0, 0.156, 4.692, 16.908, 26.088, 33.228, 37.836, 39.444, 38.508, 35.664, 29.604, 20.04, 8.22, 0.452, 0, 0, 0, 0, 0, 290.84, 12, 39.44, 0.15, 39.444, 0, 
삼천포태양광, 2, 2026-05-18 00:00:00, 0, 0, 0, 0, 0, 3.744, 46.464, 210.912, 406.272, 554.784, 656.352, 716.928, 727.776, 693.984, 617.76, 495.36, 320.928, 147.456, 37.056, 2.534, 0, 0, 0, 0, 5638.31, 235, 727.77, 2.53, 727.776, 0, 
삼천포태양광, 3, 2026-05-18 00:00:00, 0, 0, 0, 0, 0, 0.54, 15.552, 69.336, 134.784, 183.852, 218.412, 239.976, 244.692, 231.696, 208.044, 168.768, 110.736, 48.96, 8.928, 0.124, 0, 0, 0, 0, 1884.4, 79, 244.69, 0.12, 244.692, 0, 
삼천포태양광, 4, 2026-05-18 00:00:00, 0, 0, 0, 0, 0, 0.343, 43.318, 89.01, 94.847, 107.634, 98.521, 204.601, 1223.448, 1083.177, 1094.702, 891.558, 1129.371, 1187.391, 1193.297, 683.172, 0, 0, 0, 0, 9124.39, 380, 1223.44, 0.34, 1223.448, 0, 
구미태양광, 1, 2026-05-18 00:00:00, 0, 0, 0, 0, 0, 0, 20.827, 116.067, 292.734, 448.286, 554.084, 619.529, 642.526, 628.135, 578.165, 492.76, 353.552, 161.987, 54.96, 10.992, 0, 0, 0, 0, 4974.604, 207, 642.52, 10.992, 642.526, 0, 
삼천포태양광#6, 1, 2026-05-18 00:00:00, 0, 0, 0, 0, 0, 0, 0, 0, 0, 0, 0, 0, 0, 0, 0, 0, 0, 0, 0, 0, 0, 0, 0, 0, 0, 0, 0, 0, 0, 0, 
영흥태양광#5, 1, 2026-05-18 00:00:00, 0, 0, 0, 0, 0, 12.053, 154.274, 653.253, 1320.968, 1897.084, 2222.505, 2364.726, 2596.137, 2155.011, 1424.621, 1863.337, 1079.916, 544.779, 159.095, 12.053, 0, 0, 0, 0, 18459.812, 769, 2596.13, 12.053, 2596.137, 0, 
영흥태양광 #3, 1, 2026-05-18 00:00:00, 0, 0, 0, 0, 0, 0, 81.12, 544.08, 1103.28, 1581.6, 1863.84, 1995.84, 2205.84, 1854.96, 1241.28, 1581.12, 914.64, 429.12, 103.92, 0, 0, 0, 0, 0, 15500.64, 646, 2205.84, 81.12, 2205.84, 0, 
영흥태양광 #3, 2, 2026-05-18 00:00:00, 0, 0, 0, 0, 0, 0, 17.472, 134.208, 295.392, 428.832, 500.448, 533.088, 586.752, 494.592, 330.432, 432.192, 248.352, 123.648, 32.736, 0.576, 0, 0, 0, 0, 4158.72, 173, 586.75, 0.576, 586.752, 0, 
영흥태양광 #3, 3, 2026-05-18 00:00:00, 0, 0, 0, 0, 0, 1.92, 33.96, 185.76, 404.04, 572.64, 658.92, 691.8, 755.16, 648.6, 451.08, 559.56, 335.4, 185.64, 56.88, 4.2, 0, 0, 0, 0, 5545.56, 231, 755.16, 1.92, 755.16, 0, 
영흥태양광, 1, 2026-05-18 00:00:00, 0, 0, 0, 0, 0, 0, 18.163, 124.186, 291.994, 464.179, 572.582, 625.92, 671.539, 583.411, 386.419, 498.509, 282.547, 150.413, 42.394, 2.266, 0, 0, 0, 0, 4714.522, 196, 671.53, 2.266, 671.539, 0, 
예천태양광, 1, 2026-05-18 00:00:00, 0, 0, 0, 0, 0, 4.32, 85.68, 382.68, 745.38, 1022.4, 1213.02, 1306.26, 1330.02, 1279.62, 1134.72, 823.5, 564.12, 220.5, 94.86, 1.08, 0, 0, 0, 0, 10208.16, 425, 1330.02, 1.08, 1330.02, 0, 
여수태양광, 1, 2026-05-18 00:00:00, 0, 0, 0, 0, 0, 0, 0, 0, 0, 0, 0, 0, 0, 0, 0, 0, 0, 0, 0, 0, 0, 0, 0, 721, 721, 30, 721, 721, 721, 0, 
영흥태양광, 2, 2026-05-18 00:00:00, 0, 0, 0, 0, 0, 0, 29.891, 137.882, 302.762, 448.358, 527.423, 553.457, 601.667, 516.817, 351.937, 437.752, 255.516, 135.954, 40.497, 2.893, 0, 0, 0, 0, 4342.806, 181, 601.66, 2.893, 601.667, 0, 
탑선태양광, 1, 2026-05-18 00:00:00, 0, 0, 0, 0, 0, 0, 0, 0, 0, 0, 0, 0, 0, 0, 0, 0, 0, 0, 0, 0, 0, 0, 0, 1124, 1124, 47, 1124, 1124, 1124, 0, 
탑선태양광, 3, 2026-05-18 00:00:00, 0, 0, 0, 0, 0, 0, 0, 0, 0, 0, 0, 0, 0, 0, 0, 0, 0, 0, 0, 0, 0, 0, 0, 299, 299, 12, 299, 299, 299, 0, 
경상대태양광, 1, 2026-05-18 00:00:00, 0, 0, 0, 0, 0, 0.072, 25.272, 119.016, 278.712, 410.472, 509.904, 572.112, 594.288, 579.744, 537.48, 466.272, 338.256, 186.624, 44.424, 4.68, 0, 0, 0, 0, 4667.328, 194, 594.28, 0.072, 594.288, 0, 
고흥만 수상태양광, 1, 2026-05-18 00:00:00, 0, 0, 0, 0, 0, 205.632, 4043.76, 15186.696, 28100.016, 39017.328, 46638.564, 50469.888, 51306.864, 49423.752, 44737.14, 36624.504, 26815.068, 12647.628, 4057.788, 129.696, 0, 0, 0, 0, 409404.324, 17059, 51306.86, 129.69, 51306.864, 0, 
영동태양광, 1, 2026-05-17 00:00:00, 0, 0, 0, 0, 0, 0.384, 18.24, 17.088, 16.992, 17.28, 16.512, 15.936, 482.4, 760.32, 600.576, 611.232, 595.488, 688.128, 685.92, 682.752, 269.952, 0, 0, 0, 5479.2, 228, 760.32, 0.384, 760.32, 0, 
삼천포태양광#5, 1, 2026-05-17 00:00:00, 0, 0, 0, 0, 0, 2.443, 164.913, 773.913, 1594.525, 2288.919, 273.234, 429.678, 537.619, 1879.882, 2694.15, 2185.111, 1440.198, 2512.604, 2540.583, 2483.531, 1146.657, 0, 0, 0, 22947.96, 956, 2694.15, 2.44, 2694.15, 0, 
삼천포태양광#5, 2, 2026-05-17 00:00:00, 0, 0, 0, 0, 0, 4.872, 303.122, 1379.399, 2755.549, 3856.882, 790.835, 1163.518, 1340.898, 3735.905, 4570.303, 3404.679, 2294.939, 4252.901, 3975.394, 3807.167, 889.837, 0, 0, 0, 38526.2, 1605, 4570.3, 4.87, 4570.303, 0, 
광양항세방태양광, 1, 2026-05-17 00:00:00, 0, 0, 0, 0, 0, 7.2, 170.4, 547.2, 1056, 1495.2, 1833.6, 2013.6, 2107.2, 2061.6, 1910.4, 1644, 1224, 684, 151.2, 7.2, 0, 0, 0, 0, 16912.8, 705, 2107.2, 7.2, 2107.2, 0, 
두산엔진MG태양광, 1, 2026-05-17 00:00:00, 0, 0, 0, 0, 0, 0.54, 2.82, 4.86, 14.04, 28.26, 40.68, 49.74, 55.08, 44.82, 41.34, 48.96, 46.26, 32.28, 11.82, 0.48, 0, 0, 0, 0, 421.98, 18, 55.08, 0.48, 55.08, 0, 
삼천포태양광, 1, 2026-05-17 00:00:00, 0, 0, 0, 0, 0, 0, 0.12, 4.464, 16.32, 25.536, 32.544, 37.188, 38.856, 38.232, 35.292, 29.268, 20.064, 8.004, 0.392, 0, 0, 0, 0, 0, 286.28, 12, 38.85, 0.12, 38.856, 0, 
삼천포태양광, 2, 2026-05-17 00:00:00, 0, 0, 0, 0, 0, 3.648, 44.928, 203.616, 394.752, 548.352, 645.408, 706.368, 727.488, 693.6, 619.008, 494.112, 322.368, 138.24, 32.352, 0.89, 0, 0, 0, 0, 5575.13, 232, 727.48, 0.89, 727.488, 0, 
삼천포태양광, 3, 2026-05-17 00:00:00, 0, 0, 0, 0, 0, 0.468, 14.22, 66.636, 130.5, 181.656, 216.324, 236.448, 240.444, 234.684, 207.972, 167.724, 112.14, 46.62, 6.754, 0, 0, 0, 0, 0, 1862.59, 78, 240.44, 0.46, 240.444, 0, 
삼천포태양광, 4, 2026-05-17 00:00:00, 0, 0, 0, 0, 0, 0.417, 44.142, 89.153, 94.59, 107.327, 98.716, 130.093, 1229.314, 1089.542, 1094.836, 896.802, 1128.294, 1183.865, 1192.647, 656.712, 0, 0, 0, 0, 9036.45, 377, 1229.31, 0.41, 1229.314, 0, 
구미태양광, 1, 2026-05-17 00:00:00, 0, 0, 0, 0, 0, 0, 21.55, 115.922, 289.48, 440.114, 549.745, 609.694, 630.594, 620.18, 569.27, 479.309, 359.626, 186.719, 70.219, 7.81, 0, 0, 0, 0, 4950.232, 206, 630.59, 7.81, 630.594, 0, 
삼천포태양광#6, 1, 2026-05-17 00:00:00, 0, 0, 0, 0, 0, 0, 0, 0, 0, 0, 0, 0, 0, 0, 0, 0, 0, 0, 0, 0, 0, 0, 0, 0, 0, 0, 0, 0, 0, 0, 
영흥태양광#5, 1, 2026-05-17 00:00:00, 0, 0, 0, 0, 0, 24.105, 192.842, 679.768, 1398.105, 1870.568, 2273.126, 2656.4, 2651.579, 2620.242, 2316.516, 1882.621, 1299.274, 552.011, 185.611, 14.463, 0, 0, 0, 0, 20617.231, 859, 2656.4, 14.463, 2656.4, 0, 
영흥태양광 #3, 1, 2026-05-17 00:00:00, 0, 0, 0, 0, 0, 0.24, 97.92, 516.48, 1091.04, 1469.76, 1774.56, 2117.76, 2117.28, 2163.84, 1987.92, 1623.12, 1130.64, 419.76, 124.32, 0, 0, 0, 0, 0, 16634.64, 693, 2163.84, 0.24, 2163.84, 0, 
영흥태양광 #3, 2, 2026-05-17 00:00:00, 0, 0, 0, 0, 0, 0, 26.304, 130.464, 286.56, 394.656, 484.416, 566.112, 561.12, 579.264, 530.496, 429.216, 298.56, 127.008, 37.92, 1.152, 0, 0, 0, 0, 4453.248, 186, 579.26, 1.152, 579.264, 0, 
영흥태양광 #3, 3, 2026-05-17 00:00:00, 0, 0, 0, 0, 0, 5.28, 47.16, 183.84, 401.4, 527.4, 637.32, 726.84, 738.12, 737.88, 681, 568.2, 411.36, 190.68, 65.28, 6, 0, 0, 0, 0, 5927.76, 247, 738.12, 5.28, 738.12, 0, 
영흥태양광, 1, 2026-05-17 00:00:00, 0, 0, 0, 0, 0, 1.382, 29.568, 125.376, 293.222, 429.658, 545.318, 631.219, 663.283, 652.07, 602.227, 493.824, 350.285, 154.982, 50.957, 3.494, 0, 0, 0, 0, 5026.865, 209, 663.28, 1.382, 663.283, 0, 
예천태양광, 1, 2026-05-17 00:00:00, 0, 0, 0, 0, 0, 5.4, 93.96, 367.2, 725.22, 1010.16, 1209.06, 1297.08, 1298.7, 1235.16, 1115.1, 803.88, 531, 295.92, 75.42, 1.98, 0, 0, 0, 0, 10065.24, 419, 1298.7, 1.98, 1298.7, 0, 
여수태양광, 1, 2026-05-17 00:00:00, 0, 0, 0, 0, 0, 0, 0, 0, 0, 0, 0, 0, 0, 0, 0, 0, 0, 0, 0, 0, 0, 0, 0, 667.003, 667.003, 28, 667, 667, 667.003, 0, 
영흥태양광, 2, 2026-05-17 00:00:00, 0, 0, 0, 0, 0, 1.928, 38.568, 136.918, 297.941, 415.575, 497.533, 585.276, 577.562, 590.097, 545.743, 444.501, 306.619, 135.954, 45.318, 3.857, 0, 0, 0, 0, 4623.39, 193, 590.09, 1.928, 590.097, 0, 
탑선태양광, 1, 2026-05-17 00:00:00, 0, 0, 0, 0, 0, 0, 0, 0, 0, 0, 0, 0, 0, 0, 0, 0, 0, 0, 0, 0, 0, 0, 0, 1124, 1124, 47, 1124, 1124, 1124, 0, 
탑선태양광, 3, 2026-05-17 00:00:00, 0, 0, 0, 0, 0, 0, 0, 0, 0, 0, 0, 0, 0, 0, 0, 0, 0, 0, 0, 0, 0, 0, 0, 299, 299, 12, 299, 299, 299, 0, 
경상대태양광, 1, 2026-05-17 00:00:00, 0, 0, 0, 0, 0, 0, 25.2, 115.848, 272.448, 405.432, 494.928, 544.248, 562.248, 554.688, 519.408, 453.456, 345.384, 190.728, 54.36, 1.368, 0, 0, 0, 0, 4539.744, 189, 562.24, 1.368, 562.248, 0, 
고흥만 수상태양광, 1, 2026-05-17 00:00:00, 0, 0, 0, 0, 0, 231, 4168.08, 14677.908, 27191.22, 37674.756, 44943.276, 49203.588, 50072.232, 49669.284, 44854.152, 36906.576, 26171.796, 12592.02, 4137.84, 201.096, 0, 0, 0, 0, 402694.824, 16779, 50072.23, 201.09, 50072.232, 0, 
영동태양광, 1, 2026-05-16 00:00:00, 0, 0, 0, 0, 0, 0.384, 18.624, 18.24, 16.032, 14.4, 13.728, 13.44, 610.368, 795.744, 749.952, 658.464, 629.376, 691.104, 687.84, 684.096, 287.04, 0, 0, 0, 5888.832, 245, 795.74, 0.384, 795.744, 0, 
삼천포태양광#5, 1, 2026-05-16 00:00:00, 0, 0, 0, 0, 0, 1.746, 177.955, 795.605, 1624.823, 2312.731, 221.914, 388.339, 512.936, 2043.483, 2646.361, 2151.521, 1456.382, 2515.803, 2544.586, 2455.211, 1172.244, 0, 0, 0, 23021.64, 959, 2646.36, 1.74, 2646.361, 0, 
삼천포태양광#5, 2, 2026-05-16 00:00:00, 0, 0, 0, 0, 0, 3.938, 321.827, 1404.737, 2803.376, 3895.773, 802.108, 1167.241, 1408.232, 3746.985, 4495.639, 3629.697, 2505.366, 4266.092, 4028.867, 3761.002, 1038.58, 0, 0, 0, 39279.46, 1637, 4495.63, 3.93, 4495.639, 0, 
광양항세방태양광, 1, 2026-05-16 00:00:00, 0, 0, 0, 0, 0, 7.2, 168, 544.8, 1072.8, 1533.6, 1845.6, 1704, 0, 782.4, 1908, 1629.6, 1202.4, 664.8, 189.6, 4.8, 0, 0, 0, 0, 13257.6, 552, 1908, 4.8, 1908, 0, 
두산엔진MG태양광, 1, 2026-05-16 00:00:00, 0, 0, 0, 0, 0, 0.48, 3.06, 5.34, 14.34, 28.62, 40.62, 48.06, 32.76, 40.38, 35.64, 43.62, 45.84, 31.98, 11.22, 0.36, 0, 0, 0, 0, 382.32, 16, 48.06, 0.36, 48.06, 0, 
삼천포태양광, 1, 2026-05-16 00:00:00, 0, 0, 0, 0, 0, 0, 0.264, 4.848, 16.8, 25.956, 32.82, 37.32, 39.324, 38.832, 35.28, 29.46, 20.172, 8.328, 0.526, 0, 0, 0, 0, 0, 289.93, 12, 39.32, 0.26, 39.324, 0, 
삼천포태양광, 2, 2026-05-16 00:00:00, 0, 0, 0, 0, 0, 3.648, 47.424, 207.264, 402.624, 555.84, 647.904, 698.784, 721.248, 694.08, 614.592, 493.728, 322.56, 144.96, 36.864, 0.91, 0, 0, 0, 0, 5592.43, 233, 721.24, 0.91, 721.248, 0, 
삼천포태양광, 3, 2026-05-16 00:00:00, 0, 0, 0, 0, 0, 0.54, 15.012, 67.932, 132.948, 184.5, 216.288, 234.144, 242.676, 233.784, 207.684, 167.364, 111.816, 48.564, 8.298, 0, 0, 0, 0, 0, 1871.55, 78, 242.67, 0.54, 242.676, 0, 
삼천포태양광, 4, 2026-05-16 00:00:00, 0, 0, 0, 0, 0, 0.337, 47.563, 89.218, 94.921, 107.064, 99.002, 180.699, 1149.985, 1096.747, 1086.92, 897.733, 1108.212, 1184.72, 1198.396, 762.553, 0, 0, 0, 0, 9104.07, 379, 1198.39, 0.33, 1198.396, 0, 
구미태양광, 1, 2026-05-16 00:00:00, 0, 0, 0, 0, 0, 0, 23.213, 116.067, 282.899, 436.353, 543.309, 601.306, 629.943, 619.168, 573.753, 490.301, 360.856, 199.375, 56.623, 5.279, 0, 0, 0, 0, 4938.445, 206, 629.94, 5.279, 629.943, 0, 
삼천포태양광#6, 1, 2026-05-16 00:00:00, 0, 0, 0, 0, 0, 0, 0, 0, 0, 0, 0, 0, 0, 0, 0, 0, 0, 0, 0, 0, 0, 0, 0, 0, 0, 0, 0, 0, 0, 0, 
영흥태양광#5, 1, 2026-05-16 00:00:00, 0, 0, 0, 0, 0, 9.642, 171.147, 667.716, 1369.179, 1969.4, 2379.189, 2634.705, 2755.232, 2709.432, 2470.789, 2024.842, 1414.979, 682.179, 168.737, 9.642, 0, 0, 0, 0, 21436.81, 893, 2755.23, 9.642, 2755.232, 0, 
영흥태양광 #3, 1, 2026-05-16 00:00:00, 0, 0, 0, 0, 0, 0, 96.72, 526.8, 1078.8, 1563.6, 1906.8, 2128.32, 2213.28, 2182.08, 1992.48, 1661.76, 1169.52, 484.8, 90.48, 0, 0, 0, 0, 0, 17095.44, 712, 2213.28, 90.48, 2213.28, 0, 
영흥태양광 #3, 2, 2026-05-16 00:00:00, 0, 0, 0, 0, 0, 0, 19.968, 128.736, 283.776, 426.048, 512.928, 566.688, 586.944, 579.84, 525.504, 435.36, 306.336, 150.144, 32.16, 0.576, 0, 0, 0, 0, 4555.008, 190, 586.94, 0.576, 586.944, 0, 
영흥태양광 #3, 3, 2026-05-16 00:00:00, 0, 0, 0, 0, 0, 1.8, 39, 183, 398.4, 565.2, 675.24, 737.64, 752.04, 742.68, 688.08, 582.96, 423.48, 221.88, 55.32, 4.2, 0, 0, 0, 0, 6070.92, 253, 752.04, 1.8, 752.04, 0, 
영흥태양광, 1, 2026-05-16 00:00:00, 0, 0, 0, 0, 0, 0, 21.158, 121.459, 289.805, 459.571, 581.875, 650.611, 678.72, 667.738, 606.182, 504.538, 361.382, 179.174, 41.894, 1.766, 0, 0, 0, 0, 5165.873, 215, 678.72, 1.766, 678.72, 0, 
예천태양광, 1, 2026-05-16 00:00:00, 0, 0, 0, 0, 0, 5.22, 95.58, 376.92, 734.76, 1013.4, 1192.5, 1292.4, 1298.88, 1249.02, 1123.74, 913.5, 615.42, 266.94, 44.1, 0.18, 0, 0, 0, 0, 10222.56, 426, 1298.88, 0.18, 1298.88, 0, 
여수태양광, 1, 2026-05-16 00:00:00, 0, 0, 0, 0, 0, 0, 0, 0, 0, 0, 0, 0, 0, 0, 0, 0, 0, 0, 0, 0, 0, 0, 0, 762.08, 762.08, 32, 762.08, 762.08, 762.08, 0, 
영흥태양광, 2, 2026-05-16 00:00:00, 0, 0, 0, 0, 0, 0, 32.783, 136.918, 296.013, 437.752, 532.244, 585.276, 607.453, 598.775, 548.636, 453.179, 316.261, 156.202, 39.533, 1.928, 0, 0, 0, 0, 4742.953, 198, 607.45, 1.928, 607.453, 0, 
탑선태양광, 1, 2026-05-16 00:00:00, 0, 0, 0, 0, 0, 0, 0, 0, 0, 0, 0, 0, 0, 0, 0, 0, 0, 0, 0, 0, 0, 0, 0, 1124, 1124, 47, 1124, 1124, 1124, 0, 
탑선태양광, 3, 2026-05-16 00:00:00, 0, 0, 0, 0, 0, 0, 0, 0, 0, 0, 0, 0, 0, 0, 0, 0, 0, 0, 0, 0, 0, 0, 0, 299, 299, 12, 299, 299, 299, 0, 
경상대태양광, 1, 2026-05-16 00:00:00, 0, 0, 0, 0, 0, 0, 27.72, 119.952, 274.176, 405.792, 494.28, 544.536, 562.608, 550.512, 512.64, 444.24, 338.976, 191.52, 51.912, 1.872, 0, 0, 0, 0, 4520.736, 188, 562.6, 1.872, 562.608, 0, 
고흥만 수상태양광, 1, 2026-05-16 00:00:00, 0, 0, 0, 0, 0, 212.856, 4164.888, 14711.004, 27532.932, 38259.9, 45903.984, 49903.644, 50498.364, 49827.036, 44921.688, 36862.308, 26221.104, 13588.26, 3686.424, 153.132, 0, 0, 0, 0, 406447.524, 16935, 50498.36, 153.13, 50498.364, 0, 
영동태양광, 1, 2026-05-15 00:00:00, 0, 0, 0, 0, 0, 0.192, 20.352, 20.16, 21.024, 20.832, 20.736, 19.776, 771.36, 844.128, 792.192, 687.264, 639.456, 690.912, 687.552, 684.768, 289.344, 0, 0, 0, 6210.048, 259, 844.12, 0.192, 844.128, 0, 
삼천포태양광#5, 1, 2026-05-15 00:00:00, 0, 0, 0, 0, 0, 2.283, 167.007, 786.729, 1617.708, 2322.514, 273.909, 451.104, 567, 2129.243, 2749.872, 2243.137, 1500.392, 2511.351, 2529.539, 2470.306, 1201.246, 0, 0, 0, 23523.34, 980, 2749.87, 2.28, 2749.872, 0, 
삼천포태양광#5, 2, 2026-05-15 00:00:00, 0, 0, 0, 0, 0, 4.553, 300.833, 1391.955, 2792.78, 3927.641, 945.977, 1258.84, 1444.222, 3837.951, 4663.369, 3795.813, 2569.599, 4255.603, 4006.334, 3812.211, 1054.769, 0, 0, 0, 40062.45, 1669, 4663.36, 4.55, 4663.369, 0, 
광양항세방태양광, 1, 2026-05-15 00:00:00, 0, 0, 0, 0, 0, 7.2, 177.6, 564, 1036.8, 1483.2, 1843.2, 2104.8, 2222.4, 2208, 2028, 1759.2, 1305.6, 722.4, 192, 4.8, 0, 0, 0, 0, 17659.2, 736, 2222.4, 4.8, 2222.4, 0, 
두산엔진MG태양광, 1, 2026-05-15 00:00:00, 0, 0, 0, 0, 0, 0.42, 3.06, 5.22, 14.4, 28.92, 41.7, 49.2, 31.02, 51.66, 29.88, 49.44, 48.12, 34.26, 12.12, 0.36, 0, 0, 0, 0, 399.78, 17, 51.66, 0.36, 51.66, 0, 
삼천포태양광, 1, 2026-05-15 00:00:00, 0, 0, 0, 0, 0, 0, 0.24, 4.752, 16.728, 26.256, 33.816, 38.652, 40.788, 39.744, 36.42, 30.336, 20.82, 8.484, 0.414, 0, 0, 0, 0, 0, 297.45, 12, 40.78, 0.24, 40.788, 0, 
삼천포태양광, 2, 2026-05-15 00:00:00, 0, 0, 0, 0, 0, 3.552, 47.52, 207.648, 400.512, 557.376, 659.232, 724.896, 737.76, 708.768, 631.104, 508.608, 335.04, 144.864, 34.464, 0.806, 0, 0, 0, 0, 5702.15, 238, 737.76, 0.8, 737.76, 0, 
삼천포태양광, 3, 2026-05-15 00:00:00, 0, 0, 0, 0, 0, 0.468, 14.58, 67.896, 132.156, 184.752, 218.916, 242.46, 248.76, 239.256, 212.652, 173.736, 115.992, 48.96, 7.406, 0, 0, 0, 0, 0, 1907.99, 79, 248.76, 0.46, 248.76, 0, 
삼천포태양광, 4, 2026-05-15 00:00:00, 0, 0, 0, 0, 0, 0.294, 43.496, 88.924, 94.823, 106.91, 98.578, 223.064, 1244.786, 1108.799, 1110.8, 917.593, 1142.936, 1184.262, 1195.934, 697.311, 0, 0, 0, 0, 9258.51, 386, 1244.78, 0.29, 1244.786, 0, 
구미태양광, 1, 2026-05-15 00:00:00, 0, 0, 0, 0, 0, 0, 24.732, 121.707, 298.086, 456.819, 564.063, 622.784, 649.974, 637.536, 588.072, 490.446, 360.928, 198.724, 56.551, 5.641, 0, 0, 0, 0, 5076.063, 212, 649.97, 5.641, 649.974, 0, 
삼천포태양광#6, 1, 2026-05-15 00:00:00, 0, 0, 0, 0, 0, 0, 0, 0, 0, 0, 0, 0, 0, 0, 0, 0, 0, 0, 0, 0, 0, 0, 0, 0, 0, 0, 0, 0, 0, 0, 
영흥태양광#5, 1, 2026-05-15 00:00:00, 0, 0, 0, 0, 0, 9.642, 183.2, 650.842, 1330.611, 1930.832, 2352.674, 2574.442, 2757.642, 2687.737, 2422.579, 1969.4, 1366.768, 672.537, 178.379, 12.053, 0, 0, 0, 0, 21099.338, 879, 2757.64, 9.642, 2757.642, 0, 
영흥태양광 #3, 1, 2026-05-15 00:00:00, 0, 0, 0, 0, 0, 0, 97.68, 511.92, 1047.12, 1520.4, 1845.12, 2065.92, 2196.24, 2147.52, 1950.24, 1604.4, 1116.72, 477.36, 103.92, 0, 0, 0, 0, 0, 16684.56, 695, 2196.24, 97.68, 2196.24, 0, 
영흥태양광 #3, 2, 2026-05-15 00:00:00, 0, 0, 0, 0, 0, 0, 23.232, 125.664, 276.96, 407.328, 493.248, 545.76, 583.296, 566.88, 514.08, 420.288, 258.816, 158.784, 41.76, 1.056, 0, 0, 0, 0, 4417.152, 184, 583.29, 1.056, 583.296, 0, 
영흥태양광 #3, 3, 2026-05-15 00:00:00, 0, 0, 0, 0, 0, 1.92, 44.64, 174.84, 383.04, 545.28, 649.44, 721.44, 756.6, 744.72, 681.84, 568.92, 410.64, 214.08, 57.96, 4.08, 0, 0, 0, 0, 5959.44, 248, 756.6, 1.92, 756.6, 0, 
영흥태양광, 1, 2026-05-15 00:00:00, 0, 0, 0, 0, 0, 0, 26.074, 120.806, 279.283, 443.674, 564.749, 635.405, 661.094, 647.962, 593.357, 490.637, 346.56, 174.029, 45.274, 1.997, 0, 0, 0, 0, 5030.901, 210, 661.09, 1.997, 661.094, 0, 
예천태양광, 1, 2026-05-15 00:00:00, 0, 0, 0, 0, 0, 4.68, 95.76, 394.38, 759.6, 1038.78, 1226.16, 1332.18, 1352.16, 1299.6, 1171.08, 948.6, 645.84, 276.12, 46.44, 0, 0, 0, 0, 0, 10591.38, 441, 1352.16, 4.68, 1352.16, 0, 
여수태양광, 1, 2026-05-15 00:00:00, 0, 0, 0, 0, 0, 0, 0, 0, 0, 0, 0, 0, 0, 0, 0, 0, 0, 0, 0, 0, 0, 0, 0, 974.607, 974.607, 41, 974.6, 974.6, 974.607, 0, 
영흥태양광, 2, 2026-05-15 00:00:00, 0, 0, 0, 0, 0, 0, 35.676, 134.025, 286.371, 429.074, 517.781, 565.992, 601.667, 588.168, 538.029, 442.573, 306.619, 154.274, 41.461, 1.928, 0, 0, 0, 0, 4643.638, 193, 601.66, 1.928, 601.667, 0, 
탑선태양광, 1, 2026-05-15 00:00:00, 0, 0, 0, 0, 0, 0, 0, 0, 0, 0, 0, 0, 0, 0, 0, 0, 0, 0, 0, 0, 0, 0, 0, 1124, 1124, 47, 1124, 1124, 1124, 0, 
탑선태양광, 3, 2026-05-15 00:00:00, 0, 0, 0, 0, 0, 0, 0, 0, 0, 0, 0, 0, 0, 0, 0, 0, 0, 0, 0, 0, 0, 0, 0, 299, 299, 12, 299, 299, 299, 0, 
경상대태양광, 1, 2026-05-15 00:00:00, 0, 0, 0, 0, 0, 0, 27.504, 120.744, 281.808, 422.064, 509.976, 563.328, 577.584, 569.808, 545.328, 466.56, 351.216, 196.272, 50.4, 1.224, 0, 0, 0, 0, 4683.816, 195, 577.58, 1.224, 577.584, 0, 
고흥만 수상태양광, 1, 2026-05-15 00:00:00, 0, 0, 0, 0, 0, 201.936, 4108.524, 14833.224, 27671.448, 38413.2, 46222.596, 50988.336, 52035.564, 49740.096, 45427.536, 37702.98, 26854.464, 13681.836, 3537.324, 135.072, 0, 0, 0, 0, 411554.136, 17148, 52035.56, 135.07, 52035.564, 0, 
영동태양광, 1, 2026-05-14 00:00:00, 0, 0, 0, 0, 0, 0, 13.632, 19.2, 20.16, 21.024, 21.888, 22.368, 22.08, 21.312, 21.12, 188.928, 532.128, 687.168, 685.536, 391.104, 0, 0, 0, 0, 2667.648, 111, 687.16, 13.632, 687.168, 0, 
삼천포태양광#5, 1, 2026-05-14 00:00:00, 0, 0, 0, 0, 0, 3.116, 175.224, 387.66, 1154.338, 2144.598, 376.803, 464.346, 545.566, 1585.855, 2688.747, 2161.319, 1391.637, 2513.982, 2544.609, 2485.345, 1134.135, 0, 0, 0, 21757.28, 907, 2688.74, 3.11, 2688.747, 0, 
삼천포태양광#5, 2, 2026-05-14 00:00:00, 0, 0, 0, 0, 0, 5.321, 314.88, 697.018, 2050.807, 3578.229, 831.906, 1094.537, 1366.742, 3493.178, 4583.01, 3651.743, 2405.467, 4261.968, 4006.717, 3809.18, 991.457, 0, 0, 0, 37142.16, 1548, 4583.01, 5.32, 4583.01, 0, 
광양항세방태양광, 1, 2026-05-14 00:00:00, 0, 0, 0, 0, 0, 4.8, 156, 523.2, 957.6, 1452, 1776, 2078.4, 2140.8, 2131.2, 1987.2, 1670.4, 1176, 614.4, 163.2, 4.8, 0, 0, 0, 0, 16836, 702, 2140.8, 4.8, 2140.8, 0, 
두산엔진MG태양광, 1, 2026-05-14 00:00:00, 0, 0, 0, 0, 0, 0.42, 3.84, 7.32, 16.56, 27.48, 36.78, 43.8, 25.2, 23.76, 44.52, 39, 35.4, 29.76, 10.44, 0.3, 0, 0, 0, 0, 344.58, 14, 44.52, 0.3, 44.52, 0, 
삼천포태양광, 1, 2026-05-14 00:00:00, 0, 0, 0, 0, 0, 0, 0.588, 2.916, 13.26, 25.404, 31.452, 38.436, 39.912, 39.252, 35.496, 28.932, 19.224, 7.836, 0.342, 0, 0, 0, 0, 0, 283.05, 12, 39.91, 0.34, 39.912, 0, 
삼천포태양광, 2, 2026-05-14 00:00:00, 0, 0, 0, 0, 0, 3.648, 49.824, 110.976, 304.128, 514.848, 618.144, 704.832, 724.224, 696.384, 618.912, 487.392, 308.832, 138.528, 32.928, 0.6, 0, 0, 0, 0, 5314.2, 221, 724.22, 0.6, 724.224, 0, 
삼천포태양광, 3, 2026-05-14 00:00:00, 0, 0, 0, 0, 0, 0.504, 15.552, 34.56, 100.764, 172.836, 205.488, 232.344, 243.684, 234.252, 206.712, 166.032, 106.092, 46.152, 7.008, 0, 0, 0, 0, 0, 1771.98, 74, 243.68, 0.5, 243.684, 0, 
삼천포태양광, 4, 2026-05-14 00:00:00, 0, 0, 0, 0, 0, 0.469, 50.464, 88.185, 94.095, 105.541, 94.803, 96.927, 764.66, 1096.255, 1101.923, 890.866, 1129.832, 1183.834, 1195.547, 643.699, 0, 0, 0, 0, 8537.1, 356, 1195.54, 0.46, 1195.547, 0, 
구미태양광, 1, 2026-05-14 00:00:00, 0, 0, 0, 0, 0, 0, 19.742, 109.197, 292.011, 436.281, 554.807, 628.063, 650.408, 640.139, 594.653, 486.902, 373.222, 205.666, 55.466, 5.134, 0, 0, 0, 0, 5051.691, 210, 650.4, 5.134, 650.408, 0, 
삼천포태양광#6, 1, 2026-05-14 00:00:00, 0, 0, 0, 0, 0, 0, 0, 0, 0, 0, 0, 0, 0, 0, 0, 0, 0, 0, 0, 0, 0, 0, 0, 0, 0, 0, 0, 0, 0, 0, 
영흥태양광#5, 1, 2026-05-14 00:00:00, 0, 0, 0, 0, 0, 9.642, 175.968, 662.895, 1330.611, 1916.368, 2376.779, 2637.116, 2707.021, 2593.726, 2340.621, 1892.263, 1258.295, 626.737, 183.2, 12.053, 0, 0, 0, 0, 20723.295, 863, 2707.02, 9.642, 2707.021, 0, 
영흥태양광 #3, 1, 2026-05-14 00:00:00, 0, 0, 0, 0, 0, 0, 102.96, 522.24, 1051.2, 1519.44, 1895.04, 2107.92, 2173.92, 2078.4, 1875.6, 1525.92, 1023.36, 449.76, 114.48, 0, 0, 0, 0, 0, 16440.24, 685, 2173.92, 102.96, 2173.92, 0, 
영흥태양광 #3, 2, 2026-05-14 00:00:00, 0, 0, 0, 0, 0, 0, 22.752, 127.584, 273.312, 407.904, 515.232, 570.912, 584.544, 559.968, 505.344, 405.984, 269.472, 134.112, 34.752, 0.768, 0, 0, 0, 0, 4412.64, 184, 584.54, 0.76, 584.544, 0, 
영흥태양광 #3, 3, 2026-05-14 00:00:00, 0, 0, 0, 0, 0, 1.44, 47.88, 181.8, 381.96, 544.2, 648.48, 739.32, 765.36, 732.72, 661.92, 545.64, 381.48, 202.68, 60.12, 4.32, 0, 0, 0, 0, 5899.32, 246, 765.36, 1.44, 765.36, 0, 
영흥태양광, 1, 2026-05-14 00:00:00, 0, 0, 0, 0, 0, 0, 31.949, 119.77, 284.083, 448.819, 576.23, 646.042, 670.118, 649.421, 579.072, 472.896, 324.442, 166.31, 46.656, 2.381, 0, 0, 0, 0, 5018.189, 209, 670.11, 2.381, 670.118, 0, 
예천태양광, 1, 2026-05-14 00:00:00, 0, 0, 0, 0, 0, 4.32, 120.78, 372.6, 774.72, 1069.74, 1243.98, 1358.28, 1368, 1304.82, 1119.24, 941.58, 633.42, 268.38, 44.46, 0, 0, 0, 0, 0, 10624.32, 443, 1368, 4.32, 1368, 0, 
여수태양광, 1, 2026-05-14 00:00:00, 0, 0, 0, 0, 0, 0, 0, 0, 0, 0, 0, 0, 0, 0, 0, 0, 0, 0, 0, 0, 0, 0, 0, 856.18, 856.18, 36, 856.18, 856.18, 856.18, 0, 
영흥태양광, 2, 2026-05-14 00:00:00, 0, 0, 0, 0, 0, 0, 35.676, 136.918, 287.335, 426.181, 528.387, 583.347, 601.667, 576.598, 518.745, 420.396, 281.549, 143.667, 43.389, 1.928, 0, 0, 0, 0, 4585.783, 191, 601.66, 1.928, 601.667, 0, 
탑선태양광, 1, 2026-05-14 00:00:00, 0, 0, 0, 0, 0, 0, 0, 0, 0, 0, 0, 0, 0, 0, 0, 0, 0, 0, 0, 0, 0, 0, 0, 1124, 1124, 47, 1124, 1124, 1124, 0, 
탑선태양광, 3, 2026-05-14 00:00:00, 0, 0, 0, 0, 0, 0, 0, 0, 0, 0, 0, 0, 0, 0, 0, 0, 0, 0, 0, 0, 0, 0, 0, 299, 299, 12, 299, 299, 299, 0, 
경상대태양광, 1, 2026-05-14 00:00:00, 0, 0, 0, 0, 0, 0.144, 25.776, 94.464, 251.64, 389.016, 483.984, 525.96, 574.344, 538.416, 520.632, 441.288, 324.144, 179.424, 45.864, 1.368, 0, 0, 0, 0, 4396.464, 183, 574.34, 0.144, 574.344, 0, 
고흥만 수상태양광, 1, 2026-05-14 00:00:00, 0, 0, 0, 0, 0, 191.772, 3554.292, 11177.628, 25423.776, 36176.868, 44555.616, 49115.724, 51341.136, 49860.552, 45535.98, 36775.536, 26552.232, 13758.948, 3610.824, 118.944, 0, 0, 0, 0, 397749.828, 16573, 51341.13, 118.94, 51341.136, 0, 
영동태양광, 1, 2026-05-13 00:00:00, 0, 0, 0, 0, 0, 0.768, 17.472, 17.088, 15.744, 14.496, 13.92, 15.168, 636.672, 806.304, 782.976, 674.784, 639.072, 689.856, 684.768, 682.368, 294.144, 0, 0, 0, 5985.6, 249, 806.3, 0.768, 806.304, 0, 
삼천포태양광#5, 1, 2026-05-13 00:00:00, 0, 0, 0, 0, 0, 0.036, 132.735, 651.958, 1595.07, 2324.916, 288.563, 636.27, 386.478, 1313.277, 2754.807, 2221.766, 1412.333, 2506.447, 2540.62, 2490.987, 1114.007, 0, 0, 0, 22370.27, 932, 2754.8, 0.03, 2754.807, 0, 
삼천포태양광#5, 2, 2026-05-13 00:00:00, 0, 0, 0, 0, 0, 0.047, 223.573, 1083.417, 2698.422, 3853.275, 934.862, 1136.548, 1086.582, 3063.993, 4646.191, 3742.387, 2459.132, 4261.255, 4007.157, 3808.84, 1026.929, 0, 0, 0, 38032.61, 1585, 4646.19, 0.04, 4646.191, 0, 
광양항세방태양광, 1, 2026-05-13 00:00:00, 0, 0, 0, 0, 0, 2.4, 139.2, 561.6, 1099.2, 1538.4, 1864.8, 2080.8, 2152.8, 2114.4, 1944, 1603.2, 1140, 364.8, 170.4, 2.4, 0, 0, 0, 0, 16778.4, 699, 2152.8, 2.4, 2152.8, 0, 
두산엔진MG태양광, 1, 2026-05-13 00:00:00, 0, 0, 0, 0, 0, 0.42, 3.72, 9.18, 18, 29.28, 42.18, 48.48, 32.22, 46.98, 55.92, 51.96, 47.4, 33.6, 10.8, 0.3, 0, 0, 0, 0, 430.44, 18, 55.92, 0.3, 55.92, 0, 
삼천포태양광, 1, 2026-05-13 00:00:00, 0, 0, 0, 0, 0, 0, 1.104, 6.324, 16.8, 24.276, 34.092, 37.812, 36.96, 40.476, 36.432, 30.06, 20.292, 7.512, 0.37, 0, 0, 0, 0, 0, 292.51, 12, 40.47, 0.37, 40.476, 0, 
삼천포태양광, 2, 2026-05-13 00:00:00, 0, 0, 0, 0, 0, 2.304, 37.728, 168.864, 399.744, 568.608, 663.936, 674.784, 371.52, 672.48, 511.2, 273.6, 318.624, 137.472, 32.016, 0.48, 0, 0, 0, 0, 4833.36, 201, 674.78, 0.48, 674.784, 0, 
삼천포태양광, 3, 2026-05-13 00:00:00, 0, 0, 0, 0, 0, 0.072, 11.52, 58.716, 130.248, 191.7, 223.524, 194.292, 110.196, 194.364, 94.5, 150.66, 112.464, 46.8, 7.414, 0, 0, 0, 0, 0, 1526.47, 64, 223.52, 0.07, 223.524, 0, 
삼천포태양광, 4, 2026-05-13 00:00:00, 0, 0, 0, 0, 0, 0, 37.037, 85.466, 93.212, 107.641, 97.391, 121.214, 723.316, 1088.611, 1111.898, 905.086, 1140.255, 1183.459, 1194.279, 645.445, 0, 0, 0, 0, 8534.31, 356, 1194.27, 37.03, 1194.279, 0, 
구미태양광, 1, 2026-05-13 00:00:00, 0, 0, 0, 0, 0, 0, 5.858, 41.509, 83.235, 154.25, 319.347, 639.922, 651.204, 636.596, 590.531, 500.208, 375.825, 209.282, 51.778, 3.399, 0, 0, 0, 0, 4262.944, 178, 651.2, 3.399, 651.204, 0, 
삼천포태양광#6, 1, 2026-05-13 00:00:00, 0, 0, 0, 0, 0, 0, 0, 0, 0, 0, 0, 0, 0, 0, 0, 0, 0, 0, 0, 0, 0, 0, 0, 0, 0, 0, 0, 0, 0, 0, 
영흥태양광#5, 1, 2026-05-13 00:00:00, 0, 0, 0, 0, 0, 7.232, 132.579, 633.968, 1304.095, 1846.463, 2232.147, 2446.684, 2596.137, 2282.768, 1371.589, 1451.137, 1282.4, 588.168, 253.105, 9.642, 0, 0, 0, 0, 18438.114, 768, 2596.13, 7.232, 2596.137, 0, 
영흥태양광 #3, 1, 2026-05-13 00:00:00, 0, 0, 0, 0, 0, 0, 77.52, 553.2, 1167.36, 1653.36, 1985.28, 2185.44, 2282.16, 1970.16, 1213.92, 1250.4, 1106.88, 439.2, 178.32, 0, 0, 0, 0, 0, 16063.2, 669, 2282.16, 77.52, 2282.16, 0, 
영흥태양광 #3, 2, 2026-05-13 00:00:00, 0, 0, 0, 0, 0, 0, 14.112, 135.456, 300.48, 436.896, 526.08, 580.896, 601.152, 497.088, 324.96, 286.752, 243.936, 125.76, 45.984, 0, 0, 0, 0, 0, 4119.552, 172, 601.15, 14.112, 601.152, 0, 
영흥태양광 #3, 3, 2026-05-13 00:00:00, 0, 0, 0, 0, 0, 0.96, 26.88, 179.88, 424.56, 621.24, 743.52, 810, 728.04, 538.2, 356.76, 327.12, 299.04, 171.48, 72.36, 1.32, 0, 0, 0, 0, 5301.36, 221, 810, 0.96, 810, 0, 
영흥태양광, 1, 2026-05-13 00:00:00, 0, 0, 0, 0, 0, 0, 11.597, 121.075, 303.283, 476.467, 598.003, 672.499, 637.862, 470.246, 317.53, 310.31, 256.55, 150.336, 63.744, 0.269, 0, 0, 0, 0, 4389.771, 183, 672.49, 0.269, 672.499, 0, 
예천태양광, 1, 2026-05-13 00:00:00, 0, 0, 0, 0, 0, 2.52, 91.08, 396.9, 774.9, 1056.06, 1244.7, 1350.72, 1361.34, 1289.7, 1154.7, 719.1, 401.04, 214.2, 78.84, 0, 0, 0, 0, 0, 10135.8, 422, 1361.34, 2.52, 1361.34, 0, 
여수태양광, 1, 2026-05-13 00:00:00, 0, 0, 0, 0, 0, 0, 0, 0, 0, 0, 0, 0, 0, 0, 0, 0, 0, 0, 0, 0, 0, 0, 0, 733.33, 733.33, 31, 733.33, 733.33, 733.33, 0, 
영흥태양광, 2, 2026-05-13 00:00:00, 0, 0, 0, 0, 0, 0, 26.998, 138.846, 317.225, 458.964, 553.457, 599.739, 628.665, 557.314, 360.615, 370.257, 308.547, 138.846, 61.709, 0.964, 0, 0, 0, 0, 4522.146, 188, 628.66, 0.964, 628.665, 0, 
탑선태양광, 1, 2026-05-13 00:00:00, 0, 0, 0, 0, 0, 0, 0, 0, 0, 0, 0, 0, 0, 0, 0, 0, 0, 0, 0, 0, 0, 0, 0, 1124, 1124, 47, 1124, 1124, 1124, 0, 
탑선태양광, 3, 2026-05-13 00:00:00, 0, 0, 0, 0, 0, 0, 0, 0, 0, 0, 0, 0, 0, 0, 0, 0, 0, 0, 0, 0, 0, 0, 0, 299, 299, 12, 299, 299, 299, 0, 
경상대태양광, 1, 2026-05-13 00:00:00, 0, 0, 0, 0, 0, 0, 9.216, 50.184, 150.48, 302.616, 475.128, 560.448, 585.216, 574.992, 537.48, 452.304, 340.272, 184.752, 45.648, 0.36, 0, 0, 0, 0, 4269.096, 178, 585.21, 0.36, 585.216, 0, 
고흥만 수상태양광, 1, 2026-05-13 00:00:00, 0, 0, 0, 0, 0, 131.208, 3527.664, 14584.668, 27824.832, 38668.98, 46946.928, 51681.252, 52705.044, 50886.696, 45467.1, 37212.084, 25816.308, 13206.648, 3261.3, 92.568, 0, 0, 0, 0, 412013.28, 17167, 52705.04, 92.56, 52705.044, 0, 
영동태양광, 1, 2026-05-12 00:00:00, 0, 0, 0, 0, 0, 0.768, 18.624, 16.32, 15.84, 15.936, 15.648, 15.936, 636.96, 752.352, 506.976, 423.552, 598.848, 689.472, 686.112, 682.56, 252.768, 0, 0, 0, 5328.672, 222, 752.35, 0.768, 752.352, 0, 
삼천포태양광#5, 1, 2026-05-12 00:00:00, 0, 0, 0, 0, 0, 0, 83.506, 146.493, 478.712, 223.006, 78.186, 0, 0.049, 135.204, 199.253, 61.377, 218.718, 1347.382, 6.014, 0, 0, 0, 0, 0, 2977.9, 124, 1347.38, 0.04, 1347.382, 0, 
삼천포태양광#5, 2, 2026-05-12 00:00:00, 0, 0, 0, 0, 0, 0, 165.448, 268.464, 862.107, 400.385, 146.423, 0, 0.231, 201.548, 278.322, 116.326, 440.82, 2122.565, 10.691, 0, 0, 0, 0, 0, 5013.33, 209, 2122.56, 0.23, 2122.565, 0, 
광양항세방태양광, 1, 2026-05-12 00:00:00, 0, 0, 0, 0, 0, 0, 19.2, 105.6, 223.2, 24, 40.8, 0, 96, 412.8, 588, 1104, 446.4, 357.6, 122.4, 0, 0, 0, 0, 0, 3540, 148, 1104, 19.2, 1104, 0, 
두산엔진MG태양광, 1, 2026-05-12 00:00:00, 0, 0, 0, 0, 0, 0.42, 3.42, 8.58, 7.98, 19.98, 30.36, 28.5, 12.96, 13.02, 22.92, 26.34, 7.26, 3.06, 3.6, 0.06, 0, 0, 0, 0, 188.46, 8, 30.36, 0.06, 30.36, 0, 
삼천포태양광, 1, 2026-05-12 00:00:00, 0, 0, 0, 0, 0, 0, 0.456, 0.912, 6.708, 1.344, 0.66, 0, 0, 7.128, 8.256, 0.204, 1.056, 1.156, 0, 0, 0, 0, 0, 0, 27.88, 1, 8.25, 0.2, 8.256, 0, 
삼천포태양광, 2, 2026-05-12 00:00:00, 0, 0, 0, 0, 0, 0, 27.648, 41.376, 123.936, 56.64, 35.04, 1.152, 4.32, 143.232, 218.592, 22.848, 59.712, 60.672, 4.372, 0, 0, 0, 0, 0, 799.54, 33, 218.59, 1.15, 218.592, 0, 
삼천포태양광, 3, 2026-05-12 00:00:00, 0, 0, 0, 0, 0, 0, 6.948, 9.936, 31.284, 12.96, 8.172, 0.036, 0.252, 47.232, 67.536, 5.904, 17.496, 17.532, 0.382, 0, 0, 0, 0, 0, 225.67, 9, 67.53, 0.03, 67.536, 0, 
삼천포태양광, 4, 2026-05-12 00:00:00, 0, 0, 0, 0, 0, 0, 37.044, 53.651, 91.941, 85.176, 29.015, 7.336, 0, 55.752, 96.648, 19.082, 333.566, 106.492, 1.617, 0, 0, 0, 0, 0, 917.32, 38, 333.56, 1.61, 333.566, 0, 
구미태양광, 1, 2026-05-12 00:00:00, 0, 0, 0, 0, 0, 0, 12.294, 53.948, 98.205, 201.616, 417.479, 284.201, 354.564, 171.678, 83.669, 94.3, 94.372, 72.099, 78.752, 6.291, 0, 0, 0, 0, 2023.468, 84, 417.47, 6.291, 417.479, 0, 
삼천포태양광#6, 1, 2026-05-12 00:00:00, 0, 0, 0, 0, 0, 0, 0, 0, 0, 0, 0, 0, 0, 0, 0, 0, 0, 0, 0, 0, 0, 0, 0, 0, 0, 0, 0, 0, 0, 0, 
영흥태양광#5, 1, 2026-05-12 00:00:00, 0, 0, 0, 0, 0, 0, 33.747, 313.368, 665.305, 1140.179, 1921.189, 2514.179, 2215.274, 2449.095, 2212.863, 1819.947, 1287.221, 605.042, 122.937, 4.821, 0, 0, 0, 0, 17305.167, 721, 2514.17, 4.821, 2514.179, 0, 
영흥태양광 #3, 1, 2026-05-12 00:00:00, 0, 0, 0, 0, 0, 0, 3.6, 234, 586.08, 1000.32, 1716.48, 2258.64, 1962.72, 2198.88, 1998, 1668.96, 1199.04, 481.44, 70.08, 0, 0, 0, 0, 0, 15378.24, 641, 2258.64, 3.6, 2258.64, 0, 
영흥태양광 #3, 2, 2026-05-12 00:00:00, 0, 0, 0, 0, 0, 0, 0.576, 60.48, 147.36, 261.408, 452.928, 596.736, 530.976, 576.48, 528.096, 438.048, 311.808, 152.64, 23.136, 0.384, 0, 0, 0, 0, 4081.056, 170, 596.73, 0.38, 596.736, 0, 
영흥태양광 #3, 3, 2026-05-12 00:00:00, 0, 0, 0, 0, 0, 0, 9.72, 104.16, 222.6, 368.76, 659.04, 749.64, 750.6, 810.24, 746.88, 624.84, 442.2, 219.72, 47.16, 2.4, 0, 0, 0, 0, 5757.96, 240, 810.24, 2.4, 810.24, 0, 
영흥태양광, 1, 2026-05-12 00:00:00, 0, 0, 0, 0, 0, 0, 2.496, 81.139, 183.744, 299.059, 529.459, 666.931, 672.154, 659.443, 615.053, 515.52, 366.49, 177.216, 33.677, 0.653, 0, 0, 0, 0, 4803.034, 200, 672.15, 0.653, 672.154, 0, 
예천태양광, 1, 2026-05-12 00:00:00, 0, 0, 0, 0, 0, 2.52, 52.92, 99, 307.62, 854.82, 677.16, 690.66, 930.06, 1148.58, 847.98, 327.6, 261.36, 42.3, 9.36, 0, 0, 0, 0, 0, 6251.94, 260, 1148.58, 2.52, 1148.58, 0, 
여수태양광, 1, 2026-05-12 00:00:00, 0, 0, 0, 0, 0, 0, 0, 0, 0, 0, 0, 0, 0, 0, 0, 0, 0, 0, 0, 0, 0, 0, 0, 759.192, 759.192, 32, 759.19, 759.19, 759.192, 0, 
영흥태양광, 2, 2026-05-12 00:00:00, 0, 0, 0, 0, 0, 0, 0.964, 75.208, 168.737, 284.442, 471.499, 619.023, 543.815, 604.56, 548.636, 456.072, 321.082, 156.202, 33.747, 0, 0, 0, 0, 0, 4283.987, 178, 619.02, 0.964, 619.023, 0, 
탑선태양광, 1, 2026-05-12 00:00:00, 0, 0, 0, 0, 0, 0, 0, 0, 0, 0, 0, 0, 0, 0, 0, 0, 0, 0, 0, 0, 0, 0, 0, 1124, 1124, 47, 1124, 1124, 1124, 0, 
탑선태양광, 3, 2026-05-12 00:00:00, 0, 0, 0, 0, 0, 0, 0, 0, 0, 0, 0, 0, 0, 0, 0, 0, 0, 0, 0, 0, 0, 0, 0, 299, 299, 12, 299, 299, 299, 0, 
경상대태양광, 1, 2026-05-12 00:00:00, 0, 0, 0, 0, 0, 0, 21.384, 46.584, 99.864, 145.944, 104.904, 5.472, 7.272, 45.576, 110.52, 19.584, 23.76, 46.8, 45.504, 6.264, 0, 0, 0, 0, 729.432, 30, 145.94, 5.472, 145.944, 0, 
고흥만 수상태양광, 1, 2026-05-12 00:00:00, 0, 0, 0, 0, 0, 45.024, 464.856, 645.456, 1574.076, 292.236, 39.9, 1063.188, 10099.74, 16105.068, 16048.704, 22897.896, 16625.196, 9899.82, 2218.86, 252.336, 0, 0, 0, 0, 98272.356, 4095, 22897.89, 39.9, 22897.896, 0, 
영동태양광, 1, 2026-05-11 00:00:00, 0, 0, 0, 0, 0, 0, 6.336, 20.16, 19.68, 16.896, 17.088, 17.76, 298.368, 619.008, 281.28, 191.52, 497.76, 688.992, 686.208, 608.352, 0, 0, 0, 0, 3969.408, 165, 688.99, 6.336, 688.992, 0, 
삼천포태양광#5, 1, 2026-05-11 00:00:00, 0, 0, 0, 0, 0, 4.873, 120.38, 429.288, 475.459, 1109.948, 231.801, 592.744, 758.618, 1177.343, 2260.604, 1790.021, 1331.988, 2498.586, 2541.55, 2469.791, 1212.816, 0, 0, 0, 19005.81, 792, 2541.55, 4.87, 2541.55, 0, 
삼천포태양광#5, 2, 2026-05-11 00:00:00, 0, 0, 0, 0, 0, 7.343, 254.993, 872.39, 1073.157, 2071.611, 857.906, 1480.937, 1471.343, 3073.098, 3660.584, 3184.264, 2300.339, 4253.012, 4053.982, 3802.637, 1029.424, 0, 0, 0, 33447.02, 1394, 4253.01, 7.34, 4253.012, 0, 
광양항세방태양광, 1, 2026-05-11 00:00:00, 0, 0, 0, 0, 0, 2.4, 79.2, 432, 523.2, 1262.4, 1780.8, 1468.8, 2047.2, 2169.6, 1629.6, 1428, 933.6, 403.2, 117.6, 0, 0, 0, 0, 0, 14277.6, 595, 2169.6, 2.4, 2169.6, 0, 
두산엔진MG태양광, 1, 2026-05-11 00:00:00, 0, 0, 0, 0, 0, 0.3, 3, 9.18, 14.52, 23.7, 38.28, 51.36, 36.3, 55.32, 61.5, 56.04, 33.54, 28.38, 6.18, 0.12, 0, 0, 0, 0, 417.72, 17, 61.5, 0.12, 61.5, 0, 
삼천포태양광, 1, 2026-05-11 00:00:00, 0, 0, 0, 0, 0, 0, 0.56, 5.32, 8.46, 24.78, 33.24, 39.42, 41.04, 29.96, 27.58, 22.09, 17.96, 7.89, 0.97, 0, 0, 0, 0, 0, 259.27, 11, 41.04, 0.56, 41.04, 0, 
삼천포태양광, 2, 2026-05-11 00:00:00, 0, 0, 0, 0, 0, 3.84, 42.048, 149.28, 148.032, 504.96, 665.952, 738.816, 746.688, 512.64, 527.136, 396.576, 295.872, 140.928, 40.704, 0.138, 0, 0, 0, 0, 4913.61, 205, 746.68, 0.13, 746.688, 0, 
삼천포태양광, 3, 2026-05-11 00:00:00, 0, 0, 0, 0, 0, 0.648, 10.8, 45.072, 40.428, 166.536, 214.596, 244.8, 248.436, 163.332, 179.82, 141.336, 101.556, 46.692, 10.388, 0, 0, 0, 0, 0, 1614.44, 67, 248.43, 0.64, 248.436, 0, 
삼천포태양광, 4, 2026-05-11 00:00:00, 0, 0, 0, 0, 0, 1.537, 46.643, 88.803, 99.24, 102.001, 91.109, 99.623, 396.159, 999.391, 927.838, 778.484, 1142.794, 1180.074, 1194.517, 652.017, 0, 0, 0, 0, 7800.23, 325, 1194.51, 1.53, 1194.517, 0, 
구미태양광, 1, 2026-05-11 00:00:00, 0, 0, 0, 0, 0, 0, 14.246, 110.426, 295.338, 453.565, 564.714, 635.583, 625.387, 601.306, 445.321, 276.536, 122.286, 128.144, 28.854, 2.025, 0, 0, 0, 0, 4303.731, 179, 635.58, 2.025, 635.583, 0, 
삼천포태양광#6, 1, 2026-05-11 00:00:00, 0, 0, 0, 0, 0, 0, 0, 0, 0, 0, 0, 0, 0, 0, 0, 0, 0, 0, 0, 0, 0, 0, 0, 0, 0, 0, 0, 0, 0, 0, 
영흥태양광#5, 1, 2026-05-11 00:00:00, 0, 0, 0, 0, 0, 7.232, 188.021, 337.474, 679.768, 1075.095, 1737.989, 1046.168, 409.789, 332.653, 188.021, 291.674, 250.695, 60.263, 0, 0, 0, 0, 0, 0, 6604.842, 275, 1737.98, 7.232, 1737.989, 0, 
영흥태양광 #3, 1, 2026-05-11 00:00:00, 0, 0, 0, 0, 0, 0, 116.16, 289.68, 687.12, 1150.56, 1809.12, 1008, 389.76, 349.44, 133.2, 233.76, 208.56, 25.68, 0, 0, 0, 0, 0, 0, 6401.04, 267, 1809.12, 25.68, 1809.12, 0, 
영흥태양광 #3, 2, 2026-05-11 00:00:00, 0, 0, 0, 0, 0, 0, 28.224, 69.408, 156.288, 260.736, 409.344, 246.144, 95.52, 74.208, 39.168, 58.272, 50.784, 6.048, 0, 0, 0, 0, 0, 0, 1494.144, 62, 409.34, 6.048, 409.344, 0, 
영흥태양광 #3, 3, 2026-05-11 00:00:00, 0, 0, 0, 0, 0, 0.84, 53.76, 110.52, 249.96, 389.52, 601.08, 318.48, 125.4, 112.32, 58.32, 99.36, 82.08, 18.48, 0, 0, 0, 0, 0, 0, 2220.12, 93, 601.08, 0.84, 601.08, 0, 
영흥태양광, 1, 2026-05-11 00:00:00, 0, 0, 0, 0, 0, 0, 34.176, 89.318, 205.286, 366.797, 514.368, 267.802, 138.125, 96.384, 59.174, 83.52, 71.309, 14.208, 0, 0, 0, 0, 0, 0, 1940.467, 81, 514.36, 14.208, 514.368, 0, 
예천태양광, 1, 2026-05-11 00:00:00, 0, 0, 0, 0, 0, 0, 7.74, 48.6, 96.66, 128.7, 105.84, 106.02, 159.84, 218.52, 631.62, 555.48, 228.6, 117.72, 29.52, 0, 0, 0, 0, 0, 2434.86, 101, 631.62, 7.74, 631.62, 0, 
여수태양광, 1, 2026-05-11 00:00:00, 0, 0, 0, 0, 0, 0, 0, 0, 0, 0, 0, 0, 0, 0, 0, 0, 0, 0, 0, 0, 0, 0, 0, 802.781, 802.781, 33, 802.78, 802.781, 802.781, 0, 
영흥태양광, 2, 2026-05-11 00:00:00, 0, 0, 0, 0, 0, 0, 38.568, 75.208, 167.773, 275.764, 440.644, 256.48, 104.135, 90.636, 45.318, 72.316, 68.459, 13.499, 0, 0, 0, 0, 0, 0, 1648.8, 69, 440.64, 13.499, 440.644, 0, 
탑선태양광, 1, 2026-05-11 00:00:00, 0, 0, 0, 0, 0, 0, 0, 0, 0, 0, 0, 0, 0, 0, 0, 0, 0, 0, 0, 0, 0, 0, 0, 1124, 1124, 47, 1124, 1124, 1124, 0, 
탑선태양광, 3, 2026-05-11 00:00:00, 0, 0, 0, 0, 0, 0, 0, 0, 0, 0, 0, 0, 0, 0, 0, 0, 0, 0, 0, 0, 0, 0, 0, 299, 299, 12, 299, 299, 299, 0, 
경상대태양광, 1, 2026-05-11 00:00:00, 0, 0, 0, 0, 0, 0, 28.08, 109.584, 226.152, 372.6, 482.904, 591.48, 611.784, 598.968, 554.544, 472.248, 348.192, 179.28, 50.616, 2.016, 0, 0, 0, 0, 4628.448, 193, 611.78, 2.016, 611.784, 0, 
고흥만 수상태양광, 1, 2026-05-11 00:00:00, 0, 0, 0, 0, 0, 130.368, 3558.324, 13513.752, 22360.968, 28959.504, 29754.312, 44969.4, 50039.976, 39303.684, 44922.612, 36034.404, 22777.44, 13308.96, 1778.196, 53.508, 0, 0, 0, 0, 351465.408, 14644, 50039.97, 53.5, 50039.976, 0, 
영동태양광, 1, 2026-05-10 00:00:00, 0, 0, 0, 0, 0, 0, 17.376, 19.968, 19.104, 17.76, 14.592, 0, 0, 0, 25.344, 198.912, 517.056, 686.4, 686.016, 175.104, 0, 0, 0, 0, 2377.632, 99, 686.4, 14.592, 686.4, 0, 
삼천포태양광#5, 1, 2026-05-10 00:00:00, 0, 0, 0, 0, 0, 0.242, 126.094, 661.118, 1394.105, 2027.61, 202.653, 191.992, 219.011, 1503.841, 2407.262, 1934.366, 1296.671, 2503.404, 2483.985, 2489.239, 1095.847, 0, 0, 0, 20537.44, 856, 2503.4, 0.24, 2503.404, 0, 
삼천포태양광#5, 2, 2026-05-10 00:00:00, 0, 0, 0, 0, 0, 0.576, 275.469, 1381.313, 2821.911, 4011.631, 1066.274, 1462.472, 1617.241, 3973.723, 4765.569, 3815.122, 2550.911, 4261.709, 3997.318, 3818.157, 1060.264, 0, 0, 0, 40879.66, 1703, 4765.56, 0.57, 4765.569, 0, 
광양항세방태양광, 1, 2026-05-10 00:00:00, 0, 0, 0, 0, 0, 4.8, 148.8, 525.6, 1005.6, 1454.4, 1852.8, 2042.4, 2169.6, 2148, 2025.6, 1730.4, 1264.8, 672, 158.4, 2.4, 0, 0, 0, 0, 17205.6, 717, 2169.6, 2.4, 2169.6, 0, 
두산엔진MG태양광, 1, 2026-05-10 00:00:00, 0, 0, 0, 0, 0, 0.3, 2.7, 4.5, 13.38, 28.26, 41.58, 53.34, 36.6, 27.12, 27.66, 27.96, 44.94, 35.4, 11.52, 0.24, 0, 0, 0, 0, 355.5, 15, 53.34, 0.24, 53.34, 0, 
삼천포태양광, 1, 2026-05-10 00:00:00, 0, 0, 0, 0, 0, 0, 0.08, 4.38, 16.52, 26.35, 34.74, 40.05, 41.98, 41.22, 37.38, 30.49, 20.67, 8.08, 0.34, 0, 0, 0, 0, 0, 302.28, 13, 41.98, 0.08, 41.98, 0, 
삼천포태양광, 2, 2026-05-10 00:00:00, 0, 0, 0, 0, 0, 1.728, 39.456, 201.12, 401.856, 564.768, 678.336, 742.656, 757.248, 726.048, 642.528, 508.512, 327.648, 140.256, 31.584, 0.396, 0, 0, 0, 0, 5764.14, 240, 757.24, 0.39, 757.248, 0, 
삼천포태양광, 3, 2026-05-10 00:00:00, 0, 0, 0, 0, 0, 0.288, 13.5, 66.492, 132.732, 187.02, 227.376, 248.868, 254.16, 243.792, 216.36, 173.34, 114.156, 47.916, 6.94, 0, 0, 0, 0, 0, 1932.94, 81, 254.16, 0.28, 254.16, 0, 
삼천포태양광, 4, 2026-05-10 00:00:00, 0, 0, 0, 0, 0, 0.051, 38.486, 88.706, 94.584, 106.591, 98.257, 351.345, 1290.956, 1138.052, 1137.569, 930.64, 1136.698, 1184.199, 1195.177, 719.349, 0, 0, 0, 0, 9510.66, 396, 1290.95, 0.05, 1290.956, 0, 
구미태양광, 1, 2026-05-10 00:00:00, 0, 0, 0, 0, 0, 0, 17.428, 110.571, 291.505, 451.829, 217.598, 0, 0, 0, 291.577, 506.572, 365.484, 198.001, 53.152, 3.833, 0, 0, 0, 0, 2507.55, 104, 506.57, 3.833, 506.572, 0, 
삼천포태양광#6, 1, 2026-05-10 00:00:00, 0, 0, 0, 0, 0, 0, 0, 0, 0, 0, 0, 0, 0, 0, 0, 0, 0, 0, 0, 0, 0, 0, 0, 0, 0, 0, 0, 0, 0, 0, 
영흥태양광#5, 1, 2026-05-10 00:00:00, 0, 0, 0, 0, 0, 9.642, 190.432, 477.284, 1137.768, 1822.358, 2227.326, 2432.221, 2456.326, 2441.863, 2181.526, 1836.821, 1265.526, 580.937, 226.589, 16.874, 0, 0, 0, 0, 19303.493, 804, 2456.32, 9.642, 2456.326, 0, 
영흥태양광 #3, 1, 2026-05-10 00:00:00, 0, 0, 0, 0, 0, 0.24, 133.92, 512.16, 1136.88, 1833.36, 2281.92, 2545.2, 2614.08, 2574.96, 2320.56, 1936.56, 1382.64, 550.56, 190.32, 4.8, 0, 0, 0, 0, 20018.16, 834, 2614.08, 0.24, 2614.08, 0, 
영흥태양광 #3, 2, 2026-05-10 00:00:00, 0, 0, 0, 0, 0, 0, 29.76, 99.84, 256.8, 424.896, 523.2, 572.832, 578.784, 583.488, 526.56, 440.736, 313.44, 146.112, 49.632, 1.344, 0, 0, 0, 0, 4547.424, 189, 583.48, 1.344, 583.488, 0, 
영흥태양광 #3, 3, 2026-05-10 00:00:00, 0, 0, 0, 0, 0, 2.4, 55.32, 162.6, 374.28, 600.36, 736.56, 803.64, 823.92, 803.76, 722.88, 602.52, 442.92, 212.04, 77.28, 6.6, 0, 0, 0, 0, 6427.08, 268, 823.92, 2.4, 823.92, 0, 
영흥태양광, 1, 2026-05-10 00:00:00, 0, 0, 0, 0, 0, 0, 36.173, 120.73, 260.429, 451.277, 583.373, 666.547, 687.629, 672.499, 607.91, 503.27, 381.965, 181.747, 62.477, 4.685, 0, 0, 0, 0, 5220.711, 218, 687.62, 4.685, 687.629, 0, 
예천태양광, 1, 2026-05-10 00:00:00, 0, 0, 0, 0, 0, 2.34, 81.36, 374.04, 747.54, 1037.34, 1234.8, 1085.58, 172.26, 165.24, 147.06, 118.44, 77.4, 33.48, 7.02, 0, 0, 0, 0, 0, 5283.9, 220, 1234.8, 2.34, 1234.8, 0, 
여수태양광, 1, 2026-05-10 00:00:00, 0, 0, 0, 0, 0, 0, 0, 0, 0, 0, 0, 0, 0, 0, 0, 0, 0, 0, 0, 0, 0, 0, 0, 913.474, 913.474, 38, 913.47, 913.47, 913.474, 0, 
영흥태양광, 2, 2026-05-10 00:00:00, 0, 0, 0, 0, 0, 0, 43.389, 120.526, 267.086, 441.608, 551.528, 600.703, 613.238, 601.667, 548.636, 449.322, 321.082, 154.274, 57.853, 3.857, 0, 0, 0, 0, 4774.769, 199, 613.23, 3.857, 613.238, 0, 
탑선태양광, 1, 2026-05-10 00:00:00, 0, 0, 0, 0, 0, 0, 0, 0, 0, 0, 0, 0, 0, 0, 0, 0, 0, 0, 0, 0, 0, 0, 0, 1124, 1124, 47, 1124, 1124, 1124, 0, 
탑선태양광, 3, 2026-05-10 00:00:00, 0, 0, 0, 0, 0, 0, 0, 0, 0, 0, 0, 0, 0, 0, 0, 0, 0, 0, 0, 0, 0, 0, 0, 299, 299, 12, 299, 299, 299, 0, 
경상대태양광, 1, 2026-05-10 00:00:00, 0, 0, 0, 0, 0, 0, 22.464, 114.48, 277.344, 417.528, 75.168, 0, 0, 0, 0, 11.736, 365.112, 204.408, 50.256, 1.08, 0, 0, 0, 0, 1539.576, 64, 417.52, 1.08, 417.528, 0, 
고흥만 수상태양광, 1, 2026-05-10 00:00:00, 0, 0, 0, 0, 0, 128.1, 3563.028, 14162.988, 27011.88, 36857.94, 302.736, 0, 233.352, 44887.5, 45662.4, 37568.664, 26752.824, 13655.796, 3095.904, 80.808, 0, 0, 0, 0, 253963.92, 10582, 45662.4, 80.808, 45662.4, 0, 
영동태양광, 1, 2026-05-09 00:00:00, 0, 0, 0, 0, 0, 0, 15.744, 19.776, 19.584, 18.816, 19.488, 40.224, 0, 0, 126.816, 428.832, 653.088, 692.352, 688.224, 684.672, 280.416, 0, 0, 0, 3688.032, 154, 692.35, 15.74, 692.352, 0, 
삼천포태양광#5, 1, 2026-05-09 00:00:00, 0, 0, 0, 0, 0, 0, 107.018, 702.351, 1488.707, 2116.989, 244.171, 324.35, 385.85, 1387.63, 2475.818, 1982.557, 1322.4, 2509.977, 2541.905, 2494.263, 1033.214, 0, 0, 0, 21117.2, 880, 2541.9, 107.01, 2541.905, 0, 
삼천포태양광#5, 2, 2026-05-09 00:00:00, 0, 0, 0, 0, 0, 0, 243.903, 1470.259, 3003.491, 4202.954, 1214.67, 1538.569, 1768.274, 4112.465, 4895.607, 3915.962, 2605.21, 4260.174, 4000.1, 3814.798, 1102.234, 0, 0, 0, 42148.67, 1756, 4895.6, 243.9, 4895.607, 0, 
광양항세방태양광, 1, 2026-05-09 00:00:00, 0, 0, 0, 0, 0, 4.8, 141.6, 552, 1036.8, 1521.6, 1884, 1497.6, 0, 1814.4, 2044.8, 1759.2, 1267.2, 674.4, 158.4, 2.4, 0, 0, 0, 0, 14359.2, 598, 2044.8, 2.4, 2044.8, 0, 
두산엔진MG태양광, 1, 2026-05-09 00:00:00, 0, 0, 0, 0, 0, 0.36, 2.46, 3.9, 13.38, 29.34, 43.26, 50.88, 28.2, 32.94, 37.5, 36.72, 44.76, 34.98, 10.56, 0.18, 0, 0, 0, 0, 369.42, 15, 50.88, 0.18, 50.88, 0, 
삼천포태양광, 1, 2026-05-09 00:00:00, 0, 0, 0, 0, 0, 0, 0, 4.14, 17.54, 27.44, 35.38, 40.17, 42.61, 41.77, 38.35, 31.52, 21.04, 8.36, 0.38, 0, 0, 0, 0, 0, 308.7, 13, 42.61, 0.38, 42.61, 0, 
삼천포태양광, 2, 2026-05-09 00:00:00, 0, 0, 0, 0, 0, 1.248, 33.6, 215.616, 428.448, 589.248, 690.816, 747.744, 771.456, 737.76, 660.384, 521.28, 333.888, 141.888, 31.104, 0.31, 0, 0, 0, 0, 5904.79, 246, 771.45, 0.31, 771.456, 0, 
삼천포태양광, 3, 2026-05-09 00:00:00, 0, 0, 0, 0, 0, 0.108, 12.564, 71.856, 142.416, 197.172, 232.128, 249.444, 257.544, 250.488, 223.56, 178.74, 115.812, 48.492, 6.816, 0, 0, 0, 0, 0, 1987.14, 83, 257.54, 0.1, 257.544, 0, 
삼천포태양광, 4, 2026-05-09 00:00:00, 0, 0, 0, 0, 0, 0, 29.653, 88.559, 94.818, 106.337, 99.694, 503.696, 1334.172, 1183.785, 1178.711, 957.954, 1140.446, 1183.418, 1196.188, 734.879, 0, 0, 0, 0, 9832.31, 410, 1334.17, 29.65, 1334.172, 0, 
구미태양광, 1, 2026-05-09 00:00:00, 0, 0, 0, 0, 0, 0, 11.787, 113.247, 310.235, 478.369, 594.942, 660.099, 694.665, 661.762, 612.949, 517.781, 380.164, 205.305, 52.501, 3.254, 0, 0, 0, 0, 5297.06, 221, 694.66, 3.254, 694.665, 0, 
삼천포태양광#6, 1, 2026-05-09 00:00:00, 0, 0, 0, 0, 0, 0, 0, 0, 0, 0, 0, 0, 0, 0, 0, 0, 0, 0, 0, 0, 0, 0, 0, 0, 0, 0, 0, 0, 0, 0, 
영흥태양광#5, 1, 2026-05-09 00:00:00, 0, 0, 0, 0, 0, 4.821, 125.347, 638.789, 1330.611, 1904.316, 2304.463, 2506.947, 2552.747, 2480.432, 2227.326, 1815.126, 1224.547, 588.168, 142.221, 9.642, 0, 0, 0, 0, 19855.503, 827, 2552.74, 4.821, 2552.747, 0, 
영흥태양광 #3, 1, 2026-05-09 00:00:00, 0, 0, 0, 0, 0, 0, 0, 0, 0, 0, 88.32, 682.8, 1435.44, 2019.12, 2029.92, 2065.92, 889.92, 0, 0, 0, 0, 0, 0, 0, 9211.44, 384, 2065.92, 88.32, 2065.92, 0, 
영흥태양광 #3, 2, 2026-05-09 00:00:00, 0, 0, 0, 0, 0, 0, 12.864, 132.48, 299.136, 443.232, 538.944, 586.272, 602.016, 593.376, 536.064, 437.472, 299.04, 147.168, 27.648, 0, 0, 0, 0, 0, 4655.712, 194, 602.01, 12.864, 602.016, 0, 
영흥태양광 #3, 3, 2026-05-09 00:00:00, 0, 0, 0, 0, 0, 0.6, 24.48, 173.52, 435.24, 632.64, 766.56, 825.84, 839.64, 811.56, 733.68, 602.88, 410.76, 209.76, 50.04, 2.28, 0, 0, 0, 0, 6519.48, 272, 839.64, 0.6, 839.64, 0, 
영흥태양광, 1, 2026-05-09 00:00:00, 0, 0, 0, 0, 0, 0, 10.022, 120.653, 308.89, 487.296, 619.354, 684.403, 706.79, 684.096, 616.32, 506.726, 345.216, 174.758, 38.016, 0.73, 0, 0, 0, 0, 5303.27, 221, 706.79, 0.73, 706.79, 0, 
예천태양광, 1, 2026-05-09 00:00:00, 0, 0, 0, 0, 0, 0.18, 68.04, 394.92, 793.26, 1078.92, 1305.9, 1423.8, 151.02, 0, 0, 0, 78.12, 268.02, 38.16, 0, 0, 0, 0, 0, 5600.34, 233, 1423.8, 0.18, 1423.8, 0, 
여수태양광, 1, 2026-05-09 00:00:00, 0, 0, 0, 0, 0, 0, 0, 0, 0, 0, 0, 0, 0, 0, 0, 0, 0, 0, 0, 0, 0, 0, 0, 928.101, 928.101, 39, 928.1, 928.1, 928.101, 0, 
영흥태양광, 2, 2026-05-09 00:00:00, 0, 0, 0, 0, 0, 0, 23.141, 137.882, 319.154, 472.463, 569.848, 615.166, 628.665, 612.274, 556.349, 453.179, 303.726, 150.417, 35.676, 0.964, 0, 0, 0, 0, 4878.904, 203, 628.66, 0.964, 628.665, 0, 
탑선태양광, 1, 2026-05-09 00:00:00, 0, 0, 0, 0, 0, 0, 0, 0, 0, 0, 0, 0, 0, 0, 0, 0, 0, 0, 0, 0, 0, 0, 0, 1124, 1124, 47, 1124, 1124, 1124, 0, 
탑선태양광, 3, 2026-05-09 00:00:00, 0, 0, 0, 0, 0, 0, 0, 0, 0, 0, 0, 0, 0, 0, 0, 0, 0, 0, 0, 0, 0, 0, 0, 299, 299, 12, 299, 299, 299, 0, 
경상대태양광, 1, 2026-05-09 00:00:00, 0, 0, 0, 0, 0, 0, 17.928, 117.216, 293.4, 437.832, 535.032, 590.184, 8.136, 407.376, 565.272, 485.352, 362.376, 199.152, 47.448, 0.936, 0, 0, 0, 0, 4067.64, 169, 590.18, 0.936, 590.184, 0, 
고흥만 수상태양광, 1, 2026-05-09 00:00:00, 0, 0, 0, 0, 0, 104.916, 3437.028, 15274.644, 28748.16, 39968.124, 47392.716, 51269.736, 52609.62, 50238.048, 46148.592, 37825.704, 26580.204, 13344.828, 3113.46, 80.64, 0, 0, 0, 0, 416136.42, 17339, 52609.62, 80.64, 52609.62, 0, 
영동태양광, 1, 2026-05-08 00:00:00, 0, 0, 0, 0, 0, 0, 15.072, 19.872, 20.928, 21.888, 21.792, 20.64, 850.56, 746.784, 384.864, 312.864, 437.664, 689.568, 687.168, 684, 54.912, 0, 0, 0, 4968.576, 207, 850.56, 15.072, 850.56, 0, 
삼천포태양광#5, 1, 2026-05-08 00:00:00, 0, 0, 0, 0, 0, 1.501, 135.352, 803.605, 1734.399, 2275.596, 733.144, 882.222, 879.721, 1528.916, 2836.88, 2354.205, 1568.148, 2513.059, 2540.343, 2490.811, 1153.928, 0, 0, 0, 24431.83, 1018, 2836.88, 1.5, 2836.88, 0, 
삼천포태양광#5, 2, 2026-05-08 00:00:00, 0, 0, 0, 0, 0, 3.787, 249.285, 1426.09, 3001.199, 3794.321, 1553.296, 1692.028, 1842.819, 3333.3, 4802.416, 3967.325, 2675.878, 4230.873, 4084.529, 3814.002, 1022.512, 0, 0, 0, 41493.66, 1729, 4802.41, 3.78, 4802.416, 0, 
광양항세방태양광, 1, 2026-05-08 00:00:00, 0, 0, 0, 0, 0, 2.4, 141.6, 552, 1072.8, 1416, 1980, 2205.6, 2301.6, 2299.2, 2138.4, 1831.2, 1332, 679.2, 199.2, 4.8, 0, 0, 0, 0, 18156, 757, 2301.6, 2.4, 2301.6, 0, 
두산엔진MG태양광, 1, 2026-05-08 00:00:00, 0, 0, 0, 0, 0, 0.36, 2.52, 4.32, 13.68, 28.98, 44.58, 53.76, 33.3, 42.06, 38.04, 43.68, 42.54, 28.92, 9.9, 0.3, 0, 0, 0, 0, 386.94, 16, 53.76, 0.3, 53.76, 0, 
삼천포태양광, 1, 2026-05-08 00:00:00, 0, 0, 0, 0, 0, 0, 0, 4.27, 17.53, 25.2, 32.8, 39.96, 41.86, 40.88, 37.44, 31.38, 21.42, 7.96, 0.8, 0, 0, 0, 0, 0, 301.5, 13, 41.86, 0.8, 41.86, 0, 
삼천포태양광, 2, 2026-05-08 00:00:00, 0, 0, 0, 0, 0, 2.208, 35.904, 208.896, 426.24, 541.536, 654.432, 766.464, 777.408, 732.864, 645.696, 525.408, 344.064, 135.84, 43.104, 0.506, 0, 0, 0, 0, 5840.57, 243, 777.4, 0.5, 777.408, 0, 
삼천포태양광, 3, 2026-05-08 00:00:00, 0, 0, 0, 0, 0, 0.324, 12.672, 69.948, 142.2, 180.036, 220.428, 259.272, 266.076, 251.892, 222.948, 183.384, 120.384, 46.404, 10.632, 0, 0, 0, 0, 0, 1986.6, 83, 266.07, 0.32, 266.076, 0, 
삼천포태양광, 4, 2026-05-08 00:00:00, 0, 0, 0, 0, 0, 0.165, 31.724, 88.425, 94.57, 118.643, 120.888, 347.327, 1330.574, 1162.992, 1144.192, 960.093, 1154.542, 1182.701, 1196.48, 744.364, 0, 0, 0, 0, 9677.68, 403, 1330.57, 0.16, 1330.574, 0, 
구미태양광, 1, 2026-05-08 00:00:00, 0, 0, 0, 0, 0, 0, 25.744, 108.112, 315.586, 488.855, 600.583, 680.853, 726.267, 680.13, 658.941, 557.049, 414.659, 224.396, 52.574, 3.037, 0, 0, 0, 0, 5536.786, 231, 726.26, 3.037, 726.267, 0, 
삼천포태양광#6, 1, 2026-05-08 00:00:00, 0, 0, 0, 0, 0, 0, 0, 0, 0, 0, 0, 0, 0, 0, 0, 0, 0, 0, 0, 0, 0, 0, 0, 0, 0, 0, 0, 0, 0, 0, 
영흥태양광#5, 1, 2026-05-08 00:00:00, 0, 0, 0, 0, 0, 2.411, 115.705, 638.789, 1337.842, 1921.189, 2321.337, 2567.211, 2685.326, 2610.6, 2338.211, 1923.6, 1342.663, 621.916, 120.526, 7.232, 0, 0, 0, 0, 20554.558, 856, 2685.32, 2.411, 2685.326, 0, 
영흥태양광 #3, 1, 2026-05-08 00:00:00, 0, 0, 0, 0, 0, 0, 37.68, 577.2, 933.36, 921.84, 413.04, 2144.16, 2091.12, 1150.08, 1283.28, 2186.64, 2485.92, 1549.92, 1540.32, 515.04, 0, 0, 0, 0, 17829.6, 743, 2485.92, 37.68, 2485.92, 0, 
영흥태양광 #3, 2, 2026-05-08 00:00:00, 0, 0, 0, 0, 0, 0, 10.752, 132.672, 303.744, 459.168, 563.712, 619.968, 639.264, 623.136, 570.048, 472.32, 332.64, 158.016, 22.464, 0, 0, 0, 0, 0, 4907.904, 204, 639.26, 10.752, 639.264, 0, 
영흥태양광 #3, 3, 2026-05-08 00:00:00, 0, 0, 0, 0, 0, 0.36, 22.44, 175.92, 443.04, 645.24, 785.4, 865.08, 884.64, 865.68, 797.88, 662.76, 470.28, 228, 43.08, 1.56, 0, 0, 0, 0, 6891.36, 287, 884.64, 0.36, 884.64, 0, 
영흥태양광, 1, 2026-05-08 00:00:00, 0, 0, 0, 0, 0, 0, 8.794, 115.814, 310.08, 496.896, 632.947, 716.352, 754.33, 740.237, 674.496, 555.994, 392.333, 184.128, 31.296, 0.192, 0, 0, 0, 0, 5613.889, 234, 754.33, 0.192, 754.33, 0, 
예천태양광, 1, 2026-05-08 00:00:00, 0, 0, 0, 0, 0, 0, 75.42, 409.32, 834.84, 1167.12, 1286.1, 1342.62, 1109.16, 867.42, 1000.08, 820.26, 596.16, 307.62, 33.48, 0, 0, 0, 0, 0, 9849.6, 410, 1342.62, 33.48, 1342.62, 0, 
여수태양광, 1, 2026-05-08 00:00:00, 0, 0, 0, 0, 0, 0, 0, 0, 0, 0, 0, 0, 0, 0, 0, 0, 0, 0, 0, 0, 0, 0, 0, 786.495, 786.495, 33, 786.49, 786.495, 786.495, 0, 
영흥태양광, 2, 2026-05-08 00:00:00, 0, 0, 0, 0, 0, 0, 20.248, 137.882, 321.082, 474.392, 579.491, 638.307, 665.305, 651.806, 589.133, 484.998, 338.438, 160.059, 29.891, 0.964, 0, 0, 0, 0, 5091.996, 212, 665.3, 0.964, 665.305, 0, 
탑선태양광, 1, 2026-05-08 00:00:00, 0, 0, 0, 0, 0, 0, 0, 0, 0, 0, 0, 0, 0, 0, 0, 0, 0, 0, 0, 0, 0, 0, 0, 1124, 1124, 47, 1124, 1124, 1124, 0, 
탑선태양광, 3, 2026-05-08 00:00:00, 0, 0, 0, 0, 0, 0, 0, 0, 0, 0, 0, 0, 0, 0, 0, 0, 0, 0, 0, 0, 0, 0, 0, 299, 299, 12, 299, 299, 299, 0, 
경상대태양광, 1, 2026-05-08 00:00:00, 0, 0, 0, 0, 0, 0, 18, 116.64, 297.504, 449.496, 566.496, 620.712, 620.064, 614.808, 547.488, 480.528, 329.976, 190.08, 62.856, 2.376, 0, 0, 0, 0, 4917.024, 205, 620.71, 2.376, 620.712, 0, 
고흥만 수상태양광, 1, 2026-05-08 00:00:00, 0, 0, 0, 0, 0, 106.008, 3588.396, 14987.784, 29067.276, 38847.564, 48024.06, 53396.616, 54579.336, 51201.78, 47381.46, 38631.768, 27987.876, 13576.5, 2961.336, 46.452, 0, 0, 0, 0, 424384.212, 17683, 54579.33, 46.45, 54579.336, 0, 
영동태양광, 1, 2026-05-07 00:00:00, 0, 0, 0, 0, 0, 0, 14.4, 17.088, 16.704, 16.608, 17.088, 16.608, 16.416, 16.992, 19.392, 584.544, 469.248, 684.96, 684.384, 438.816, 0, 0, 0, 0, 3013.248, 126, 684.96, 14.4, 684.96, 0, 
삼천포태양광#5, 1, 2026-05-07 00:00:00, 0, 0, 0, 0, 0, 2.754, 195.183, 750.431, 1548.611, 1735.824, 331.828, 485.394, 697.037, 1505.772, 2768.943, 1887.764, 1319.969, 2490.022, 2530.463, 2483.977, 1006.658, 0, 0, 0, 21740.63, 906, 2768.94, 2.75, 2768.943, 0, 
삼천포태양광#5, 2, 2026-05-07 00:00:00, 0, 0, 0, 0, 0, 4.655, 356.999, 1317.509, 2703.604, 2909.541, 651.916, 1296.177, 1432.31, 3367.51, 4694.567, 3195.841, 2266.357, 4205.496, 4058.339, 3804.875, 557.534, 0, 0, 0, 36823.23, 1534, 4694.56, 4.65, 4694.567, 0, 
광양항세방태양광, 1, 2026-05-07 00:00:00, 0, 0, 0, 0, 0, 2.4, 184.8, 477.6, 945.6, 1120.8, 1828.8, 2083.2, 2169.6, 2174.4, 2080.8, 1759.2, 888, 405.6, 180, 0, 0, 0, 0, 0, 16300.8, 679, 2174.4, 2.4, 2174.4, 0, 
두산엔진MG태양광, 1, 2026-05-07 00:00:00, 0, 0, 0, 0, 0, 0.36, 2.94, 6.66, 15.96, 27.84, 37.14, 49.32, 44.46, 42, 32.94, 24.6, 26.76, 16.38, 4.14, 0.06, 0, 0, 0, 0, 331.56, 14, 49.32, 0.06, 49.32, 0, 
삼천포태양광, 1, 2026-05-07 00:00:00, 0, 0, 0, 0, 0, 0, 0.92, 5.35, 16.47, 21.87, 31.46, 39.44, 39.63, 39.56, 36.37, 25.99, 17.52, 3.21, 0.64, 0, 0, 0, 0, 0, 278.43, 12, 39.63, 0.64, 39.63, 0, 
삼천포태양광, 2, 2026-05-07 00:00:00, 0, 0, 0, 0, 0, 3.36, 51.072, 198.24, 388.8, 432.864, 599.136, 725.184, 728.352, 698.4, 634.464, 442.176, 301.824, 86.112, 36.96, 0.246, 0, 0, 0, 0, 5327.19, 222, 728.35, 0.24, 728.352, 0, 
삼천포태양광, 3, 2026-05-07 00:00:00, 0, 0, 0, 0, 0, 0.504, 15.912, 64.332, 122.832, 137.304, 195.768, 235.944, 235.836, 226.728, 210.888, 151.272, 99.54, 25.2, 9.74, 0, 0, 0, 0, 0, 1731.8, 72, 235.94, 0.5, 235.944, 0, 
삼천포태양광, 4, 2026-05-07 00:00:00, 0, 0, 0, 0, 0, 0.414, 52.155, 88.788, 94.224, 111.891, 96.776, 95.885, 1016.117, 1076.325, 1126.498, 769.123, 1164.21, 1179.706, 1193.406, 529.242, 0, 0, 0, 0, 8594.76, 358, 1193.4, 0.41, 1193.406, 0, 
구미태양광, 1, 2026-05-07 00:00:00, 0, 0, 0, 0, 0, 0, 31.53, 121.491, 236.328, 394.483, 561.026, 550.106, 647.733, 591.832, 534.703, 369.895, 261.132, 140.437, 39.557, 1.519, 0, 0, 0, 0, 4481.772, 187, 647.73, 1.519, 647.733, 0, 
삼천포태양광#6, 1, 2026-05-07 00:00:00, 0, 0, 0, 0, 0, 0, 0, 0, 0, 0, 0, 0, 0, 0, 0, 0, 0, 0, 0, 0, 0, 0, 0, 0, 0, 0, 0, 0, 0, 0, 
영흥태양광#5, 1, 2026-05-07 00:00:00, 0, 0, 0, 0, 0, 2.411, 132.579, 296.495, 520.674, 949.747, 1453.547, 1000.368, 754.495, 400.147, 79.547, 36.158, 86.779, 154.274, 118.116, 2.411, 0, 0, 0, 0, 5987.748, 249, 1453.54, 2.411, 1453.547, 0, 
영흥태양광 #3, 1, 2026-05-07 00:00:00, 0, 0, 0, 0, 0, 0, 69.36, 273.6, 517.44, 1027.44, 1526.4, 994.8, 582.48, 365.04, 0, 0, 22.8, 80.4, 30.24, 0, 0, 0, 0, 0, 5490, 229, 1526.4, 22.8, 1526.4, 0, 
영흥태양광 #3, 2, 2026-05-07 00:00:00, 0, 0, 0, 0, 0, 0, 15.648, 57.6, 111.552, 226.08, 345.216, 251.232, 176.928, 92.352, 4.896, 0.384, 8.064, 18.048, 17.28, 0, 0, 0, 0, 0, 1325.28, 55, 345.21, 0.38, 345.216, 0, 
영흥태양광 #3, 3, 2026-05-07 00:00:00, 0, 0, 0, 0, 0, 0.36, 38.88, 89.16, 169.8, 347.04, 494.52, 355.68, 166.92, 115.56, 18.24, 12.12, 22.2, 42.72, 41.4, 0, 0, 0, 0, 0, 1914.6, 80, 494.52, 0.36, 494.52, 0, 
영흥태양광, 1, 2026-05-07 00:00:00, 0, 0, 0, 0, 0, 0, 23.078, 63.36, 127.411, 256.397, 410.918, 326.016, 112.051, 107.328, 4.109, 1.19, 13.094, 31.987, 28.147, 0, 0, 0, 0, 0, 1505.086, 63, 410.91, 1.19, 410.918, 0, 
예천태양광, 1, 2026-05-07 00:00:00, 0, 0, 0, 0, 0, 5.22, 102.42, 361.08, 672.3, 673.02, 859.86, 1296.9, 1335.78, 1365.12, 784.98, 774, 269.28, 159.66, 12.24, 0, 0, 0, 0, 0, 8671.86, 361, 1365.12, 5.22, 1365.12, 0, 
여수태양광, 1, 2026-05-07 00:00:00, 0, 0, 0, 0, 0, 0, 0, 0, 0, 0, 0, 0, 0, 0, 0, 0, 0, 0, 0, 0, 0, 0, 0, 994.854, 994.854, 41, 994.85, 994.85, 994.854, 0, 
영흥태양광, 2, 2026-05-07 00:00:00, 0, 0, 0, 0, 0, 0, 26.034, 70.387, 127.276, 246.838, 378.935, 246.838, 150.417, 99.314, 7.714, 1.928, 17.356, 38.568, 32.783, 0, 0, 0, 0, 0, 1444.388, 60, 378.93, 1.928, 378.935, 0, 
탑선태양광, 1, 2026-05-07 00:00:00, 0, 0, 0, 0, 0, 0, 0, 0, 0, 0, 0, 0, 0, 0, 0, 0, 0, 0, 0, 0, 0, 0, 0, 1124, 1124, 47, 1124, 1124, 1124, 0, 
탑선태양광, 3, 2026-05-07 00:00:00, 0, 0, 0, 0, 0, 0, 0, 0, 0, 0, 0, 0, 0, 0, 0, 0, 0, 0, 0, 0, 0, 0, 0, 299, 299, 12, 299, 299, 299, 0, 
경상대태양광, 1, 2026-05-07 00:00:00, 0, 0, 0, 0, 0, 0, 29.088, 118.584, 280.296, 319.536, 481.248, 595.584, 619.488, 521.712, 577.224, 470.304, 313.56, 95.76, 43.488, 0, 0, 0, 0, 0, 4465.872, 186, 619.48, 29.088, 619.488, 0, 
고흥만 수상태양광, 1, 2026-05-07 00:00:00, 0, 0, 0, 0, 0, 94.5, 3656.604, 14036.82, 25310.628, 35005.404, 45358.068, 46655.532, 44682.54, 43532.076, 46434.444, 34546.26, 21110.796, 10041.36, 2919.252, 25.956, 0, 0, 0, 0, 373410.24, 15559, 46655.53, 25.95, 46655.532, 0, 
영동태양광, 1, 2026-05-06 00:00:00, 0, 0, 0, 0, 0, 0, 14.304, 17.76, 16.992, 16.512, 16.224, 15.456, 681.888, 819.264, 777.216, 668.256, 632.448, 686.496, 683.232, 679.2, 265.92, 0, 0, 0, 5991.168, 250, 819.26, 14.304, 819.264, 0, 
삼천포태양광#5, 1, 2026-05-06 00:00:00, 0, 0, 0, 0, 0, 0, 126.098, 810.549, 1675.957, 2399.498, 361.087, 591.62, 690.375, 2222.706, 2845.573, 2311.16, 1539.85, 2516.279, 2540.969, 2490.884, 1145.485, 0, 0, 0, 24268.09, 1011, 2845.57, 126.09, 2845.573, 0, 
삼천포태양광#5, 2, 2026-05-06 00:00:00, 0, 0, 0, 0, 0, 0, 231.858, 1439.838, 2912.066, 4058.592, 1079.768, 1480.132, 1635.757, 4032.192, 4817.04, 3894.42, 2637.031, 4261.24, 3974.391, 3809.092, 1055.483, 0, 0, 0, 41318.9, 1722, 4817.04, 231.85, 4817.04, 0, 
광양항세방태양광, 1, 2026-05-06 00:00:00, 0, 0, 0, 0, 0, 2.4, 129.6, 540, 1080, 1555.2, 1900.8, 2126.4, 2212.8, 2172, 2006.4, 1713.6, 1243.2, 662.4, 151.2, 0, 0, 0, 0, 0, 17496, 729, 2212.8, 2.4, 2212.8, 0, 
두산엔진MG태양광, 1, 2026-05-06 00:00:00, 0, 0, 0, 0, 0, 0.24, 2.4, 3.72, 12.9, 28.92, 42.66, 52.8, 37.32, 53.4, 37.02, 47.28, 49.26, 34.86, 10.02, 0.18, 0, 0, 0, 0, 412.98, 17, 53.4, 0.18, 53.4, 0, 
삼천포태양광, 1, 2026-05-06 00:00:00, 0, 0, 0, 0, 0, 0, 0, 4.26, 17.12, 27, 35.02, 40.02, 42.01, 41.2, 37.62, 31.1, 21.31, 8.05, 0.32, 0, 0, 0, 0, 0, 305.03, 13, 42.01, 0.32, 42.01, 0, 
삼천포태양광, 2, 2026-05-06 00:00:00, 0, 0, 0, 0, 0, 1.248, 33.6, 211.68, 417.216, 574.752, 687.84, 748.8, 758.112, 727.488, 650.112, 517.824, 331.584, 141.312, 29.088, 0.044, 0, 0, 0, 0, 5830.7, 243, 758.11, 0.04, 758.112, 0, 
삼천포태양광, 3, 2026-05-06 00:00:00, 0, 0, 0, 0, 0, 0.108, 13.068, 69.66, 134.856, 185.832, 227.88, 250.56, 253.584, 246.276, 218.16, 175.068, 117.72, 48.924, 6.104, 0, 0, 0, 0, 0, 1947.8, 81, 253.58, 0.1, 253.584, 0, 
삼천포태양광, 4, 2026-05-06 00:00:00, 0, 0, 0, 0, 0, 0, 27.652, 89.013, 94.809, 106.622, 97.353, 419.744, 1306.98, 1162.022, 1159.179, 952.116, 1151.574, 1184.729, 1195.001, 713.186, 0, 0, 0, 0, 9659.98, 402, 1306.98, 27.65, 1306.98, 0, 
구미태양광, 1, 2026-05-06 00:00:00, 0, 0, 0, 0, 0, 0, 13.306, 111.511, 306.185, 476.199, 584.962, 650.336, 671.018, 658.074, 600.51, 507.512, 373.511, 193.734, 56.84, 4.267, 0, 0, 0, 0, 5207.965, 217, 671.01, 4.267, 671.018, 0, 
삼천포태양광#6, 1, 2026-05-06 00:00:00, 0, 0, 0, 0, 0, 0, 0, 0, 0, 0, 0, 0, 0, 0, 0, 0, 0, 0, 0, 0, 0, 0, 0, 0, 0, 0, 0, 0, 0, 0, 
영흥태양광#5, 1, 2026-05-06 00:00:00, 0, 0, 0, 0, 0, 7.232, 132.579, 535.137, 1036.526, 1766.916, 2157.421, 2261.074, 2475.611, 2391.242, 2145.368, 1682.547, 1258.295, 588.168, 130.168, 4.821, 0, 0, 0, 0, 18573.105, 774, 2475.61, 4.821, 2475.611, 0, 
영흥태양광 #3, 1, 2026-05-06 00:00:00, 0, 0, 0, 0, 0, 0, 83.04, 548.64, 1145.28, 1924.08, 2242.08, 2328.96, 2354.4, 2542.08, 2317.92, 1880.88, 1356, 527.04, 81.36, 0, 0, 0, 0, 0, 19331.76, 805, 2542.08, 81.36, 2542.08, 0, 
영흥태양광 #3, 2, 2026-05-06 00:00:00, 0, 0, 0, 0, 0, 0, 15.744, 115.872, 260.832, 410.496, 515.616, 530.496, 582.816, 567.648, 511.008, 419.712, 307.488, 148.128, 26.784, 0, 0, 0, 0, 0, 4412.64, 184, 582.81, 15.744, 582.816, 0, 
영흥태양광 #3, 3, 2026-05-06 00:00:00, 0, 0, 0, 0, 0, 0.6, 31.92, 164.4, 380.04, 613.8, 726.48, 740.88, 758.04, 796.44, 738.48, 608.28, 429, 211.56, 46.44, 1.08, 0, 0, 0, 0, 6247.44, 260, 796.44, 0.6, 796.44, 0, 
영흥태양광, 1, 2026-05-06 00:00:00, 0, 0, 0, 0, 0, 0, 16.32, 111.475, 268.147, 440.179, 578.995, 668.237, 699.725, 618.509, 460.378, 461.261, 355.507, 173.491, 34.291, 0.23, 0, 0, 0, 0, 4886.745, 204, 699.72, 0.23, 699.725, 0, 
예천태양광, 1, 2026-05-06 00:00:00, 0, 0, 0, 0, 0, 0, 67.32, 386.82, 778.86, 1080.72, 1272.6, 1369.08, 1383.84, 1329.66, 1188.72, 977.76, 653.22, 261, 40.68, 0, 0, 0, 0, 0, 10790.28, 450, 1383.84, 40.68, 1383.84, 0, 
여수태양광, 1, 2026-05-06 00:00:00, 0, 0, 0, 0, 0, 0, 0, 0, 0, 0, 0, 0, 0, 0, 0, 0, 0, 0, 0, 0, 0, 0, 0, 989.062, 989.062, 41, 989.06, 989.06, 989.062, 0, 
영흥태양광, 2, 2026-05-06 00:00:00, 0, 0, 0, 0, 0, 0, 24.105, 123.419, 265.158, 458, 543.815, 566.956, 559.242, 596.846, 546.707, 433.895, 313.368, 149.453, 32.783, 0, 0, 0, 0, 0, 4613.747, 192, 596.84, 24.105, 596.846, 0, 
탑선태양광, 1, 2026-05-06 00:00:00, 0, 0, 0, 0, 0, 0, 0, 0, 0, 0, 0, 0, 0, 0, 0, 0, 0, 0, 0, 0, 0, 0, 0, 1124, 1124, 47, 1124, 1124, 1124, 0, 
탑선태양광, 3, 2026-05-06 00:00:00, 0, 0, 0, 0, 0, 0, 0, 0, 0, 0, 0, 0, 0, 0, 0, 0, 0, 0, 0, 0, 0, 0, 0, 299, 299, 12, 299, 299, 299, 0, 
경상대태양광, 1, 2026-05-06 00:00:00, 0, 0, 0, 0, 0, 0, 18.288, 117.432, 286.848, 429.912, 533.664, 590.184, 605.736, 595.296, 550.152, 474.624, 360.432, 197.352, 43.776, 0.432, 0, 0, 0, 0, 4804.128, 200, 605.73, 0.432, 605.736, 0, 
고흥만 수상태양광, 1, 2026-05-06 00:00:00, 0, 0, 0, 0, 0, 79.8, 3178.896, 14322.672, 27956.712, 39560.388, 47413.212, 51660.588, 52609.536, 50280.132, 46050.732, 37143.708, 26729.724, 13413.288, 2954.7, 47.712, 0, 0, 0, 0, 413401.8, 17225, 52609.53, 47.71, 52609.536, 0, 
영동태양광, 1, 2026-05-05 00:00:00, 0, 0, 0, 0, 0, 0.096, 15.744, 19.968, 20.736, 19.2, 17.28, 18.144, 60.384, 0, 528.288, 688.512, 648.096, 688.224, 684.096, 681.6, 340.992, 0, 0, 0, 4431.36, 185, 688.51, 0.096, 688.512, 0, 
삼천포태양광#5, 1, 2026-05-05 00:00:00, 0, 0, 0, 0, 0, 0, 129.092, 809.579, 1715.803, 2433.23, 391.66, 638.761, 783.949, 2398.47, 2922.833, 2374.445, 1588.401, 2516.664, 2526.719, 2494.84, 1181.694, 0, 0, 0, 24906.14, 1038, 2922.83, 129.09, 2922.833, 0, 
삼천포태양광#5, 2, 2026-05-05 00:00:00, 0, 0, 0, 0, 0, 0, 235.6, 1434.293, 2951.421, 4123.799, 1178.015, 1589.744, 1801.314, 4248.8, 4923.049, 3999.246, 2716.597, 4262.241, 3973.767, 3811.622, 1103.722, 0, 0, 0, 42353.23, 1765, 4923.04, 235.6, 4923.049, 0, 
광양항세방태양광, 1, 2026-05-05 00:00:00, 0, 0, 0, 0, 0, 4.8, 129.6, 528, 1080, 1557.6, 1884, 1920, 0, 0, 1749.6, 1795.2, 1312.8, 693.6, 144, 0, 0, 0, 0, 0, 12799.2, 533, 1920, 4.8, 1920, 0, 
두산엔진MG태양광, 1, 2026-05-05 00:00:00, 0, 0, 0, 0, 0, 0.24, 2.4, 3.96, 13.02, 28.5, 43.08, 53.76, 28.8, 38.76, 28.68, 25.56, 48.24, 37.02, 10.26, 0.12, 0, 0, 0, 0, 362.4, 15, 53.76, 0.12, 53.76, 0, 
삼천포태양광, 1, 2026-05-05 00:00:00, 0, 0, 0, 0, 0, 0, 0, 4.26, 17.31, 27.13, 35.34, 40.78, 43.26, 42.82, 38.92, 32.46, 22.5, 8.73, 0.34, 0, 0, 0, 0, 0, 313.85, 13, 43.26, 0.34, 43.26, 0, 
삼천포태양광, 2, 2026-05-05 00:00:00, 0, 0, 0, 0, 0, 0.768, 32.352, 207.264, 421.536, 581.664, 694.08, 754.464, 779.52, 747.84, 667.2, 530.496, 348.288, 147.648, 28.992, 0.228, 0, 0, 0, 0, 5942.34, 248, 779.52, 0.22, 779.52, 0, 
삼천포태양광, 3, 2026-05-05 00:00:00, 0, 0, 0, 0, 0, 0.036, 11.772, 69.948, 139.644, 192.816, 231.948, 254.268, 261.36, 252.036, 224.28, 183.24, 123.084, 50.688, 5.55, 0, 0, 0, 0, 0, 2000.67, 83, 261.36, 0.03, 261.36, 0, 
삼천포태양광, 4, 2026-05-05 00:00:00, 0, 0, 0, 0, 0, 0, 28.363, 88.696, 94.85, 106.355, 97.836, 498.359, 1345.264, 1195.81, 1179.748, 972.053, 1155.899, 1184.743, 1196.323, 735.641, 0, 0, 0, 0, 9879.94, 412, 1345.26, 28.36, 1345.264, 0, 
구미태양광, 1, 2026-05-05 00:00:00, 0, 0, 0, 0, 0, 0, 11.354, 118.236, 318.262, 485.601, 594.797, 663.353, 690.471, 674.706, 620.036, 520.674, 384.141, 207.402, 49.175, 2.531, 0, 0, 0, 0, 5340.739, 223, 690.47, 2.531, 690.471, 0, 
삼천포태양광#6, 1, 2026-05-05 00:00:00, 0, 0, 0, 0, 0, 0, 0, 0, 0, 0, 0, 0, 0, 0, 0, 0, 0, 0, 0, 0, 0, 0, 0, 0, 0, 0, 0, 0, 0, 0, 
영흥태양광#5, 1, 2026-05-05 00:00:00, 0, 0, 0, 0, 0, 0, 142.221, 636.379, 1325.789, 1926.011, 2343.032, 2569.621, 2593.726, 2535.874, 2333.389, 1935.653, 1357.126, 629.147, 110.884, 2.411, 0, 0, 0, 0, 20441.263, 852, 2593.72, 2.411, 2593.726, 0, 
영흥태양광 #3, 1, 2026-05-05 00:00:00, 0, 0, 0, 0, 0, 0, 72, 465.84, 1265.52, 1961.28, 2397.6, 2678.88, 2740.32, 2687.28, 2470.56, 2066.16, 1464.48, 552.72, 58.08, 0, 0, 0, 0, 0, 20880.72, 870, 2740.32, 58.08, 2740.32, 0, 
영흥태양광 #3, 2, 2026-05-05 00:00:00, 0, 0, 0, 0, 0, 0, 19.2, 128.256, 294.816, 449.76, 549.792, 602.976, 611.136, 604.128, 561.024, 467.616, 333.12, 159.936, 20.544, 0, 0, 0, 0, 0, 4802.304, 200, 611.13, 19.2, 611.136, 0, 
영흥태양광 #3, 3, 2026-05-05 00:00:00, 0, 0, 0, 0, 0, 0.12, 25.56, 136.8, 418.92, 644.52, 778.68, 849.72, 859.68, 831.96, 768.72, 643.44, 460.56, 227.04, 40.44, 1.08, 0, 0, 0, 0, 6687.24, 279, 859.68, 0.12, 859.68, 0, 
영흥태양광, 1, 2026-05-05 00:00:00, 0, 0, 0, 0, 0, 0, 7.027, 94.541, 308.659, 495.283, 632.909, 706.33, 723.264, 702.566, 648.73, 544.589, 389.184, 185.894, 28.109, 0, 0, 0, 0, 0, 5467.085, 228, 723.26, 7.027, 723.264, 0, 
예천태양광, 1, 2026-05-05 00:00:00, 0, 0, 0, 0, 0, 0, 62.46, 401.4, 810.18, 1111.5, 1312.02, 1426.5, 1446.66, 1389.06, 1247.58, 1013.58, 686.16, 275.4, 25.38, 0, 0, 0, 0, 0, 11207.88, 467, 1446.66, 25.38, 1446.66, 0, 
여수태양광, 1, 2026-05-05 00:00:00, 0, 0, 0, 0, 0, 0, 0, 0, 0, 0, 0, 0, 0, 0, 0, 0, 0, 0, 0, 0, 0, 0, 0, 949.007, 949.007, 40, 949, 949.007, 949.007, 0, 
영흥태양광, 2, 2026-05-05 00:00:00, 0, 0, 0, 0, 0, 0, 20.248, 132.097, 314.333, 466.678, 580.455, 632.522, 638.307, 623.844, 574.669, 477.284, 334.581, 158.131, 26.034, 0, 0, 0, 0, 0, 4979.183, 207, 638.3, 20.248, 638.307, 0, 
탑선태양광, 1, 2026-05-05 00:00:00, 0, 0, 0, 0, 0, 0, 0, 0, 0, 0, 0, 0, 0, 0, 0, 0, 0, 0, 0, 0, 0, 0, 0, 1124, 1124, 47, 1124, 1124, 1124, 0, 
탑선태양광, 3, 2026-05-05 00:00:00, 0, 0, 0, 0, 0, 0, 0, 0, 0, 0, 0, 0, 0, 0, 0, 0, 0, 0, 0, 0, 0, 0, 0, 299, 299, 12, 299, 299, 299, 0, 
경상대태양광, 1, 2026-05-05 00:00:00, 0, 0, 0, 0, 0, 0, 18.144, 116.856, 289.944, 435.528, 531.576, 601.56, 37.152, 0, 414.936, 493.128, 373.032, 207.72, 46.152, 0.216, 0, 0, 0, 0, 3565.944, 149, 601.56, 0.216, 601.56, 0, 
고흥만 수상태양광, 1, 2026-05-05 00:00:00, 0, 0, 0, 0, 0, 64.008, 3119.172, 14821.716, 28886.34, 40208.112, 48736.884, 53517.408, 54061.224, 52010.364, 47731.572, 39615.156, 28072.884, 14110.908, 2864.148, 49.98, 0, 0, 0, 0, 427869.876, 17828, 54061.22, 49.98, 54061.224, 0, 
영동태양광, 1, 2026-05-04 00:00:00, 0, 0, 0, 0, 0, 0, 2.976, 16.32, 20.064, 20.16, 20.544, 27.456, 23.52, 102.432, 734.496, 599.904, 515.616, 693.216, 689.184, 684.96, 265.44, 0, 0, 0, 4416.288, 184, 734.49, 2.97, 734.496, 0, 
삼천포태양광#5, 1, 2026-05-04 00:00:00, 0, 0, 0, 0, 0, 0, 127.764, 776.836, 1702.79, 2473.672, 436.722, 702.912, 795.969, 1031.821, 2916.767, 2306.612, 1428.51, 2509.633, 2541.317, 2495.987, 1082.758, 0, 0, 0, 23330.07, 972, 2916.76, 127.76, 2916.767, 0, 
삼천포태양광#5, 2, 2026-05-04 00:00:00, 0, 0, 0, 0, 0, 0, 225.801, 1365.655, 2918.615, 4156.298, 1206.418, 1660.664, 1719.344, 1856.547, 4920.317, 3895.118, 2466.792, 4263.731, 4035.643, 3810.69, 1032.587, 0, 0, 0, 39534.22, 1647, 4920.31, 225.8, 4920.317, 0, 
광양항세방태양광, 1, 2026-05-04 00:00:00, 0, 0, 0, 0, 0, 2.4, 129.6, 532.8, 1084.8, 1600.8, 1874.4, 2136, 1776, 1545.6, 2020.8, 1754.4, 1250.4, 676.8, 156, 0, 0, 0, 0, 0, 16540.8, 689, 2136, 2.4, 2136, 0, 
두산엔진MG태양광, 1, 2026-05-04 00:00:00, 0, 0, 0, 0, 0, 0.24, 2.34, 4.14, 13.44, 29.34, 43.8, 48.84, 39.9, 33, 26.16, 29.52, 30.48, 29.1, 9.36, 0.18, 0, 0, 0, 0, 339.84, 14, 48.84, 0.18, 48.84, 0, 
삼천포태양광, 1, 2026-05-04 00:00:00, 0, 0, 0, 0, 0, 0, 0.04, 4.47, 17.23, 27.4, 35.44, 41.25, 39.38, 31.63, 38.56, 30.73, 19.53, 7.84, 0.62, 0, 0, 0, 0, 0, 294.12, 12, 41.25, 0.04, 41.25, 0, 
삼천포태양광, 2, 2026-05-04 00:00:00, 0, 0, 0, 0, 0, 1.248, 32.928, 197.664, 415.392, 588.096, 693.024, 762.048, 726.144, 555.36, 669.024, 518.4, 320.448, 139.584, 38.112, 0.418, 0, 0, 0, 0, 5657.89, 236, 762.04, 0.41, 762.048, 0, 
삼천포태양광, 3, 2026-05-04 00:00:00, 0, 0, 0, 0, 0, 0.036, 11.628, 66.6, 138.672, 197.784, 234.396, 260.28, 252.828, 190.296, 227.808, 179.244, 110.736, 46.188, 8.754, 0, 0, 0, 0, 0, 1925.25, 80, 260.28, 0.03, 260.28, 0, 
삼천포태양광, 4, 2026-05-04 00:00:00, 0, 0, 0, 0, 0, 0, 27.942, 88.38, 94.412, 106.158, 97.339, 432.784, 1299.575, 752.809, 1201.316, 949.974, 1136.69, 1183.62, 1196.4, 608.651, 0, 0, 0, 0, 9176.05, 382, 1299.57, 27.94, 1299.575, 0, 
구미태양광, 1, 2026-05-04 00:00:00, 0, 0, 0, 0, 0, 0, 9.835, 96.18, 263.736, 358.976, 600.51, 674.706, 462.749, 385.877, 443.947, 551.697, 400.485, 215.718, 51.633, 2.676, 0, 0, 0, 0, 4518.725, 188, 674.7, 2.676, 674.706, 0, 
삼천포태양광#6, 1, 2026-05-04 00:00:00, 0, 0, 0, 0, 0, 0, 0, 0, 0, 0, 0, 0, 0, 0, 0, 0, 0, 0, 0, 0, 0, 0, 0, 0, 0, 0, 0, 0, 0, 0, 
영흥태양광#5, 1, 2026-05-04 00:00:00, 0, 0, 0, 0, 0, 4.821, 134.989, 619.505, 1311.326, 1909.137, 2347.853, 2608.189, 2656.4, 2562.389, 2316.516, 1901.905, 1325.789, 619.505, 115.705, 4.821, 0, 0, 0, 0, 20438.85, 852, 2656.4, 4.821, 2656.4, 0, 
영흥태양광 #3, 1, 2026-05-04 00:00:00, 0, 0, 0, 0, 0, 0, 82.08, 618.48, 1315.92, 1970.88, 2423.52, 2726.64, 2825.28, 2742, 2462.88, 2041.44, 1434.72, 541.92, 63.84, 0, 0, 0, 0, 0, 21249.6, 885, 2825.28, 63.84, 2825.28, 0, 
영흥태양광 #3, 2, 2026-05-04 00:00:00, 0, 0, 0, 0, 0, 0, 14.304, 132.576, 250.752, 418.944, 557.184, 622.464, 642.048, 617.088, 553.632, 463.392, 324.48, 155.136, 21.024, 0, 0, 0, 0, 0, 4773.024, 199, 642.04, 14.304, 642.048, 0, 
영흥태양광 #3, 3, 2026-05-04 00:00:00, 0, 0, 0, 0, 0, 0.24, 26.28, 97.2, 427.56, 635.4, 779.88, 865.32, 888.96, 865.2, 772.44, 645.24, 455.64, 223.68, 42, 1.44, 0, 0, 0, 0, 6726.48, 280, 888.96, 0.24, 888.96, 0, 
영흥태양광, 1, 2026-05-04 00:00:00, 0, 0, 0, 0, 0, 0, 12.25, 114.278, 302.554, 487.104, 623.654, 710.131, 746.534, 734.822, 660.25, 548.122, 389.99, 182.438, 29.261, 0.038, 0, 0, 0, 0, 5541.426, 231, 746.53, 0.03, 746.534, 0, 
예천태양광, 1, 2026-05-04 00:00:00, 0, 0, 0, 0, 0, 0, 51.84, 409.32, 747.36, 1023.48, 1131.84, 1170, 1222.92, 1259.46, 1225.98, 833.94, 593.82, 210.06, 39.6, 0, 0, 0, 0, 0, 9919.62, 413, 1259.46, 39.6, 1259.46, 0, 
여수태양광, 1, 2026-05-04 00:00:00, 0, 0, 0, 0, 0, 0, 0, 0, 0, 0, 0, 0, 0, 0, 0, 0, 0, 0, 0, 0, 0, 0, 0, 859.491, 859.491, 36, 859.49, 859.49, 859.491, 0, 
영흥태양광, 2, 2026-05-04 00:00:00, 0, 0, 0, 0, 0, 0, 21.213, 128.24, 301.798, 455.107, 569.848, 637.343, 656.627, 641.2, 579.491, 474.392, 328.796, 151.381, 21.213, 0, 0, 0, 0, 0, 4966.649, 207, 656.62, 21.213, 656.627, 0, 
탑선태양광, 1, 2026-05-04 00:00:00, 0, 0, 0, 0, 0, 0, 0, 0, 0, 0, 0, 0, 0, 0, 0, 0, 0, 0, 0, 0, 0, 0, 0, 1124, 1124, 47, 1124, 1124, 1124, 0, 
탑선태양광, 3, 2026-05-04 00:00:00, 0, 0, 0, 0, 0, 0, 0, 0, 0, 0, 0, 0, 0, 0, 0, 0, 0, 0, 0, 0, 0, 0, 0, 299, 299, 12, 299, 299, 299, 0, 
경상대태양광, 1, 2026-05-04 00:00:00, 0, 0, 0, 0, 0, 0, 17.928, 111.456, 282.24, 433.08, 540.648, 598.032, 628.272, 603.288, 403.704, 467.856, 364.752, 205.488, 52.272, 0.648, 0, 0, 0, 0, 4709.664, 196, 628.27, 0.648, 628.272, 0, 
고흥만 수상태양광, 1, 2026-05-04 00:00:00, 0, 0, 0, 0, 0, 67.62, 2951.844, 13519.716, 27836.508, 39914.196, 47466.888, 51563.148, 40609.716, 42444.528, 39671.016, 33823.86, 22417.416, 12873.336, 3310.944, 56.028, 0, 0, 0, 0, 378526.764, 15772, 51563.14, 56.02, 51563.148, 0, 
영동태양광, 1, 2026-05-03 00:00:00, 0, 0, 0, 0, 0, 0, 0.288, 3.552, 3.744, 4.608, 15.552, 14.88, 16.128, 18.816, 18.336, 29.28, 68.352, 12.96, 4.32, 0, 0, 0, 0, 0, 210.816, 9, 68.35, 0.288, 68.352, 0, 
삼천포태양광#5, 1, 2026-05-03 00:00:00, 0, 0, 0, 0, 0, 0, 1.268, 9.021, 4.995, 90.128, 124.342, 160.061, 189.532, 190.056, 188.887, 215.395, 835.01, 2490.816, 286.639, 0, 0, 0, 0, 0, 4786.15, 199, 2490.81, 1.26, 2490.816, 0, 
삼천포태양광#5, 2, 2026-05-03 00:00:00, 0, 0, 0, 0, 0, 0, 4.421, 24.056, 11.052, 144.281, 197.322, 246.119, 283.901, 284.179, 287.442, 365.55, 1495.773, 4224.216, 951.778, 0, 0, 0, 0, 0, 8520.09, 355, 4224.21, 4.42, 4224.216, 0, 
광양항세방태양광, 1, 2026-05-03 00:00:00, 0, 0, 0, 0, 0, 0, 0, 4.8, 19.2, 100.8, 192, 312, 592.8, 592.8, 796.8, 674.4, 302.4, 240, 19.2, 0, 0, 0, 0, 0, 3847.2, 160, 796.8, 4.8, 796.8, 0, 
두산엔진MG태양광, 1, 2026-05-03 00:00:00, 0, 0, 0, 0, 0, 0, 0.42, 2.1, 2.16, 2.16, 4.38, 5.52, 9.12, 11.16, 13.56, 8.88, 8.28, 11.34, 3, 0, 0, 0, 0, 0, 82.08, 3, 13.56, 0.42, 13.56, 0, 
삼천포태양광, 1, 2026-05-03 00:00:00, 0, 0, 0, 0, 0, 0, 0, 0, 0, 0.24, 0.28, 1.87, 5.26, 7.65, 7.06, 13.78, 8.97, 2.82, 0, 0, 0, 0, 0, 0, 47.93, 2, 13.78, 0.24, 13.78, 0, 
삼천포태양광, 2, 2026-05-03 00:00:00, 0, 0, 0, 0, 0, 0, 1.44, 9.504, 6.72, 28.992, 33.216, 72.288, 165.024, 181.632, 161.376, 257.28, 190.56, 83.04, 18.398, 0, 0, 0, 0, 0, 1209.47, 50, 257.28, 1.44, 257.28, 0, 
삼천포태양광, 3, 2026-05-03 00:00:00, 0, 0, 0, 0, 0, 0, 0, 1.116, 0.54, 6.804, 8.892, 26.496, 56.628, 61.488, 50.58, 84.492, 57.348, 23.112, 3.474, 0, 0, 0, 0, 0, 380.97, 16, 84.49, 0.54, 84.492, 0, 
삼천포태양광, 4, 2026-05-03 00:00:00, 0, 0, 0, 0, 0, 0, 0.304, 2.427, 0.529, 26.72, 44.239, 68.253, 94.183, 94.444, 93.863, 328.383, 857.353, 138.304, 48.688, 0, 0, 0, 0, 0, 1797.69, 75, 857.35, 0.3, 857.353, 0, 
구미태양광, 1, 2026-05-03 00:00:00, 0, 0, 0, 0, 0, 0, 0, 3.905, 25.311, 50.115, 49.319, 62.987, 62.625, 59.733, 71.231, 165.603, 188.455, 54.96, 27.118, 0.145, 0, 0, 0, 0, 821.507, 34, 188.45, 0.145, 188.455, 0, 
삼천포태양광#6, 1, 2026-05-03 00:00:00, 0, 0, 0, 0, 0, 0, 0, 0, 0, 0, 0, 0, 0, 0, 0, 0, 0, 0, 0, 0, 0, 0, 0, 0, 0, 0, 0, 0, 0, 0, 
영흥태양광#5, 1, 2026-05-03 00:00:00, 0, 0, 0, 0, 0, 0, 4.821, 28.926, 151.863, 207.305, 265.158, 342.295, 501.389, 470.053, 667.716, 631.558, 296.495, 204.895, 36.158, 0, 0, 0, 0, 0, 3808.632, 159, 667.71, 4.821, 667.716, 0, 
영흥태양광 #3, 1, 2026-05-03 00:00:00, 0, 0, 0, 0, 0, 0, 0, 0, 126.72, 223.68, 268.56, 351.84, 535.44, 499.68, 759.36, 694.8, 311.76, 177.6, 11.52, 0, 0, 0, 0, 0, 3960.96, 165, 759.36, 11.52, 759.36, 0, 
영흥태양광 #3, 2, 2026-05-03 00:00:00, 0, 0, 0, 0, 0, 0, 0, 0, 20.832, 33.984, 43.776, 65.28, 94.464, 99.456, 145.44, 141.216, 62.496, 38.016, 2.304, 0, 0, 0, 0, 0, 747.264, 31, 145.44, 2.304, 145.44, 0, 
영흥태양광 #3, 3, 2026-05-03 00:00:00, 0, 0, 0, 0, 0, 0, 0.36, 5.88, 35.64, 75.36, 81.12, 112.08, 202.08, 180.36, 244.92, 220.32, 103.08, 57.6, 8.64, 0, 0, 0, 0, 0, 1327.44, 55, 244.92, 0.36, 244.92, 0, 
영흥태양광, 1, 2026-05-03 00:00:00, 0, 0, 0, 0, 0, 0, 0, 0, 26.688, 29.837, 53.875, 93.696, 169.114, 154.483, 208.512, 185.434, 88.051, 42.048, 6.298, 0, 0, 0, 0, 0, 1058.036, 44, 208.51, 6.298, 208.512, 0, 
예천태양광, 1, 2026-05-03 00:00:00, 0, 0, 0, 0, 0, 0, 0, 2.7, 32.22, 80.64, 165.06, 121.86, 212.04, 141.3, 129.78, 134.28, 179.82, 105.84, 13.5, 0, 0, 0, 0, 0, 1319.04, 55, 212.04, 2.7, 212.04, 0, 
여수태양광, 1, 2026-05-03 00:00:00, 0, 0, 0, 0, 0, 0, 0, 0, 0, 0, 0, 0, 0, 0, 0, 0, 0, 0, 0, 0, 0, 0, 0, 815.101, 815.101, 34, 815.1, 815.1, 815.101, 0, 
영흥태양광, 2, 2026-05-03 00:00:00, 0, 0, 0, 0, 0, 0, 0, 0, 28.926, 53.032, 61.709, 80.029, 124.383, 124.383, 180.307, 166.808, 73.28, 42.425, 3.857, 0, 0, 0, 0, 0, 939.139, 39, 180.3, 3.857, 180.307, 0, 
탑선태양광, 1, 2026-05-03 00:00:00, 0, 0, 0, 0, 0, 0, 0, 0, 0, 0, 0, 0, 0, 0, 0, 0, 0, 0, 0, 0, 0, 0, 0, 1124, 1124, 47, 1124, 1124, 1124, 0, 
탑선태양광, 3, 2026-05-03 00:00:00, 0, 0, 0, 0, 0, 0, 0, 0, 0, 0, 0, 0, 0, 0, 0, 0, 0, 0, 0, 0, 0, 0, 0, 299, 299, 12, 299, 299, 299, 0, 
경상대태양광, 1, 2026-05-03 00:00:00, 0, 0, 0, 0, 0, 0, 0, 2.16, 6.696, 29.736, 51.696, 97.848, 114.552, 149.904, 150.624, 179.28, 227.664, 144.792, 23.472, 0, 0, 0, 0, 0, 1178.424, 49, 227.66, 2.16, 227.664, 0, 
고흥만 수상태양광, 1, 2026-05-03 00:00:00, 0, 0, 0, 0, 0, 0, 20.748, 243.852, 1650.852, 2814.168, 5192.796, 9790.872, 15415.008, 16599.828, 24231.9, 20261.22, 9473.352, 3218.376, 502.236, 72.912, 0, 0, 0, 0, 109488.12, 4562, 24231.9, 20.748, 24231.9, 0, 
영동태양광, 1, 2026-05-02 00:00:00, 0, 0, 0, 0, 0, 0, 18.24, 19.584, 18.432, 16.512, 16.32, 17.952, 19.008, 467.616, 674.496, 464.064, 584.832, 690.048, 685.248, 679.68, 53.664, 0, 0, 0, 4425.696, 184, 690.04, 16.32, 690.048, 0, 
삼천포태양광#5, 1, 2026-05-02 00:00:00, 0, 0, 0, 0, 0, 2.059, 154.934, 575.743, 1066.522, 1988.422, 414.834, 299.77, 278.228, 193.523, 188.853, 217.306, 315.188, 2517.905, 2524.631, 2316.782, 0, 0, 0, 0, 13054.7, 544, 2524.63, 2.05, 2524.631, 0, 
삼천포태양광#5, 2, 2026-05-02 00:00:00, 0, 0, 0, 0, 0, 3.102, 270.539, 1014.452, 1843.505, 3341.461, 548.817, 577.574, 387.14, 296.056, 597.586, 870.574, 648.418, 4054.784, 3905.031, 3924.701, 495.04, 0, 0, 0, 22778.78, 949, 4054.78, 3.1, 4054.784, 0, 
광양항세방태양광, 1, 2026-05-02 00:00:00, 0, 0, 0, 0, 0, 0, 88.8, 429.6, 751.2, 1303.2, 1624.8, 1255.2, 1269.6, 974.4, 604.8, 403.2, 201.6, 199.2, 72, 0, 0, 0, 0, 0, 9177.6, 382, 1624.8, 72, 1624.8, 0, 
두산엔진MG태양광, 1, 2026-05-02 00:00:00, 0, 0, 0, 0, 0, 0.24, 3.66, 8.64, 17.58, 27.06, 36.96, 40.98, 33.9, 42.48, 25.5, 32.58, 16.62, 7.38, 1.02, 0, 0, 0, 0, 0, 294.6, 12, 42.48, 0.24, 42.48, 0, 
삼천포태양광, 1, 2026-05-02 00:00:00, 0, 0, 0, 0, 0, 0, 0.8, 6.27, 12.94, 23.73, 28.84, 24.6, 28.03, 22.87, 12.42, 6, 2.16, 0.39, 0, 0, 0, 0, 0, 0, 169.05, 7, 28.84, 0.39, 28.84, 0, 
삼천포태양광, 2, 2026-05-02 00:00:00, 0, 0, 0, 0, 0, 2.016, 41.28, 148.8, 264.288, 475.68, 541.44, 468.864, 518.304, 415.488, 246.432, 132, 73.152, 37.728, 14.258, 0, 0, 0, 0, 0, 3379.73, 141, 541.44, 2.01, 541.44, 0, 
삼천포태양광, 3, 2026-05-02 00:00:00, 0, 0, 0, 0, 0, 0.36, 11.628, 47.088, 85.392, 156.204, 180.036, 152.496, 168.804, 135.648, 77.472, 40.824, 21.06, 10.296, 3.072, 0, 0, 0, 0, 0, 1090.38, 45, 180.03, 0.36, 180.036, 0, 
삼천포태양광, 4, 2026-05-02 00:00:00, 0, 0, 0, 0, 0, 0.263, 52.655, 90.365, 93.981, 104.915, 94.918, 114.808, 97.8, 433.525, 364.137, 194.184, 901.698, 1184.262, 1182.474, 12.975, 0, 0, 0, 0, 4922.96, 205, 1184.26, 0.26, 1184.262, 0, 
구미태양광, 1, 2026-05-02 00:00:00, 0, 0, 0, 0, 0, 0, 13.812, 81.572, 206.172, 283.116, 258.891, 388.119, 486.179, 439.246, 353.48, 384.141, 276.753, 116.935, 38.834, 0.795, 0, 0, 0, 0, 3328.045, 139, 486.17, 0.795, 486.179, 0, 
삼천포태양광#6, 1, 2026-05-02 00:00:00, 0, 0, 0, 0, 0, 0, 0, 0, 0, 0, 0, 0, 0, 0, 0, 0, 0, 0, 0, 0, 0, 0, 0, 0, 0, 0, 0, 0, 0, 0, 
영흥태양광#5, 1, 2026-05-02 00:00:00, 0, 0, 0, 0, 0, 0, 122.937, 486.926, 711.105, 1157.053, 764.137, 855.737, 1082.326, 1289.632, 964.211, 817.168, 491.747, 192.842, 36.158, 0, 0, 0, 0, 0, 8971.979, 374, 1289.63, 36.158, 1289.632, 0, 
영흥태양광 #3, 1, 2026-05-02 00:00:00, 0, 0, 0, 0, 0, 0, 61.92, 470.4, 720.48, 1222.56, 805.92, 890.16, 1144.8, 1380.72, 1004.64, 868.32, 509.52, 176.16, 4.56, 0, 0, 0, 0, 0, 9260.16, 386, 1380.72, 4.56, 1380.72, 0, 
영흥태양광 #3, 2, 2026-05-02 00:00:00, 0, 0, 0, 0, 0, 0, 17.376, 102.048, 157.92, 267.456, 176.256, 197.568, 249.888, 305.376, 227.328, 195.648, 112.128, 38.4, 0.48, 0, 0, 0, 0, 0, 2047.872, 85, 305.37, 0.48, 305.376, 0, 
영흥태양광 #3, 3, 2026-05-02 00:00:00, 0, 0, 0, 0, 0, 0, 35.4, 150.48, 238.8, 398.52, 261.36, 286.08, 365.88, 442.32, 320.88, 285.12, 166.92, 64.08, 9.96, 0, 0, 0, 0, 0, 3025.8, 126, 442.32, 9.96, 442.32, 0, 
영흥태양광, 1, 2026-05-02 00:00:00, 0, 0, 0, 0, 0, 0, 19.738, 114.202, 196.608, 324.019, 232.435, 237.197, 294.029, 393.984, 253.171, 253.747, 146.304, 49.114, 5.606, 0, 0, 0, 0, 0, 2520.154, 105, 393.98, 5.6, 393.984, 0, 
예천태양광, 1, 2026-05-02 00:00:00, 0, 0, 0, 0, 0, 0.36, 52.2, 176.76, 410.04, 579.96, 668.88, 464.76, 679.68, 770.4, 930.42, 895.14, 372.96, 171.36, 35.82, 0, 0, 0, 0, 0, 6208.74, 259, 930.42, 0.36, 930.42, 0, 
여수태양광, 1, 2026-05-02 00:00:00, 0, 0, 0, 0, 0, 0, 0, 0, 0, 0, 0, 0, 0, 0, 0, 0, 0, 0, 0, 0, 0, 0, 0, 470.609, 470.609, 20, 470.6, 470.609, 470.609, 0, 
영흥태양광, 2, 2026-05-02 00:00:00, 0, 0, 0, 0, 0, 0, 20.248, 108.956, 172.594, 289.263, 196.699, 212.126, 269.015, 335.545, 238.16, 212.126, 125.347, 41.461, 2.893, 0, 0, 0, 0, 0, 2224.433, 93, 335.54, 2.893, 335.545, 0, 
탑선태양광, 1, 2026-05-02 00:00:00, 0, 0, 0, 0, 0, 0, 0, 0, 0, 0, 0, 0, 0, 0, 0, 0, 0, 0, 0, 0, 0, 0, 0, 1124, 1124, 47, 1124, 1124, 1124, 0, 
탑선태양광, 3, 2026-05-02 00:00:00, 0, 0, 0, 0, 0, 0, 0, 0, 0, 0, 0, 0, 0, 0, 0, 0, 0, 0, 0, 0, 0, 0, 0, 299, 299, 12, 299, 299, 299, 0, 
경상대태양광, 1, 2026-05-02 00:00:00, 0, 0, 0, 0, 0, 0, 25.92, 88.344, 198.792, 292.68, 435.384, 423.576, 470.52, 342.576, 224.64, 215.424, 105.696, 54, 4.248, 0, 0, 0, 0, 0, 2881.8, 120, 470.52, 4.248, 470.52, 0, 
고흥만 수상태양광, 1, 2026-05-02 00:00:00, 0, 0, 0, 0, 0, 68.124, 3989.496, 7560.588, 17092.068, 29028.972, 30630.6, 24688.356, 28357.056, 18688.404, 14396.508, 11460.372, 5356.428, 5450.508, 1323.756, 0, 0, 0, 0, 0, 198091.236, 8254, 30630.6, 68.124, 30630.6, 0, 
영동태양광, 1, 2026-05-01 00:00:00, 0, 0, 0, 0, 0, 0, 0.096, 18.24, 20.16, 20.64, 21.024, 21.696, 22.944, 277.44, 774.624, 670.272, 638.592, 692.928, 689.088, 684.768, 279.36, 0, 0, 0, 4831.872, 201, 774.62, 0.096, 774.624, 0, 
삼천포태양광#5, 1, 2026-05-01 00:00:00, 0, 0, 0, 0, 0, 0, 110.436, 759.2, 919.13, 959.212, 411.648, 685.142, 701.717, 1438.635, 2761.299, 2234.104, 1503.848, 2508.25, 2529.102, 2482.454, 1137.243, 0, 0, 0, 21141.42, 881, 2761.29, 110.43, 2761.299, 0, 
삼천포태양광#5, 2, 2026-05-01 00:00:00, 0, 0, 0, 0, 0, 0, 205.825, 1337.14, 1525.041, 1594.819, 784.416, 1587.617, 1677.025, 3126.354, 4677.554, 3770.435, 2585.079, 4261.343, 3968.04, 3799.802, 1012.31, 0, 0, 0, 35912.8, 1496, 4677.55, 205.82, 4677.554, 0, 
광양항세방태양광, 1, 2026-05-01 00:00:00, 0, 0, 0, 0, 0, 0, 124.8, 494.4, 748.8, 1368, 1920, 2148, 2236.8, 2162.4, 1999.2, 1708.8, 1226.4, 619.2, 129.6, 2.4, 0, 0, 0, 0, 16888.8, 704, 2236.8, 2.4, 2236.8, 0, 
두산엔진MG태양광, 1, 2026-05-01 00:00:00, 0, 0, 0, 0, 0, 0, 0.72, 5.1, 4.92, 11.34, 20.64, 32.46, 58.92, 38.34, 34.56, 47.82, 44.82, 31.56, 7.86, 0.06, 0, 0, 0, 0, 339.12, 14, 58.92, 0.06, 58.92, 0, 
삼천포태양광, 1, 2026-05-01 00:00:00, 0, 0, 0, 0, 0, 0, 0.06, 4.53, 9.3, 12.16, 29.12, 39.81, 41.94, 41.04, 36.61, 29.9, 20.38, 7.99, 0.36, 0, 0, 0, 0, 0, 273.2, 11, 41.94, 0.06, 41.94, 0, 
삼천포태양광, 2, 2026-05-01 00:00:00, 0, 0, 0, 0, 0, 0, 29.76, 193.728, 227.328, 235.776, 534.528, 596.544, 0, 0, 0, 413.76, 330.72, 139.872, 27.804, 0, 0, 0, 0, 0, 2729.82, 114, 596.54, 27.8, 596.544, 0, 
삼천포태양광, 3, 2026-05-01 00:00:00, 0, 0, 0, 0, 0, 0, 11.016, 65.484, 72.612, 75.204, 181.764, 249.444, 257.652, 247.356, 217.368, 174.276, 115.38, 47.088, 5.446, 0, 0, 0, 0, 0, 1720.09, 72, 257.65, 5.44, 257.652, 0, 
삼천포태양광, 4, 2026-05-01 00:00:00, 0, 0, 0, 0, 0, 0, 24.721, 88.445, 103.661, 107.873, 105.434, 108.417, 377.914, 1122.09, 1114.141, 911.462, 1146.905, 1184.143, 1193.001, 698.553, 0, 0, 0, 0, 8286.76, 345, 1193, 24.72, 1193.001, 0, 
구미태양광, 1, 2026-05-01 00:00:00, 0, 0, 0, 0, 0, 0, 0.362, 27.046, 48.162, 137.979, 277.042, 529.207, 271.257, 0, 309.078, 530.581, 378.356, 202.267, 49.753, 2.169, 0, 0, 0, 0, 2763.259, 115, 530.58, 0.36, 530.581, 0, 
삼천포태양광#6, 1, 2026-05-01 00:00:00, 0, 0, 0, 0, 0, 0, 0, 0, 0, 0, 0, 0, 0, 0, 0, 0, 0, 0, 0, 0, 0, 0, 0, 0, 0, 0, 0, 0, 0, 0, 
영흥태양광#5, 1, 2026-05-01 00:00:00, 0, 0, 0, 0, 0, 0, 91.6, 508.621, 1255.884, 1839.232, 2241.789, 2497.305, 2593.726, 2514.179, 2275.537, 1846.463, 1267.937, 590.579, 125.347, 2.411, 0, 0, 0, 0, 19650.61, 819, 2593.72, 2.411, 2593.726, 0, 
영흥태양광 #3, 1, 2026-05-01 00:00:00, 0, 0, 0, 0, 0, 0, 37.2, 505.92, 1277.28, 1893.84, 2322.72, 2606.16, 2710.8, 2639.28, 2395.68, 1960.56, 1348.32, 509.04, 78.48, 0, 0, 0, 0, 0, 20285.28, 845, 2710.8, 37.2, 2710.8, 0, 
영흥태양광 #3, 2, 2026-05-01 00:00:00, 0, 0, 0, 0, 0, 0, 10.368, 105.696, 282.528, 433.632, 536.64, 596.352, 621.888, 609.6, 556.32, 453.216, 314.688, 148.704, 24.096, 0, 0, 0, 0, 0, 4693.728, 196, 621.88, 10.368, 621.888, 0, 
영흥태양광 #3, 3, 2026-05-01 00:00:00, 0, 0, 0, 0, 0, 0, 22.56, 143.76, 415.68, 611.4, 749.88, 816, 841.08, 830.04, 763.32, 621.72, 434.88, 212.64, 44.52, 0.48, 0, 0, 0, 0, 6507.96, 271, 841.08, 0.48, 841.08, 0, 
영흥태양광, 1, 2026-05-01 00:00:00, 0, 0, 0, 0, 0, 0, 9.216, 111.744, 290.842, 472.205, 616.128, 690.47, 717.542, 710.093, 650.803, 531.725, 372.403, 175.334, 33.37, 0.038, 0, 0, 0, 0, 5381.913, 224, 717.54, 0.03, 717.542, 0, 
예천태양광, 1, 2026-05-01 00:00:00, 0, 0, 0, 0, 0, 0, 3.6, 110.34, 138.24, 369.36, 414.9, 650.52, 1240.92, 1330.2, 1219.68, 962.46, 641.16, 258.3, 35.64, 0, 0, 0, 0, 0, 7375.32, 307, 1330.2, 3.6, 1330.2, 0, 
여수태양광, 1, 2026-05-01 00:00:00, 0, 0, 0, 0, 0, 0, 0, 0, 0, 0, 0, 0, 0, 0, 0, 0, 0, 0, 0, 0, 0, 0, 0, 901.895, 901.895, 38, 901.89, 901.895, 901.895, 0, 
영흥태양광, 2, 2026-05-01 00:00:00, 0, 0, 0, 0, 0, 0, 10.606, 107.992, 285.406, 442.573, 550.564, 616.131, 640.236, 621.916, 563.099, 454.143, 310.476, 142.703, 24.105, 0, 0, 0, 0, 0, 4769.95, 199, 640.23, 10.606, 640.236, 0, 
탑선태양광, 1, 2026-05-01 00:00:00, 0, 0, 0, 0, 0, 0, 0, 0, 0, 0, 0, 0, 0, 0, 0, 0, 0, 0, 0, 0, 0, 0, 0, 1124, 1124, 47, 1124, 1124, 1124, 0, 
탑선태양광, 3, 2026-05-01 00:00:00, 0, 0, 0, 0, 0, 0, 0, 0, 0, 0, 0, 0, 0, 0, 0, 0, 0, 0, 0, 0, 0, 0, 0, 299, 299, 12, 299, 299, 299, 0, 
경상대태양광, 1, 2026-05-01 00:00:00, 0, 0, 0, 0, 0, 0, 5.616, 52.056, 109.656, 158.832, 333, 540.432, 600.696, 600.84, 563.4, 480.312, 361.512, 195.336, 40.968, 0.144, 0, 0, 0, 0, 4042.8, 168, 600.84, 0.144, 600.84, 0, 
고흥만 수상태양광, 1, 2026-05-01 00:00:00, 0, 0, 0, 0, 0, 40.656, 3365.04, 12252.744, 24839.976, 36710.688, 46369.848, 51200.1, 53014.668, 50828.232, 46110.456, 37738.764, 26176.332, 12737.172, 2628.696, 3.024, 0, 0, 0, 0, 404016.396, 16834, 53014.66, 3.02, 53014.668, 0, 
