발전구분, 호기, 일자, 1시 발전량(KWh), 2시 발전량(KWh),3시 발전량(KWh),4시 발전량(KWh),5시 발전량(KWh),6시 발전량(KWh),7시 발전량(KWh),8시 발전량(KWh),9시 발전량(KWh),10시 발전량(KWh),11시 발전량(KWh),12시 발전량(KWh),13시 발전량(KWh),14시 발전량(KWh),15시 발전량(KWh),16시 발전량(KWh),17시 발전량(KWh),18시 발전량(KWh),19시 발전량(KWh),20시 발전량(KWh),21시 발전량(KWh),22시 발전량(KWh),23시 발전량(KWh),24시 발전량(KWh),총량(KW),평균(KW),최대(시간별),최소(시간별),최대,최소
영동태양광, 1, 2026-01-31 00:00:00, 0, 0, 0, 0, 0, 0, 0, 0.096, 17.472, 17.568, 17.28, 17.952, 18.816, 672.672, 640.32, 505.248, 578.304, 691.008, 688.32, 513.696, 0, 0, 0, 0, 4378.752, 182, 691, 0.096, 691.008, 0, 
삼천포태양광#5, 1, 2026-01-31 00:00:00, 0, 0, 0, 0, 0, 0, 0, 0.65, 156.571, 208.003, 227.499, 480.185, 1041.994, 3000.536, 2663.496, 2085.407, 2512.329, 2531.611, 2502.519, 1622.147, 0, 0, 0, 0, 19032.947, 793, 3000.53, 0.65, 3000.536, 0, 
삼천포태양광#5, 2, 2026-01-31 00:00:00, 0, 0, 0, 0, 0, 0, 0, 1.516, 240.404, 300.941, 559.546, 1240.933, 2406.296, 5079.397, 4493.37, 3530.652, 4256.488, 3978.16, 3785.715, 1948.458, 0, 0, 0, 0, 31821.876, 1326, 5079.39, 1.51, 5079.397, 0, 
광양항세방태양광, 1, 2026-01-31 00:00:00, 0, 0, 0, 0, 0, 0, 0, 7.2, 211.2, 614.4, 1017.6, 1384.8, 1507.2, 1495.2, 1312.8, 957.6, 456, 84, 0, 0, 0, 0, 0, 0, 9048, 377, 1507.2, 7.2, 1507.2, 0, 
두산엔진MG태양광, 1, 2026-01-31 00:00:00, 0, 0, 0, 0, 0, 0, 0, 0.42, 3.84, 9.06, 22.02, 35.64, 44.4, 49.02, 48.78, 44.28, 29.64, 5.16, 0, 0, 0, 0, 0, 0, 292.26, 12, 49.02, 0.42, 49.02, 0, 
삼천포태양광, 1, 2026-01-31 00:00:00, 0, 0, 0, 0, 0, 0, 0, 0, 5.46, 19.248, 30.144, 38.004, 39.696, 38.592, 34.212, 26.784, 14.904, 1.104, 0, 0, 0, 0, 0, 0, 248.148, 10, 39.69, 1.1, 39.696, 0, 
삼천포태양광, 2, 2026-01-31 00:00:00, 0, 0, 0, 0, 0, 0, 0, 2.4, 65.664, 326.4, 572.736, 695.712, 715.584, 685.248, 599.04, 459.936, 238.368, 33.312, 0, 0, 0, 0, 0, 0, 4394.4, 183, 715.58, 2.4, 715.584, 0, 
삼천포태양광, 3, 2026-01-31 00:00:00, 0, 0, 0, 0, 0, 0, 0, 0.432, 16.308, 114.66, 194.544, 232.74, 236.988, 226.98, 197.784, 150.876, 57.744, 5.796, 0, 0, 0, 0, 0, 0, 1434.852, 60, 236.98, 0.43, 236.988, 0, 
삼천포태양광, 4, 2026-01-31 00:00:00, 0, 0, 0, 0, 0, 0, 0, 0.243, 61.833, 94.904, 88.906, 95.074, 129.606, 1221.107, 1095.013, 836.989, 1177.693, 1191.069, 1171.582, 450.923, 0, 0, 0, 0, 7614.942, 317, 1221.1, 0.243, 1221.107, 0, 
구미태양광, 1, 2026-01-31 00:00:00, 0, 0, 0, 0, 0, 0, 0, 0, 40.28, 252.744, 464.05, 572.958, 609.261, 626.616, 579.466, 465.207, 295.989, 67.326, 0, 0, 0, 0, 0, 0, 3973.897, 166, 626.61, 40.28, 626.616, 0, 
삼천포태양광#6, 1, 2026-01-31 00:00:00, 0, 0, 0, 0, 0, 0, 0, 0, 0, 0, 0, 0, 0, 0, 0, 0, 0, 0, 0, 0, 0, 0, 0, 0, 0, 0, 0, 0, 0, 0, 
영흥태양광#5, 1, 2026-01-31 00:00:00, 0, 0, 0, 0, 0, 0, 0, 7.232, 363.989, 1320.968, 2053.768, 2564.8, 2774.516, 2692.558, 2400.884, 1916.368, 1012.421, 115.705, 0, 0, 0, 0, 0, 0, 17223.209, 718, 2774.51, 7.23, 2774.516, 0, 
영흥태양광 #3, 1, 2026-01-31 00:00:00, 0, 0, 0, 0, 0, 0, 0, 3.84, 210.72, 803.04, 1202.4, 1534.8, 1567.2, 1533.12, 1413.84, 1053.6, 449.04, 51.6, 0, 0, 0, 0, 0, 0, 9823.2, 409, 1567.2, 3.84, 1567.2, 0, 
영흥태양광 #3, 2, 2026-01-31 00:00:00, 0, 0, 0, 0, 0, 0, 0, 0.672, 75.744, 289.92, 460.032, 567.936, 607.872, 590.784, 525.408, 419.52, 233.376, 30.336, 0, 0, 0, 0, 0, 0, 3801.6, 158, 607.87, 0.672, 607.872, 0, 
영흥태양광 #3, 3, 2026-01-31 00:00:00, 0, 0, 0, 0, 0, 0, 0, 1.32, 93.12, 374.16, 613.32, 756.72, 811.2, 798.36, 713.16, 564.12, 311.52, 38.64, 0, 0, 0, 0, 0, 0, 5075.64, 211, 811.2, 1.32, 811.2, 0, 
영흥태양광, 1, 2026-01-31 00:00:00, 0, 0, 0, 0, 0, 0, 0, 0, 42.24, 230.746, 442.637, 595.968, 657.523, 636.826, 536.486, 421.786, 200.064, 25.382, 0, 0, 0, 0, 0, 0, 3789.658, 158, 657.52, 25.382, 657.523, 0, 
예천태양광, 1, 2026-01-31 00:00:00, 0, 0, 0, 0, 0, 0, 0, 5.04, 291.6, 840.78, 1145.16, 1315.08, 1440.18, 1342.98, 1236.78, 953.46, 507.6, 44.1, 0, 0, 0, 0, 0, 0, 9122.76, 380, 1440.18, 5.04, 1440.18, 0, 
여수태양광, 1, 2026-01-31 00:00:00, 0, 0, 0, 0, 0, 0, 0, 0, 0, 0, 0, 0, 0, 0, 0, 0, 0, 0, 0, 0, 0, 0, 0, 588, 588, 25, 588, 588, 588, 0, 
영흥태양광, 2, 2026-01-31 00:00:00, 0, 0, 0, 0, 0, 0, 0, 0, 64.602, 254.552, 432.931, 542.851, 479.213, 443.537, 431.966, 375.078, 184.164, 20.248, 0, 0, 0, 0, 0, 0, 3229.142, 135, 542.85, 20.24, 542.851, 0, 
탑선태양광, 1, 2026-01-31 00:00:00, 0, 0, 0, 0, 0, 0, 0, 0, 0, 0, 0, 0, 0, 0, 0, 0, 0, 0, 0, 0, 0, 0, 0, 645.6, 645.6, 27, 645.6, 645.6, 645.6, 0, 
탑선태양광, 3, 2026-01-31 00:00:00, 0, 0, 0, 0, 0, 0, 0, 0, 0, 0, 0, 0, 0, 0, 0, 0, 0, 0, 0, 0, 0, 0, 0, 21.6, 21.6, 1, 21.6, 21.6, 21.6, 0, 
경상대태양광, 1, 2026-01-31 00:00:00, 0, 0, 0, 0, 0, 0, 0, 0, 61.632, 211.392, 373.608, 471.168, 507.096, 503.28, 457.488, 372.312, 212.184, 38.304, 0, 0, 0, 0, 0, 0, 3208.464, 134, 507.09, 38.304, 507.096, 0, 
고흥만 수상태양광, 1, 2026-01-31 00:00:00, 0, 0, 0, 0, 0, 0, 0, 268.296, 6407.94, 20814.948, 35020.944, 44779.728, 46433.94, 45019.716, 39162.648, 29225.532, 13305.936, 2084.544, 0, 0, 0, 0, 0, 0, 282524.172, 11772, 46433.94, 268.296, 46433.94, 0, 
영동태양광, 1, 2026-01-30 00:00:00, 0, 0, 0, 0, 0, 0, 0, 0.096, 17.856, 19.2, 17.76, 18.048, 35.328, 733.152, 680.544, 514.464, 558.624, 691.392, 689.184, 489.312, 0, 0, 0, 0, 4464.96, 186, 733.15, 0.096, 733.152, 0, 
삼천포태양광#5, 1, 2026-01-30 00:00:00, 0, 0, 0, 0, 0, 0, 0, 3.001, 164.369, 205.005, 204.698, 211.139, 255.378, 189.85, 234.483, 1027.92, 2454.738, 2530.444, 2516.011, 622.808, 0, 0, 0, 0, 10619.844, 442, 2530.44, 3.001, 2530.444, 0, 
삼천포태양광#5, 2, 2026-01-30 00:00:00, 0, 0, 0, 0, 0, 0, 0, 4.542, 245.977, 303.962, 311.403, 282.422, 290.629, 283.311, 456.194, 1771.171, 4235.46, 4006.898, 3808.237, 1792.976, 0, 0, 0, 0, 17793.182, 741, 4235.46, 4.542, 4235.46, 0, 
광양항세방태양광, 1, 2026-01-30 00:00:00, 0, 0, 0, 0, 0, 0, 0, 4.8, 184.8, 580.8, 782.4, 967.2, 921.6, 902.4, 957.6, 631.2, 456, 86.4, 0, 0, 0, 0, 0, 0, 6475.2, 270, 967.2, 4.8, 967.2, 0, 
두산엔진MG태양광, 1, 2026-01-30 00:00:00, 0, 0, 0, 0, 0, 0, 0, 0.48, 5.34, 10.44, 18.06, 25.38, 36.3, 20.52, 18.36, 12.72, 18.12, 3.24, 0, 0, 0, 0, 0, 0, 168.96, 7, 36.3, 0.48, 36.3, 0, 
삼천포태양광, 1, 2026-01-30 00:00:00, 0, 0, 0, 0, 0, 0, 0, 0.012, 6.552, 11.976, 19.716, 22.74, 24.132, 18.228, 14.052, 12.42, 12.54, 1.248, 0, 0, 0, 0, 0, 0, 143.616, 6, 24.13, 0.01, 24.132, 0, 
삼천포태양광, 2, 2026-01-30 00:00:00, 0, 0, 0, 0, 0, 0, 0, 5.76, 77.664, 205.152, 381.12, 420.576, 449.664, 327.168, 274.848, 232.32, 208.992, 40.128, 0, 0, 0, 0, 0, 0, 2623.392, 109, 449.66, 5.76, 449.664, 0, 
삼천포태양광, 3, 2026-01-30 00:00:00, 0, 0, 0, 0, 0, 0, 0, 1.008, 19.296, 69.696, 122.436, 133.812, 141.372, 105.228, 85.968, 73.368, 46.908, 7.74, 0, 0, 0, 0, 0, 0, 806.832, 34, 141.37, 1.008, 141.372, 0, 
삼천포태양광, 4, 2026-01-30 00:00:00, 0, 0, 0, 0, 0, 0, 0, 0.969, 61.174, 94.321, 94.466, 93.991, 95.137, 94.006, 74.954, 375.437, 1171.026, 1188.978, 810.544, 0, 0, 0, 0, 0, 4155.003, 173, 1188.97, 0.969, 1188.978, 0, 
구미태양광, 1, 2026-01-30 00:00:00, 0, 0, 0, 0, 0, 0, 0, 0, 28.348, 255.419, 488.999, 558.495, 610.635, 372.788, 308.499, 412.128, 307.776, 69.062, 0, 0, 0, 0, 0, 0, 3412.149, 142, 610.63, 28.348, 610.635, 0, 
삼천포태양광#6, 1, 2026-01-30 00:00:00, 0, 0, 0, 0, 0, 0, 0, 0, 0, 0, 0, 0, 0, 0, 0, 0, 0, 0, 0, 0, 0, 0, 0, 0, 0, 0, 0, 0, 0, 0, 
영흥태양광#5, 1, 2026-01-30 00:00:00, 0, 0, 0, 0, 0, 0, 0, 9.642, 351.937, 1248.653, 2150.189, 2017.611, 1248.653, 1901.905, 2234.558, 1672.905, 1084.737, 142.221, 0, 0, 0, 0, 0, 0, 14063.011, 586, 2234.55, 9.64, 2234.558, 0, 
영흥태양광 #3, 1, 2026-01-30 00:00:00, 0, 0, 0, 0, 0, 0, 0, 4.56, 222.96, 775.68, 1254.96, 1383.12, 958.08, 1285.44, 1352.4, 951.12, 465.84, 45.84, 0, 0, 0, 0, 0, 0, 8700, 363, 1383.12, 4.56, 1383.12, 0, 
영흥태양광 #3, 2, 2026-01-30 00:00:00, 0, 0, 0, 0, 0, 0, 0, 0.576, 73.44, 257.664, 367.68, 496.416, 339.936, 475.2, 490.272, 375.84, 251.616, 46.848, 0, 0, 0, 0, 0, 0, 3175.488, 132, 496.41, 0.576, 496.416, 0, 
영흥태양광 #3, 3, 2026-01-30 00:00:00, 0, 0, 0, 0, 0, 0, 0, 1.08, 89.76, 264.48, 595.2, 669.6, 464.64, 635.4, 685.2, 501.36, 329.28, 50.52, 0, 0, 0, 0, 0, 0, 4286.52, 179, 685.2, 1.08, 685.2, 0, 
영흥태양광, 1, 2026-01-30 00:00:00, 0, 0, 0, 0, 0, 0, 0, 0, 40.358, 229.862, 455.962, 537.024, 391.872, 511.526, 515.213, 404.698, 203.866, 29.606, 0, 0, 0, 0, 0, 0, 3319.987, 138, 537.02, 29.606, 537.024, 0, 
예천태양광, 1, 2026-01-30 00:00:00, 0, 0, 0, 0, 0, 0, 0, 3.42, 345.06, 898.56, 1224.9, 1414.98, 1463.58, 1022.76, 1173.96, 685.44, 499.86, 42.12, 0, 0, 0, 0, 0, 0, 8774.64, 366, 1463.58, 3.42, 1463.58, 0, 
여수태양광, 1, 2026-01-30 00:00:00, 0, 0, 0, 0, 0, 0, 0, 0, 0, 0, 0, 0, 0, 0, 0, 0, 0, 0, 0, 0, 0, 0, 0, 463, 463, 19, 463, 463, 463, 0, 
영흥태양광, 2, 2026-01-30 00:00:00, 0, 0, 0, 0, 0, 0, 0, 0, 68.459, 248.766, 453.179, 506.211, 337.474, 431.002, 444.501, 343.259, 192.842, 22.177, 0, 0, 0, 0, 0, 0, 3047.87, 127, 506.21, 22.17, 506.211, 0, 
탑선태양광, 1, 2026-01-30 00:00:00, 0, 0, 0, 0, 0, 0, 0, 0, 0, 0, 0, 0, 0, 0, 0, 0, 0, 0, 0, 0, 0, 0, 0, 638, 638, 27, 638, 638, 638, 0, 
탑선태양광, 3, 2026-01-30 00:00:00, 0, 0, 0, 0, 0, 0, 0, 0, 0, 0, 0, 0, 0, 0, 0, 0, 0, 0, 0, 0, 0, 0, 0, 12, 12, 1, 12, 12, 12, 0, 
경상대태양광, 1, 2026-01-30 00:00:00, 0, 0, 0, 0, 0, 0, 0, 0, 57.6, 130.608, 188.784, 256.464, 343.656, 234.216, 210.672, 227.016, 144.576, 37.368, 0, 0, 0, 0, 0, 0, 1830.96, 76, 343.65, 37.368, 343.656, 0, 
고흥만 수상태양광, 1, 2026-01-30 00:00:00, 0, 0, 0, 0, 0, 0, 0, 289.128, 4060.728, 8781.696, 12842.088, 26118.204, 22266.72, 16213.344, 25357.668, 21970.704, 13584.144, 2792.328, 0, 0, 0, 0, 0, 0, 154276.752, 6428, 26118.2, 289.12, 26118.204, 0, 
영동태양광, 1, 2026-01-29 00:00:00, 0, 0, 0, 0, 0, 0, 0, 0, 16.896, 19.104, 19.296, 17.184, 124.416, 763.872, 692.352, 538.944, 586.848, 690.528, 688.224, 531.552, 0, 0, 0, 0, 4689.216, 195, 763.87, 16.896, 763.872, 0, 
삼천포태양광#5, 1, 2026-01-29 00:00:00, 0, 0, 0, 0, 0, 0, 0, 2.453, 176.112, 194.729, 185.191, 213.594, 288.555, 2618.592, 2529.741, 1796.93, 2431.444, 2506.355, 2502.135, 1516.232, 0, 0, 0, 0, 16962.063, 707, 2618.59, 2.453, 2618.592, 0, 
삼천포태양광#5, 2, 2026-01-29 00:00:00, 0, 0, 0, 0, 0, 0, 0, 5.804, 255.235, 284.021, 298.673, 568.246, 1295.677, 4636.908, 4267.219, 3031.691, 4246.36, 3979.848, 3788.948, 1508.266, 0, 0, 0, 0, 28166.896, 1174, 4636.9, 5.8, 4636.908, 0, 
광양항세방태양광, 1, 2026-01-29 00:00:00, 0, 0, 0, 0, 0, 0, 0, 4.8, 182.4, 592.8, 1003.2, 1288.8, 1524, 1471.2, 1236, 876, 391.2, 62.4, 0, 0, 0, 0, 0, 0, 8632.8, 360, 1524, 4.8, 1524, 0, 
두산엔진MG태양광, 1, 2026-01-29 00:00:00, 0, 0, 0, 0, 0, 0, 0, 0.36, 3.9, 9.72, 21.12, 32.4, 41.34, 43.44, 37.26, 36.84, 22.62, 4.38, 0, 0, 0, 0, 0, 0, 253.38, 11, 43.44, 0.36, 43.44, 0, 
삼천포태양광, 1, 2026-01-29 00:00:00, 0, 0, 0, 0, 0, 0, 0, 0, 5.052, 17.364, 28.536, 34.08, 38.124, 37.668, 31.788, 23.76, 11.976, 0.936, 0, 0, 0, 0, 0, 0, 229.284, 10, 38.12, 0.936, 38.124, 0, 
삼천포태양광, 2, 2026-01-29 00:00:00, 0, 0, 0, 0, 0, 0, 0, 3.36, 69.792, 266.304, 511.2, 594.144, 654.048, 634.944, 563.04, 400.896, 197.856, 29.856, 0, 0, 0, 0, 0, 0, 3925.44, 164, 654.04, 3.36, 654.048, 0, 
삼천포태양광, 3, 2026-01-29 00:00:00, 0, 0, 0, 0, 0, 0, 0, 0.648, 17.892, 91.044, 170.676, 189.9, 211.896, 208.152, 185.076, 128.7, 42.336, 5.796, 0, 0, 0, 0, 0, 0, 1252.116, 52, 211.89, 0.648, 211.896, 0, 
삼천포태양광, 4, 2026-01-29 00:00:00, 0, 0, 0, 0, 0, 0, 0, 0.591, 67.501, 94.41, 91.536, 93.664, 76.168, 639.324, 1039.96, 707.538, 1172.947, 1189.493, 1171.758, 381.589, 0, 0, 0, 0, 6726.479, 280, 1189.49, 0.591, 1189.493, 0, 
구미태양광, 1, 2026-01-29 00:00:00, 0, 0, 0, 0, 0, 0, 0, 0, 29.866, 198.29, 449.226, 592.7, 614.467, 637.03, 590.097, 476.416, 291.65, 60.094, 0, 0, 0, 0, 0, 0, 3939.836, 164, 637.03, 29.866, 637.03, 0, 
삼천포태양광#6, 1, 2026-01-29 00:00:00, 0, 0, 0, 0, 0, 0, 0, 0, 0, 0, 0, 0, 0, 0, 0, 0, 0, 0, 0, 0, 0, 0, 0, 0, 0, 0, 0, 0, 0, 0, 
영흥태양광#5, 1, 2026-01-29 00:00:00, 0, 0, 0, 0, 0, 0, 0, 2.411, 255.516, 1398.105, 2275.537, 2697.379, 3010.747, 2945.663, 2656.4, 2044.126, 1108.842, 130.168, 0, 0, 0, 0, 0, 0, 18524.894, 772, 3010.74, 2.41, 3010.747, 0, 
영흥태양광 #3, 1, 2026-01-29 00:00:00, 0, 0, 0, 0, 0, 0, 0, 0.72, 153.84, 809.28, 1195.2, 1462.56, 1698.72, 1722.24, 1550.4, 1107.12, 459.84, 39.36, 0, 0, 0, 0, 0, 0, 10199.28, 425, 1722.24, 0.72, 1722.24, 0, 
영흥태양광 #3, 2, 2026-01-29 00:00:00, 0, 0, 0, 0, 0, 0, 0, 0, 46.56, 292.32, 496.224, 592.032, 643.872, 639.072, 575.136, 452.16, 258.528, 43.2, 0, 0, 0, 0, 0, 0, 4039.104, 168, 643.87, 43.2, 643.872, 0, 
영흥태양광 #3, 3, 2026-01-29 00:00:00, 0, 0, 0, 0, 0, 0, 0, 0.24, 72.96, 391.44, 659.76, 793.92, 868.08, 864.36, 778.2, 600.96, 337.08, 46.56, 0, 0, 0, 0, 0, 0, 5413.56, 226, 868.08, 0.24, 868.08, 0, 
영흥태양광, 1, 2026-01-29 00:00:00, 0, 0, 0, 0, 0, 0, 0, 0, 37.709, 229.325, 462.682, 611.674, 688.627, 669.504, 573.658, 446.707, 207.706, 27.571, 0, 0, 0, 0, 0, 0, 3955.163, 165, 688.62, 27.571, 688.627, 0, 
예천태양광, 1, 2026-01-29 00:00:00, 0, 0, 0, 0, 0, 0, 0, 2.7, 273.24, 920.34, 1264.32, 1444.32, 1506.78, 1465.56, 1281.42, 959.76, 486.72, 36.72, 0, 0, 0, 0, 0, 0, 9641.88, 402, 1506.78, 2.7, 1506.78, 0, 
여수태양광, 1, 2026-01-29 00:00:00, 0, 0, 0, 0, 0, 0, 0, 0, 0, 0, 0, 0, 0, 0, 0, 0, 0, 0, 0, 0, 0, 0, 0, 573, 573, 24, 573, 573, 573, 0, 
영흥태양광, 2, 2026-01-29 00:00:00, 0, 0, 0, 0, 0, 0, 0, 0, 45.318, 256.48, 404.968, 425.217, 456.072, 504.282, 480.177, 394.362, 192.842, 19.284, 0, 0, 0, 0, 0, 0, 3179.002, 132, 504.28, 19.28, 504.282, 0, 
탑선태양광, 1, 2026-01-29 00:00:00, 0, 0, 0, 0, 0, 0, 0, 0, 0, 0, 0, 0, 0, 0, 0, 0, 0, 0, 0, 0, 0, 0, 0, 638, 638, 27, 638, 638, 638, 0, 
탑선태양광, 3, 2026-01-29 00:00:00, 0, 0, 0, 0, 0, 0, 0, 0, 0, 0, 0, 0, 0, 0, 0, 0, 0, 0, 0, 0, 0, 0, 0, 12, 12, 1, 12, 12, 12, 0, 
경상대태양광, 1, 2026-01-29 00:00:00, 0, 0, 0, 0, 0, 0, 0, 0, 54, 193.32, 339.336, 433.44, 481.824, 488.088, 428.76, 344.592, 170.784, 31.968, 0, 0, 0, 0, 0, 0, 2966.112, 124, 488.08, 31.968, 488.088, 0, 
고흥만 수상태양광, 1, 2026-01-29 00:00:00, 0, 0, 0, 0, 0, 0, 0, 231.672, 5731.404, 19290.6, 31944.528, 35944.272, 29611.008, 27553.932, 35869.176, 24942.288, 12907.104, 1931.832, 0, 0, 0, 0, 0, 0, 225957.816, 9415, 35944.27, 231.67, 35944.272, 0, 
영동태양광, 1, 2026-01-28 00:00:00, 0, 0, 0, 0, 0, 0, 0, 0, 16.992, 17.856, 18.048, 18.24, 79.104, 763.392, 660.48, 509.568, 572.832, 690.912, 689.088, 497.472, 0, 0, 0, 0, 4533.984, 189, 763.39, 16.992, 763.392, 0, 
삼천포태양광#5, 1, 2026-01-28 00:00:00, 0, 0, 0, 0, 0, 0, 0, 0.155, 160.127, 199.053, 198.503, 627.035, 768.84, 1625.242, 2803.115, 2237.496, 2521.308, 2532.663, 2504.648, 1507.3, 0, 0, 0, 0, 17685.485, 737, 2803.11, 0.15, 2803.115, 0, 
삼천포태양광#5, 2, 2026-01-28 00:00:00, 0, 0, 0, 0, 0, 0, 0, 0.887, 249.431, 283.942, 296.634, 1393.129, 1555.336, 3690.353, 4769.064, 3784.541, 4236.569, 3876.47, 3784.611, 1854.783, 0, 0, 0, 0, 29775.75, 1241, 4769.06, 0.88, 4769.064, 0, 
광양항세방태양광, 1, 2026-01-28 00:00:00, 0, 0, 0, 0, 0, 0, 0, 2.4, 144, 434.4, 948, 1329.6, 1099.2, 1322.4, 1360.8, 972, 304.8, 50.4, 0, 0, 0, 0, 0, 0, 7968, 332, 1360.8, 2.4, 1360.8, 0, 
두산엔진MG태양광, 1, 2026-01-28 00:00:00, 0, 0, 0, 0, 0, 0, 0, 0.36, 5.64, 13.74, 21.72, 35.76, 45, 51.36, 51, 45.36, 31.98, 6, 0, 0, 0, 0, 0, 0, 307.92, 13, 51.36, 0.36, 51.36, 0, 
삼천포태양광, 1, 2026-01-28 00:00:00, 0, 0, 0, 0, 0, 0, 0, 0, 3.06, 12.84, 19.608, 38.784, 42.144, 41.304, 36.468, 28.872, 13.14, 0.06, 0, 0, 0, 0, 0, 0, 236.28, 10, 42.14, 0.06, 42.144, 0, 
삼천포태양광, 2, 2026-01-28 00:00:00, 0, 0, 0, 0, 0, 0, 0, 2.592, 68.736, 229.824, 341.952, 695.808, 747.552, 725.376, 616.416, 477.792, 217.632, 11.808, 0, 0, 0, 0, 0, 0, 4135.488, 172, 747.55, 2.592, 747.552, 0, 
삼천포태양광, 3, 2026-01-28 00:00:00, 0, 0, 0, 0, 0, 0, 0, 0.324, 19.908, 74.268, 109.872, 234.576, 248.868, 241.848, 205.596, 161.568, 44.784, 1.332, 0, 0, 0, 0, 0, 0, 1342.944, 56, 248.86, 0.32, 248.868, 0, 
삼천포태양광, 4, 2026-01-28 00:00:00, 0, 0, 0, 0, 0, 0, 0, 0.077, 68.458, 94.365, 89.111, 110.972, 168.16, 622.476, 1150.438, 902.082, 1181.578, 1185.868, 1171.062, 398.709, 0, 0, 0, 0, 7143.356, 298, 1185.86, 0.07, 1185.868, 0, 
구미태양광, 1, 2026-01-28 00:00:00, 0, 0, 0, 0, 0, 0, 0, 0, 44.98, 279.501, 500.425, 610.562, 656.772, 659.665, 603.765, 492.904, 310.741, 61.613, 0, 0, 0, 0, 0, 0, 4220.928, 176, 659.66, 44.98, 659.665, 0, 
삼천포태양광#6, 1, 2026-01-28 00:00:00, 0, 0, 0, 0, 0, 0, 0, 0, 0, 0, 0, 0, 0, 0, 0, 0, 0, 0, 0, 0, 0, 0, 0, 0, 0, 0, 0, 0, 0, 0, 
영흥태양광#5, 1, 2026-01-28 00:00:00, 0, 0, 0, 0, 0, 0, 0, 7.232, 380.863, 1557.2, 2282.768, 2735.947, 2673.274, 2138.137, 2369.547, 1928.421, 940.105, 101.242, 0, 0, 0, 0, 0, 0, 17114.736, 713, 2735.94, 7.232, 2735.947, 0, 
영흥태양광 #3, 1, 2026-01-28 00:00:00, 0, 0, 0, 0, 0, 0, 0, 2.4, 234.96, 905.52, 1330.8, 1615.92, 1710.72, 1677.84, 1491.6, 1047.6, 410.16, 41.28, 0, 0, 0, 0, 0, 0, 10468.8, 436, 1710.72, 2.4, 1710.72, 0, 
영흥태양광 #3, 2, 2026-01-28 00:00:00, 0, 0, 0, 0, 0, 0, 0, 0.48, 79.392, 309.12, 452.256, 579.936, 631.488, 619.488, 552.672, 431.712, 222.912, 28.512, 0, 0, 0, 0, 0, 0, 3907.968, 163, 631.48, 0.48, 631.488, 0, 
영흥태양광 #3, 3, 2026-01-28 00:00:00, 0, 0, 0, 0, 0, 0, 0, 0.6, 101.76, 412.44, 674.52, 812.16, 860.64, 842.4, 749.28, 575.16, 289.8, 34.68, 0, 0, 0, 0, 0, 0, 5353.44, 223, 860.64, 0.6, 860.64, 0, 
영흥태양광, 1, 2026-01-28 00:00:00, 0, 0, 0, 0, 0, 0, 0, 0, 28.493, 239.232, 481.114, 636.403, 691.123, 660.442, 559.219, 422.899, 182.362, 20.813, 0, 0, 0, 0, 0, 0, 3922.1, 163, 691.12, 20.813, 691.123, 0, 
예천태양광, 1, 2026-01-28 00:00:00, 0, 0, 0, 0, 0, 0, 0, 2.88, 352.98, 901.44, 1240.38, 1431.54, 1503.72, 1230.66, 1298.7, 988.2, 541.62, 52.38, 0, 0, 0, 0, 0, 0, 9544.5, 398, 1503.72, 2.88, 1503.72, 0, 
여수태양광, 1, 2026-01-28 00:00:00, 0, 0, 0, 0, 0, 0, 0, 0, 0, 0, 0, 0, 0, 0, 0, 0, 0, 0, 0, 0, 0, 0, 0, 646, 646, 27, 646, 646, 646, 0, 
영흥태양광, 2, 2026-01-28 00:00:00, 0, 0, 0, 0, 0, 0, 0, 0, 68.459, 285.406, 479.213, 586.24, 616.131, 462.821, 447.394, 377.006, 168.737, 17.356, 0, 0, 0, 0, 0, 0, 3508.763, 146, 616.13, 17.35, 616.131, 0, 
탑선태양광, 1, 2026-01-28 00:00:00, 0, 0, 0, 0, 0, 0, 0, 0, 0, 0, 0, 0, 0, 0, 0, 0, 0, 0, 0, 0, 0, 0, 0, 638, 638, 27, 638, 638, 638, 0, 
탑선태양광, 3, 2026-01-28 00:00:00, 0, 0, 0, 0, 0, 0, 0, 0, 0, 0, 0, 0, 0, 0, 0, 0, 0, 0, 0, 0, 0, 0, 0, 12, 12, 1, 12, 12, 12, 0, 
경상대태양광, 1, 2026-01-28 00:00:00, 0, 0, 0, 0, 0, 0, 0, 0, 32.832, 102.456, 206.424, 488.376, 539.424, 535.248, 480.672, 377.064, 215.856, 35.568, 0, 0, 0, 0, 0, 0, 3013.92, 126, 539.42, 32.832, 539.424, 0, 
고흥만 수상태양광, 1, 2026-01-28 00:00:00, 0, 0, 0, 0, 0, 0, 0, 94.836, 3478.524, 11669.28, 27010.452, 45409.896, 48042.54, 47513.508, 41024.004, 31032.792, 14699.244, 2299.248, 0, 0, 0, 0, 0, 0, 272274.324, 11345, 48042.54, 94.836, 48042.54, 0, 
영동태양광, 1, 2026-01-27 00:00:00, 0, 0, 0, 0, 0, 0, 0, 0, 17.664, 19.392, 18.336, 17.856, 59.904, 751.968, 645.312, 477.6, 563.136, 691.104, 688.704, 448.416, 0, 0, 0, 0, 4399.392, 183, 751.96, 17.664, 751.968, 0, 
삼천포태양광#5, 1, 2026-01-27 00:00:00, 0, 0, 0, 0, 0, 0, 0, 9.559, 168.266, 190.13, 177.875, 385.078, 816.499, 3089.869, 2777.376, 2121.325, 2511.99, 2540.562, 2485.016, 1575.496, 0, 0, 0, 0, 18849.041, 785, 3089.86, 9.559, 3089.869, 0, 
삼천포태양광#5, 2, 2026-01-27 00:00:00, 0, 0, 0, 0, 0, 0, 0, 13.518, 256.222, 283.62, 383.823, 1094.421, 2393.139, 5251.78, 4701.127, 3597.912, 4254.707, 3972.795, 3786.01, 1771.587, 0, 0, 0, 0, 31760.661, 1323, 5251.78, 13.518, 5251.78, 0, 
광양항세방태양광, 1, 2026-01-27 00:00:00, 0, 0, 0, 0, 0, 0, 0, 7.2, 175.2, 600, 1113.6, 1449.6, 1538.4, 1509.6, 1332, 960, 453.6, 72, 0, 0, 0, 0, 0, 0, 9211.2, 384, 1538.4, 7.2, 1538.4, 0, 
두산엔진MG태양광, 1, 2026-01-27 00:00:00, 0, 0, 0, 0, 0, 0, 0, 0.36, 3.18, 8.34, 21.42, 35.1, 44.34, 48.6, 48.24, 42.3, 28.92, 4.8, 0, 0, 0, 0, 0, 0, 285.6, 12, 48.6, 0.36, 48.6, 0, 
삼천포태양광, 1, 2026-01-27 00:00:00, 0, 0, 0, 0, 0, 0, 0, 0.048, 3.336, 17.508, 30.024, 37.908, 41.088, 40.584, 36.108, 27.792, 14.592, 1.236, 0, 0, 0, 0, 0, 0, 250.224, 10, 41.08, 0.048, 41.088, 0, 
삼천포태양광, 2, 2026-01-27 00:00:00, 0, 0, 0, 0, 0, 0, 0, 4.416, 69.024, 298.656, 551.52, 669.504, 722.496, 708.288, 619.104, 454.656, 227.136, 30.24, 0, 0, 0, 0, 0, 0, 4355.04, 181, 722.49, 4.416, 722.496, 0, 
삼천포태양광, 3, 2026-01-27 00:00:00, 0, 0, 0, 0, 0, 0, 0, 0.864, 16.236, 92.52, 186.3, 211.32, 237.888, 236.664, 202.932, 151.236, 42.444, 5.58, 0, 0, 0, 0, 0, 0, 1383.984, 58, 237.88, 0.864, 237.888, 0, 
삼천포태양광, 4, 2026-01-27 00:00:00, 0, 0, 0, 0, 0, 0, 0, 1.226, 60.92, 93.978, 87.454, 92.14, 84.618, 1116.975, 1140.624, 854.211, 1176.847, 1189.61, 1171.261, 427.765, 0, 0, 0, 0, 7497.629, 312, 1189.61, 1.226, 1189.61, 0, 
구미태양광, 1, 2026-01-27 00:00:00, 0, 0, 0, 0, 0, 0, 0, 0, 39.123, 253.105, 464.34, 584.529, 643.177, 649.974, 590.965, 479.743, 301.123, 57.491, 0, 0, 0, 0, 0, 0, 4063.57, 169, 649.97, 39.123, 649.974, 0, 
삼천포태양광#6, 1, 2026-01-27 00:00:00, 0, 0, 0, 0, 0, 0, 0, 0, 0, 0, 0, 0, 0, 0, 0, 0, 0, 0, 0, 0, 0, 0, 0, 0, 0, 0, 0, 0, 0, 0, 
영흥태양광#5, 1, 2026-01-27 00:00:00, 0, 0, 0, 0, 0, 0, 0, 4.821, 351.937, 1511.4, 2246.611, 2586.495, 2485.253, 2796.211, 2562.389, 2005.558, 1065.453, 118.116, 0, 0, 0, 0, 0, 0, 17734.244, 739, 2796.21, 4.82, 2796.211, 0, 
영흥태양광 #3, 1, 2026-01-27 00:00:00, 0, 0, 0, 0, 0, 0, 0, 2.16, 216.72, 880.08, 1304.64, 1602.24, 1716, 1692.72, 1493.28, 1080.48, 439.2, 35.76, 0, 0, 0, 0, 0, 0, 10463.28, 436, 1716, 2.16, 1716, 0, 
영흥태양광 #3, 2, 2026-01-27 00:00:00, 0, 0, 0, 0, 0, 0, 0, 0.384, 75.072, 312.576, 477.792, 588.672, 634.08, 625.92, 555.552, 446.016, 252.96, 39.936, 0, 0, 0, 0, 0, 0, 4008.96, 167, 634.08, 0.384, 634.08, 0, 
영흥태양광 #3, 3, 2026-01-27 00:00:00, 0, 0, 0, 0, 0, 0, 0, 0.6, 94.44, 399.72, 664.92, 802.08, 860.4, 850.08, 749.76, 599.16, 330.24, 42.84, 0, 0, 0, 0, 0, 0, 5394.24, 225, 860.4, 0.6, 860.4, 0, 
영흥태양광, 1, 2026-01-27 00:00:00, 0, 0, 0, 0, 0, 0, 0, 0, 28.8, 230.093, 469.978, 626.112, 690.778, 658.445, 560.717, 432.576, 198.029, 24.307, 0, 0, 0, 0, 0, 0, 3919.835, 163, 690.77, 24.307, 690.778, 0, 
예천태양광, 1, 2026-01-27 00:00:00, 0, 0, 0, 0, 0, 0, 0, 2.7, 299.16, 877.5, 1246.68, 1412.46, 1460.52, 1422, 1253.16, 933.66, 449.46, 29.34, 0, 0, 0, 0, 0, 0, 9386.64, 391, 1460.52, 2.7, 1460.52, 0, 
여수태양광, 1, 2026-01-27 00:00:00, 0, 0, 0, 0, 0, 0, 0, 0, 0, 0, 0, 0, 0, 0, 0, 0, 0, 0, 0, 0, 0, 0, 0, 649, 649, 27, 649, 649, 649, 0, 
영흥태양광, 2, 2026-01-27 00:00:00, 0, 0, 0, 0, 0, 0, 0, 0, 63.638, 279.621, 468.606, 573.705, 597.811, 535.137, 452.215, 387.613, 184.164, 18.32, 0, 0, 0, 0, 0, 0, 3560.83, 148, 597.81, 18.32, 597.811, 0, 
탑선태양광, 1, 2026-01-27 00:00:00, 0, 0, 0, 0, 0, 0, 0, 0, 0, 0, 0, 0, 0, 0, 0, 0, 0, 0, 0, 0, 0, 0, 0, 638, 638, 27, 638, 638, 638, 0, 
탑선태양광, 3, 2026-01-27 00:00:00, 0, 0, 0, 0, 0, 0, 0, 0, 0, 0, 0, 0, 0, 0, 0, 0, 0, 0, 0, 0, 0, 0, 0, 12, 12, 1, 12, 12, 12, 0, 
경상대태양광, 1, 2026-01-27 00:00:00, 0, 0, 0, 0, 0, 0, 0, 0, 59.832, 225.576, 376.92, 475.776, 526.176, 528.48, 472.752, 370.584, 209.736, 36.792, 0, 0, 0, 0, 0, 0, 3282.624, 137, 528.48, 36.792, 528.48, 0, 
고흥만 수상태양광, 1, 2026-01-27 00:00:00, 0, 0, 0, 0, 0, 0, 0, 301.812, 6830.796, 22693.104, 34753.404, 42567, 46294.416, 45975.216, 41361.516, 31900.008, 15307.992, 2392.236, 0, 0, 0, 0, 0, 0, 290377.5, 12099, 46294.41, 301.81, 46294.416, 0, 
영동태양광, 1, 2026-01-26 00:00:00, 0, 0, 0, 0, 0, 0, 0, 0, 16.224, 20.064, 19.872, 19.776, 19.488, 19.392, 20.064, 178.368, 504.48, 689.568, 354.816, 0, 0, 0, 0, 0, 1862.112, 78, 689.56, 16.224, 689.568, 0, 
삼천포태양광#5, 1, 2026-01-26 00:00:00, 0, 0, 0, 0, 0, 0, 0, 0.16, 164.87, 413.484, 560.777, 278.707, 190.813, 189.543, 187.119, 430.871, 2495.605, 1937.595, 1025.659, 0, 0, 0, 0, 0, 7875.203, 328, 2495.6, 0.16, 2495.605, 0, 
삼천포태양광#5, 2, 2026-01-26 00:00:00, 0, 0, 0, 0, 0, 0, 0, 0.497, 241.849, 298.18, 793.773, 500.353, 289.99, 286.572, 290.799, 767.252, 4015.769, 3908.16, 1349.747, 0, 0, 0, 0, 0, 12742.941, 531, 4015.76, 0.49, 4015.769, 0, 
광양항세방태양광, 1, 2026-01-26 00:00:00, 0, 0, 0, 0, 0, 0, 0, 4.8, 211.2, 650.4, 948, 734.4, 715.2, 518.4, 355.2, 328.8, 124.8, 9.6, 0, 0, 0, 0, 0, 0, 4600.8, 192, 948, 4.8, 948, 0, 
두산엔진MG태양광, 1, 2026-01-26 00:00:00, 0, 0, 0, 0, 0, 0, 0, 0.36, 3.9, 10.74, 19.62, 30.84, 24.6, 14.88, 12.78, 10.14, 5.22, 0.54, 0, 0, 0, 0, 0, 0, 133.62, 6, 30.84, 0.36, 30.84, 0, 
삼천포태양광, 1, 2026-01-26 00:00:00, 0, 0, 0, 0, 0, 0, 0, 0, 2.352, 8.136, 12.816, 7.848, 5.46, 3.516, 1.416, 3.228, 0.492, 0, 0, 0, 0, 0, 0, 0, 45.264, 2, 12.81, 0.49, 12.816, 0, 
삼천포태양광, 2, 2026-01-26 00:00:00, 0, 0, 0, 0, 0, 0, 0, 2.88, 65.184, 304.128, 516.672, 313.248, 232.608, 174.912, 105.216, 108.576, 39.744, 3.36, 0, 0, 0, 0, 0, 0, 1866.528, 78, 516.67, 2.88, 516.672, 0, 
삼천포태양광, 3, 2026-01-26 00:00:00, 0, 0, 0, 0, 0, 0, 0, 0.18, 19.692, 89.388, 172.188, 97.164, 72.684, 53.064, 31.068, 32.436, 10.044, 0.18, 0, 0, 0, 0, 0, 0, 578.088, 24, 172.18, 0.18, 172.188, 0, 
삼천포태양광, 4, 2026-01-26 00:00:00, 0, 0, 0, 0, 0, 0, 0, 0.071, 63.345, 89.864, 101.954, 107.756, 93.981, 94.021, 86.674, 134.957, 1173.226, 946.877, 0, 0, 0, 0, 0, 0, 2892.726, 121, 1173.22, 0.071, 1173.226, 0, 
구미태양광, 1, 2026-01-26 00:00:00, 0, 0, 0, 0, 0, 0, 0, 0, 31.964, 184.767, 345.163, 452.552, 517.058, 209.427, 214.85, 99.868, 93.649, 28.854, 0, 0, 0, 0, 0, 0, 2178.152, 91, 517.05, 28.854, 517.058, 0, 
삼천포태양광#6, 1, 2026-01-26 00:00:00, 0, 0, 0, 0, 0, 0, 0, 0, 0, 0, 0, 0, 0, 0, 0, 0, 0, 0, 0, 0, 0, 0, 0, 0, 0, 0, 0, 0, 0, 0, 
영흥태양광#5, 1, 2026-01-26 00:00:00, 0, 0, 0, 0, 0, 0, 0, 0, 180.789, 269.979, 930.463, 1499.347, 1002.779, 2051.358, 1687.368, 1101.611, 392.916, 50.621, 0, 0, 0, 0, 0, 0, 9167.231, 382, 2051.35, 50.62, 2051.358, 0, 
영흥태양광 #3, 1, 2026-01-26 00:00:00, 0, 0, 0, 0, 0, 0, 0, 0, 110.16, 184.8, 552.96, 829.68, 643.2, 1181.28, 1061.52, 660.96, 247.44, 35.52, 0, 0, 0, 0, 0, 0, 5507.52, 229, 1181.28, 35.52, 1181.28, 0, 
영흥태양광 #3, 2, 2026-01-26 00:00:00, 0, 0, 0, 0, 0, 0, 0, 0, 32.064, 52.704, 196.416, 324.672, 221.376, 452.544, 396.384, 251.808, 89.856, 9.12, 0, 0, 0, 0, 0, 0, 2026.944, 84, 452.54, 9.12, 452.544, 0, 
영흥태양광 #3, 3, 2026-01-26 00:00:00, 0, 0, 0, 0, 0, 0, 0, 0, 44.28, 88.8, 239.28, 433.08, 310.2, 594.84, 527.52, 335.4, 122.88, 16.32, 0, 0, 0, 0, 0, 0, 2712.6, 113, 594.84, 16.32, 594.84, 0, 
영흥태양광, 1, 2026-01-26 00:00:00, 0, 0, 0, 0, 0, 0, 0, 0, 27.456, 79.565, 191.731, 346.406, 247.949, 487.565, 420.211, 265.421, 95.846, 10.483, 0, 0, 0, 0, 0, 0, 2172.633, 91, 487.56, 10.483, 487.565, 0, 
예천태양광, 1, 2026-01-26 00:00:00, 0, 0, 0, 0, 0, 0, 0, 5.22, 232.74, 620.46, 675.54, 561.42, 740.16, 545.4, 905.94, 767.7, 250.02, 15.84, 0, 0, 0, 0, 0, 0, 5320.44, 222, 905.94, 5.22, 905.94, 0, 
여수태양광, 1, 2026-01-26 00:00:00, 0, 0, 0, 0, 0, 0, 0, 0, 0, 0, 0, 0, 0, 0, 0, 0, 0, 0, 0, 0, 0, 0, 0, 358, 358, 15, 358, 358, 358, 0, 
영흥태양광, 2, 2026-01-26 00:00:00, 0, 0, 0, 0, 0, 0, 0, 0, 33.747, 61.709, 190.914, 315.297, 232.375, 359.651, 339.402, 236.232, 87.743, 11.571, 0, 0, 0, 0, 0, 0, 1868.641, 78, 359.65, 11.57, 359.651, 0, 
탑선태양광, 1, 2026-01-26 00:00:00, 0, 0, 0, 0, 0, 0, 0, 0, 0, 0, 0, 0, 0, 0, 0, 0, 0, 0, 0, 0, 0, 0, 0, 638, 638, 27, 638, 638, 638, 0, 
탑선태양광, 3, 2026-01-26 00:00:00, 0, 0, 0, 0, 0, 0, 0, 0, 0, 0, 0, 0, 0, 0, 0, 0, 0, 0, 0, 0, 0, 0, 0, 12, 12, 1, 12, 12, 12, 0, 
경상대태양광, 1, 2026-01-26 00:00:00, 0, 0, 0, 0, 0, 0, 0, 0, 63.864, 191.232, 323.784, 339.408, 197.352, 146.808, 116.856, 85.32, 56.88, 4.68, 0, 0, 0, 0, 0, 0, 1526.184, 64, 339.4, 4.68, 339.408, 0, 
고흥만 수상태양광, 1, 2026-01-26 00:00:00, 0, 0, 0, 0, 0, 0, 0, 282.912, 6778.968, 22283.856, 21286.692, 13542.648, 16065.084, 12507.768, 9259.656, 5984.328, 4204.032, 795.228, 0, 0, 0, 0, 0, 0, 112991.172, 4708, 22283.85, 282.91, 22283.856, 0, 
영동태양광, 1, 2026-01-25 00:00:00, 0, 0, 0, 0, 0, 0, 0, 0, 15.84, 18.72, 17.376, 17.76, 89.568, 732, 616.8, 471.552, 561.024, 690.816, 689.088, 450.144, 0, 0, 0, 0, 4370.688, 182, 732, 15.84, 732, 0, 
삼천포태양광#5, 1, 2026-01-25 00:00:00, 0, 0, 0, 0, 0, 0, 0, 1.558, 155.073, 208.374, 204.216, 406.159, 1302.265, 3106.231, 2276.102, 1455.969, 2494.931, 2539.687, 2503.572, 1384.74, 0, 0, 0, 0, 18038.877, 752, 3106.23, 1.558, 3106.231, 0, 
삼천포태양광#5, 2, 2026-01-25 00:00:00, 0, 0, 0, 0, 0, 0, 0, 2.006, 225.116, 285.072, 472.217, 1142.917, 2830.521, 5262.039, 3802.086, 2491.176, 4220.527, 4005.774, 3786.098, 1451.196, 0, 0, 0, 0, 29976.745, 1249, 5262.03, 2, 5262.039, 0, 
광양항세방태양광, 1, 2026-01-25 00:00:00, 0, 0, 0, 0, 0, 0, 0, 4.8, 180, 595.2, 1096.8, 1372.8, 1485.6, 1344, 1149.6, 756, 540, 86.4, 0, 0, 0, 0, 0, 0, 8611.2, 359, 1485.6, 4.8, 1485.6, 0, 
두산엔진MG태양광, 1, 2026-01-25 00:00:00, 0, 0, 0, 0, 0, 0, 0, 0.36, 2.58, 7.74, 22.2, 36.24, 45.54, 49.62, 49.8, 37.38, 22.74, 2.64, 0, 0, 0, 0, 0, 0, 276.84, 12, 49.8, 0.36, 49.8, 0, 
삼천포태양광, 1, 2026-01-25 00:00:00, 0, 0, 0, 0, 0, 0, 0, 0, 2.376, 8.868, 14.616, 19.38, 21.264, 20.676, 14.844, 8.964, 5.844, 0.612, 0, 0, 0, 0, 0, 0, 117.444, 5, 21.26, 0.612, 21.264, 0, 
삼천포태양광, 2, 2026-01-25 00:00:00, 0, 0, 0, 0, 0, 0, 0, 2.976, 52.608, 333.792, 574.08, 678.528, 731.712, 707.424, 517.056, 332.16, 199.584, 39.456, 0, 0, 0, 0, 0, 0, 4169.376, 174, 731.71, 2.976, 731.712, 0, 
삼천포태양광, 3, 2026-01-25 00:00:00, 0, 0, 0, 0, 0, 0, 0, 0.252, 11.808, 89.316, 193.68, 220.428, 245.844, 234.864, 163.008, 102.204, 36.936, 8.172, 0, 0, 0, 0, 0, 0, 1306.512, 54, 245.84, 0.252, 245.844, 0, 
삼천포태양광, 4, 2026-01-25 00:00:00, 0, 0, 0, 0, 0, 0, 0, 0.187, 43.395, 94.609, 87.295, 93.179, 113.47, 1256.731, 960.676, 589.75, 1170.91, 1190.603, 1171.939, 331.201, 0, 0, 0, 0, 7103.945, 296, 1256.73, 0.187, 1256.731, 0, 
구미태양광, 1, 2026-01-25 00:00:00, 0, 0, 0, 0, 0, 0, 0, 0, 46.137, 281.381, 492.471, 596.895, 641.152, 628.713, 571.295, 466.292, 285.72, 50.621, 0, 0, 0, 0, 0, 0, 4060.677, 169, 641.15, 46.137, 641.152, 0, 
삼천포태양광#6, 1, 2026-01-25 00:00:00, 0, 0, 0, 0, 0, 0, 0, 0, 0, 0, 0, 0, 0, 0, 0, 0, 0, 0, 0, 0, 0, 0, 0, 0, 0, 0, 0, 0, 0, 0, 
영흥태양광#5, 1, 2026-01-25 00:00:00, 0, 0, 0, 0, 0, 0, 0, 4.821, 354.347, 1574.074, 2263.484, 2555.158, 2641.937, 2863.705, 2562.389, 1947.705, 1005.189, 106.063, 0, 0, 0, 0, 0, 0, 17878.872, 745, 2863.7, 4.82, 2863.705, 0, 
영흥태양광 #3, 1, 2026-01-25 00:00:00, 0, 0, 0, 0, 0, 0, 0, 1.68, 224.88, 918.72, 1322.4, 1609.2, 1716.48, 1680.24, 1491.12, 1025.04, 411.6, 37.92, 0, 0, 0, 0, 0, 0, 10439.28, 435, 1716.48, 1.68, 1716.48, 0, 
영흥태양광 #3, 2, 2026-01-25 00:00:00, 0, 0, 0, 0, 0, 0, 0, 0.384, 73.44, 328.992, 484.032, 577.056, 627.264, 613.824, 548.928, 425.568, 236.16, 34.752, 0, 0, 0, 0, 0, 0, 3950.4, 165, 627.26, 0.384, 627.264, 0, 
영흥태양광 #3, 3, 2026-01-25 00:00:00, 0, 0, 0, 0, 0, 0, 0, 0, 95.52, 338.88, 656.04, 803.76, 857.04, 839.04, 744.96, 566.64, 301.92, 39.72, 0, 0, 0, 0, 0, 0, 5243.52, 218, 857.04, 39.72, 857.04, 0, 
영흥태양광, 1, 2026-01-25 00:00:00, 0, 0, 0, 0, 0, 0, 0, 0, 24.422, 234.509, 475.891, 621.619, 685.094, 655.718, 550.733, 414.797, 182.093, 22.387, 0, 0, 0, 0, 0, 0, 3867.263, 161, 685.09, 22.387, 685.094, 0, 
예천태양광, 1, 2026-01-25 00:00:00, 0, 0, 0, 0, 0, 0, 0, 1.8, 333, 896.94, 1222.38, 1388.7, 1444.14, 1400.76, 1221.12, 897.84, 437.76, 29.88, 0, 0, 0, 0, 0, 0, 9274.32, 386, 1444.14, 1.8, 1444.14, 0, 
여수태양광, 1, 2026-01-25 00:00:00, 0, 0, 0, 0, 0, 0, 0, 0, 0, 0, 0, 0, 0, 0, 0, 0, 0, 0, 0, 0, 0, 0, 0, 677, 677, 28, 677, 677, 677, 0, 
영흥태양광, 2, 2026-01-25 00:00:00, 0, 0, 0, 0, 0, 0, 0, 0, 63.638, 287.335, 470.535, 565.027, 504.282, 452.215, 435.823, 371.221, 170.665, 18.32, 0, 0, 0, 0, 0, 0, 3339.061, 139, 565.02, 18.32, 565.027, 0, 
탑선태양광, 1, 2026-01-25 00:00:00, 0, 0, 0, 0, 0, 0, 0, 0, 0, 0, 0, 0, 0, 0, 0, 0, 0, 0, 0, 0, 0, 0, 0, 638, 638, 27, 638, 638, 638, 0, 
탑선태양광, 3, 2026-01-25 00:00:00, 0, 0, 0, 0, 0, 0, 0, 0, 0, 0, 0, 0, 0, 0, 0, 0, 0, 0, 0, 0, 0, 0, 0, 12, 12, 1, 12, 12, 12, 0, 
경상대태양광, 1, 2026-01-25 00:00:00, 0, 0, 0, 0, 0, 0, 0, 0, 68.184, 238.68, 382.248, 470.304, 511.128, 512.784, 461.952, 309.384, 134.28, 42.48, 0, 0, 0, 0, 0, 0, 3131.424, 130, 512.78, 42.48, 512.784, 0, 
고흥만 수상태양광, 1, 2026-01-25 00:00:00, 0, 0, 0, 0, 0, 0, 0, 255.276, 6671.028, 23290.092, 35905.8, 41564.376, 36999.48, 43165.668, 34750.716, 31050.936, 13981.884, 2169.888, 0, 0, 0, 0, 0, 0, 269805.144, 11242, 43165.66, 255.27, 43165.668, 0, 
영동태양광, 1, 2026-01-24 00:00:00, 0, 0, 0, 0, 0, 0, 0, 0, 15.936, 17.76, 17.472, 17.664, 151.104, 747.552, 652.992, 517.056, 579.84, 691.2, 688.896, 499.776, 0, 0, 0, 0, 4597.248, 192, 747.55, 15.936, 747.552, 0, 
삼천포태양광#5, 1, 2026-01-24 00:00:00, 0, 0, 0, 0, 0, 0, 0, 2.106, 153.044, 194.497, 246.808, 434.676, 982.333, 3189.51, 2897.607, 2230.415, 2498.679, 2531.482, 2495.803, 1516.776, 0, 0, 0, 0, 19373.736, 807, 3189.51, 2.106, 3189.51, 0, 
삼천포태양광#5, 2, 2026-01-24 00:00:00, 0, 0, 0, 0, 0, 0, 0, 1.872, 232.8, 285.038, 481.705, 1146.06, 2368.703, 5406.904, 4901.518, 3762.672, 4261.389, 3960.587, 3786.653, 1708.994, 0, 0, 0, 0, 32304.895, 1346, 5406.9, 1.87, 5406.904, 0, 
광양항세방태양광, 1, 2026-01-24 00:00:00, 0, 0, 0, 0, 0, 0, 0, 4.8, 141.6, 508.8, 1005.6, 1351.2, 1454.4, 1459.2, 1269.6, 914.4, 432, 67.2, 0, 0, 0, 0, 0, 0, 8608.8, 359, 1459.2, 4.8, 1459.2, 0, 
두산엔진MG태양광, 1, 2026-01-24 00:00:00, 0, 0, 0, 0, 0, 0, 0, 0.24, 2.94, 7.92, 21.18, 35.28, 45.3, 50.76, 50.64, 44.82, 30.72, 3.72, 0, 0, 0, 0, 0, 0, 293.52, 12, 50.76, 0.24, 50.76, 0, 
삼천포태양광, 1, 2026-01-24 00:00:00, 0, 0, 0, 0, 0, 0, 0, 0, 1.644, 8.16, 14.424, 18.828, 20.712, 20.724, 18.696, 14.388, 7.104, 0.42, 0, 0, 0, 0, 0, 0, 125.1, 5, 20.72, 0.42, 20.724, 0, 
삼천포태양광, 2, 2026-01-24 00:00:00, 0, 0, 0, 0, 0, 0, 0, 2.688, 57.216, 301.536, 568.992, 675.168, 720.576, 722.4, 642.816, 477.216, 234.912, 26.976, 0, 0, 0, 0, 0, 0, 4430.496, 185, 722.4, 2.688, 722.4, 0, 
삼천포태양광, 3, 2026-01-24 00:00:00, 0, 0, 0, 0, 0, 0, 0, 0.432, 13.392, 81.828, 194.112, 228.528, 242.136, 241.668, 207.18, 150.768, 45.108, 5.436, 0, 0, 0, 0, 0, 0, 1410.588, 59, 242.13, 0.432, 242.136, 0, 
삼천포태양광, 4, 2026-01-24 00:00:00, 0, 0, 0, 0, 0, 0, 0, 0.222, 52.58, 94.298, 84.272, 97.471, 86.748, 1242.394, 1187.475, 903.201, 1182.86, 1189.226, 1171.816, 386.455, 0, 0, 0, 0, 7679.018, 320, 1242.39, 0.222, 1242.394, 0, 
구미태양광, 1, 2026-01-24 00:00:00, 0, 0, 0, 0, 0, 0, 0, 0, 37.387, 272.847, 478.441, 604.56, 663.787, 664.51, 613.672, 492.181, 299.821, 46.933, 0, 0, 0, 0, 0, 0, 4174.139, 174, 664.51, 37.387, 664.51, 0, 
삼천포태양광#6, 1, 2026-01-24 00:00:00, 0, 0, 0, 0, 0, 0, 0, 0, 0, 0, 0, 0, 0, 0, 0, 0, 0, 0, 0, 0, 0, 0, 0, 0, 0, 0, 0, 0, 0, 0, 
영흥태양광#5, 1, 2026-01-24 00:00:00, 0, 0, 0, 0, 0, 0, 0, 0, 40.979, 279.621, 988.316, 2598.547, 2897.453, 2731.126, 2494.895, 1844.053, 906.358, 55.442, 0, 0, 0, 0, 0, 0, 14836.79, 618, 2897.45, 40.97, 2897.453, 0, 
영흥태양광 #3, 1, 2026-01-24 00:00:00, 0, 0, 0, 0, 0, 0, 0, 0, 20.16, 142.8, 462.24, 1155.36, 1694.88, 1597.92, 1462.8, 941.04, 385.2, 29.04, 0, 0, 0, 0, 0, 0, 7891.44, 329, 1694.88, 20.16, 1694.88, 0, 
영흥태양광 #3, 2, 2026-01-24 00:00:00, 0, 0, 0, 0, 0, 0, 0, 0, 12, 90.528, 321.12, 586.176, 628.224, 588.672, 535.008, 419.04, 209.568, 10.944, 0, 0, 0, 0, 0, 0, 3401.28, 142, 628.22, 10.944, 628.224, 0, 
영흥태양광 #3, 3, 2026-01-24 00:00:00, 0, 0, 0, 0, 0, 0, 0, 0, 32.64, 217.56, 598.44, 803.52, 852.48, 799.32, 740.76, 552.12, 269.52, 18, 0, 0, 0, 0, 0, 0, 4884.36, 204, 852.48, 18, 852.48, 0, 
영흥태양광, 1, 2026-01-24 00:00:00, 0, 0, 0, 0, 0, 0, 0, 0, 6.144, 124.877, 350.554, 575.309, 672.461, 614.093, 524.736, 388.915, 168.23, 12.979, 0, 0, 0, 0, 0, 0, 3438.298, 143, 672.46, 6.144, 672.461, 0, 
예천태양광, 1, 2026-01-24 00:00:00, 0, 0, 0, 0, 0, 0, 0, 0, 195.66, 628.56, 1139.58, 1453.86, 1516.86, 1453.32, 1276.02, 961.92, 479.52, 17.46, 0, 0, 0, 0, 0, 0, 9122.76, 380, 1516.86, 17.46, 1516.86, 0, 
여수태양광, 1, 2026-01-24 00:00:00, 0, 0, 0, 0, 0, 0, 0, 0, 0, 0, 0, 0, 0, 0, 0, 0, 0, 0, 0, 0, 0, 0, 0, 629, 629, 26, 629, 629, 629, 0, 
영흥태양광, 2, 2026-01-24 00:00:00, 0, 0, 0, 0, 0, 0, 0, 0, 6.749, 49.175, 132.097, 287.335, 437.752, 421.36, 412.682, 339.402, 156.202, 10.606, 0, 0, 0, 0, 0, 0, 2253.36, 94, 437.75, 6.74, 437.752, 0, 
탑선태양광, 1, 2026-01-24 00:00:00, 0, 0, 0, 0, 0, 0, 0, 0, 0, 0, 0, 0, 0, 0, 0, 0, 0, 0, 0, 0, 0, 0, 0, 638, 638, 27, 638, 638, 638, 0, 
탑선태양광, 3, 2026-01-24 00:00:00, 0, 0, 0, 0, 0, 0, 0, 0, 0, 0, 0, 0, 0, 0, 0, 0, 0, 0, 0, 0, 0, 0, 0, 12, 12, 1, 12, 12, 12, 0, 
경상대태양광, 1, 2026-01-24 00:00:00, 0, 0, 0, 0, 0, 0, 0, 0, 44.064, 211.824, 368.136, 483.984, 537.768, 536.832, 481.248, 370.872, 201.24, 31.104, 0, 0, 0, 0, 0, 0, 3267.072, 136, 537.76, 31.104, 537.768, 0, 
고흥만 수상태양광, 1, 2026-01-24 00:00:00, 0, 0, 0, 0, 0, 0, 0, 83.58, 3923.472, 20133.876, 34778.94, 42041.244, 46172.616, 45804.696, 40536.552, 30522.912, 13652.688, 1991.136, 0, 0, 0, 0, 0, 0, 279641.712, 11652, 46172.61, 83.58, 46172.616, 0, 
영동태양광, 1, 2026-01-23 00:00:00, 0, 0, 0, 0, 0, 0, 0, 0, 16.224, 18.816, 17.28, 17.568, 115.104, 744.672, 631.392, 452.832, 533.28, 689.856, 688.608, 386.88, 0, 0, 0, 0, 4312.512, 180, 744.67, 16.224, 744.672, 0, 
삼천포태양광#5, 1, 2026-01-23 00:00:00, 0, 0, 0, 0, 0, 0, 0, 1.791, 166.067, 190.654, 202.067, 237.409, 212.883, 2079.837, 2186.717, 1236.634, 2504.879, 2504.317, 2504.166, 1327.428, 0, 0, 0, 0, 15354.849, 640, 2504.87, 1.791, 2504.879, 0, 
삼천포태양광#5, 2, 2026-01-23 00:00:00, 0, 0, 0, 0, 0, 0, 0, 4.969, 252.994, 282.949, 298.37, 701.793, 999.314, 4110.439, 3599.515, 1959.123, 4244.883, 3847.891, 3787.695, 1426.499, 0, 0, 0, 0, 25516.434, 1063, 4244.88, 4.96, 4244.883, 0, 
광양항세방태양광, 1, 2026-01-23 00:00:00, 0, 0, 0, 0, 0, 0, 0, 4.8, 175.2, 549.6, 988.8, 998.4, 988.8, 1154.4, 693.6, 271.2, 175.2, 7.2, 0, 0, 0, 0, 0, 0, 6007.2, 250, 1154.4, 4.8, 1154.4, 0, 
두산엔진MG태양광, 1, 2026-01-23 00:00:00, 0, 0, 0, 0, 0, 0, 0, 0.24, 2.82, 7.92, 20.76, 33.54, 41.88, 45.54, 39.66, 27.78, 21.72, 2.82, 0, 0, 0, 0, 0, 0, 244.68, 10, 45.54, 0.24, 45.54, 0, 
삼천포태양광, 1, 2026-01-23 00:00:00, 0, 0, 0, 0, 0, 0, 0, 0, 2.52, 9.06, 14.184, 18.18, 19.38, 17.616, 12.384, 10.956, 5.52, 0, 0, 0, 0, 0, 0, 0, 109.8, 5, 19.38, 2.52, 19.38, 0, 
삼천포태양광, 2, 2026-01-23 00:00:00, 0, 0, 0, 0, 0, 0, 0, 4.704, 70.944, 319.392, 536.928, 610.464, 573.6, 448.8, 388.608, 322.464, 202.464, 9.408, 0, 0, 0, 0, 0, 0, 3487.776, 145, 610.46, 4.704, 610.464, 0, 
삼천포태양광, 3, 2026-01-23 00:00:00, 0, 0, 0, 0, 0, 0, 0, 0.864, 18.612, 79.164, 174.816, 109.512, 108.828, 175.032, 159.3, 114.516, 40.536, 1.62, 0, 0, 0, 0, 0, 0, 982.8, 41, 175.03, 0.864, 175.032, 0, 
삼천포태양광, 4, 2026-01-23 00:00:00, 0, 0, 0, 0, 0, 0, 0, 0.464, 56.267, 96.085, 93.443, 90.75, 78.883, 591.044, 917.416, 368.531, 1180.735, 1183.488, 1171.37, 280.937, 0, 0, 0, 0, 6109.413, 255, 1183.48, 0.464, 1183.488, 0, 
구미태양광, 1, 2026-01-23 00:00:00, 0, 0, 0, 0, 0, 0, 0, 0, 38.544, 243.993, 433.678, 336.847, 218.249, 538.463, 370.185, 84.971, 70.002, 36.013, 0, 0, 0, 0, 0, 0, 2370.945, 99, 538.46, 36.013, 538.463, 0, 
삼천포태양광#6, 1, 2026-01-23 00:00:00, 0, 0, 0, 0, 0, 0, 0, 0, 0, 0, 0, 0, 0, 0, 0, 0, 0, 0, 0, 0, 0, 0, 0, 0, 0, 0, 0, 0, 0, 0, 
영흥태양광#5, 1, 2026-01-23 00:00:00, 0, 0, 0, 0, 0, 0, 0, 0, 163.916, 1053.4, 1827.179, 2249.021, 2412.937, 2340.621, 1945.295, 1361.947, 552.011, 50.621, 0, 0, 0, 0, 0, 0, 13956.948, 582, 2412.93, 50.62, 2412.937, 0, 
영흥태양광 #3, 1, 2026-01-23 00:00:00, 0, 0, 0, 0, 0, 0, 0, 0, 104.64, 656.16, 1091.28, 1330.56, 1424.16, 1044.24, 1067.52, 790.08, 312.24, 35.04, 0, 0, 0, 0, 0, 0, 7855.92, 327, 1424.16, 35.04, 1424.16, 0, 
영흥태양광 #3, 2, 2026-01-23 00:00:00, 0, 0, 0, 0, 0, 0, 0, 0, 29.76, 231.84, 411.936, 498.816, 535.008, 516.48, 433.728, 307.68, 127.584, 9.216, 0, 0, 0, 0, 0, 0, 3102.048, 129, 535, 9.216, 535.008, 0, 
영흥태양광 #3, 3, 2026-01-23 00:00:00, 0, 0, 0, 0, 0, 0, 0, 0, 45.12, 300.72, 551.76, 680.52, 733.44, 714.24, 606.96, 431.16, 181.2, 16.8, 0, 0, 0, 0, 0, 0, 4261.92, 178, 733.44, 16.8, 733.44, 0, 
영흥태양광, 1, 2026-01-23 00:00:00, 0, 0, 0, 0, 0, 0, 0, 0, 29.837, 178.176, 397.133, 527.117, 585.024, 563.52, 467.021, 320.256, 138.586, 14.477, 0, 0, 0, 0, 0, 0, 3221.147, 134, 585.02, 14.477, 585.024, 0, 
예천태양광, 1, 2026-01-23 00:00:00, 0, 0, 0, 0, 0, 0, 0, 0.36, 331.74, 899.46, 1173.6, 760.86, 1352.88, 1307.34, 1106.28, 767.88, 199.26, 6.3, 0, 0, 0, 0, 0, 0, 7905.96, 329, 1352.88, 0.36, 1352.88, 0, 
여수태양광, 1, 2026-01-23 00:00:00, 0, 0, 0, 0, 0, 0, 0, 0, 0, 0, 0, 0, 0, 0, 0, 0, 0, 0, 0, 0, 0, 0, 0, 422, 422, 18, 422, 422, 422, 0, 
영흥태양광, 2, 2026-01-23 00:00:00, 0, 0, 0, 0, 0, 0, 0, 0, 30.855, 206.341, 390.505, 490.783, 526.459, 395.326, 315.297, 277.693, 117.634, 11.571, 0, 0, 0, 0, 0, 0, 2762.464, 115, 526.45, 11.57, 526.459, 0, 
탑선태양광, 1, 2026-01-23 00:00:00, 0, 0, 0, 0, 0, 0, 0, 0, 0, 0, 0, 0, 0, 0, 0, 0, 0, 0, 0, 0, 0, 0, 0, 638, 638, 27, 638, 638, 638, 0, 
탑선태양광, 3, 2026-01-23 00:00:00, 0, 0, 0, 0, 0, 0, 0, 0, 0, 0, 0, 0, 0, 0, 0, 0, 0, 0, 0, 0, 0, 0, 0, 12, 12, 1, 12, 12, 12, 0, 
경상대태양광, 1, 2026-01-23 00:00:00, 0, 0, 0, 0, 0, 0, 0, 0, 61.056, 216.504, 358.632, 449.136, 490.176, 481.104, 404.064, 168.624, 166.104, 9.144, 0, 0, 0, 0, 0, 0, 2804.544, 117, 490.17, 9.144, 490.176, 0, 
고흥만 수상태양광, 1, 2026-01-23 00:00:00, 0, 0, 0, 0, 0, 0, 0, 196.14, 5384.4, 18504.36, 30576.756, 38497.284, 32732.952, 28194.852, 10969.392, 17476.872, 7541.52, 790.02, 0, 0, 0, 0, 0, 0, 190864.548, 7953, 38497.28, 196.14, 38497.284, 0, 
영동태양광, 1, 2026-01-22 00:00:00, 0, 0, 0, 0, 0, 0, 0, 0, 18.528, 19.296, 17.76, 18.24, 204.48, 770.88, 661.824, 520.704, 577.824, 692.064, 689.76, 490.848, 0, 0, 0, 0, 4682.208, 195, 770.88, 17.76, 770.88, 0, 
삼천포태양광#5, 1, 2026-01-22 00:00:00, 0, 0, 0, 0, 0, 0, 0, 0.304, 133.808, 201.326, 243.716, 598.906, 881.232, 2524.312, 2963.677, 2282.517, 2517.483, 2537.364, 2502.957, 1470.721, 0, 0, 0, 0, 18858.323, 786, 2963.67, 0.304, 2963.677, 0, 
삼천포태양광#5, 2, 2026-01-22 00:00:00, 0, 0, 0, 0, 0, 0, 0, 0.624, 185.048, 281.901, 646.606, 1429.989, 1821.521, 4938.891, 4996.022, 3828.335, 4257.069, 3947.731, 3786.599, 1664.558, 0, 0, 0, 0, 31784.894, 1324, 4996.02, 0.62, 4996.022, 0, 
광양항세방태양광, 1, 2026-01-22 00:00:00, 0, 0, 0, 0, 0, 0, 0, 2.4, 160.8, 590.4, 1130.4, 1413.6, 1526.4, 1492.8, 1286.4, 919.2, 424.8, 60, 0, 0, 0, 0, 0, 0, 9007.2, 375, 1526.4, 2.4, 1526.4, 0, 
두산엔진MG태양광, 1, 2026-01-22 00:00:00, 0, 0, 0, 0, 0, 0, 0, 0.24, 2.34, 7.26, 22.38, 36.66, 46.5, 51.78, 51.9, 46.2, 33.36, 2.28, 0, 0, 0, 0, 0, 0, 300.9, 13, 51.9, 0.24, 51.9, 0, 
삼천포태양광, 1, 2026-01-22 00:00:00, 0, 0, 0, 0, 0, 0, 0, 0, 2.88, 9.948, 15.588, 20.28, 22.14, 21.816, 19.44, 13.152, 7.428, 0.432, 0, 0, 0, 0, 0, 0, 133.104, 6, 22.14, 0.432, 22.14, 0, 
삼천포태양광, 2, 2026-01-22 00:00:00, 0, 0, 0, 0, 0, 0, 0, 2.88, 49.728, 362.208, 602.592, 701.088, 720.672, 667.104, 433.92, 391.488, 242.496, 24.768, 0, 0, 0, 0, 0, 0, 4198.944, 175, 720.67, 2.88, 720.672, 0, 
삼천포태양광, 3, 2026-01-22 00:00:00, 0, 0, 0, 0, 0, 0, 0, 0.144, 10.8, 83.124, 199.188, 150.732, 213.012, 252.468, 210.348, 146.664, 45.972, 5.076, 0, 0, 0, 0, 0, 0, 1317.528, 55, 252.46, 0.144, 252.468, 0, 
삼천포태양광, 4, 2026-01-22 00:00:00, 0, 0, 0, 0, 0, 0, 0, 0.023, 28.569, 94.357, 88.335, 100.895, 157.447, 1102.052, 1211.477, 930.364, 1182.32, 1187.859, 1171.829, 353.912, 0, 0, 0, 0, 7609.439, 317, 1211.47, 0.023, 1211.477, 0, 
구미태양광, 1, 2026-01-22 00:00:00, 0, 0, 0, 0, 0, 0, 0, 0, 47.367, 296.712, 516.335, 639.85, 700.957, 689.676, 625.098, 497.243, 299.894, 42.015, 0, 0, 0, 0, 0, 0, 4355.147, 181, 700.95, 42.015, 700.957, 0, 
삼천포태양광#6, 1, 2026-01-22 00:00:00, 0, 0, 0, 0, 0, 0, 0, 0, 0, 0, 0, 0, 0, 0, 0, 0, 0, 0, 0, 0, 0, 0, 0, 0, 0, 0, 0, 0, 0, 0, 
영흥태양광#5, 1, 2026-01-22 00:00:00, 0, 0, 0, 0, 0, 0, 0, 2.411, 344.705, 1566.842, 2304.463, 1841.642, 2167.063, 2711.842, 2641.937, 2032.074, 928.053, 74.726, 0, 0, 0, 0, 0, 0, 16615.758, 692, 2711.84, 2.41, 2711.842, 0, 
영흥태양광 #3, 1, 2026-01-22 00:00:00, 0, 0, 0, 0, 0, 0, 0, 1.68, 232.08, 920.4, 1371.84, 1651.2, 1741.44, 1711.92, 1521.36, 1038.72, 368.4, 26.4, 0, 0, 0, 0, 0, 0, 10585.44, 441, 1741.44, 1.68, 1741.44, 0, 
영흥태양광 #3, 2, 2026-01-22 00:00:00, 0, 0, 0, 0, 0, 0, 0, 0.384, 73.344, 297.504, 302.592, 577.92, 640.032, 628.8, 565.44, 445.248, 220.896, 24.864, 0, 0, 0, 0, 0, 0, 3777.024, 157, 640.03, 0.384, 640.032, 0, 
영흥태양광 #3, 3, 2026-01-22 00:00:00, 0, 0, 0, 0, 0, 0, 0, 0.24, 92.4, 337.68, 589.68, 815.76, 873.6, 860.64, 767.04, 594.24, 286.32, 28.68, 0, 0, 0, 0, 0, 0, 5246.28, 219, 873.6, 0.24, 873.6, 0, 
영흥태양광, 1, 2026-01-22 00:00:00, 0, 0, 0, 0, 0, 0, 0, 0, 18.739, 226.598, 471.59, 631.219, 695.424, 663.206, 557.914, 399.36, 175.027, 15.629, 0, 0, 0, 0, 0, 0, 3854.706, 161, 695.42, 15.629, 695.424, 0, 
예천태양광, 1, 2026-01-22 00:00:00, 0, 0, 0, 0, 0, 0, 0, 0, 332.82, 949.14, 1281.6, 1459.26, 1537.02, 1498.86, 1323, 979.2, 460.62, 11.34, 0, 0, 0, 0, 0, 0, 9832.86, 410, 1537.02, 11.34, 1537.02, 0, 
여수태양광, 1, 2026-01-22 00:00:00, 0, 0, 0, 0, 0, 0, 0, 0, 0, 0, 0, 0, 0, 0, 0, 0, 0, 0, 0, 0, 0, 0, 0, 564, 564, 24, 564, 564, 564, 0, 
영흥태양광, 2, 2026-01-22 00:00:00, 0, 0, 0, 0, 0, 0, 0, 0.964, 66.531, 291.192, 481.141, 582.383, 477.284, 456.072, 435.823, 379.899, 155.238, 13.499, 0, 0, 0, 0, 0, 0, 3340.026, 139, 582.38, 0.96, 582.383, 0, 
탑선태양광, 1, 2026-01-22 00:00:00, 0, 0, 0, 0, 0, 0, 0, 0, 0, 0, 0, 0, 0, 0, 0, 0, 0, 0, 0, 0, 0, 0, 0, 638, 638, 27, 638, 638, 638, 0, 
탑선태양광, 3, 2026-01-22 00:00:00, 0, 0, 0, 0, 0, 0, 0, 0, 0, 0, 0, 0, 0, 0, 0, 0, 0, 0, 0, 0, 0, 0, 0, 12, 12, 1, 12, 12, 12, 0, 
경상대태양광, 1, 2026-01-22 00:00:00, 0, 0, 0, 0, 0, 0, 0, 0, 68.904, 249.552, 402.336, 502.92, 555.336, 552.096, 487.008, 375.624, 204.912, 28.944, 0, 0, 0, 0, 0, 0, 3427.632, 143, 555.33, 28.944, 555.336, 0, 
고흥만 수상태양광, 1, 2026-01-22 00:00:00, 0, 0, 0, 0, 0, 0, 0, 198.492, 6148.968, 22665.72, 37884.84, 45812.844, 49029.12, 47781.132, 42034.524, 31275.132, 13015.128, 1778.532, 0, 0, 0, 0, 0, 0, 297624.432, 12401, 49029.12, 198.492, 49029.12, 0, 
영동태양광, 1, 2026-01-21 00:00:00, 0, 0, 0, 0, 0, 0, 0, 0, 16.224, 18.24, 17.376, 17.28, 103.872, 766.656, 661.824, 506.016, 571.968, 690.336, 688.416, 457.632, 0, 0, 0, 0, 4515.84, 188, 766.65, 16.224, 766.656, 0, 
삼천포태양광#5, 1, 2026-01-21 00:00:00, 0, 0, 0, 0, 0, 0, 0, 0.369, 129.915, 229.973, 334.734, 627.747, 1358.449, 3232.98, 2881.885, 2224.637, 2518, 2537.545, 2498.539, 1393.053, 0, 0, 0, 0, 19967.826, 832, 3232.98, 0.369, 3232.98, 0, 
삼천포태양광#5, 2, 2026-01-21 00:00:00, 0, 0, 0, 0, 0, 0, 0, 0.944, 174.769, 273.762, 726.284, 1410.587, 3004.566, 5475.703, 4858.523, 3731.432, 4258.764, 3933.128, 3788.373, 1574.808, 0, 0, 0, 0, 33211.643, 1384, 5475.7, 0.94, 5475.703, 0, 
광양항세방태양광, 1, 2026-01-21 00:00:00, 0, 0, 0, 0, 0, 0, 0, 2.4, 160.8, 600, 1094.4, 1413.6, 1569.6, 1454.4, 1262.4, 897.6, 424.8, 57.6, 0, 0, 0, 0, 0, 0, 8937.6, 372, 1569.6, 2.4, 1569.6, 0, 
두산엔진MG태양광, 1, 2026-01-21 00:00:00, 0, 0, 0, 0, 0, 0, 0, 0.3, 2.4, 7.38, 21.96, 35.76, 45.36, 50.94, 51.18, 44.88, 31.44, 1.68, 0, 0, 0, 0, 0, 0, 293.28, 12, 51.18, 0.3, 51.18, 0, 
삼천포태양광, 1, 2026-01-21 00:00:00, 0, 0, 0, 0, 0, 0, 0, 0, 2.22, 9.228, 15.108, 19.8, 21.66, 21.216, 18.972, 14.58, 7.176, 0.372, 0, 0, 0, 0, 0, 0, 130.332, 5, 21.66, 0.372, 21.66, 0, 
삼천포태양광, 2, 2026-01-21 00:00:00, 0, 0, 0, 0, 0, 0, 0, 2.112, 52.32, 342.336, 604.896, 698.208, 688.608, 410.784, 382.56, 391.008, 236.16, 21.792, 0, 0, 0, 0, 0, 0, 3830.784, 160, 698.2, 2.112, 698.208, 0, 
삼천포태양광, 3, 2026-01-21 00:00:00, 0, 0, 0, 0, 0, 0, 0, 0.108, 7.956, 71.64, 208.548, 204.768, 238.356, 244.98, 203.472, 138.996, 44.748, 4.608, 0, 0, 0, 0, 0, 0, 1368.18, 57, 244.98, 0.108, 244.98, 0, 
삼천포태양광, 4, 2026-01-21 00:00:00, 0, 0, 0, 0, 0, 0, 0, 0.031, 24.596, 90.425, 90.174, 98.346, 285.432, 1316.269, 1181.455, 905.779, 1182.573, 1187.943, 1171.224, 322.531, 0, 0, 0, 0, 7856.778, 327, 1316.26, 0.031, 1316.269, 0, 
구미태양광, 1, 2026-01-21 00:00:00, 0, 0, 0, 0, 0, 0, 0, 0, 37.966, 277.042, 492.181, 605.211, 675.574, 672.103, 613.166, 494.64, 304.016, 41.582, 0, 0, 0, 0, 0, 0, 4213.481, 176, 675.57, 37.966, 675.574, 0, 
삼천포태양광#6, 1, 2026-01-21 00:00:00, 0, 0, 0, 0, 0, 0, 0, 0, 0, 0, 0, 0, 0, 0, 0, 0, 0, 0, 0, 0, 0, 0, 0, 0, 0, 0, 0, 0, 0, 0, 
영흥태양광#5, 1, 2026-01-21 00:00:00, 0, 0, 0, 0, 0, 0, 0, 2.411, 320.6, 1096.789, 814.758, 805.116, 1255.884, 2111.621, 2227.326, 1400.516, 1010.011, 79.547, 0, 0, 0, 0, 0, 0, 11124.579, 464, 2227.32, 2.41, 2227.326, 0, 
영흥태양광 #3, 1, 2026-01-21 00:00:00, 0, 0, 0, 0, 0, 0, 0, 1.2, 209.52, 680.4, 1145.76, 1473.84, 1674.96, 1757.76, 1304.64, 757.92, 408, 26.64, 0, 0, 0, 0, 0, 0, 9440.64, 393, 1757.76, 1.2, 1757.76, 0, 
영흥태양광 #3, 2, 2026-01-21 00:00:00, 0, 0, 0, 0, 0, 0, 0, 0.192, 60.576, 146.88, 381.792, 492.672, 597.504, 622.272, 469.92, 380.736, 238.08, 30.336, 0, 0, 0, 0, 0, 0, 3420.96, 143, 622.27, 0.192, 622.272, 0, 
영흥태양광 #3, 3, 2026-01-21 00:00:00, 0, 0, 0, 0, 0, 0, 0, 0.24, 78.12, 225.36, 564.12, 701.16, 805.2, 886.44, 677.88, 439.08, 323.16, 30.48, 0, 0, 0, 0, 0, 0, 4731.24, 197, 886.44, 0.24, 886.44, 0, 
영흥태양광, 1, 2026-01-21 00:00:00, 0, 0, 0, 0, 0, 0, 0, 0, 28.838, 177.869, 423.322, 469.402, 702.72, 680.064, 573.965, 283.507, 171.994, 15.898, 0, 0, 0, 0, 0, 0, 3527.579, 147, 702.72, 15.898, 702.72, 0, 
예천태양광, 1, 2026-01-21 00:00:00, 0, 0, 0, 0, 0, 0, 0, 0, 315, 934.92, 1297.8, 1492.56, 1546.56, 1481.4, 1279.8, 953.1, 447.3, 9.18, 0, 0, 0, 0, 0, 0, 9757.62, 407, 1546.56, 9.18, 1546.56, 0, 
여수태양광, 1, 2026-01-21 00:00:00, 0, 0, 0, 0, 0, 0, 0, 0, 0, 0, 0, 0, 0, 0, 0, 0, 0, 0, 0, 0, 0, 0, 0, 571, 571, 24, 571, 571, 571, 0, 
영흥태양광, 2, 2026-01-21 00:00:00, 0, 0, 0, 0, 0, 0, 0, 0, 62.674, 224.661, 371.221, 506.211, 597.811, 563.099, 375.078, 277.693, 168.737, 14.463, 0, 0, 0, 0, 0, 0, 3161.648, 132, 597.81, 14.46, 597.811, 0, 
탑선태양광, 1, 2026-01-21 00:00:00, 0, 0, 0, 0, 0, 0, 0, 0, 0, 0, 0, 0, 0, 0, 0, 0, 0, 0, 0, 0, 0, 0, 0, 638, 638, 27, 638, 638, 638, 0, 
탑선태양광, 3, 2026-01-21 00:00:00, 0, 0, 0, 0, 0, 0, 0, 0, 0, 0, 0, 0, 0, 0, 0, 0, 0, 0, 0, 0, 0, 0, 0, 12, 12, 1, 12, 12, 12, 0, 
경상대태양광, 1, 2026-01-21 00:00:00, 0, 0, 0, 0, 0, 0, 0, 0, 65.52, 239.544, 390.888, 492.552, 545.76, 543.6, 485.568, 378.216, 204.552, 27.72, 0, 0, 0, 0, 0, 0, 3373.92, 141, 545.76, 27.72, 545.76, 0, 
고흥만 수상태양광, 1, 2026-01-21 00:00:00, 0, 0, 0, 0, 0, 0, 0, 228.564, 6551.664, 16415.784, 31589.796, 30349.032, 45684.912, 47486.964, 40768.98, 30130.464, 12588.408, 1687.896, 0, 0, 0, 0, 0, 0, 263482.464, 10978, 47486.96, 228.56, 47486.964, 0, 
영동태양광, 1, 2026-01-20 00:00:00, 0, 0, 0, 0, 0, 0, 0, 0, 12, 19.968, 19.104, 21.696, 19.584, 20.352, 69.6, 189.216, 472.512, 689.856, 688.128, 385.92, 0, 0, 0, 0, 2607.936, 109, 689.85, 12, 689.856, 0, 
삼천포태양광#5, 1, 2026-01-20 00:00:00, 0, 0, 0, 0, 0, 0, 0, 0, 106.837, 194.099, 255.199, 514.467, 783.048, 2019.389, 2797.249, 2128.347, 2507.571, 2535.598, 2499.588, 1360.304, 0, 0, 0, 0, 17701.696, 738, 2797.24, 106.83, 2797.249, 0, 
삼천포태양광#5, 2, 2026-01-20 00:00:00, 0, 0, 0, 0, 0, 0, 0, 0, 172.459, 286.303, 511.65, 1293.466, 1726.882, 4361.78, 4737.137, 3615.601, 4258.076, 3925.607, 3785.543, 1471.263, 0, 0, 0, 0, 30145.767, 1256, 4737.13, 172.45, 4737.137, 0, 
광양항세방태양광, 1, 2026-01-20 00:00:00, 0, 0, 0, 0, 0, 0, 0, 0, 103.2, 326.4, 924, 1197.6, 1406.4, 1353.6, 1216.8, 794.4, 381.6, 48, 0, 0, 0, 0, 0, 0, 7752, 323, 1406.4, 48, 1406.4, 0, 
두산엔진MG태양광, 1, 2026-01-20 00:00:00, 0, 0, 0, 0, 0, 0, 0, 0.24, 3.66, 9.54, 19.62, 34.08, 42.72, 45.18, 47.58, 42.48, 28.62, 1.44, 0, 0, 0, 0, 0, 0, 275.16, 11, 47.58, 0.24, 47.58, 0, 
삼천포태양광, 1, 2026-01-20 00:00:00, 0, 0, 0, 0, 0, 0, 0, 0, 0.336, 5.1, 13.992, 19.476, 21.024, 18.18, 18.3, 13.764, 6.576, 0.3, 0, 0, 0, 0, 0, 0, 117.048, 5, 21.02, 0.3, 21.024, 0, 
삼천포태양광, 2, 2026-01-20 00:00:00, 0, 0, 0, 0, 0, 0, 0, 0.288, 41.856, 204.96, 545.952, 689.568, 734.4, 646.176, 625.152, 446.88, 224.832, 19.968, 0, 0, 0, 0, 0, 0, 4180.032, 174, 734.4, 0.288, 734.4, 0, 
삼천포태양광, 3, 2026-01-20 00:00:00, 0, 0, 0, 0, 0, 0, 0, 0.036, 10.872, 61.452, 187.992, 234.36, 249.66, 214.236, 197.172, 130.536, 40.824, 4.104, 0, 0, 0, 0, 0, 0, 1331.244, 55, 249.66, 0.036, 249.66, 0, 
삼천포태양광, 4, 2026-01-20 00:00:00, 0, 0, 0, 0, 0, 0, 0, 0, 43.825, 94.438, 87.653, 97.019, 160.317, 820.263, 1160.79, 873.348, 1182.209, 1188.898, 1171.381, 332.097, 0, 0, 0, 0, 7212.238, 301, 1188.89, 43.82, 1188.898, 0, 
구미태양광, 1, 2026-01-20 00:00:00, 0, 0, 0, 0, 0, 0, 0, 0, 20.321, 166.543, 372.209, 463.978, 569.415, 555.313, 563.412, 471.065, 280.296, 37.17, 0, 0, 0, 0, 0, 0, 3499.722, 146, 569.41, 20.321, 569.415, 0, 
삼천포태양광#6, 1, 2026-01-20 00:00:00, 0, 0, 0, 0, 0, 0, 0, 0, 0, 0, 0, 0, 0, 0, 0, 0, 0, 0, 0, 0, 0, 0, 0, 0, 0, 0, 0, 0, 0, 0, 
영흥태양광#5, 1, 2026-01-20 00:00:00, 0, 0, 0, 0, 0, 0, 0, 2.411, 257.926, 1410.158, 1680.137, 1460.779, 875.021, 2128.495, 2613.011, 2015.2, 901.537, 67.495, 0, 0, 0, 0, 0, 0, 13412.17, 559, 2613.01, 2.41, 2613.011, 0, 
영흥태양광 #3, 1, 2026-01-20 00:00:00, 0, 0, 0, 0, 0, 0, 0, 0.24, 169.44, 844.32, 1308, 1596.48, 1784.4, 1584.72, 1554.48, 1076.16, 411.12, 31.92, 0, 0, 0, 0, 0, 0, 10361.28, 432, 1784.4, 0.24, 1784.4, 0, 
영흥태양광 #3, 2, 2026-01-20 00:00:00, 0, 0, 0, 0, 0, 0, 0, 0, 57.216, 274.752, 355.68, 573.408, 647.424, 636.48, 570.24, 444.672, 224.352, 26.208, 0, 0, 0, 0, 0, 0, 3810.432, 159, 647.42, 26.208, 647.424, 0, 
영흥태양광 #3, 3, 2026-01-20 00:00:00, 0, 0, 0, 0, 0, 0, 0, 0.12, 65.4, 289.2, 612.84, 808.32, 886.44, 867.96, 772.68, 594.96, 293.4, 27.36, 0, 0, 0, 0, 0, 0, 5218.68, 217, 886.44, 0.12, 886.44, 0, 
영흥태양광, 1, 2026-01-20 00:00:00, 0, 0, 0, 0, 0, 0, 0, 0, 23.078, 200.717, 435.61, 600.307, 694.387, 663.936, 551.808, 359.347, 159.706, 13.094, 0, 0, 0, 0, 0, 0, 3701.99, 154, 694.38, 13.094, 694.387, 0, 
예천태양광, 1, 2026-01-20 00:00:00, 0, 0, 0, 0, 0, 0, 0, 0.18, 132.3, 545.4, 886.5, 1216.08, 1304.64, 1322.46, 1214.1, 910.26, 423.54, 8.28, 0, 0, 0, 0, 0, 0, 7963.74, 332, 1322.46, 0.18, 1322.46, 0, 
여수태양광, 1, 2026-01-20 00:00:00, 0, 0, 0, 0, 0, 0, 0, 0, 0, 0, 0, 0, 0, 0, 0, 0, 0, 0, 0, 0, 0, 0, 0, 651, 651, 27, 651, 651, 651, 0, 
영흥태양광, 2, 2026-01-20 00:00:00, 0, 0, 0, 0, 0, 0, 0, 0, 47.246, 268.051, 455.107, 568.884, 552.493, 467.642, 435.823, 384.72, 155.238, 13.499, 0, 0, 0, 0, 0, 0, 3348.703, 140, 568.88, 13.49, 568.884, 0, 
탑선태양광, 1, 2026-01-20 00:00:00, 0, 0, 0, 0, 0, 0, 0, 0, 0, 0, 0, 0, 0, 0, 0, 0, 0, 0, 0, 0, 0, 0, 0, 638, 638, 27, 638, 638, 638, 0, 
탑선태양광, 3, 2026-01-20 00:00:00, 0, 0, 0, 0, 0, 0, 0, 0, 0, 0, 0, 0, 0, 0, 0, 0, 0, 0, 0, 0, 0, 0, 0, 12, 12, 1, 12, 12, 12, 0, 
경상대태양광, 1, 2026-01-20 00:00:00, 0, 0, 0, 0, 0, 0, 0, 0, 29.592, 146.664, 298.944, 458.856, 488.16, 477.072, 460.008, 361.224, 190.8, 25.56, 0, 0, 0, 0, 0, 0, 2936.88, 122, 488.16, 25.56, 488.16, 0, 
고흥만 수상태양광, 1, 2026-01-20 00:00:00, 0, 0, 0, 0, 0, 0, 0, 68.292, 3516.24, 9023.952, 27579.468, 44048.676, 44090.676, 38223.948, 37379.748, 29164.548, 12183.024, 1675.548, 0, 0, 0, 0, 0, 0, 246954.12, 10290, 44090.67, 68.29, 44090.676, 0, 
영동태양광, 1, 2026-01-19 00:00:00, 0, 0, 0, 0, 0, 0, 0, 0, 1.056, 19.776, 20.064, 20.352, 19.968, 20.256, 20.64, 168, 499.488, 688.992, 226.656, 0, 0, 0, 0, 0, 1705.248, 71, 688.99, 1.056, 688.992, 0, 
삼천포태양광#5, 1, 2026-01-19 00:00:00, 0, 0, 0, 0, 0, 0, 0, 0.021, 114.817, 181.539, 220.802, 387.417, 224.883, 247.436, 181.872, 246.385, 2510.926, 2152.158, 0, 0, 0, 0, 0, 0, 6468.256, 270, 2510.92, 0.02, 2510.926, 0, 
삼천포태양광#5, 2, 2026-01-19 00:00:00, 0, 0, 0, 0, 0, 0, 0, 0.025, 185.922, 275.561, 302.09, 433.373, 283.059, 332.657, 281.528, 479.444, 4009.901, 3940.544, 446.88, 0, 0, 0, 0, 0, 10970.984, 457, 4009.9, 0.02, 4009.901, 0, 
광양항세방태양광, 1, 2026-01-19 00:00:00, 0, 0, 0, 0, 0, 0, 0, 0, 74.4, 309.6, 429.6, 1008, 499.2, 189.6, 139.2, 144, 36, 2.4, 0, 0, 0, 0, 0, 0, 2832, 118, 1008, 2.4, 1008, 0, 
두산엔진MG태양광, 1, 2026-01-19 00:00:00, 0, 0, 0, 0, 0, 0, 0, 0.18, 2.82, 4.74, 10.14, 24.48, 16.56, 12.3, 7.86, 6.6, 2.4, 0.24, 0, 0, 0, 0, 0, 0, 88.32, 4, 24.48, 0.18, 24.48, 0, 
삼천포태양광, 1, 2026-01-19 00:00:00, 0, 0, 0, 0, 0, 0, 0, 0, 0.18, 0.636, 7.824, 10.5, 9.204, 5.976, 1.356, 0.42, 0, 0, 0, 0, 0, 0, 0, 0, 36.096, 2, 10.5, 0.18, 10.5, 0, 
삼천포태양광, 2, 2026-01-19 00:00:00, 0, 0, 0, 0, 0, 0, 0, 2.304, 38.688, 68.256, 322.272, 433.44, 340.224, 243.84, 97.632, 67.008, 35.424, 0.576, 0, 0, 0, 0, 0, 0, 1649.664, 69, 433.44, 0.576, 433.44, 0, 
삼천포태양광, 3, 2026-01-19 00:00:00, 0, 0, 0, 0, 0, 0, 0, 0.252, 9.504, 20.808, 104.796, 132.516, 101.196, 75.78, 30.6, 18.756, 8.82, 0, 0, 0, 0, 0, 0, 0, 503.028, 21, 132.51, 0.252, 132.516, 0, 
삼천포태양광, 4, 2026-01-19 00:00:00, 0, 0, 0, 0, 0, 0, 0, 0.009, 42.093, 80.332, 96.58, 101.922, 94.675, 96.051, 77.671, 68.083, 1179.565, 727.761, 0, 0, 0, 0, 0, 0, 2564.742, 107, 1179.56, 0.009, 1179.565, 0, 
구미태양광, 1, 2026-01-19 00:00:00, 0, 0, 0, 0, 0, 0, 0, 0, 0, 1.591, 27.263, 40.786, 63.566, 86.417, 164.157, 87.936, 42.883, 8.75, 0, 0, 0, 0, 0, 0, 523.349, 22, 164.15, 1.591, 164.157, 0, 
삼천포태양광#6, 1, 2026-01-19 00:00:00, 0, 0, 0, 0, 0, 0, 0, 0, 0, 0, 0, 0, 0, 0, 0, 0, 0, 0, 0, 0, 0, 0, 0, 0, 0, 0, 0, 0, 0, 0, 
영흥태양광#5, 1, 2026-01-19 00:00:00, 0, 0, 0, 0, 0, 0, 0, 0, 4.821, 81.958, 229, 282.032, 402.558, 995.547, 1299.274, 971.442, 395.326, 40.979, 0, 0, 0, 0, 0, 0, 4702.937, 196, 1299.27, 4.82, 1299.274, 0, 
영흥태양광 #3, 1, 2026-01-19 00:00:00, 0, 0, 0, 0, 0, 0, 0, 0, 1.2, 42.72, 152.16, 287.04, 934.08, 1372.8, 997.68, 624.24, 237.6, 29.04, 0, 0, 0, 0, 0, 0, 4678.56, 195, 1372.8, 1.2, 1372.8, 0, 
영흥태양광 #3, 2, 2026-01-19 00:00:00, 0, 0, 0, 0, 0, 0, 0, 0, 0.48, 16.896, 81.12, 229.056, 446.88, 493.248, 387.648, 246.048, 94.272, 7.584, 0, 0, 0, 0, 0, 0, 2003.232, 83, 493.24, 0.48, 493.248, 0, 
영흥태양광 #3, 3, 2026-01-19 00:00:00, 0, 0, 0, 0, 0, 0, 0, 0, 2.52, 36.84, 158.64, 379.2, 591.96, 687.6, 508.68, 340.68, 128.76, 13.92, 0, 0, 0, 0, 0, 0, 2848.8, 119, 687.6, 2.52, 687.6, 0, 
영흥태양광, 1, 2026-01-19 00:00:00, 0, 0, 0, 0, 0, 0, 0, 0, 0, 23.616, 119.885, 313.382, 443.712, 514.291, 407.693, 268.915, 93.811, 8.87, 0, 0, 0, 0, 0, 0, 2194.175, 91, 514.29, 8.87, 514.291, 0, 
예천태양광, 1, 2026-01-19 00:00:00, 0, 0, 0, 0, 0, 0, 0, 0, 8.82, 65.16, 298.44, 285.84, 374.22, 625.5, 862.02, 569.16, 190.8, 4.86, 0, 0, 0, 0, 0, 0, 3284.82, 137, 862.02, 4.86, 862.02, 0, 
여수태양광, 1, 2026-01-19 00:00:00, 0, 0, 0, 0, 0, 0, 0, 0, 0, 0, 0, 0, 0, 0, 0, 0, 0, 0, 0, 0, 0, 0, 0, 256, 256, 11, 256, 256, 256, 0, 
영흥태양광, 2, 2026-01-19 00:00:00, 0, 0, 0, 0, 0, 0, 0, 0, 0, 14.463, 62.674, 118.598, 278.657, 446.429, 323.975, 229.482, 88.707, 9.642, 0, 0, 0, 0, 0, 0, 1572.627, 66, 446.42, 9.64, 446.429, 0, 
탑선태양광, 1, 2026-01-19 00:00:00, 0, 0, 0, 0, 0, 0, 0, 0, 0, 0, 0, 0, 0, 0, 0, 0, 0, 0, 0, 0, 0, 0, 0, 638, 638, 27, 638, 638, 638, 0, 
탑선태양광, 3, 2026-01-19 00:00:00, 0, 0, 0, 0, 0, 0, 0, 0, 0, 0, 0, 0, 0, 0, 0, 0, 0, 0, 0, 0, 0, 0, 0, 12, 12, 1, 12, 12, 12, 0, 
경상대태양광, 1, 2026-01-19 00:00:00, 0, 0, 0, 0, 0, 0, 0, 0, 9.576, 36.36, 136.512, 205.272, 116.712, 109.872, 113.112, 96.336, 24.48, 2.664, 0, 0, 0, 0, 0, 0, 850.896, 35, 205.27, 2.664, 205.272, 0, 
고흥만 수상태양광, 1, 2026-01-19 00:00:00, 0, 0, 0, 0, 0, 0, 0, 174.384, 2471.196, 4047.372, 24927.336, 31380.132, 20424.768, 10952.004, 9464.952, 6990.816, 3560.256, 475.524, 0, 0, 0, 0, 0, 0, 114868.74, 4786, 31380.13, 174.38, 31380.132, 0, 
영동태양광, 1, 2026-01-18 00:00:00, 0, 0, 0, 0, 0, 0, 0, 0, 16.608, 19.968, 20.064, 19.776, 19.872, 19.968, 20.16, 19.104, 166.08, 0, 0, 0, 0, 0, 0, 0, 321.6, 13, 166.08, 16.608, 166.08, 0, 
삼천포태양광#5, 1, 2026-01-18 00:00:00, 0, 0, 0, 0, 0, 0, 0, 0.019, 158.237, 237.57, 230.285, 335.28, 327.564, 1538.621, 2270.745, 1575.481, 2505.049, 2530.61, 2504.939, 1090.625, 0, 0, 0, 0, 15305.025, 638, 2530.61, 0.019, 2530.61, 0, 
삼천포태양광#5, 2, 2026-01-18 00:00:00, 0, 0, 0, 0, 0, 0, 0, 0.111, 237.762, 287.219, 281.571, 452.341, 745.379, 4164.913, 3833.541, 2706.892, 4233.497, 3874.18, 3786.956, 1011.184, 0, 0, 0, 0, 25615.546, 1067, 4233.49, 0.11, 4233.497, 0, 
광양항세방태양광, 1, 2026-01-18 00:00:00, 0, 0, 0, 0, 0, 0, 0, 2.4, 158.4, 470.4, 792, 1099.2, 1224, 1212, 998.4, 684, 290.4, 28.8, 0, 0, 0, 0, 0, 0, 6960, 290, 1224, 2.4, 1224, 0, 
두산엔진MG태양광, 1, 2026-01-18 00:00:00, 0, 0, 0, 0, 0, 0, 0, 0.24, 3.06, 8.34, 19.14, 30.42, 37.62, 41.1, 40.14, 32.34, 16.2, 1.32, 0, 0, 0, 0, 0, 0, 229.92, 10, 41.1, 0.24, 41.1, 0, 
삼천포태양광, 1, 2026-01-18 00:00:00, 0, 0, 0, 0, 0, 0, 0, 0, 1.128, 5.832, 12.252, 16.512, 18.06, 17.496, 14.988, 10.32, 3.564, 0.012, 0, 0, 0, 0, 0, 0, 100.164, 4, 18.06, 0.012, 18.06, 0, 
삼천포태양광, 2, 2026-01-18 00:00:00, 0, 0, 0, 0, 0, 0, 0, 2.4, 59.328, 227.424, 473.088, 591.264, 635.136, 614.976, 519.36, 347.04, 146.208, 12.288, 0, 0, 0, 0, 0, 0, 3628.512, 151, 635.13, 2.4, 635.136, 0, 
삼천포태양광, 3, 2026-01-18 00:00:00, 0, 0, 0, 0, 0, 0, 0, 0.504, 17.136, 53.028, 157.032, 195.156, 208.08, 189.288, 155.592, 92.628, 25.236, 2.232, 0, 0, 0, 0, 0, 0, 1095.912, 46, 208.08, 0.504, 208.08, 0, 
삼천포태양광, 4, 2026-01-18 00:00:00, 0, 0, 0, 0, 0, 0, 0, 0.038, 61.352, 95.02, 93.28, 92.195, 84.241, 383.89, 934.129, 637.059, 1180.694, 1184.78, 1170.664, 137.744, 0, 0, 0, 0, 6055.086, 252, 1184.78, 0.038, 1184.78, 0, 
구미태양광, 1, 2026-01-18 00:00:00, 0, 0, 0, 0, 0, 0, 0, 0, 25.311, 181.223, 351.744, 445.321, 486.324, 477.573, 427.097, 308.21, 145.499, 19.598, 0, 0, 0, 0, 0, 0, 2867.9, 119, 486.32, 19.598, 486.324, 0, 
삼천포태양광#6, 1, 2026-01-18 00:00:00, 0, 0, 0, 0, 0, 0, 0, 0, 0, 0, 0, 0, 0, 0, 0, 0, 0, 0, 0, 0, 0, 0, 0, 0, 0, 0, 0, 0, 0, 0, 
영흥태양광#5, 1, 2026-01-18 00:00:00, 0, 0, 0, 0, 0, 0, 0, 0, 14.463, 79.547, 212.126, 417.021, 841.274, 1875.389, 1410.158, 916, 180.789, 0, 0, 0, 0, 0, 0, 0, 5946.767, 248, 1875.38, 14.46, 1875.389, 0, 
영흥태양광 #3, 1, 2026-01-18 00:00:00, 0, 0, 0, 0, 0, 0, 0, 0, 7.44, 49.44, 142.8, 281.76, 527.76, 1174.32, 867.36, 557.76, 116.64, 0.72, 0, 0, 0, 0, 0, 0, 3726, 155, 1174.32, 0.72, 1174.32, 0, 
영흥태양광 #3, 2, 2026-01-18 00:00:00, 0, 0, 0, 0, 0, 0, 0, 0, 1.056, 7.488, 39.936, 82.752, 172.416, 426.144, 321.696, 210.816, 36.864, 0, 0, 0, 0, 0, 0, 0, 1299.168, 54, 426.14, 1.056, 426.144, 0, 
영흥태양광 #3, 3, 2026-01-18 00:00:00, 0, 0, 0, 0, 0, 0, 0, 0, 3.24, 21.6, 62.76, 124.44, 235.2, 565.92, 452.28, 290.16, 52.44, 0.24, 0, 0, 0, 0, 0, 0, 1808.28, 75, 565.92, 0.24, 565.92, 0, 
영흥태양광, 1, 2026-01-18 00:00:00, 0, 0, 0, 0, 0, 0, 0, 0, 0.422, 11.174, 44.314, 96.922, 162.97, 487.411, 350.938, 235.43, 42.931, 0, 0, 0, 0, 0, 0, 0, 1432.512, 60, 487.41, 0.422, 487.411, 0, 
예천태양광, 1, 2026-01-18 00:00:00, 0, 0, 0, 0, 0, 0, 0, 1.08, 169.56, 569.34, 847.8, 428.22, 225.54, 247.5, 265.5, 305.1, 71.46, 0.9, 0, 0, 0, 0, 0, 0, 3132, 131, 847.8, 0.9, 847.8, 0, 
여수태양광, 1, 2026-01-18 00:00:00, 0, 0, 0, 0, 0, 0, 0, 0, 0, 0, 0, 0, 0, 0, 0, 0, 0, 0, 0, 0, 0, 0, 0, 557, 557, 23, 557, 557, 557, 0, 
영흥태양광, 2, 2026-01-18 00:00:00, 0, 0, 0, 0, 0, 0, 0, 0, 0, 14.463, 47.246, 94.493, 172.594, 421.36, 287.335, 196.699, 42.425, 0, 0, 0, 0, 0, 0, 0, 1276.615, 53, 421.36, 14.46, 421.36, 0, 
탑선태양광, 1, 2026-01-18 00:00:00, 0, 0, 0, 0, 0, 0, 0, 0, 0, 0, 0, 0, 0, 0, 0, 0, 0, 0, 0, 0, 0, 0, 0, 638, 638, 27, 638, 638, 638, 0, 
탑선태양광, 3, 2026-01-18 00:00:00, 0, 0, 0, 0, 0, 0, 0, 0, 0, 0, 0, 0, 0, 0, 0, 0, 0, 0, 0, 0, 0, 0, 0, 12, 12, 1, 12, 12, 12, 0, 
경상대태양광, 1, 2026-01-18 00:00:00, 0, 0, 0, 0, 0, 0, 0, 0, 46.224, 187.056, 319.104, 404.064, 442.512, 430.2, 383.76, 270.072, 121.608, 14.256, 0, 0, 0, 0, 0, 0, 2618.856, 109, 442.51, 14.256, 442.512, 0, 
고흥만 수상태양광, 1, 2026-01-18 00:00:00, 0, 0, 0, 0, 0, 0, 0, 134.064, 4502.316, 16001.076, 24489.024, 35742, 38908.128, 37213.596, 32212.488, 22401.456, 8852.844, 1071.84, 0, 0, 0, 0, 0, 0, 221528.832, 9230, 38908.12, 134.06, 38908.128, 0, 
영동태양광, 1, 2026-01-17 00:00:00, 0, 0, 0, 0, 0, 0, 0, 0, 16.608, 20.064, 19.68, 20.064, 21.12, 230.88, 349.056, 234.816, 511.968, 688.992, 687.648, 341.856, 0, 0, 0, 0, 3142.752, 131, 688.99, 16.608, 688.992, 0, 
삼천포태양광#5, 1, 2026-01-17 00:00:00, 0, 0, 0, 0, 0, 0, 0, 0, 152.135, 198.895, 216.349, 198.869, 237.949, 2106.53, 2306.788, 1629.696, 2512.325, 2528.456, 2503.082, 1086.659, 0, 0, 0, 0, 15677.733, 653, 2528.45, 152.135, 2528.456, 0, 
삼천포태양광#5, 2, 2026-01-17 00:00:00, 0, 0, 0, 0, 0, 0, 0, 0, 234.897, 285.071, 308.812, 587.944, 899.207, 4198.244, 3920.672, 2762.404, 4235.55, 3875.288, 3787.391, 1000.529, 0, 0, 0, 0, 26096.009, 1087, 4235.55, 234.897, 4235.55, 0, 
광양항세방태양광, 1, 2026-01-17 00:00:00, 0, 0, 0, 0, 0, 0, 0, 2.4, 151.2, 487.2, 842.4, 1180.8, 1334.4, 1317.6, 1058.4, 686.4, 295.2, 28.8, 0, 0, 0, 0, 0, 0, 7384.8, 308, 1334.4, 2.4, 1334.4, 0, 
두산엔진MG태양광, 1, 2026-01-17 00:00:00, 0, 0, 0, 0, 0, 0, 0, 0.24, 3, 8.04, 19.32, 31.14, 40.14, 43.8, 41.52, 34.44, 20.58, 1.32, 0, 0, 0, 0, 0, 0, 243.54, 10, 43.8, 0.24, 43.8, 0, 
삼천포태양광, 1, 2026-01-17 00:00:00, 0, 0, 0, 0, 0, 0, 0, 0, 1.308, 6.744, 11.532, 17.232, 18.912, 18.168, 15.432, 10.752, 3.996, 0.024, 0, 0, 0, 0, 0, 0, 104.1, 4, 18.91, 0.024, 18.912, 0, 
삼천포태양광, 2, 2026-01-17 00:00:00, 0, 0, 0, 0, 0, 0, 0, 2.592, 52.608, 250.176, 447.84, 610.464, 658.08, 632.832, 518.592, 366.528, 156.096, 12.48, 0, 0, 0, 0, 0, 0, 3708.288, 155, 658.08, 2.592, 658.08, 0, 
삼천포태양광, 3, 2026-01-17 00:00:00, 0, 0, 0, 0, 0, 0, 0, 0.396, 15.264, 51.156, 148.932, 203.112, 195.264, 200.376, 158.724, 93.528, 25.704, 2.268, 0, 0, 0, 0, 0, 0, 1094.724, 46, 203.11, 0.396, 203.112, 0, 
삼천포태양광, 4, 2026-01-17 00:00:00, 0, 0, 0, 0, 0, 0, 0, 0, 57.104, 94.29, 94.535, 90.427, 90.869, 456.387, 963.556, 648.404, 1180.605, 1184.76, 1170.799, 139.204, 0, 0, 0, 0, 6170.94, 257, 1184.76, 57.104, 1184.76, 0, 
구미태양광, 1, 2026-01-17 00:00:00, 0, 0, 0, 0, 0, 0, 0, 0, 20.972, 153.888, 363.098, 531.593, 568.981, 577.514, 514.816, 399.762, 217.598, 25.889, 0, 0, 0, 0, 0, 0, 3374.111, 141, 577.51, 20.972, 577.514, 0, 
삼천포태양광#6, 1, 2026-01-17 00:00:00, 0, 0, 0, 0, 0, 0, 0, 0, 0, 0, 0, 0, 0, 0, 0, 0, 0, 0, 0, 0, 0, 0, 0, 0, 0, 0, 0, 0, 0, 0, 
영흥태양광#5, 1, 2026-01-17 00:00:00, 0, 0, 0, 0, 0, 0, 0, 0, 269.979, 1210.084, 1976.632, 2468.379, 2658.811, 2603.368, 2273.126, 1643.979, 648.432, 50.621, 0, 0, 0, 0, 0, 0, 15803.411, 658, 2658.81, 50.62, 2658.811, 0, 
영흥태양광 #3, 1, 2026-01-17 00:00:00, 0, 0, 0, 0, 0, 0, 0, 0.48, 196.56, 761.28, 1173.6, 1482.96, 1588.56, 1295.52, 1355.28, 877.92, 286.32, 25.2, 0, 0, 0, 0, 0, 0, 9043.68, 377, 1588.56, 0.48, 1588.56, 0, 
영흥태양광 #3, 2, 2026-01-17 00:00:00, 0, 0, 0, 0, 0, 0, 0, 0.096, 54.912, 273.6, 464.928, 555.456, 590.88, 580.032, 520.512, 380.64, 173.088, 16.224, 0, 0, 0, 0, 0, 0, 3610.368, 150, 590.88, 0.096, 590.88, 0, 
영흥태양광 #3, 3, 2026-01-17 00:00:00, 0, 0, 0, 0, 0, 0, 0, 0, 66, 327.48, 561.48, 753.72, 810.72, 793.08, 707.76, 528.48, 228.48, 20.28, 0, 0, 0, 0, 0, 0, 4797.48, 200, 810.72, 20.28, 810.72, 0, 
영흥태양광, 1, 2026-01-17 00:00:00, 0, 0, 0, 0, 0, 0, 0, 0, 25.92, 190.042, 404.314, 578.112, 641.779, 608.026, 511.488, 339.341, 142.502, 10.752, 0, 0, 0, 0, 0, 0, 3452.276, 144, 641.77, 10.752, 641.779, 0, 
예천태양광, 1, 2026-01-17 00:00:00, 0, 0, 0, 0, 0, 0, 0, 3.06, 208.44, 715.32, 1080.18, 1280.16, 1338.12, 1280.34, 1081.62, 777.42, 310.32, 9.18, 0, 0, 0, 0, 0, 0, 8084.16, 337, 1338.12, 3.06, 1338.12, 0, 
여수태양광, 1, 2026-01-17 00:00:00, 0, 0, 0, 0, 0, 0, 0, 0, 0, 0, 0, 0, 0, 0, 0, 0, 0, 0, 0, 0, 0, 0, 0, 595, 595, 25, 595, 595, 595, 0, 
영흥태양광, 2, 2026-01-17 00:00:00, 0, 0, 0, 0, 0, 0, 0, 0, 53.996, 242.017, 411.718, 528.387, 561.171, 429.074, 393.398, 326.867, 120.526, 10.606, 0, 0, 0, 0, 0, 0, 3077.76, 128, 561.17, 10.606, 561.171, 0, 
탑선태양광, 1, 2026-01-17 00:00:00, 0, 0, 0, 0, 0, 0, 0, 0, 0, 0, 0, 0, 0, 0, 0, 0, 0, 0, 0, 0, 0, 0, 0, 638, 638, 27, 638, 638, 638, 0, 
탑선태양광, 3, 2026-01-17 00:00:00, 0, 0, 0, 0, 0, 0, 0, 0, 0, 0, 0, 0, 0, 0, 0, 0, 0, 0, 0, 0, 0, 0, 0, 12, 12, 1, 12, 12, 12, 0, 
경상대태양광, 1, 2026-01-17 00:00:00, 0, 0, 0, 0, 0, 0, 0, 0, 45.36, 186.84, 320.904, 411.624, 456.696, 452.448, 400.824, 297.936, 144.648, 16.704, 0, 0, 0, 0, 0, 0, 2733.984, 114, 456.69, 16.704, 456.696, 0, 
고흥만 수상태양광, 1, 2026-01-17 00:00:00, 0, 0, 0, 0, 0, 0, 0, 173.628, 4473.756, 16912.98, 28302.456, 27320.748, 35241.612, 33774.552, 33851.16, 24057.264, 9210.6, 1151.304, 0, 0, 0, 0, 0, 0, 214470.06, 8936, 35241.61, 173.62, 35241.612, 0, 
영동태양광, 1, 2026-01-16 00:00:00, 0, 0, 0, 0, 0, 0, 0, 0, 15.648, 20.064, 19.488, 19.488, 20.352, 163.2, 500.064, 344.064, 525.504, 688.896, 686.496, 358.56, 0, 0, 0, 0, 3361.824, 140, 688.89, 15.648, 688.896, 0, 
삼천포태양광#5, 1, 2026-01-16 00:00:00, 0, 0, 0, 0, 0, 0, 0, 0.316, 143.499, 195.617, 179.688, 310.879, 614.601, 2896.803, 2569.471, 1945.489, 2484.942, 2524.56, 2502.802, 1177.675, 0, 0, 0, 0, 17546.342, 731, 2896.8, 0.31, 2896.803, 0, 
삼천포태양광#5, 2, 2026-01-16 00:00:00, 0, 0, 0, 0, 0, 0, 0, 0.844, 205.772, 285.149, 409.926, 977.272, 1768.089, 4954.015, 4372.411, 3305.361, 4253.594, 3879.51, 3787.637, 1203.166, 0, 0, 0, 0, 29402.746, 1225, 4954.01, 0.84, 4954.015, 0, 
광양항세방태양광, 1, 2026-01-16 00:00:00, 0, 0, 0, 0, 0, 0, 0, 4.8, 153.6, 530.4, 919.2, 1183.2, 1298.4, 1300.8, 1135.2, 770.4, 348, 36, 0, 0, 0, 0, 0, 0, 7680, 320, 1300.8, 4.8, 1300.8, 0, 
두산엔진MG태양광, 1, 2026-01-16 00:00:00, 0, 0, 0, 0, 0, 0, 0, 0.24, 2.64, 7.32, 19.8, 31.92, 39.96, 44.4, 44.88, 38.64, 23.16, 1.14, 0.06, 0, 0, 0, 0, 0, 254.16, 11, 44.88, 0.06, 44.88, 0, 
삼천포태양광, 1, 2026-01-16 00:00:00, 0, 0, 0, 0, 0, 0, 0, 0, 2.112, 8.484, 13.992, 18.228, 19.656, 18.948, 16.692, 12.576, 5.46, 0.12, 0, 0, 0, 0, 0, 0, 116.268, 5, 19.65, 0.12, 19.656, 0, 
삼천포태양광, 2, 2026-01-16 00:00:00, 0, 0, 0, 0, 0, 0, 0, 2.208, 49.536, 301.44, 554.304, 659.808, 692.064, 669.024, 584.256, 420.768, 195.072, 13.152, 0, 0, 0, 0, 0, 0, 4141.632, 173, 692.06, 2.208, 692.064, 0, 
삼천포태양광, 3, 2026-01-16 00:00:00, 0, 0, 0, 0, 0, 0, 0, 0.36, 10.764, 46.296, 188.676, 222.804, 229.86, 218.376, 174.204, 101.88, 31.644, 2.376, 0, 0, 0, 0, 0, 0, 1227.24, 51, 229.86, 0.36, 229.86, 0, 
삼천포태양광, 4, 2026-01-16 00:00:00, 0, 0, 0, 0, 0, 0, 0, 0.072, 33.097, 94.354, 88.659, 93.089, 78.957, 933.287, 1051.222, 784.046, 1183.168, 1185.106, 1171.169, 197.96, 0, 0, 0, 0, 6894.186, 287, 1185.1, 0.072, 1185.106, 0, 
구미태양광, 1, 2026-01-16 00:00:00, 0, 0, 0, 0, 0, 0, 0, 0, 21.912, 162.421, 354.275, 480.611, 538.753, 533.257, 495.652, 384.431, 197.856, 22.056, 0, 0, 0, 0, 0, 0, 3191.224, 133, 538.75, 21.912, 538.753, 0, 
삼천포태양광#6, 1, 2026-01-16 00:00:00, 0, 0, 0, 0, 0, 0, 0, 0, 0, 0, 0, 0, 0, 0, 0, 0, 0, 0, 0, 0, 0, 0, 0, 0, 0, 0, 0, 0, 0, 0, 
영흥태양광#5, 1, 2026-01-16 00:00:00, 0, 0, 0, 0, 0, 0, 0, 0, 26.516, 144.632, 294.084, 470.053, 549.6, 612.274, 547.189, 1024.474, 460.411, 21.695, 0, 0, 0, 0, 0, 0, 4150.928, 173, 1024.47, 21.69, 1024.474, 0, 
영흥태양광 #3, 1, 2026-01-16 00:00:00, 0, 0, 0, 0, 0, 0, 0, 0, 12.48, 93.84, 208.56, 299.76, 342, 389.76, 420.96, 603.6, 243.6, 9.84, 0, 0, 0, 0, 0, 0, 2624.4, 109, 603.6, 9.84, 603.6, 0, 
영흥태양광 #3, 2, 2026-01-16 00:00:00, 0, 0, 0, 0, 0, 0, 0, 0, 1.632, 25.056, 57.6, 100.032, 121.728, 144.864, 111.168, 236.736, 109.536, 1.344, 0, 0, 0, 0, 0, 0, 909.696, 38, 236.73, 1.344, 236.736, 0, 
영흥태양광 #3, 3, 2026-01-16 00:00:00, 0, 0, 0, 0, 0, 0, 0, 0, 6.72, 46.2, 100.68, 178.56, 199.44, 294.84, 285.96, 356.4, 151.08, 3.48, 0, 0, 0, 0, 0, 0, 1623.36, 68, 356.4, 3.48, 356.4, 0, 
영흥태양광, 1, 2026-01-16 00:00:00, 0, 0, 0, 0, 0, 0, 0, 0, 1.613, 31.91, 90.202, 230.746, 245.683, 516.787, 483.533, 324.634, 92.851, 1.075, 0, 0, 0, 0, 0, 0, 2019.034, 84, 516.78, 1.075, 516.787, 0, 
예천태양광, 1, 2026-01-16 00:00:00, 0, 0, 0, 0, 0, 0, 0, 1.08, 212.22, 736.2, 1062.18, 1241.46, 1304.64, 1270.62, 1074.96, 750.96, 301.5, 8.46, 0, 0, 0, 0, 0, 0, 7964.28, 332, 1304.64, 1.08, 1304.64, 0, 
여수태양광, 1, 2026-01-16 00:00:00, 0, 0, 0, 0, 0, 0, 0, 0, 0, 0, 0, 0, 0, 0, 0, 0, 0, 0, 0, 0, 0, 0, 0, 686, 686, 29, 686, 686, 686, 0, 
영흥태양광, 2, 2026-01-16 00:00:00, 0, 0, 0, 0, 0, 0, 0, 0, 2.893, 29.891, 71.352, 107.027, 122.455, 141.739, 147.524, 209.234, 96.421, 3.857, 0, 0, 0, 0, 0, 0, 932.393, 39, 209.23, 2.893, 209.234, 0, 
탑선태양광, 1, 2026-01-16 00:00:00, 0, 0, 0, 0, 0, 0, 0, 0, 0, 0, 0, 0, 0, 0, 0, 0, 0, 0, 0, 0, 0, 0, 0, 638, 638, 27, 638, 638, 638, 0, 
탑선태양광, 3, 2026-01-16 00:00:00, 0, 0, 0, 0, 0, 0, 0, 0, 0, 0, 0, 0, 0, 0, 0, 0, 0, 0, 0, 0, 0, 0, 0, 12, 12, 1, 12, 12, 12, 0, 
경상대태양광, 1, 2026-01-16 00:00:00, 0, 0, 0, 0, 0, 0, 0, 0, 55.44, 212.256, 355.968, 441.36, 478.44, 476.928, 427.896, 329.328, 165.024, 18, 0, 0, 0, 0, 0, 0, 2960.64, 123, 478.44, 18, 478.44, 0, 
고흥만 수상태양광, 1, 2026-01-16 00:00:00, 0, 0, 0, 0, 0, 0, 0, 180.348, 5719.476, 19822.404, 33613.02, 40532.94, 43079.484, 41465.76, 36334.032, 26435.724, 9781.212, 1212.792, 0, 0, 0, 0, 0, 0, 258177.192, 10757, 43079.48, 180.34, 43079.484, 0, 
영동태양광, 1, 2026-01-15 00:00:00, 0, 0, 0, 0, 0, 0, 0, 0, 15.84, 20.16, 19.776, 20.832, 20.352, 20.16, 19.776, 137.472, 487.776, 250.368, 0, 0, 0, 0, 0, 0, 1012.512, 42, 487.77, 15.84, 487.776, 0, 
삼천포태양광#5, 1, 2026-01-15 00:00:00, 0, 0, 0, 0, 0, 0, 0, 0, 114.549, 206.644, 265.724, 646.509, 401.087, 311.051, 304.021, 1468.769, 2509.181, 2517.881, 2514.786, 574.385, 0, 0, 0, 0, 11834.587, 493, 2517.88, 114.549, 2517.881, 0, 
삼천포태양광#5, 2, 2026-01-15 00:00:00, 0, 0, 0, 0, 0, 0, 0, 0, 178.705, 287.023, 342.114, 870.71, 783.873, 418.877, 1572.522, 2512.22, 4212.523, 3846.692, 3809.105, 985.551, 0, 0, 0, 0, 19819.915, 826, 4212.52, 178.7, 4212.523, 0, 
광양항세방태양광, 1, 2026-01-15 00:00:00, 0, 0, 0, 0, 0, 0, 0, 0, 127.2, 451.2, 621.6, 1000.8, 1116, 1142.4, 988.8, 657.6, 285.6, 21.6, 0, 0, 0, 0, 0, 0, 6412.8, 267, 1142.4, 21.6, 1142.4, 0, 
두산엔진MG태양광, 1, 2026-01-15 00:00:00, 0, 0, 0, 0, 0, 0, 0, 0.06, 3.6, 9.78, 13.92, 24.48, 33.96, 40.86, 39.9, 31.86, 15.96, 1.02, 0, 0, 0, 0, 0, 0, 215.4, 9, 40.86, 0.06, 40.86, 0, 
삼천포태양광, 1, 2026-01-15 00:00:00, 0, 0, 0, 0, 0, 0, 0, 0, 1.104, 3.72, 5.508, 10.716, 14.952, 16.788, 14.46, 9.672, 3.06, 0, 0, 0, 0, 0, 0, 0, 79.98, 3, 16.78, 1.104, 16.788, 0, 
삼천포태양광, 2, 2026-01-15 00:00:00, 0, 0, 0, 0, 0, 0, 0, 0, 49.152, 159.936, 218.304, 399.36, 580.8, 586.944, 494.496, 329.088, 135.36, 8.352, 0, 0, 0, 0, 0, 0, 2961.792, 123, 586.94, 8.352, 586.944, 0, 
삼천포태양광, 3, 2026-01-15 00:00:00, 0, 0, 0, 0, 0, 0, 0, 0, 14.796, 41.94, 68.652, 129.564, 188.64, 193.356, 147.852, 78.696, 22.608, 1.188, 0, 0, 0, 0, 0, 0, 887.292, 37, 193.35, 1.188, 193.356, 0, 
삼천포태양광, 4, 2026-01-15 00:00:00, 0, 0, 0, 0, 0, 0, 0, 0, 47.617, 90.469, 106.385, 163.229, 121.576, 96.242, 88.72, 579.876, 1179.952, 1182.267, 1004.1, 0, 0, 0, 0, 0, 4660.433, 194, 1182.26, 47.617, 1182.267, 0, 
구미태양광, 1, 2026-01-15 00:00:00, 0, 0, 0, 0, 0, 0, 0, 0, 13.957, 159.022, 301.629, 416.973, 468.462, 468.317, 436.57, 320.648, 157.721, 20.972, 0, 0, 0, 0, 0, 0, 2764.271, 115, 468.46, 13.957, 468.462, 0, 
삼천포태양광#6, 1, 2026-01-15 00:00:00, 0, 0, 0, 0, 0, 0, 0, 0, 0, 0, 0, 0, 0, 0, 0, 0, 0, 0, 0, 0, 0, 0, 0, 0, 0, 0, 0, 0, 0, 0, 
영흥태양광#5, 1, 2026-01-15 00:00:00, 0, 0, 0, 0, 0, 0, 0, 0, 55.442, 265.158, 494.158, 723.158, 1863.337, 1824.768, 1472.832, 1099.2, 479.695, 43.389, 0, 0, 0, 0, 0, 0, 8321.137, 347, 1863.33, 43.38, 1863.337, 0, 
영흥태양광 #3, 1, 2026-01-15 00:00:00, 0, 0, 0, 0, 0, 0, 0, 0, 27.36, 174.48, 282.96, 472.56, 1107.36, 1070.88, 904.8, 632.16, 254.16, 24.24, 0, 0, 0, 0, 0, 0, 4950.96, 206, 1107.36, 24.24, 1107.36, 0, 
영흥태양광 #3, 2, 2026-01-15 00:00:00, 0, 0, 0, 0, 0, 0, 0, 0, 5.856, 49.728, 109.824, 162.336, 409.44, 406.176, 326.112, 253.248, 112.512, 7.68, 0, 0, 0, 0, 0, 0, 1842.912, 77, 409.44, 5.856, 409.44, 0, 
영흥태양광 #3, 3, 2026-01-15 00:00:00, 0, 0, 0, 0, 0, 0, 0, 0, 8.28, 84.48, 125.04, 223.32, 553.2, 551.88, 478.2, 356.4, 148.8, 13.44, 0, 0, 0, 0, 0, 0, 2543.04, 106, 553.2, 8.28, 553.2, 0, 
영흥태양광, 1, 2026-01-15 00:00:00, 0, 0, 0, 0, 0, 0, 0, 0, 4.186, 71.424, 80.717, 151.757, 438.528, 426.47, 369.715, 249.254, 105.178, 8.064, 0, 0, 0, 0, 0, 0, 1905.293, 79, 438.52, 4.186, 438.528, 0, 
예천태양광, 1, 2026-01-15 00:00:00, 0, 0, 0, 0, 0, 0, 0, 0, 2.7, 21.96, 79.38, 660.24, 521.28, 637.02, 803.7, 366.3, 100.98, 7.92, 0, 0, 0, 0, 0, 0, 3201.48, 133, 803.7, 2.7, 803.7, 0, 
여수태양광, 1, 2026-01-15 00:00:00, 0, 0, 0, 0, 0, 0, 0, 0, 0, 0, 0, 0, 0, 0, 0, 0, 0, 0, 0, 0, 0, 0, 0, 521, 521, 22, 521, 521, 521, 0, 
영흥태양광, 2, 2026-01-15 00:00:00, 0, 0, 0, 0, 0, 0, 0, 0, 5.785, 54.96, 102.206, 144.632, 367.364, 377.971, 313.368, 230.446, 95.457, 8.678, 0, 0, 0, 0, 0, 0, 1700.867, 71, 377.97, 5.78, 377.971, 0, 
탑선태양광, 1, 2026-01-15 00:00:00, 0, 0, 0, 0, 0, 0, 0, 0, 0, 0, 0, 0, 0, 0, 0, 0, 0, 0, 0, 0, 0, 0, 0, 638, 638, 27, 638, 638, 638, 0, 
탑선태양광, 3, 2026-01-15 00:00:00, 0, 0, 0, 0, 0, 0, 0, 0, 0, 0, 0, 0, 0, 0, 0, 0, 0, 0, 0, 0, 0, 0, 0, 12, 12, 1, 12, 12, 12, 0, 
경상대태양광, 1, 2026-01-15 00:00:00, 0, 0, 0, 0, 0, 0, 0, 0, 22.68, 138.96, 220.392, 365.184, 414.288, 427.68, 358.344, 252.144, 126, 13.536, 0, 0, 0, 0, 0, 0, 2339.208, 97, 427.68, 13.536, 427.68, 0, 
고흥만 수상태양광, 1, 2026-01-15 00:00:00, 0, 0, 0, 0, 0, 0, 0, 68.376, 4813.536, 10103.436, 21232.596, 36196.272, 37206.876, 36079.176, 30908.556, 21419.58, 7877.016, 854.28, 0, 0, 0, 0, 0, 0, 206759.7, 8615, 37206.87, 68.37, 37206.876, 0, 
영동태양광, 1, 2026-01-14 00:00:00, 0, 0, 0, 0, 0, 0, 0, 0, 15.84, 20.16, 18.816, 18.336, 18.528, 323.232, 487.68, 328.32, 506.976, 689.76, 689.472, 319.008, 0, 0, 0, 0, 3436.128, 143, 689.76, 15.84, 689.76, 0, 
삼천포태양광#5, 1, 2026-01-14 00:00:00, 0, 0, 0, 0, 0, 0, 0, 0.342, 152.839, 210.185, 186.365, 204.823, 360.65, 2206.333, 2126.455, 1340.262, 2497.812, 2517.381, 2508.705, 947.671, 0, 0, 0, 0, 15259.823, 636, 2517.38, 0.342, 2517.381, 0, 
삼천포태양광#5, 2, 2026-01-14 00:00:00, 0, 0, 0, 0, 0, 0, 0, 0.987, 229.818, 285.227, 319.792, 696.686, 1228.503, 4286.725, 3578.23, 2255.023, 4187.93, 3829.787, 3798.572, 638.139, 0, 0, 0, 0, 25335.419, 1056, 4286.72, 0.98, 4286.725, 0, 
광양항세방태양광, 1, 2026-01-14 00:00:00, 0, 0, 0, 0, 0, 0, 0, 2.4, 134.4, 456, 842.4, 1176, 1334.4, 1245.6, 1012.8, 662.4, 228, 7.2, 0, 0, 0, 0, 0, 0, 7101.6, 296, 1334.4, 2.4, 1334.4, 0, 
두산엔진MG태양광, 1, 2026-01-14 00:00:00, 0, 0, 0, 0, 0, 0, 0, 0.24, 2.76, 7.5, 19.92, 31.92, 39.48, 43.44, 41.52, 33.6, 16.32, 1.02, 0, 0, 0, 0, 0, 0, 237.72, 10, 43.44, 0.24, 43.44, 0, 
삼천포태양광, 1, 2026-01-14 00:00:00, 0, 0, 0, 0, 0, 0, 0, 0, 1.956, 8.088, 13.524, 17.568, 18.72, 17.388, 14.22, 8.976, 1.392, 0, 0, 0, 0, 0, 0, 0, 101.832, 4, 18.72, 1.392, 18.72, 0, 
삼천포태양광, 2, 2026-01-14 00:00:00, 0, 0, 0, 0, 0, 0, 0, 2.304, 51.072, 281.28, 523.008, 626.88, 657.984, 553.44, 449.856, 306.816, 86.4, 5.472, 0, 0, 0, 0, 0, 0, 3544.512, 148, 657.98, 2.304, 657.984, 0, 
삼천포태양광, 3, 2026-01-14 00:00:00, 0, 0, 0, 0, 0, 0, 0, 0.36, 13.716, 44.604, 174.168, 208.692, 167.04, 148.5, 143.244, 74.736, 18.792, 0.828, 0, 0, 0, 0, 0, 0, 994.68, 41, 208.69, 0.36, 208.692, 0, 
삼천포태양광, 4, 2026-01-14 00:00:00, 0, 0, 0, 0, 0, 0, 0, 0.071, 48.598, 94.491, 90.355, 92.379, 79.087, 602.478, 878.956, 540.595, 1175.929, 1180.296, 1158.307, 0, 0, 0, 0, 0, 5941.542, 248, 1180.29, 0.071, 1180.296, 0, 
구미태양광, 1, 2026-01-14 00:00:00, 0, 0, 0, 0, 0, 0, 0, 0, 29.722, 229.313, 424.421, 533.763, 578.237, 564.859, 491.024, 359.12, 177.391, 21.333, 0, 0, 0, 0, 0, 0, 3409.183, 142, 578.23, 21.333, 578.237, 0, 
삼천포태양광#6, 1, 2026-01-14 00:00:00, 0, 0, 0, 0, 0, 0, 0, 0, 0, 0, 0, 0, 0, 0, 0, 0, 0, 0, 0, 0, 0, 0, 0, 0, 0, 0, 0, 0, 0, 0, 
영흥태양광#5, 1, 2026-01-14 00:00:00, 0, 0, 0, 0, 0, 0, 0, 0, 219.358, 1130.537, 1880.211, 2258.663, 2432.221, 2167.063, 1617.463, 920.821, 188.021, 0, 0, 0, 0, 0, 0, 0, 12814.358, 534, 2432.22, 188.02, 2432.221, 0, 
영흥태양광 #3, 1, 2026-01-14 00:00:00, 0, 0, 0, 0, 0, 0, 0, 0, 153.84, 706.08, 1126.8, 1367.76, 1500.48, 1330.56, 949.92, 511.44, 131.76, 0.24, 0, 0, 0, 0, 0, 0, 7778.88, 324, 1500.48, 0.24, 1500.48, 0, 
영흥태양광 #3, 2, 2026-01-14 00:00:00, 0, 0, 0, 0, 0, 0, 0, 0, 46.56, 252.384, 426.24, 505.056, 542.016, 492.576, 383.232, 218.112, 38.496, 0, 0, 0, 0, 0, 0, 0, 2904.672, 121, 542.01, 38.496, 542.016, 0, 
영흥태양광 #3, 3, 2026-01-14 00:00:00, 0, 0, 0, 0, 0, 0, 0, 0, 65.04, 347.76, 584.76, 696, 746.4, 663.72, 496.92, 295.32, 61.44, 0, 0, 0, 0, 0, 0, 0, 3957.36, 165, 746.4, 61.44, 746.4, 0, 
영흥태양광, 1, 2026-01-14 00:00:00, 0, 0, 0, 0, 0, 0, 0, 0, 19.238, 184.781, 383.27, 538.483, 584.102, 530.15, 390.029, 217.037, 48.461, 0, 0, 0, 0, 0, 0, 0, 2895.551, 121, 584.1, 19.238, 584.102, 0, 
예천태양광, 1, 2026-01-14 00:00:00, 0, 0, 0, 0, 0, 0, 0, 0.36, 226.62, 767.16, 1074.96, 1260.72, 1303.02, 1207.44, 1008.72, 702, 228.06, 1.62, 0, 0, 0, 0, 0, 0, 7780.68, 324, 1303.02, 0.36, 1303.02, 0, 
여수태양광, 1, 2026-01-14 00:00:00, 0, 0, 0, 0, 0, 0, 0, 0, 0, 0, 0, 0, 0, 0, 0, 0, 0, 0, 0, 0, 0, 0, 0, 610, 610, 25, 610, 610, 610, 0, 
영흥태양광, 2, 2026-01-14 00:00:00, 0, 0, 0, 0, 0, 0, 0, 0, 41.461, 220.804, 399.183, 491.747, 530.316, 477.284, 338.438, 203.448, 45.318, 0, 0, 0, 0, 0, 0, 0, 2747.999, 114, 530.31, 41.46, 530.316, 0, 
탑선태양광, 1, 2026-01-14 00:00:00, 0, 0, 0, 0, 0, 0, 0, 0, 0, 0, 0, 0, 0, 0, 0, 0, 0, 0, 0, 0, 0, 0, 0, 638, 638, 27, 638, 638, 638, 0, 
탑선태양광, 3, 2026-01-14 00:00:00, 0, 0, 0, 0, 0, 0, 0, 0, 0, 0, 0, 0, 0, 0, 0, 0, 0, 0, 0, 0, 0, 0, 0, 12, 12, 1, 12, 12, 12, 0, 
경상대태양광, 1, 2026-01-14 00:00:00, 0, 0, 0, 0, 0, 0, 0, 0, 51.336, 203.472, 341.28, 427.68, 464.976, 446.184, 381.6, 262.08, 116.136, 11.664, 0, 0, 0, 0, 0, 0, 2706.408, 113, 464.97, 11.664, 464.976, 0, 
고흥만 수상태양광, 1, 2026-01-14 00:00:00, 0, 0, 0, 0, 0, 0, 0, 145.152, 5195.904, 18794.916, 31116.288, 37486.932, 39756.024, 37520.952, 31318.14, 20456.604, 7584.696, 415.212, 0, 0, 0, 0, 0, 0, 229790.82, 9575, 39756.02, 145.15, 39756.024, 0, 
영동태양광, 1, 2026-01-13 00:00:00, 0, 0, 0, 0, 0, 0, 0, 0, 13.824, 19.68, 19.104, 21.216, 20.352, 21.12, 450.144, 411.936, 550.56, 689.28, 687.264, 418.656, 0, 0, 0, 0, 3323.136, 138, 689.28, 13.824, 689.28, 0, 
삼천포태양광#5, 1, 2026-01-13 00:00:00, 0, 0, 0, 0, 0, 0, 0, 0, 144, 196.517, 208.336, 425.669, 581.491, 3000.031, 2680.396, 2031.752, 2498.897, 2528.684, 2501.457, 1183.185, 0, 0, 0, 0, 17980.415, 749, 3000.03, 144, 3000.031, 0, 
삼천포태양광#5, 2, 2026-01-13 00:00:00, 0, 0, 0, 0, 0, 0, 0, 0, 209.455, 282.144, 398.224, 1074.372, 1819.93, 5120.941, 4532.004, 3426.12, 4243.438, 3863.447, 3788.462, 1135.677, 0, 0, 0, 0, 29894.214, 1246, 5120.94, 209.45, 5120.941, 0, 
광양항세방태양광, 1, 2026-01-13 00:00:00, 0, 0, 0, 0, 0, 0, 0, 2.4, 139.2, 494.4, 900, 1236, 1404, 1339.2, 1173.6, 811.2, 348, 31.2, 0, 0, 0, 0, 0, 0, 7879.2, 328, 1404, 2.4, 1404, 0, 
두산엔진MG태양광, 1, 2026-01-13 00:00:00, 0, 0, 0, 0, 0, 0, 0, 0.24, 2.52, 7.38, 19.92, 32.58, 40.74, 45.96, 45.3, 39.54, 22.98, 0.84, 0, 0, 0, 0, 0, 0, 258, 11, 45.96, 0.24, 45.96, 0, 
삼천포태양광, 1, 2026-01-13 00:00:00, 0, 0, 0, 0, 0, 0, 0, 0, 1.812, 7.932, 13.704, 18.48, 20.52, 19.956, 17.352, 13.248, 5.736, 0.144, 0, 0, 0, 0, 0, 0, 118.884, 5, 20.52, 0.144, 20.52, 0, 
삼천포태양광, 2, 2026-01-13 00:00:00, 0, 0, 0, 0, 0, 0, 0, 1.728, 49.248, 277.056, 529.728, 663.552, 722.976, 697.536, 594.912, 430.464, 203.328, 10.656, 0, 0, 0, 0, 0, 0, 4181.184, 174, 722.97, 1.728, 722.976, 0, 
삼천포태양광, 3, 2026-01-13 00:00:00, 0, 0, 0, 0, 0, 0, 0, 0.252, 11.7, 40.284, 169.344, 226.728, 244.476, 234.36, 176.652, 98.532, 36.144, 1.98, 0, 0, 0, 0, 0, 0, 1240.452, 52, 244.47, 0.252, 244.476, 0, 
삼천포태양광, 4, 2026-01-13 00:00:00, 0, 0, 0, 0, 0, 0, 0, 0, 38.657, 93.322, 88.512, 92.543, 81.955, 992.356, 1095.312, 825.16, 1178.752, 1185.005, 1171.074, 182.547, 0, 0, 0, 0, 7025.195, 293, 1185, 38.657, 1185.005, 0, 
구미태양광, 1, 2026-01-13 00:00:00, 0, 0, 0, 0, 0, 0, 0, 0, 17.428, 119.683, 431.219, 574.983, 627.556, 607.453, 561.749, 441.633, 235.388, 20.321, 0, 0, 0, 0, 0, 0, 3637.413, 152, 627.55, 17.428, 627.556, 0, 
삼천포태양광#6, 1, 2026-01-13 00:00:00, 0, 0, 0, 0, 0, 0, 0, 0, 0, 0, 0, 0, 0, 0, 0, 0, 0, 0, 0, 0, 0, 0, 0, 0, 0, 0, 0, 0, 0, 0, 
영흥태양광#5, 1, 2026-01-13 00:00:00, 0, 0, 0, 0, 0, 0, 0, 0, 231.411, 1214.905, 2073.053, 2468.379, 2499.716, 2528.642, 2369.547, 1851.284, 621.916, 33.747, 0, 0, 0, 0, 0, 0, 15892.6, 662, 2528.64, 33.74, 2528.642, 0, 
영흥태양광 #3, 1, 2026-01-13 00:00:00, 0, 0, 0, 0, 0, 0, 0, 0.24, 164.88, 752.64, 1239.6, 1544.88, 1668, 1653.6, 1404.96, 933.6, 262.56, 12.72, 0, 0, 0, 0, 0, 0, 9637.68, 402, 1668, 0.24, 1668, 0, 
영흥태양광 #3, 2, 2026-01-13 00:00:00, 0, 0, 0, 0, 0, 0, 0, 0.096, 71.04, 331.776, 540.96, 666.624, 713.28, 688.224, 538.752, 420.192, 187.488, 16.416, 0, 0, 0, 0, 0, 0, 4174.848, 174, 713.28, 0.096, 713.28, 0, 
영흥태양광 #3, 3, 2026-01-13 00:00:00, 0, 0, 0, 0, 0, 0, 0, 0, 66.96, 356.4, 635.76, 783.24, 847.68, 845.4, 733.68, 582.36, 246.84, 15, 0, 0, 0, 0, 0, 0, 5113.32, 213, 847.68, 15, 847.68, 0, 
영흥태양광, 1, 2026-01-13 00:00:00, 0, 0, 0, 0, 0, 0, 0, 0, 16.627, 192.768, 407.194, 597.043, 667.315, 643.2, 531.418, 334.848, 143.117, 7.795, 0, 0, 0, 0, 0, 0, 3541.325, 148, 667.31, 7.795, 667.315, 0, 
예천태양광, 1, 2026-01-13 00:00:00, 0, 0, 0, 0, 0, 0, 0, 0.72, 129.42, 550.62, 946.8, 1252.08, 1403.46, 1386.18, 1196.28, 866.34, 340.2, 1.8, 0, 0, 0, 0, 0, 0, 8073.9, 336, 1403.46, 0.72, 1403.46, 0, 
여수태양광, 1, 2026-01-13 00:00:00, 0, 0, 0, 0, 0, 0, 0, 0, 0, 0, 0, 0, 0, 0, 0, 0, 0, 0, 0, 0, 0, 0, 0, 678, 678, 28, 678, 678, 678, 0, 
영흥태양광, 2, 2026-01-13 00:00:00, 0, 0, 0, 0, 0, 0, 0, 0, 44.354, 237.196, 431.002, 543.815, 588.168, 509.103, 407.861, 352.901, 110.884, 7.714, 0, 0, 0, 0, 0, 0, 3232.998, 135, 588.16, 7.71, 588.168, 0, 
탑선태양광, 1, 2026-01-13 00:00:00, 0, 0, 0, 0, 0, 0, 0, 0, 0, 0, 0, 0, 0, 0, 0, 0, 0, 0, 0, 0, 0, 0, 0, 638, 638, 27, 638, 638, 638, 0, 
탑선태양광, 3, 2026-01-13 00:00:00, 0, 0, 0, 0, 0, 0, 0, 0, 0, 0, 0, 0, 0, 0, 0, 0, 0, 0, 0, 0, 0, 0, 0, 12, 12, 1, 12, 12, 12, 0, 
경상대태양광, 1, 2026-01-13 00:00:00, 0, 0, 0, 0, 0, 0, 0, 0, 51.912, 203.256, 334.368, 420.192, 485.064, 487.512, 431.28, 329.184, 162.216, 14.328, 0, 0, 0, 0, 0, 0, 2919.312, 122, 487.51, 14.328, 487.512, 0, 
고흥만 수상태양광, 1, 2026-01-13 00:00:00, 0, 0, 0, 0, 0, 0, 0, 111.888, 4398.996, 12138.756, 30440.256, 39263.532, 40714.8, 37034.844, 36309.756, 25396.896, 8530.032, 955.416, 0, 0, 0, 0, 0, 0, 235295.172, 9804, 40714.8, 111.888, 40714.8, 0, 
영동태양광, 1, 2026-01-12 00:00:00, 0, 0, 0, 0, 0, 0, 0, 0, 14.784, 20.736, 19.872, 18.816, 19.68, 21.408, 85.056, 355.2, 508.128, 689.088, 688.704, 289.728, 0, 0, 0, 0, 2731.2, 114, 689.08, 14.784, 689.088, 0, 
삼천포태양광#5, 1, 2026-01-12 00:00:00, 0, 0, 0, 0, 0, 0, 0, 0.101, 136.434, 288.171, 264.827, 466.817, 746.342, 506.114, 1743.581, 1395.434, 2506.547, 2521.2, 2507.779, 901.128, 0, 0, 0, 0, 13984.475, 583, 2521.2, 0.101, 2521.2, 0, 
삼천포태양광#5, 2, 2026-01-12 00:00:00, 0, 0, 0, 0, 0, 0, 0, 0.116, 192.15, 287.036, 482.855, 1049.04, 1051.193, 1952.392, 2888.016, 2318.482, 4114.327, 3825.648, 3795.131, 735.472, 0, 0, 0, 0, 22691.858, 945, 4114.32, 0.11, 4114.327, 0, 
광양항세방태양광, 1, 2026-01-12 00:00:00, 0, 0, 0, 0, 0, 0, 0, 2.4, 151.2, 518.4, 919.2, 1286.4, 1024.8, 1128, 1048.8, 636, 213.6, 12, 0, 0, 0, 0, 0, 0, 6940.8, 289, 1286.4, 2.4, 1286.4, 0, 
두산엔진MG태양광, 1, 2026-01-12 00:00:00, 0, 0, 0, 0, 0, 0, 0, 0.24, 2.22, 6.96, 20.58, 32.94, 42.24, 45.96, 42.06, 31.86, 12.9, 0.48, 0, 0, 0, 0, 0, 0, 238.44, 10, 45.96, 0.24, 45.96, 0, 
삼천포태양광, 1, 2026-01-12 00:00:00, 0, 0, 0, 0, 0, 0, 0, 0, 2.868, 9.444, 15.18, 16.62, 8.688, 9.468, 13.536, 9.348, 1.068, 0, 0, 0, 0, 0, 0, 0, 86.22, 4, 16.62, 1.068, 16.62, 0, 
삼천포태양광, 2, 2026-01-12 00:00:00, 0, 0, 0, 0, 0, 0, 0, 1.536, 50.208, 309.696, 561.024, 408.864, 388.032, 275.808, 324.864, 278.4, 79.104, 4.32, 0, 0, 0, 0, 0, 0, 2681.856, 112, 561.02, 1.536, 561.024, 0, 
삼천포태양광, 3, 2026-01-12 00:00:00, 0, 0, 0, 0, 0, 0, 0, 0.036, 10.26, 39.636, 104.868, 59.652, 154.62, 119.412, 147.708, 69.408, 19.656, 0.396, 0, 0, 0, 0, 0, 0, 725.652, 30, 154.62, 0.036, 154.62, 0, 
삼천포태양광, 4, 2026-01-12 00:00:00, 0, 0, 0, 0, 0, 0, 0, 0.007, 28.079, 93.603, 88.79, 100.863, 190.521, 124.55, 454.099, 576.915, 1177.35, 1179.44, 1163.963, 0, 0, 0, 0, 0, 5178.18, 216, 1179.44, 0.007, 1179.44, 0, 
구미태양광, 1, 2026-01-12 00:00:00, 0, 0, 0, 0, 0, 0, 0, 0, 16.199, 242.475, 451.467, 559.797, 609.188, 589.88, 516.479, 384.575, 165.459, 16.85, 0, 0, 0, 0, 0, 0, 3552.369, 148, 609.18, 16.19, 609.188, 0, 
삼천포태양광#6, 1, 2026-01-12 00:00:00, 0, 0, 0, 0, 0, 0, 0, 0, 0, 0, 0, 0, 0, 0, 0, 0, 0, 0, 0, 0, 0, 0, 0, 0, 0, 0, 0, 0, 0, 0, 
영흥태양광#5, 1, 2026-01-12 00:00:00, 0, 0, 0, 0, 0, 0, 0, 0, 36.158, 339.884, 617.095, 441.126, 330.242, 323.011, 392.916, 125.347, 36.158, 7.232, 0, 0, 0, 0, 0, 0, 2649.169, 110, 617.09, 7.23, 617.095, 0, 
영흥태양광 #3, 1, 2026-01-12 00:00:00, 0, 0, 0, 0, 0, 0, 0, 0, 24.96, 190.32, 277.92, 214.8, 174.24, 213.12, 249.36, 72.96, 19.68, 1.68, 0, 0, 0, 0, 0, 0, 1439.04, 60, 277.92, 1.68, 277.92, 0, 
영흥태양광 #3, 2, 2026-01-12 00:00:00, 0, 0, 0, 0, 0, 0, 0, 0, 7.392, 86.592, 190.176, 142.272, 90.432, 90.624, 113.76, 31.296, 7.68, 0.864, 0, 0, 0, 0, 0, 0, 761.088, 32, 190.17, 0.864, 190.176, 0, 
영흥태양광 #3, 3, 2026-01-12 00:00:00, 0, 0, 0, 0, 0, 0, 0, 0, 15.96, 103.32, 138.12, 92.76, 83.28, 118.2, 116.16, 37.2, 10.44, 0.48, 0, 0, 0, 0, 0, 0, 715.92, 30, 138.12, 0.48, 138.12, 0, 
영흥태양광, 1, 2026-01-12 00:00:00, 0, 0, 0, 0, 0, 0, 0, 0, 17.203, 81.408, 261.581, 148.57, 45.773, 83.52, 66.624, 29.645, 10.214, 0, 0, 0, 0, 0, 0, 0, 744.538, 31, 261.58, 10.214, 261.581, 0, 
예천태양광, 1, 2026-01-12 00:00:00, 0, 0, 0, 0, 0, 0, 0, 0, 142.56, 655.56, 846.36, 1049.22, 560.88, 355.86, 417.96, 146.52, 70.56, 0.54, 0, 0, 0, 0, 0, 0, 4246.02, 177, 1049.22, 0.54, 1049.22, 0, 
여수태양광, 1, 2026-01-12 00:00:00, 0, 0, 0, 0, 0, 0, 0, 0, 0, 0, 0, 0, 0, 0, 0, 0, 0, 0, 0, 0, 0, 0, 0, 426, 426, 18, 426, 426, 426, 0, 
영흥태양광, 2, 2026-01-12 00:00:00, 0, 0, 0, 0, 0, 0, 0, 0, 0, 0, 25.069, 76.173, 63.638, 72.316, 89.672, 23.141, 5.785, 0, 0, 0, 0, 0, 0, 0, 355.794, 15, 89.67, 5.78, 89.672, 0, 
탑선태양광, 1, 2026-01-12 00:00:00, 0, 0, 0, 0, 0, 0, 0, 0, 0, 0, 0, 0, 0, 0, 0, 0, 0, 0, 0, 0, 0, 0, 0, 638, 638, 27, 638, 638, 638, 0, 
탑선태양광, 3, 2026-01-12 00:00:00, 0, 0, 0, 0, 0, 0, 0, 0, 0, 0, 0, 0, 0, 0, 0, 0, 0, 0, 0, 0, 0, 0, 0, 12, 12, 1, 12, 12, 12, 0, 
경상대태양광, 1, 2026-01-12 00:00:00, 0, 0, 0, 0, 0, 0, 0, 0, 58.68, 224.352, 369.216, 454.752, 498.024, 469.368, 407.376, 285.84, 106.992, 3.816, 0, 0, 0, 0, 0, 0, 2878.416, 120, 498.02, 3.816, 498.024, 0, 
고흥만 수상태양광, 1, 2026-01-12 00:00:00, 0, 0, 0, 0, 0, 0, 0, 80.22, 4948.524, 20426.112, 33025.524, 24088.344, 28922.376, 26214.3, 28827.372, 17022.432, 7396.284, 657.552, 0, 0, 0, 0, 0, 0, 191609.04, 7984, 33025.52, 80.22, 33025.524, 0, 
영동태양광, 1, 2026-01-11 00:00:00, 0, 0, 0, 0, 0, 0, 0, 0, 13.92, 19.392, 19.2, 19.68, 20.736, 20.928, 437.664, 397.44, 541.344, 688.992, 687.456, 381.312, 0, 0, 0, 0, 3248.064, 135, 688.99, 13.92, 688.992, 0, 
삼천포태양광#5, 1, 2026-01-11 00:00:00, 0, 0, 0, 0, 0, 0, 0, 0.506, 146.124, 201.078, 270.938, 538.666, 979.712, 3178.708, 2868.715, 2124.141, 2487.254, 2523.204, 2494.631, 1196.176, 0, 0, 0, 0, 19009.853, 792, 3178.7, 0.506, 3178.708, 0, 
삼천포태양광#5, 2, 2026-01-11 00:00:00, 0, 0, 0, 0, 0, 0, 0, 1.069, 225.957, 281.42, 654.532, 1345.58, 2297.367, 5401.511, 4831.852, 3569.617, 4232.918, 3859.074, 3790.381, 1139.307, 0, 0, 0, 0, 31630.585, 1318, 5401.51, 1.06, 5401.511, 0, 
광양항세방태양광, 1, 2026-01-11 00:00:00, 0, 0, 0, 0, 0, 0, 0, 0, 72, 403.2, 837.6, 1264.8, 1442.4, 1430.4, 1298.4, 832.8, 357.6, 28.8, 0, 0, 0, 0, 0, 0, 7968, 332, 1442.4, 28.8, 1442.4, 0, 
두산엔진MG태양광, 1, 2026-01-11 00:00:00, 0, 0, 0, 0, 0, 0, 0, 0.3, 3.18, 7.02, 21.12, 34.62, 44.22, 49.14, 49.08, 42.78, 24.66, 0.72, 0, 0, 0, 0, 0, 0, 276.84, 12, 49.14, 0.3, 49.14, 0, 
삼천포태양광, 1, 2026-01-11 00:00:00, 0, 0, 0, 0, 0, 0, 0, 0, 1.908, 9.096, 14.916, 19.608, 21.372, 20.94, 18.888, 14.244, 6.24, 0.156, 0, 0, 0, 0, 0, 0, 127.368, 5, 21.37, 0.156, 21.372, 0, 
삼천포태양광, 2, 2026-01-11 00:00:00, 0, 0, 0, 0, 0, 0, 0, 3.072, 47.232, 314.304, 590.592, 693.408, 700.992, 624.192, 488.16, 378.912, 212.928, 9.504, 0, 0, 0, 0, 0, 0, 4063.296, 169, 700.99, 3.072, 700.992, 0, 
삼천포태양광, 3, 2026-01-11 00:00:00, 0, 0, 0, 0, 0, 0, 0, 0.432, 11.268, 36, 191.988, 189.216, 171.432, 241.92, 186.264, 97.02, 39.708, 1.764, 0, 0, 0, 0, 0, 0, 1167.012, 49, 241.92, 0.432, 241.92, 0, 
삼천포태양광, 4, 2026-01-11 00:00:00, 0, 0, 0, 0, 0, 0, 0, 0.273, 42.71, 89.99, 87.569, 95.466, 112.768, 1273.315, 1162.385, 886.409, 1177.452, 1184.777, 1172.115, 156.628, 0, 0, 0, 0, 7441.857, 310, 1273.31, 0.273, 1273.315, 0, 
구미태양광, 1, 2026-01-11 00:00:00, 0, 0, 0, 0, 0, 0, 0, 0, 30.011, 260.337, 476.778, 587.855, 649.251, 649.034, 583.371, 455.083, 236.545, 17.573, 0, 0, 0, 0, 0, 0, 3945.838, 164, 649.25, 17.573, 649.251, 0, 
삼천포태양광#6, 1, 2026-01-11 00:00:00, 0, 0, 0, 0, 0, 0, 0, 0, 0, 0, 0, 0, 0, 0, 0, 0, 0, 0, 0, 0, 0, 0, 0, 0, 0, 0, 0, 0, 0, 0, 
영흥태양광#5, 1, 2026-01-11 00:00:00, 0, 0, 0, 0, 0, 0, 0, 0, 224.179, 1236.6, 2150.189, 2603.368, 2723.895, 2253.842, 1913.958, 988.316, 351.937, 36.158, 0, 0, 0, 0, 0, 0, 14482.442, 603, 2723.89, 36.15, 2723.895, 0, 
영흥태양광 #3, 1, 2026-01-11 00:00:00, 0, 0, 0, 0, 0, 0, 0, 0, 155.52, 761.28, 1275.36, 1567.44, 1663.68, 1491.12, 1125.84, 569.04, 193.68, 22.08, 0, 0, 0, 0, 0, 0, 8825.04, 368, 1663.68, 22.08, 1663.68, 0, 
영흥태양광 #3, 2, 2026-01-11 00:00:00, 0, 0, 0, 0, 0, 0, 0, 0.096, 69.504, 340.416, 487.584, 619.008, 717.696, 636.192, 542.4, 279.168, 129.216, 13.248, 0, 0, 0, 0, 0, 0, 3834.528, 160, 717.69, 0.096, 717.696, 0, 
영흥태양광 #3, 3, 2026-01-11 00:00:00, 0, 0, 0, 0, 0, 0, 0, 0, 67.44, 343.68, 647.64, 797.76, 843, 819.72, 566.88, 322.32, 146.64, 11.16, 0, 0, 0, 0, 0, 0, 4566.24, 190, 843, 11.16, 843, 0, 
영흥태양광, 1, 2026-01-11 00:00:00, 0, 0, 0, 0, 0, 0, 0, 0, 13.786, 195.494, 408.346, 605.683, 670.272, 557.798, 493.402, 203.213, 100.57, 5.184, 0, 0, 0, 0, 0, 0, 3253.748, 136, 670.27, 5.184, 670.272, 0, 
예천태양광, 1, 2026-01-11 00:00:00, 0, 0, 0, 0, 0, 0, 0, 0, 93.96, 403.74, 637.74, 849.96, 1001.7, 1069.74, 965.7, 693, 244.08, 1.26, 0, 0, 0, 0, 0, 0, 5960.88, 248, 1069.74, 1.26, 1069.74, 0, 
여수태양광, 1, 2026-01-11 00:00:00, 0, 0, 0, 0, 0, 0, 0, 0, 0, 0, 0, 0, 0, 0, 0, 0, 0, 0, 0, 0, 0, 0, 0, 639, 639, 27, 639, 639, 639, 0, 
영흥태양광, 2, 2026-01-11 00:00:00, 0, 0, 0, 0, 0, 0, 0, 0, 0, 0, 0, 0, 0, 0, 0, 0, 0, 0, 0, 0, 0, 0, 0, 0, 0, 0, 0, 0, 0, 0, 
탑선태양광, 1, 2026-01-11 00:00:00, 0, 0, 0, 0, 0, 0, 0, 0, 0, 0, 0, 0, 0, 0, 0, 0, 0, 0, 0, 0, 0, 0, 0, 638, 638, 27, 638, 638, 638, 0, 
탑선태양광, 3, 2026-01-11 00:00:00, 0, 0, 0, 0, 0, 0, 0, 0, 0, 0, 0, 0, 0, 0, 0, 0, 0, 0, 0, 0, 0, 0, 0, 12, 12, 1, 12, 12, 12, 0, 
경상대태양광, 1, 2026-01-11 00:00:00, 0, 0, 0, 0, 0, 0, 0, 0, 50.472, 226.368, 381.024, 478.152, 524.664, 515.952, 455.904, 344.952, 164.88, 13.968, 0, 0, 0, 0, 0, 0, 3156.336, 132, 524.66, 13.968, 524.664, 0, 
고흥만 수상태양광, 1, 2026-01-11 00:00:00, 0, 0, 0, 0, 0, 0, 0, 0, 247.884, 2365.188, 5339.292, 31316.04, 45386.628, 43890.084, 38675.112, 27268.08, 9122.652, 760.788, 0, 0, 0, 0, 0, 0, 204371.748, 8515, 45386.62, 247.88, 45386.628, 0, 
영동태양광, 1, 2026-01-10 00:00:00, 0, 0, 0, 0, 0, 0, 0, 0, 3.456, 0.288, 19.392, 19.776, 17.664, 19.296, 19.488, 75.456, 448.992, 365.76, 0, 0, 0, 0, 0, 0, 989.568, 41, 448.99, 0.288, 448.992, 0, 
삼천포태양광#5, 1, 2026-01-10 00:00:00, 0, 0, 0, 0, 0, 0, 0, 0.077, 156.193, 197.845, 385.255, 320.942, 191.9, 700.876, 2417.626, 1719.332, 2499.344, 2509.012, 2505.245, 1069.961, 0, 0, 0, 0, 14673.608, 611, 2509.01, 0.077, 2509.012, 0, 
삼천포태양광#5, 2, 2026-01-10 00:00:00, 0, 0, 0, 0, 0, 0, 0, 0.084, 239.885, 283.601, 367.932, 425.608, 635.788, 2641.055, 4074.223, 2925.99, 4189.73, 3827.494, 3790.151, 880.652, 0, 0, 0, 0, 24282.193, 1012, 4189.73, 0.084, 4189.73, 0, 
광양항세방태양광, 1, 2026-01-10 00:00:00, 0, 0, 0, 0, 0, 0, 0, 2.4, 112.8, 398.4, 686.4, 991.2, 1238.4, 1068, 1053.6, 676.8, 244.8, 14.4, 0, 0, 0, 0, 0, 0, 6487.2, 270, 1238.4, 2.4, 1238.4, 0, 
두산엔진MG태양광, 1, 2026-01-10 00:00:00, 0, 0, 0, 0, 0, 0, 0, 0.12, 2.88, 8.28, 16.8, 27.96, 36.84, 40.32, 43.38, 34.68, 19.68, 0.72, 0, 0, 0, 0, 0, 0, 231.66, 10, 43.38, 0.12, 43.38, 0, 
삼천포태양광, 1, 2026-01-10 00:00:00, 0, 0, 0, 0, 0, 0, 0, 0, 0.96, 6.156, 10.464, 14.256, 17.196, 17.352, 15.336, 11.484, 3.468, 0, 0, 0, 0, 0, 0, 0, 96.672, 4, 17.35, 0.96, 17.352, 0, 
삼천포태양광, 2, 2026-01-10 00:00:00, 0, 0, 0, 0, 0, 0, 0, 1.248, 59.52, 213.6, 383.52, 524.352, 613.632, 611.808, 541.248, 379.584, 150.048, 4.704, 0, 0, 0, 0, 0, 0, 3483.264, 145, 613.63, 1.248, 613.632, 0, 
삼천포태양광, 3, 2026-01-10 00:00:00, 0, 0, 0, 0, 0, 0, 0, 0.216, 17.676, 49.608, 119.124, 171.648, 202.176, 201.276, 154.188, 73.008, 26.064, 0.504, 0, 0, 0, 0, 0, 0, 1015.488, 42, 202.17, 0.216, 202.176, 0, 
삼천포태양광, 4, 2026-01-10 00:00:00, 0, 0, 0, 0, 0, 0, 0, 0.007, 65.026, 94.121, 101.485, 102.018, 95.36, 83.924, 927.927, 711.358, 1179.317, 1180.094, 1171.363, 97.365, 0, 0, 0, 0, 5809.365, 242, 1180.09, 0.007, 1180.094, 0, 
구미태양광, 1, 2026-01-10 00:00:00, 0, 0, 0, 0, 0, 0, 0, 0, 7.955, 84.393, 204.075, 220.346, 546.997, 586.77, 570.644, 260.048, 127.565, 9.473, 0, 0, 0, 0, 0, 0, 2618.266, 109, 586.77, 7.955, 586.77, 0, 
삼천포태양광#6, 1, 2026-01-10 00:00:00, 0, 0, 0, 0, 0, 0, 0, 0, 0, 0, 0, 0, 0, 0, 0, 0, 0, 0, 0, 0, 0, 0, 0, 0, 0, 0, 0, 0, 0, 0, 
영흥태양광#5, 1, 2026-01-10 00:00:00, 0, 0, 0, 0, 0, 0, 0, 0, 195.253, 918.411, 1294.453, 889.484, 385.684, 961.8, 1593.358, 508.621, 282.032, 0, 0, 0, 0, 0, 0, 0, 7029.096, 293, 1593.35, 195.25, 1593.358, 0, 
영흥태양광 #3, 1, 2026-01-10 00:00:00, 0, 0, 0, 0, 0, 0, 0, 0, 126.96, 543.12, 783.6, 550.8, 276.72, 823.2, 1106.64, 322.56, 168, 0.24, 0, 0, 0, 0, 0, 0, 4701.84, 196, 1106.64, 0.24, 1106.64, 0, 
영흥태양광 #3, 2, 2026-01-10 00:00:00, 0, 0, 0, 0, 0, 0, 0, 0, 60.576, 272.256, 378.336, 257.376, 130.56, 300.288, 462.048, 159.072, 90.528, 0.384, 0, 0, 0, 0, 0, 0, 2111.424, 88, 462.04, 0.384, 462.048, 0, 
영흥태양광 #3, 3, 2026-01-10 00:00:00, 0, 0, 0, 0, 0, 0, 0, 0, 57.24, 243.84, 400.68, 252.96, 125.64, 419.64, 549.96, 191.88, 85.92, 1.08, 0, 0, 0, 0, 0, 0, 2328.84, 97, 549.96, 1.08, 549.96, 0, 
영흥태양광, 1, 2026-01-10 00:00:00, 0, 0, 0, 0, 0, 0, 0, 0, 21.696, 120.538, 279.398, 160.051, 68.275, 375.59, 371.827, 222.95, 46.502, 0, 0, 0, 0, 0, 0, 0, 1666.827, 69, 375.59, 21.696, 375.59, 0, 
예천태양광, 1, 2026-01-10 00:00:00, 0, 0, 0, 0, 0, 0, 0, 0, 0, 0.54, 48.06, 345.78, 542.7, 198.9, 650.34, 73.44, 2.7, 0, 0, 0, 0, 0, 0, 0, 1862.46, 78, 650.34, 0.54, 650.34, 0, 
여수태양광, 1, 2026-01-10 00:00:00, 0, 0, 0, 0, 0, 0, 0, 0, 0, 0, 0, 0, 0, 0, 0, 0, 0, 0, 0, 0, 0, 0, 0, 576, 576, 24, 576, 576, 576, 0, 
영흥태양광, 2, 2026-01-10 00:00:00, 0, 0, 0, 0, 0, 0, 0, 0, 35.676, 178.379, 277.693, 173.558, 92.564, 0, 0, 0, 0, 0, 0, 0, 0, 0, 0, 0, 757.87, 32, 277.69, 35.67, 277.693, 0, 
탑선태양광, 1, 2026-01-10 00:00:00, 0, 0, 0, 0, 0, 0, 0, 0, 0, 0, 0, 0, 0, 0, 0, 0, 0, 0, 0, 0, 0, 0, 0, 638, 638, 27, 638, 638, 638, 0, 
탑선태양광, 3, 2026-01-10 00:00:00, 0, 0, 0, 0, 0, 0, 0, 0, 0, 0, 0, 0, 0, 0, 0, 0, 0, 0, 0, 0, 0, 0, 0, 12, 12, 1, 12, 12, 12, 0, 
경상대태양광, 1, 2026-01-10 00:00:00, 0, 0, 0, 0, 0, 0, 0, 0, 25.128, 144.432, 271.08, 366.552, 427.392, 453.528, 417.312, 279.36, 125.64, 7.56, 0, 0, 0, 0, 0, 0, 2517.984, 105, 453.52, 7.56, 453.528, 0, 
고흥만 수상태양광, 1, 2026-01-10 00:00:00, 0, 0, 0, 0, 0, 0, 0, 98.112, 2837.52, 10616.256, 22227.072, 34433.196, 39084.276, 37699.116, 32821.656, 23087.988, 7193.34, 417.732, 0, 0, 0, 0, 0, 0, 210516.264, 8772, 39084.27, 98.11, 39084.276, 0, 
영동태양광, 1, 2026-01-09 00:00:00, 0, 0, 0, 0, 0, 0, 0, 0, 15.264, 19.008, 18.816, 21.12, 18.432, 259.68, 412.608, 65.568, 443.424, 688.416, 687.456, 275.136, 0, 0, 0, 0, 2924.928, 122, 688.41, 15.264, 688.416, 0, 
삼천포태양광#5, 1, 2026-01-09 00:00:00, 0, 0, 0, 0, 0, 0, 0, 0, 120.08, 193.236, 239.707, 515.37, 1043.811, 3020.918, 2609.347, 1674.683, 2503.936, 2522.556, 2502.801, 1058.717, 0, 0, 0, 0, 18005.162, 750, 3020.91, 120.08, 3020.918, 0, 
삼천포태양광#5, 2, 2026-01-09 00:00:00, 0, 0, 0, 0, 0, 0, 0, 0, 151.17, 291.254, 644.244, 1285.462, 2326, 5128.061, 4437.664, 2898.338, 4204.174, 3823.709, 3790.845, 966.064, 0, 0, 0, 0, 29946.985, 1248, 5128.06, 151.17, 5128.061, 0, 
광양항세방태양광, 1, 2026-01-09 00:00:00, 0, 0, 0, 0, 0, 0, 0, 2.4, 139.2, 508.8, 900, 1204.8, 1437.6, 1368, 1149.6, 708, 316.8, 7.2, 0, 0, 0, 0, 0, 0, 7742.4, 323, 1437.6, 2.4, 1437.6, 0, 
두산엔진MG태양광, 1, 2026-01-09 00:00:00, 0, 0, 0, 0, 0, 0, 0, 0.24, 2.04, 6.72, 20.46, 33.3, 42.18, 46.68, 45.9, 39.9, 22.56, 0.54, 0, 0, 0, 0, 0, 0, 260.52, 11, 46.68, 0.24, 46.68, 0, 
삼천포태양광, 1, 2026-01-09 00:00:00, 0, 0, 0, 0, 0, 0, 0, 0, 2.448, 9.24, 15.036, 19.572, 21.024, 20.28, 17.58, 12.732, 5.016, 0.06, 0, 0, 0, 0, 0, 0, 122.988, 5, 21.02, 0.06, 21.024, 0, 
삼천포태양광, 2, 2026-01-09 00:00:00, 0, 0, 0, 0, 0, 0, 0, 1.344, 33.408, 326.688, 587.616, 655.008, 565.152, 492.384, 347.904, 338.496, 183.552, 4.992, 0, 0, 0, 0, 0, 0, 3536.544, 147, 655, 1.344, 655.008, 0, 
삼천포태양광, 3, 2026-01-09 00:00:00, 0, 0, 0, 0, 0, 0, 0, 0, 8.028, 32.328, 161.82, 112.464, 116.496, 224.676, 171.144, 79.056, 32.004, 0.792, 0, 0, 0, 0, 0, 0, 938.808, 39, 224.67, 0.792, 224.676, 0, 
삼천포태양광, 4, 2026-01-09 00:00:00, 0, 0, 0, 0, 0, 0, 0, 0, 13.902, 88.333, 87.425, 95.104, 97.093, 1218.87, 1083.63, 771.395, 1176.467, 1180.302, 1171.546, 84.461, 0, 0, 0, 0, 7068.528, 295, 1218.87, 13.902, 1218.87, 0, 
구미태양광, 1, 2026-01-09 00:00:00, 0, 0, 0, 0, 0, 0, 0, 0, 30.734, 252.382, 458.265, 561.821, 597.618, 594.436, 533.98, 416.467, 178.331, 14.029, 0, 0, 0, 0, 0, 0, 3638.063, 152, 597.61, 14.029, 597.618, 0, 
삼천포태양광#6, 1, 2026-01-09 00:00:00, 0, 0, 0, 0, 0, 0, 0, 0, 0, 0, 0, 0, 0, 0, 0, 0, 0, 0, 0, 0, 0, 0, 0, 0, 0, 0, 0, 0, 0, 0, 
영흥태양광#5, 1, 2026-01-09 00:00:00, 0, 0, 0, 0, 0, 0, 0, 0, 120.526, 503.8, 937.695, 619.505, 1135.358, 351.937, 306.137, 207.305, 31.337, 0, 0, 0, 0, 0, 0, 0, 4213.6, 176, 1135.35, 31.33, 1135.358, 0, 
영흥태양광 #3, 1, 2026-01-09 00:00:00, 0, 0, 0, 0, 0, 0, 0, 0, 86.88, 380.88, 637.68, 384.72, 695.76, 214.8, 191.76, 138.96, 22.32, 0, 0, 0, 0, 0, 0, 0, 2753.76, 115, 695.76, 22.32, 695.76, 0, 
영흥태양광 #3, 2, 2026-01-09 00:00:00, 0, 0, 0, 0, 0, 0, 0, 0, 31.776, 155.136, 266.4, 175.776, 325.824, 99.552, 88.992, 57.792, 5.856, 0, 0, 0, 0, 0, 0, 0, 1207.104, 50, 325.82, 5.856, 325.824, 0, 
영흥태양광 #3, 3, 2026-01-09 00:00:00, 0, 0, 0, 0, 0, 0, 0, 0, 42.6, 200.64, 256.8, 157.32, 303.12, 89.76, 85.44, 60.6, 9.84, 0, 0, 0, 0, 0, 0, 0, 1206.12, 50, 303.12, 9.84, 303.12, 0, 
영흥태양광, 1, 2026-01-09 00:00:00, 0, 0, 0, 0, 0, 0, 0, 0, 17.779, 142.694, 241.19, 144.038, 168.883, 84.71, 64.09, 42.739, 2.726, 0, 0, 0, 0, 0, 0, 0, 908.849, 38, 241.19, 2.726, 241.19, 0, 
예천태양광, 1, 2026-01-09 00:00:00, 0, 0, 0, 0, 0, 0, 0, 1.08, 247.14, 811.8, 1073.7, 1056.24, 568.26, 905.76, 1031.94, 445.86, 52.2, 0, 0, 0, 0, 0, 0, 0, 6193.98, 258, 1073.7, 1.08, 1073.7, 0, 
여수태양광, 1, 2026-01-09 00:00:00, 0, 0, 0, 0, 0, 0, 0, 0, 0, 0, 0, 0, 0, 0, 0, 0, 0, 0, 0, 0, 0, 0, 0, 671, 671, 28, 671, 671, 671, 0, 
영흥태양광, 2, 2026-01-09 00:00:00, 0, 0, 0, 0, 0, 0, 0, 0, 25.069, 118.598, 221.768, 135.954, 247.802, 76.173, 64.602, 47.246, 4.821, 0, 0, 0, 0, 0, 0, 0, 942.033, 39, 247.8, 4.821, 247.802, 0, 
탑선태양광, 1, 2026-01-09 00:00:00, 0, 0, 0, 0, 0, 0, 0, 0, 0, 0, 0, 0, 0, 0, 0, 0, 0, 0, 0, 0, 0, 0, 0, 638, 638, 27, 638, 638, 638, 0, 
탑선태양광, 3, 2026-01-09 00:00:00, 0, 0, 0, 0, 0, 0, 0, 0, 0, 0, 0, 0, 0, 0, 0, 0, 0, 0, 0, 0, 0, 0, 0, 12, 12, 1, 12, 12, 12, 0, 
경상대태양광, 1, 2026-01-09 00:00:00, 0, 0, 0, 0, 0, 0, 0, 0, 60.624, 228.456, 375.264, 463.392, 500.04, 492.336, 428.544, 316.944, 145.656, 8.928, 0, 0, 0, 0, 0, 0, 3020.184, 126, 500.04, 8.928, 500.04, 0, 
고흥만 수상태양광, 1, 2026-01-09 00:00:00, 0, 0, 0, 0, 0, 0, 0, 106.848, 6048.588, 20535.732, 34904.184, 41921.46, 44010.456, 42481.992, 36604.68, 16162.272, 5620.356, 150.696, 0, 0, 0, 0, 0, 0, 248547.264, 10356, 44010.45, 106.84, 44010.456, 0, 
영동태양광, 1, 2026-01-08 00:00:00, 0, 0, 0, 0, 0, 0, 0, 0, 15.36, 19.488, 18.24, 17.856, 18.816, 526.656, 546.528, 407.808, 543.36, 690.816, 688.896, 377.664, 0, 0, 0, 0, 3871.488, 161, 690.81, 15.36, 690.816, 0, 
삼천포태양광#5, 1, 2026-01-08 00:00:00, 0, 0, 0, 0, 0, 0, 0, 0, 119.883, 214.184, 250.917, 587.815, 1199.122, 3206.311, 2821.849, 2002.76, 2508.752, 2525.852, 2500.147, 1068.301, 0, 0, 0, 0, 19005.893, 792, 3206.31, 119.883, 3206.311, 0, 
삼천포태양광#5, 2, 2026-01-08 00:00:00, 0, 0, 0, 0, 0, 0, 0, 0, 155.001, 285.579, 684.903, 1448.122, 2506.208, 5435.467, 4767.019, 3318.185, 4226.189, 3838.508, 3793.885, 1064.609, 0, 0, 0, 0, 31523.675, 1313, 5435.46, 155, 5435.467, 0, 
광양항세방태양광, 1, 2026-01-08 00:00:00, 0, 0, 0, 0, 0, 0, 0, 2.4, 158.4, 576, 1053.6, 1298.4, 1372.8, 1320, 1168.8, 760.8, 340.8, 24, 0, 0, 0, 0, 0, 0, 8076, 337, 1372.8, 2.4, 1372.8, 0, 
두산엔진MG태양광, 1, 2026-01-08 00:00:00, 0, 0, 0, 0, 0, 0, 0, 0.18, 2.16, 6.84, 20.88, 34.38, 43.68, 47.82, 47.34, 41.28, 23.4, 0.6, 0, 0, 0, 0, 0, 0, 268.56, 11, 47.82, 0.18, 47.82, 0, 
삼천포태양광, 1, 2026-01-08 00:00:00, 0, 0, 0, 0, 0, 0, 0, 0, 2.58, 9.396, 15.204, 19.776, 21.48, 20.964, 18.552, 13.956, 5.904, 0.156, 0, 0, 0, 0, 0, 0, 127.968, 5, 21.48, 0.156, 21.48, 0, 
삼천포태양광, 2, 2026-01-08 00:00:00, 0, 0, 0, 0, 0, 0, 0, 1.632, 41.184, 328.128, 595.2, 696, 717.984, 581.568, 306.144, 373.248, 202.464, 8.064, 0, 0, 0, 0, 0, 0, 3851.616, 160, 717.98, 1.632, 717.984, 0, 
삼천포태양광, 3, 2026-01-08 00:00:00, 0, 0, 0, 0, 0, 0, 0, 0, 7.992, 32.292, 182.7, 201.456, 190.044, 243.576, 176.796, 82.908, 36.396, 1.152, 0, 0, 0, 0, 0, 0, 1155.312, 48, 243.57, 1.152, 243.576, 0, 
삼천포태양광, 4, 2026-01-08 00:00:00, 0, 0, 0, 0, 0, 0, 0, 0, 14.468, 88.461, 86.739, 98.335, 163.654, 1300.63, 1155.084, 870.583, 1178.083, 1182.424, 1171.664, 98.243, 0, 0, 0, 0, 7408.368, 309, 1300.63, 14.468, 1300.63, 0, 
구미태양광, 1, 2026-01-08 00:00:00, 0, 0, 0, 0, 0, 0, 0, 0, 33.916, 271.763, 499.268, 612.37, 654.458, 646.142, 580.262, 455.228, 229.313, 12.945, 0, 0, 0, 0, 0, 0, 3995.665, 166, 654.45, 12.945, 654.458, 0, 
삼천포태양광#6, 1, 2026-01-08 00:00:00, 0, 0, 0, 0, 0, 0, 0, 0, 0, 0, 0, 0, 0, 0, 0, 0, 0, 0, 0, 0, 0, 0, 0, 0, 0, 0, 0, 0, 0, 0, 
영흥태양광#5, 1, 2026-01-08 00:00:00, 0, 0, 0, 0, 0, 0, 0, 0, 224.179, 1255.884, 2183.937, 2632.295, 2687.737, 2661.221, 2393.653, 1725.937, 472.463, 19.284, 0, 0, 0, 0, 0, 0, 16256.59, 677, 2687.73, 19.28, 2687.737, 0, 
영흥태양광 #3, 1, 2026-01-08 00:00:00, 0, 0, 0, 0, 0, 0, 0, 0, 179.28, 788.88, 1300.56, 1589.28, 1686.48, 1633.2, 1397.04, 857.28, 210.48, 8.64, 0, 0, 0, 0, 0, 0, 9651.12, 402, 1686.48, 8.64, 1686.48, 0, 
영흥태양광 #3, 2, 2026-01-08 00:00:00, 0, 0, 0, 0, 0, 0, 0, 0.096, 87.84, 367.872, 604.512, 714.816, 752.16, 728.544, 651.264, 484.608, 213.504, 14.304, 0, 0, 0, 0, 0, 0, 4619.52, 192, 752.16, 0.096, 752.16, 0, 
영흥태양광 #3, 3, 2026-01-08 00:00:00, 0, 0, 0, 0, 0, 0, 0, 0, 77.28, 405, 687.48, 813, 861, 831.72, 700.8, 495, 174.84, 10.2, 0, 0, 0, 0, 0, 0, 5056.32, 211, 861, 10.2, 861, 0, 
영흥태양광, 1, 2026-01-08 00:00:00, 0, 0, 0, 0, 0, 0, 0, 0, 10.33, 202.022, 408.576, 620.582, 682.214, 632.371, 502.925, 307.546, 123.456, 4.877, 0, 0, 0, 0, 0, 0, 3494.899, 146, 682.21, 4.877, 682.214, 0, 
예천태양광, 1, 2026-01-08 00:00:00, 0, 0, 0, 0, 0, 0, 0, 0, 239.22, 892.08, 1231.92, 1401.66, 1442.7, 1373.58, 1181.34, 850.32, 286.02, 0.36, 0, 0, 0, 0, 0, 0, 8899.2, 371, 1442.7, 0.36, 1442.7, 0, 
여수태양광, 1, 2026-01-08 00:00:00, 0, 0, 0, 0, 0, 0, 0, 0, 0, 0, 0, 0, 0, 0, 0, 0, 0, 0, 0, 0, 0, 0, 0, 648, 648, 27, 648, 648, 648, 0, 
영흥태양광, 2, 2026-01-08 00:00:00, 0, 0, 0, 0, 0, 0, 0, 0, 46.282, 246.838, 454.143, 559.242, 551.528, 430.038, 448.358, 332.653, 88.707, 5.785, 0, 0, 0, 0, 0, 0, 3163.574, 132, 559.24, 5.785, 559.242, 0, 
탑선태양광, 1, 2026-01-08 00:00:00, 0, 0, 0, 0, 0, 0, 0, 0, 0, 0, 0, 0, 0, 0, 0, 0, 0, 0, 0, 0, 0, 0, 0, 638, 638, 27, 638, 638, 638, 0, 
탑선태양광, 3, 2026-01-08 00:00:00, 0, 0, 0, 0, 0, 0, 0, 0, 0, 0, 0, 0, 0, 0, 0, 0, 0, 0, 0, 0, 0, 0, 0, 12, 12, 1, 12, 12, 12, 0, 
경상대태양광, 1, 2026-01-08 00:00:00, 0, 0, 0, 0, 0, 0, 0, 0, 59.616, 233.784, 383.472, 477.864, 516.168, 500.256, 443.952, 331.92, 155.808, 11.016, 0, 0, 0, 0, 0, 0, 3113.856, 130, 516.16, 11.016, 516.168, 0, 
고흥만 수상태양광, 1, 2026-01-08 00:00:00, 0, 0, 0, 0, 0, 0, 0, 115.752, 5855.052, 20951.532, 36263.64, 43387.428, 46421.676, 45047.1, 39253.452, 26718.468, 8923.656, 836.64, 0, 0, 0, 0, 0, 0, 273774.396, 11407, 46421.67, 115.75, 46421.676, 0, 
영동태양광, 1, 2026-01-07 00:00:00, 0, 0, 0, 0, 0, 0, 0, 0, 12, 19.872, 19.488, 19.488, 20.064, 159.264, 540.288, 393.024, 536.064, 688.32, 686.976, 366.624, 0, 0, 0, 0, 3461.472, 144, 688.32, 12, 688.32, 0, 
삼천포태양광#5, 1, 2026-01-07 00:00:00, 0, 0, 0, 0, 0, 0, 0, 0.308, 160.468, 194.798, 190.317, 189.475, 192.485, 654.254, 2148.571, 1633.139, 2458.965, 2520.341, 2504.604, 1170.83, 0, 0, 0, 0, 14018.555, 584, 2520.34, 0.308, 2520.341, 0, 
삼천포태양광#5, 2, 2026-01-07 00:00:00, 0, 0, 0, 0, 0, 0, 0, 0.784, 246.938, 284.081, 282.051, 281.352, 286.055, 2494.14, 3631.023, 2753.575, 4218.003, 3841.683, 3792.169, 1001.238, 0, 0, 0, 0, 23113.092, 963, 4218, 0.78, 4218.003, 0, 
광양항세방태양광, 1, 2026-01-07 00:00:00, 0, 0, 0, 0, 0, 0, 0, 2.4, 160.8, 417.6, 648, 657.6, 1152, 868.8, 957.6, 739.2, 285.6, 21.6, 0, 0, 0, 0, 0, 0, 5911.2, 246, 1152, 2.4, 1152, 0, 
두산엔진MG태양광, 1, 2026-01-07 00:00:00, 0, 0, 0, 0, 0, 0, 0, 0.24, 3.18, 8.46, 18.48, 28.2, 32.4, 25.68, 32.64, 29.4, 15.36, 0.72, 0, 0, 0, 0, 0, 0, 194.76, 8, 32.64, 0.24, 32.64, 0, 
삼천포태양광, 1, 2026-01-07 00:00:00, 0, 0, 0, 0, 0, 0, 0, 0, 1.404, 6.54, 11.772, 14.604, 15.816, 14.268, 13.188, 11.124, 4.608, 0, 0, 0, 0, 0, 0, 0, 93.324, 4, 15.81, 1.404, 15.816, 0, 
삼천포태양광, 2, 2026-01-07 00:00:00, 0, 0, 0, 0, 0, 0, 0, 0.576, 27.36, 106.56, 197.472, 229.152, 260.544, 254.784, 200.352, 301.728, 175.392, 7.584, 0, 0, 0, 0, 0, 0, 1761.504, 73, 301.72, 0.576, 301.728, 0, 
삼천포태양광, 3, 2026-01-07 00:00:00, 0, 0, 0, 0, 0, 0, 0, 0.36, 16.848, 45.468, 99.18, 137.664, 173.448, 171.612, 131.616, 65.484, 30.564, 1.224, 0, 0, 0, 0, 0, 0, 873.468, 36, 173.44, 0.36, 173.448, 0, 
삼천포태양광, 4, 2026-01-07 00:00:00, 0, 0, 0, 0, 0, 0, 0, 0.084, 64.954, 94.112, 94.072, 93.654, 92.828, 86.893, 625.015, 691.308, 1176.808, 1181.905, 1171.219, 102.653, 0, 0, 0, 0, 5475.505, 228, 1181.9, 0.084, 1181.905, 0, 
구미태양광, 1, 2026-01-07 00:00:00, 0, 0, 0, 0, 0, 0, 0, 0, 12.149, 78.029, 174.353, 145.789, 417.479, 541.573, 534.92, 420.372, 195.18, 11.932, 0, 0, 0, 0, 0, 0, 2531.776, 105, 541.57, 11.932, 541.573, 0, 
삼천포태양광#6, 1, 2026-01-07 00:00:00, 0, 0, 0, 0, 0, 0, 0, 0, 0, 0, 0, 0, 0, 0, 0, 0, 0, 0, 0, 0, 0, 0, 0, 0, 0, 0, 0, 0, 0, 0, 
영흥태양광#5, 1, 2026-01-07 00:00:00, 0, 0, 0, 0, 0, 0, 0, 0, 171.147, 1065.453, 2063.411, 2490.074, 2685.326, 2644.347, 2285.179, 1600.589, 421.842, 19.284, 0, 0, 0, 0, 0, 0, 15446.652, 644, 2685.32, 19.28, 2685.326, 0, 
영흥태양광 #3, 1, 2026-01-07 00:00:00, 0, 0, 0, 0, 0, 0, 0, 0, 129.6, 657.84, 1254.24, 1539.36, 1642.8, 1591.92, 1347.84, 805.92, 198.96, 8.88, 0, 0, 0, 0, 0, 0, 9177.36, 382, 1642.8, 8.88, 1642.8, 0, 
영흥태양광 #3, 2, 2026-01-07 00:00:00, 0, 0, 0, 0, 0, 0, 0, 0, 37.152, 297.888, 574.272, 693.312, 733.92, 716.16, 632.064, 451.392, 183.936, 11.904, 0, 0, 0, 0, 0, 0, 4332, 181, 733.92, 11.904, 733.92, 0, 
영흥태양광 #3, 3, 2026-01-07 00:00:00, 0, 0, 0, 0, 0, 0, 0, 0, 46.2, 332.64, 653.04, 788.4, 839.64, 811.92, 713.28, 526.32, 186, 9.36, 0, 0, 0, 0, 0, 0, 4906.8, 204, 839.64, 9.36, 839.64, 0, 
영흥태양광, 1, 2026-01-07 00:00:00, 0, 0, 0, 0, 0, 0, 0, 0, 20.813, 174.374, 389.722, 597.926, 661.056, 608.294, 482.074, 293.875, 115.507, 4.109, 0, 0, 0, 0, 0, 0, 3347.75, 139, 661.05, 4.109, 661.056, 0, 
예천태양광, 1, 2026-01-07 00:00:00, 0, 0, 0, 0, 0, 0, 0, 0, 53.1, 190.44, 629.28, 1180.08, 1381.86, 1354.32, 1142.28, 817.56, 268.74, 0.54, 0, 0, 0, 0, 0, 0, 7018.2, 292, 1381.86, 0.54, 1381.86, 0, 
여수태양광, 1, 2026-01-07 00:00:00, 0, 0, 0, 0, 0, 0, 0, 0, 0, 0, 0, 0, 0, 0, 0, 0, 0, 0, 0, 0, 0, 0, 0, 354, 354, 15, 354, 354, 354, 0, 
영흥태양광, 2, 2026-01-07 00:00:00, 0, 0, 0, 0, 0, 0, 0, 0, 39.533, 209.234, 433.895, 535.137, 534.173, 428.109, 416.539, 313.368, 81.958, 4.821, 0, 0, 0, 0, 0, 0, 2996.767, 125, 535.13, 4.82, 535.137, 0, 
탑선태양광, 1, 2026-01-07 00:00:00, 0, 0, 0, 0, 0, 0, 0, 0, 0, 0, 0, 0, 0, 0, 0, 0, 0, 0, 0, 0, 0, 0, 0, 638, 638, 27, 638, 638, 638, 0, 
탑선태양광, 3, 2026-01-07 00:00:00, 0, 0, 0, 0, 0, 0, 0, 0, 0, 0, 0, 0, 0, 0, 0, 0, 0, 0, 0, 0, 0, 0, 0, 12, 12, 1, 12, 12, 12, 0, 
경상대태양광, 1, 2026-01-07 00:00:00, 0, 0, 0, 0, 0, 0, 0, 0, 50.688, 176.184, 298.512, 365.976, 390.816, 226.656, 100.296, 250.416, 128.376, 9.576, 0, 0, 0, 0, 0, 0, 1997.496, 83, 390.81, 9.576, 390.816, 0, 
고흥만 수상태양광, 1, 2026-01-07 00:00:00, 0, 0, 0, 0, 0, 0, 0, 27.468, 3582.432, 11359.404, 17368.008, 30266.292, 35645.484, 19325.628, 16378.32, 11682.468, 7951.104, 330.372, 0, 0, 0, 0, 0, 0, 153916.98, 6413, 35645.48, 27.46, 35645.484, 0, 
영동태양광, 1, 2026-01-06 00:00:00, 0, 0, 0, 0, 0, 0, 0, 0, 15.168, 19.296, 17.568, 18.336, 19.488, 500.928, 543.168, 396.768, 537.12, 689.664, 688.8, 367.008, 0, 0, 0, 0, 3813.312, 159, 689.66, 15.168, 689.664, 0, 
삼천포태양광#5, 1, 2026-01-06 00:00:00, 0, 0, 0, 0, 0, 0, 0, 0, 118.307, 193.647, 257.731, 504.839, 925.967, 3020.5, 2655.153, 1737.432, 2501.019, 2509.66, 2504.088, 890.854, 0, 0, 0, 0, 17819.197, 742, 3020.5, 118.307, 3020.5, 0, 
삼천포태양광#5, 2, 2026-01-06 00:00:00, 0, 0, 0, 0, 0, 0, 0, 0, 147.721, 283.748, 613.524, 1267.289, 2180.308, 5142.345, 4512.273, 2919.282, 4102.706, 3822.128, 3794.507, 765.014, 0, 0, 0, 0, 29550.845, 1231, 5142.34, 147.72, 5142.345, 0, 
광양항세방태양광, 1, 2026-01-06 00:00:00, 0, 0, 0, 0, 0, 0, 0, 2.4, 156, 564, 998.4, 1236, 1293.6, 1252.8, 967.2, 638.4, 170.4, 12, 0, 0, 0, 0, 0, 0, 7291.2, 304, 1293.6, 2.4, 1293.6, 0, 
두산엔진MG태양광, 1, 2026-01-06 00:00:00, 0, 0, 0, 0, 0, 0, 0, 0.18, 2.1, 6.78, 20.46, 33.3, 41.88, 46.5, 45.84, 39.48, 20.58, 0.3, 0, 0, 0, 0, 0, 0, 257.4, 11, 46.5, 0.18, 46.5, 0, 
삼천포태양광, 1, 2026-01-06 00:00:00, 0, 0, 0, 0, 0, 0, 0, 0, 2.52, 9.132, 15.036, 19.404, 20.796, 20.1, 17.34, 12.36, 2.136, 0, 0, 0, 0, 0, 0, 0, 118.824, 5, 20.79, 2.136, 20.796, 0, 
삼천포태양광, 2, 2026-01-06 00:00:00, 0, 0, 0, 0, 0, 0, 0, 0.192, 15.264, 148.416, 274.56, 328.512, 347.424, 301.824, 222.72, 181.92, 48.384, 1.056, 0, 0, 0, 0, 0, 0, 1870.272, 78, 347.42, 0.19, 347.424, 0, 
삼천포태양광, 3, 2026-01-06 00:00:00, 0, 0, 0, 0, 0, 0, 0, 0, 7.308, 29.52, 176.544, 238.104, 198.792, 220.104, 163.296, 64.908, 18.144, 0.324, 0, 0, 0, 0, 0, 0, 1117.044, 47, 238.1, 0.324, 238.104, 0, 
삼천포태양광, 4, 2026-01-06 00:00:00, 0, 0, 0, 0, 0, 0, 0, 0, 13.58, 86.861, 87.465, 95.415, 82.87, 1165.186, 1105.118, 763.581, 1180.443, 1177.811, 1171.469, 49.276, 0, 0, 0, 0, 6979.075, 291, 1180.44, 13.58, 1180.443, 0, 
구미태양광, 1, 2026-01-06 00:00:00, 0, 0, 0, 0, 0, 0, 0, 0, 29.649, 262.506, 475.042, 574.404, 617.866, 605.139, 547.141, 410.247, 208.703, 6.075, 0, 0, 0, 0, 0, 0, 3736.772, 156, 617.86, 6.075, 617.866, 0, 
삼천포태양광#6, 1, 2026-01-06 00:00:00, 0, 0, 0, 0, 0, 0, 0, 0, 0, 0, 0, 0, 0, 0, 0, 0, 0, 0, 0, 0, 0, 0, 0, 0, 0, 0, 0, 0, 0, 0, 
영흥태양광#5, 1, 2026-01-06 00:00:00, 0, 0, 0, 0, 0, 0, 0, 0, 204.895, 1145, 2022.432, 2449.095, 2579.263, 2085.105, 1166.695, 477.284, 151.863, 4.821, 0, 0, 0, 0, 0, 0, 12286.453, 512, 2579.26, 4.82, 2579.263, 0, 
영흥태양광 #3, 1, 2026-01-06 00:00:00, 0, 0, 0, 0, 0, 0, 0, 0, 171.12, 743.76, 1222.56, 1508.4, 1589.76, 991.68, 723.84, 301.68, 101.76, 2.64, 0, 0, 0, 0, 0, 0, 7357.2, 307, 1589.76, 2.64, 1589.76, 0, 
영흥태양광 #3, 2, 2026-01-06 00:00:00, 0, 0, 0, 0, 0, 0, 0, 0.096, 79.2, 338.592, 562.56, 668.736, 700.512, 589.152, 362.88, 135.456, 44.544, 1.056, 0, 0, 0, 0, 0, 0, 3482.784, 145, 700.51, 0.09, 700.512, 0, 
영흥태양광 #3, 3, 2026-01-06 00:00:00, 0, 0, 0, 0, 0, 0, 0, 0, 69.12, 375.36, 626.88, 764.16, 807.36, 651.96, 441.84, 156, 56.64, 1.08, 0, 0, 0, 0, 0, 0, 3950.4, 165, 807.36, 1.08, 807.36, 0, 
영흥태양광, 1, 2026-01-06 00:00:00, 0, 0, 0, 0, 0, 0, 0, 0, 10.214, 191.232, 375.206, 583.488, 636.979, 509.683, 273.677, 132.365, 36.134, 0, 0, 0, 0, 0, 0, 0, 2748.978, 115, 636.97, 10.214, 636.979, 0, 
예천태양광, 1, 2026-01-06 00:00:00, 0, 0, 0, 0, 0, 0, 0, 0, 229.32, 868.5, 1170.54, 1329.48, 1377.18, 1324.62, 1141.56, 775.98, 244.8, 0, 0, 0, 0, 0, 0, 0, 8461.98, 353, 1377.18, 229.32, 1377.18, 0, 
여수태양광, 1, 2026-01-06 00:00:00, 0, 0, 0, 0, 0, 0, 0, 0, 0, 0, 0, 0, 0, 0, 0, 0, 0, 0, 0, 0, 0, 0, 0, 680, 680, 28, 680, 680, 680, 0, 
영흥태양광, 2, 2026-01-06 00:00:00, 0, 0, 0, 0, 0, 0, 0, 0, 43.389, 232.375, 428.109, 532.244, 564.063, 453.179, 263.229, 100.278, 32.783, 0.964, 0, 0, 0, 0, 0, 0, 2650.613, 110, 564.06, 0.96, 564.063, 0, 
탑선태양광, 1, 2026-01-06 00:00:00, 0, 0, 0, 0, 0, 0, 0, 0, 0, 0, 0, 0, 0, 0, 0, 0, 0, 0, 0, 0, 0, 0, 0, 638, 638, 27, 638, 638, 638, 0, 
탑선태양광, 3, 2026-01-06 00:00:00, 0, 0, 0, 0, 0, 0, 0, 0, 0, 0, 0, 0, 0, 0, 0, 0, 0, 0, 0, 0, 0, 0, 0, 12, 12, 1, 12, 12, 12, 0, 
경상대태양광, 1, 2026-01-06 00:00:00, 0, 0, 0, 0, 0, 0, 0, 0, 59.688, 228.24, 375.336, 461.376, 495.72, 487.728, 426.312, 259.776, 94.68, 4.608, 0, 0, 0, 0, 0, 0, 2893.464, 121, 495.72, 4.608, 495.72, 0, 
고흥만 수상태양광, 1, 2026-01-06 00:00:00, 0, 0, 0, 0, 0, 0, 0, 91.056, 6045.312, 20806.464, 35648.34, 42557.424, 44592.408, 42511.14, 36950.592, 21551.544, 6157.116, 366.492, 0, 0, 0, 0, 0, 0, 257277.888, 10720, 44592.4, 91.05, 44592.408, 0, 
영동태양광, 1, 2026-01-05 00:00:00, 0, 0, 0, 0, 0, 0, 0, 0, 14.976, 19.68, 19.584, 20.448, 21.504, 578.688, 528.192, 382.08, 530.496, 688.896, 688.032, 357.216, 0, 0, 0, 0, 3849.792, 160, 688.89, 14.976, 688.896, 0, 
삼천포태양광#5, 1, 2026-01-05 00:00:00, 0, 0, 0, 0, 0, 0, 0, 0.032, 156.561, 189.571, 224.671, 231.898, 365.357, 286.816, 1112.319, 1198.15, 2461.223, 2516.1, 2501.177, 1195.151, 0, 0, 0, 0, 12439.026, 518, 2516.1, 0.032, 2516.1, 0, 
삼천포태양광#5, 2, 2026-01-05 00:00:00, 0, 0, 0, 0, 0, 0, 0, 0.2, 239.856, 282.498, 369.216, 523.871, 590.461, 597.61, 3083.123, 2047.425, 4211.055, 3835.902, 3792.458, 999.695, 0, 0, 0, 0, 20573.37, 857, 4211.05, 0.2, 4211.055, 0, 
광양항세방태양광, 1, 2026-01-05 00:00:00, 0, 0, 0, 0, 0, 0, 0, 4.8, 156, 403.2, 744, 926.4, 1005.6, 1082.4, 703.2, 609.6, 232.8, 19.2, 0, 0, 0, 0, 0, 0, 5887.2, 245, 1082.4, 4.8, 1082.4, 0, 
두산엔진MG태양광, 1, 2026-01-05 00:00:00, 0, 0, 0, 0, 0, 0, 0, 0.3, 4.26, 9.72, 19.68, 34.26, 34.68, 33.3, 33.3, 35.34, 20.04, 0.42, 0, 0, 0, 0, 0, 0, 225.3, 9, 35.34, 0.3, 35.34, 0, 
삼천포태양광, 1, 2026-01-05 00:00:00, 0, 0, 0, 0, 0, 0, 0, 0, 2.472, 3.552, 9.588, 16.08, 13.572, 12.744, 12.096, 9.42, 4.956, 0, 0, 0, 0, 0, 0, 0, 84.48, 4, 16.08, 2.472, 16.08, 0, 
삼천포태양광, 2, 2026-01-05 00:00:00, 0, 0, 0, 0, 0, 0, 0, 0.192, 36.672, 69.504, 175.488, 268.992, 236.544, 214.272, 207.552, 128.352, 82.272, 2.208, 0, 0, 0, 0, 0, 0, 1422.048, 59, 268.99, 0.192, 268.992, 0, 
삼천포태양광, 3, 2026-01-05 00:00:00, 0, 0, 0, 0, 0, 0, 0, 0.252, 25.236, 37.044, 117.252, 178.776, 149.076, 150.012, 125.172, 46.656, 30.816, 0.792, 0, 0, 0, 0, 0, 0, 861.084, 36, 178.77, 0.252, 178.776, 0, 
삼천포태양광, 4, 2026-01-05 00:00:00, 0, 0, 0, 0, 0, 0, 0, 0.048, 68.158, 94.035, 95.697, 88.151, 105.662, 89.526, 207.389, 538.458, 1178.922, 1179.885, 1171.278, 84.074, 0, 0, 0, 0, 4901.283, 204, 1179.88, 0.048, 1179.885, 0, 
구미태양광, 1, 2026-01-05 00:00:00, 0, 0, 0, 0, 0, 0, 0, 0, 14.391, 125.685, 387.251, 483.214, 392.096, 421.746, 465.135, 428.905, 196.193, 10.486, 0, 0, 0, 0, 0, 0, 2925.102, 122, 483.21, 10.486, 483.214, 0, 
삼천포태양광#6, 1, 2026-01-05 00:00:00, 0, 0, 0, 0, 0, 0, 0, 0, 0, 0, 0, 0, 0, 0, 0, 0, 0, 0, 0, 0, 0, 0, 0, 0, 0, 0, 0, 0, 0, 0, 
영흥태양광#5, 1, 2026-01-05 00:00:00, 0, 0, 0, 0, 0, 0, 0, 0, 200.074, 1161.874, 2130.905, 2586.495, 2670.863, 2569.621, 2309.284, 1631.926, 417.021, 16.874, 0, 0, 0, 0, 0, 0, 15694.937, 654, 2670.86, 16.87, 2670.863, 0, 
영흥태양광 #3, 1, 2026-01-05 00:00:00, 0, 0, 0, 0, 0, 0, 0, 0, 159.6, 738.48, 1272.96, 1551.36, 1645.68, 1582.32, 1350.96, 811.2, 190.56, 6.96, 0, 0, 0, 0, 0, 0, 9310.08, 388, 1645.68, 6.96, 1645.68, 0, 
영흥태양광 #3, 2, 2026-01-05 00:00:00, 0, 0, 0, 0, 0, 0, 0, 0, 74.592, 344.64, 587.232, 702.624, 732, 711.072, 626.496, 459.84, 195.936, 9.6, 0, 0, 0, 0, 0, 0, 4444.032, 185, 732, 9.6, 732, 0, 
영흥태양광 #3, 3, 2026-01-05 00:00:00, 0, 0, 0, 0, 0, 0, 0, 0, 68.16, 365.88, 668.16, 796.68, 841.8, 813.72, 722.52, 537.48, 182.88, 7.68, 0, 0, 0, 0, 0, 0, 5004.96, 209, 841.8, 7.68, 841.8, 0, 
영흥태양광, 1, 2026-01-05 00:00:00, 0, 0, 0, 0, 0, 0, 0, 0, 11.251, 188.275, 394.214, 607.181, 666.586, 625.459, 477.542, 292.57, 111.974, 3.494, 0, 0, 0, 0, 0, 0, 3378.546, 141, 666.58, 3.494, 666.586, 0, 
예천태양광, 1, 2026-01-05 00:00:00, 0, 0, 0, 0, 0, 0, 0, 0, 214.74, 864.36, 1177.2, 1365.3, 1417.86, 1332.36, 1131.12, 793.26, 233.82, 0.54, 0, 0, 0, 0, 0, 0, 8530.56, 355, 1417.86, 0.54, 1417.86, 0, 
여수태양광, 1, 2026-01-05 00:00:00, 0, 0, 0, 0, 0, 0, 0, 0, 0, 0, 0, 0, 0, 0, 0, 0, 0, 0, 0, 0, 0, 0, 0, 500, 500, 21, 500, 500, 500, 0, 
영흥태양광, 2, 2026-01-05 00:00:00, 0, 0, 0, 0, 0, 0, 0, 0, 41.461, 231.411, 442.573, 547.672, 565.027, 450.286, 402.076, 318.189, 78.101, 3.857, 0, 0, 0, 0, 0, 0, 3080.653, 128, 565.02, 3.85, 565.027, 0, 
탑선태양광, 1, 2026-01-05 00:00:00, 0, 0, 0, 0, 0, 0, 0, 0, 0, 0, 0, 0, 0, 0, 0, 0, 0, 0, 0, 0, 0, 0, 0, 638, 638, 27, 638, 638, 638, 0, 
탑선태양광, 3, 2026-01-05 00:00:00, 0, 0, 0, 0, 0, 0, 0, 0, 0, 0, 0, 0, 0, 0, 0, 0, 0, 0, 0, 0, 0, 0, 0, 12, 12, 1, 12, 12, 12, 0, 
경상대태양광, 1, 2026-01-05 00:00:00, 0, 0, 0, 0, 0, 0, 0, 0, 55.872, 103.68, 203.112, 268.272, 354.456, 376.848, 318.384, 334.08, 139.752, 5.976, 0, 0, 0, 0, 0, 0, 2160.432, 90, 376.84, 5.976, 376.848, 0, 
고흥만 수상태양광, 1, 2026-01-05 00:00:00, 0, 0, 0, 0, 0, 0, 0, 57.12, 3407.208, 12383.952, 21349.02, 22490.664, 26495.448, 36533.952, 38260.152, 21499.632, 5537.784, 675.192, 0, 0, 0, 0, 0, 0, 188690.124, 7862, 38260.15, 57.12, 38260.152, 0, 
영동태양광, 1, 2026-01-04 00:00:00, 0, 0, 0, 0, 0, 0, 0, 0, 15.264, 19.776, 19.488, 19.392, 20.544, 406.464, 470.304, 370.944, 532.032, 688.992, 687.648, 335.136, 0, 0, 0, 0, 3585.984, 149, 688.99, 15.26, 688.992, 0, 
삼천포태양광#5, 1, 2026-01-04 00:00:00, 0, 0, 0, 0, 0, 0, 0, 0.138, 155.538, 190.479, 195.689, 204.469, 237.701, 2329.937, 1771.817, 986.698, 2446.69, 2509.868, 2505.785, 1002.79, 0, 0, 0, 0, 14537.599, 606, 2509.86, 0.138, 2509.868, 0, 
삼천포태양광#5, 2, 2026-01-04 00:00:00, 0, 0, 0, 0, 0, 0, 0, 0.276, 237.303, 288.194, 283.861, 645.354, 1013.195, 4314.546, 2975.049, 1682.313, 4145.436, 3811.797, 3796.341, 807.925, 0, 0, 0, 0, 24001.59, 1000, 4314.54, 0.27, 4314.546, 0, 
광양항세방태양광, 1, 2026-01-04 00:00:00, 0, 0, 0, 0, 0, 0, 0, 2.4, 158.4, 520.8, 916.8, 1142.4, 1171.2, 1116, 969.6, 638.4, 302.4, 9.6, 0, 0, 0, 0, 0, 0, 6948, 290, 1171.2, 2.4, 1171.2, 0, 
두산엔진MG태양광, 1, 2026-01-04 00:00:00, 0, 0, 0, 0, 0, 0, 0, 0.24, 3.18, 8.58, 19.26, 30.84, 39.36, 42.36, 39.6, 30.78, 5.22, 0.24, 0, 0, 0, 0, 0, 0, 219.66, 9, 42.36, 0.24, 42.36, 0, 
삼천포태양광, 1, 2026-01-04 00:00:00, 0, 0, 0, 0, 0, 0, 0, 0, 1.848, 7.704, 13.176, 17.592, 19.032, 17.94, 11.688, 5.928, 2.688, 0, 0, 0, 0, 0, 0, 0, 97.596, 4, 19.03, 1.848, 19.032, 0, 
삼천포태양광, 2, 2026-01-04 00:00:00, 0, 0, 0, 0, 0, 0, 0, 0.576, 29.184, 124.32, 229.536, 285.984, 302.784, 271.296, 180.864, 107.808, 56.352, 0.672, 0, 0, 0, 0, 0, 0, 1589.376, 66, 302.78, 0.576, 302.784, 0, 
삼천포태양광, 3, 2026-01-04 00:00:00, 0, 0, 0, 0, 0, 0, 0, 0.396, 16.128, 39.024, 136.332, 171, 201.744, 203.04, 117.684, 47.628, 26.352, 0.18, 0, 0, 0, 0, 0, 0, 959.508, 40, 203.04, 0.18, 203.04, 0, 
삼천포태양광, 4, 2026-01-04 00:00:00, 0, 0, 0, 0, 0, 0, 0, 0.034, 54.935, 94.319, 93.89, 88.905, 79.888, 500.109, 745.503, 390.046, 1175.353, 1176.68, 1172.306, 43.054, 0, 0, 0, 0, 5615.022, 234, 1176.68, 0.034, 1176.68, 0, 
구미태양광, 1, 2026-01-04 00:00:00, 0, 0, 0, 0, 0, 0, 0, 0, 19.525, 125.106, 354.058, 443.368, 305.823, 183.899, 150.634, 123.588, 54.02, 4.773, 0, 0, 0, 0, 0, 0, 1764.794, 74, 443.36, 4.773, 443.368, 0, 
삼천포태양광#6, 1, 2026-01-04 00:00:00, 0, 0, 0, 0, 0, 0, 0, 0, 0, 0, 0, 0, 0, 0, 0, 0, 0, 0, 0, 0, 0, 0, 0, 0, 0, 0, 0, 0, 0, 0, 
영흥태양광#5, 1, 2026-01-04 00:00:00, 0, 0, 0, 0, 0, 0, 0, 0, 233.821, 1043.758, 1740.4, 1709.063, 1839.232, 2003.147, 1728.347, 773.779, 166.326, 2.411, 0, 0, 0, 0, 0, 0, 11240.284, 468, 2003.14, 2.411, 2003.147, 0, 
영흥태양광 #3, 1, 2026-01-04 00:00:00, 0, 0, 0, 0, 0, 0, 0, 0, 161.76, 648.48, 1029.36, 989.28, 1055.28, 1111.2, 1018.8, 447.12, 115.68, 0.96, 0, 0, 0, 0, 0, 0, 6577.92, 274, 1111.2, 0.96, 1111.2, 0, 
영흥태양광 #3, 2, 2026-01-04 00:00:00, 0, 0, 0, 0, 0, 0, 0, 0, 68.448, 306.528, 484.8, 473.568, 506.592, 542.688, 478.464, 230.016, 48.864, 0.192, 0, 0, 0, 0, 0, 0, 3140.16, 131, 542.68, 0.192, 542.688, 0, 
영흥태양광 #3, 3, 2026-01-04 00:00:00, 0, 0, 0, 0, 0, 0, 0, 0, 63, 325.68, 538.08, 514.08, 572.88, 619.44, 539.52, 254.64, 53.88, 0.36, 0, 0, 0, 0, 0, 0, 3481.56, 145, 619.44, 0.36, 619.44, 0, 
영흥태양광, 1, 2026-01-04 00:00:00, 0, 0, 0, 0, 0, 0, 0, 0, 20.467, 172.723, 334.925, 383.27, 458.419, 499.277, 391.526, 177.101, 41.203, 0, 0, 0, 0, 0, 0, 0, 2478.911, 103, 499.27, 20.467, 499.277, 0, 
예천태양광, 1, 2026-01-04 00:00:00, 0, 0, 0, 0, 0, 0, 0, 0, 57.06, 289.8, 503.82, 977.76, 1034.46, 1129.32, 1049.4, 614.88, 224.46, 2.7, 0, 0, 0, 0, 0, 0, 5883.66, 245, 1129.32, 2.7, 1129.32, 0, 
여수태양광, 1, 2026-01-04 00:00:00, 0, 0, 0, 0, 0, 0, 0, 0, 0, 0, 0, 0, 0, 0, 0, 0, 0, 0, 0, 0, 0, 0, 0, 608, 608, 25, 608, 608, 608, 0, 
영흥태양광, 2, 2026-01-04 00:00:00, 0, 0, 0, 0, 0, 0, 0, 0, 47.246, 202.484, 359.651, 341.331, 357.722, 412.682, 348.08, 164.88, 40.497, 0, 0, 0, 0, 0, 0, 0, 2274.573, 95, 412.68, 40.49, 412.682, 0, 
탑선태양광, 1, 2026-01-04 00:00:00, 0, 0, 0, 0, 0, 0, 0, 0, 0, 0, 0, 0, 0, 0, 0, 0, 0, 0, 0, 0, 0, 0, 0, 638, 638, 27, 638, 638, 638, 0, 
탑선태양광, 3, 2026-01-04 00:00:00, 0, 0, 0, 0, 0, 0, 0, 0, 0, 0, 0, 0, 0, 0, 0, 0, 0, 0, 0, 0, 0, 0, 0, 12, 12, 1, 12, 12, 12, 0, 
경상대태양광, 1, 2026-01-04 00:00:00, 0, 0, 0, 0, 0, 0, 0, 0, 50.112, 203.976, 337.896, 423.936, 468.936, 454.32, 297.288, 177.48, 84.672, 7.344, 0, 0, 0, 0, 0, 0, 2505.96, 104, 468.936, 7.344, 468.936, 0, 
고흥만 수상태양광, 1, 2026-01-04 00:00:00, 0, 0, 0, 0, 0, 0, 0, 54.516, 2677.164, 9473.688, 28533.708, 36239.7, 39103.848, 37680.048, 31364.592, 18735.108, 4664.016, 405.552, 0, 0, 0, 0, 0, 0, 208931.94, 8705, 39103.84, 54.51, 39103.848, 0, 
영동태양광, 1, 2026-01-03 00:00:00, 0, 0, 0, 0, 0, 0, 0, 0, 15.36, 18.336, 16.896, 17.568, 18.528, 520.416, 541.44, 398.304, 536.544, 690.912, 689.28, 347.616, 0, 0, 0, 0, 3811.2, 159, 690.91, 15.36, 690.912, 0, 
삼천포태양광#5, 1, 2026-01-03 00:00:00, 0, 0, 0, 0, 0, 0, 0, 0.203, 138.544, 247.419, 363.667, 615.465, 780.832, 3016.711, 2581.957, 1520.509, 2506.599, 2519.002, 2510.702, 974.846, 0, 0, 0, 0, 17776.456, 741, 3016.71, 0.203, 3016.711, 0, 
삼천포태양광#5, 2, 2026-01-03 00:00:00, 0, 0, 0, 0, 0, 0, 0, 0.516, 178.464, 275.271, 623.617, 1293.693, 2420.241, 5124.029, 4339.639, 2655.275, 4187.362, 3823.385, 3801.273, 742.955, 0, 0, 0, 0, 29465.72, 1228, 5124.02, 0.51, 5124.029, 0, 
광양항세방태양광, 1, 2026-01-03 00:00:00, 0, 0, 0, 0, 0, 0, 0, 2.4, 156, 566.4, 1017.6, 1276.8, 1382.4, 1245.6, 1099.2, 664.8, 177.6, 4.8, 0, 0, 0, 0, 0, 0, 7593.6, 316, 1382.4, 2.4, 1382.4, 0, 
두산엔진MG태양광, 1, 2026-01-03 00:00:00, 0, 0, 0, 0, 0, 0, 0, 0.18, 2.22, 7.02, 21.06, 34.5, 43.14, 46.98, 45.12, 36.24, 16.98, 0.54, 0, 0, 0, 0, 0, 0, 253.98, 11, 46.98, 0.18, 46.98, 0, 
삼천포태양광, 1, 2026-01-03 00:00:00, 0, 0, 0, 0, 0, 0, 0, 0, 2.88, 9.648, 15.048, 19.308, 20.796, 20.016, 17.016, 11.652, 3.936, 0, 0, 0, 0, 0, 0, 0, 120.3, 5, 20.79, 2.88, 20.796, 0, 
삼천포태양광, 2, 2026-01-03 00:00:00, 0, 0, 0, 0, 0, 0, 0, 0.48, 26.4, 153.312, 269.472, 325.824, 349.824, 306.72, 194.784, 168.672, 67.2, 1.44, 0, 0, 0, 0, 0, 0, 1864.128, 78, 349.82, 0.48, 349.824, 0, 
삼천포태양광, 3, 2026-01-03 00:00:00, 0, 0, 0, 0, 0, 0, 0, 0.072, 11.52, 34.596, 160.884, 201.132, 225.36, 233.64, 149.652, 61.704, 25.668, 0.504, 0, 0, 0, 0, 0, 0, 1104.732, 46, 233.64, 0.072, 233.64, 0, 
삼천포태양광, 4, 2026-01-03 00:00:00, 0, 0, 0, 0, 0, 0, 0, 0.009, 20.896, 85.134, 91.5, 93.067, 108.919, 1221.787, 1062.548, 715.76, 1178.071, 1179.029, 1160.72, 0, 0, 0, 0, 0, 6917.44, 288, 1221.78, 0.009, 1221.787, 0, 
구미태양광, 1, 2026-01-03 00:00:00, 0, 0, 0, 0, 0, 0, 0, 0, 33.627, 266.05, 473.958, 578.454, 629.509, 597.907, 444.453, 136.171, 87.068, 3.905, 0, 0, 0, 0, 0, 0, 3251.102, 135, 629.5, 3.905, 629.509, 0, 
삼천포태양광#6, 1, 2026-01-03 00:00:00, 0, 0, 0, 0, 0, 0, 0, 0, 0, 0, 0, 0, 0, 0, 0, 0, 0, 0, 0, 0, 0, 0, 0, 0, 0, 0, 0, 0, 0, 0, 
영흥태양광#5, 1, 2026-01-03 00:00:00, 0, 0, 0, 0, 0, 0, 0, 0, 219.358, 1060.632, 1807.895, 711.105, 590.579, 318.189, 344.705, 190.432, 72.316, 4.821, 0, 0, 0, 0, 0, 0, 5320.032, 222, 1807.89, 4.82, 1807.895, 0, 
영흥태양광 #3, 1, 2026-01-03 00:00:00, 0, 0, 0, 0, 0, 0, 0, 0.24, 166.56, 689.52, 1093.92, 473.04, 392.88, 208.56, 234.48, 140.16, 49.92, 3.12, 0, 0, 0, 0, 0, 0, 3452.4, 144, 1093.92, 0.24, 1093.92, 0, 
영흥태양광 #3, 2, 2026-01-03 00:00:00, 0, 0, 0, 0, 0, 0, 0, 0.192, 75.744, 325.728, 516.768, 209.28, 168, 92.16, 102.24, 54.24, 13.632, 0.96, 0, 0, 0, 0, 0, 0, 1558.944, 65, 516.76, 0.192, 516.768, 0, 
영흥태양광 #3, 3, 2026-01-03 00:00:00, 0, 0, 0, 0, 0, 0, 0, 0, 68.52, 337.32, 546, 210.24, 169.32, 96.24, 104.16, 62.04, 23.88, 1.68, 0, 0, 0, 0, 0, 0, 1619.4, 67, 546, 1.68, 546, 0, 
영흥태양광, 1, 2026-01-03 00:00:00, 0, 0, 0, 0, 0, 0, 0, 0, 16.704, 187.392, 332.198, 173.798, 124.454, 72.422, 81.83, 43.315, 13.786, 0.653, 0, 0, 0, 0, 0, 0, 1046.552, 44, 332.19, 0.653, 332.198, 0, 
예천태양광, 1, 2026-01-03 00:00:00, 0, 0, 0, 0, 0, 0, 0, 0, 229.86, 882.54, 1204.56, 1354.68, 1400.22, 1316.88, 815.94, 406.26, 38.16, 0, 0, 0, 0, 0, 0, 0, 7649.1, 319, 1400.22, 38.16, 1400.22, 0, 
여수태양광, 1, 2026-01-03 00:00:00, 0, 0, 0, 0, 0, 0, 0, 0, 0, 0, 0, 0, 0, 0, 0, 0, 0, 0, 0, 0, 0, 0, 0, 617, 617, 26, 617, 617, 617, 0, 
영흥태양광, 2, 2026-01-03 00:00:00, 0, 0, 0, 0, 0, 0, 0, 0, 44.354, 217.912, 391.469, 168.737, 136.918, 69.423, 80.994, 46.282, 14.463, 0.964, 0, 0, 0, 0, 0, 0, 1171.516, 49, 391.46, 0.96, 391.469, 0, 
탑선태양광, 1, 2026-01-03 00:00:00, 0, 0, 0, 0, 0, 0, 0, 0, 0, 0, 0, 0, 0, 0, 0, 0, 0, 0, 0, 0, 0, 0, 0, 638, 638, 27, 638, 638, 638, 0, 
탑선태양광, 3, 2026-01-03 00:00:00, 0, 0, 0, 0, 0, 0, 0, 0, 0, 0, 0, 0, 0, 0, 0, 0, 0, 0, 0, 0, 0, 0, 0, 12, 12, 1, 12, 12, 12, 0, 
경상대태양광, 1, 2026-01-03 00:00:00, 0, 0, 0, 0, 0, 0, 0, 0, 62.784, 229.896, 372.384, 456.048, 491.616, 485.928, 411.84, 289.008, 120.672, 7.776, 0, 0, 0, 0, 0, 0, 2927.952, 122, 491.61, 7.776, 491.616, 0, 
고흥만 수상태양광, 1, 2026-01-03 00:00:00, 0, 0, 0, 0, 0, 0, 0, 145.992, 5348.364, 18730.068, 34224.204, 40360.236, 27024.06, 28668.276, 30841.188, 14988.456, 4824.54, 243.6, 0, 0, 0, 0, 0, 0, 205398.984, 8558, 40360.23, 145.99, 40360.236, 0, 
영동태양광, 1, 2026-01-02 00:00:00, 0, 0, 0, 0, 0, 0, 0, 0, 15.648, 19.968, 17.856, 18.816, 19.488, 459.072, 520.992, 392.064, 537.504, 690.24, 689.28, 353.856, 0, 0, 0, 0, 3734.784, 156, 690.24, 15.648, 690.24, 0, 
삼천포태양광#5, 1, 2026-01-02 00:00:00, 0, 0, 0, 0, 0, 0, 0, 0.085, 140.695, 220.588, 346.684, 742.523, 913.987, 3150.173, 2718.167, 1680.575, 2501.926, 2508.047, 2513.515, 1012.612, 0, 0, 0, 0, 18449.577, 769, 3150.17, 0.085, 3150.173, 0, 
삼천포태양광#5, 2, 2026-01-02 00:00:00, 0, 0, 0, 0, 0, 0, 0, 0.08, 190.357, 281.659, 690.48, 1467.817, 2483.798, 5331.007, 4575.149, 2821.972, 4193.299, 3820.49, 3816.153, 759.956, 0, 0, 0, 0, 30432.217, 1268, 5331, 0.08, 5331.007, 0, 
광양항세방태양광, 1, 2026-01-02 00:00:00, 0, 0, 0, 0, 0, 0, 0, 2.4, 168, 616.8, 1125.6, 1478.4, 1593.6, 1488, 1236, 734.4, 283.2, 9.6, 0, 0, 0, 0, 0, 0, 8736, 364, 1593.6, 2.4, 1593.6, 0, 
두산엔진MG태양광, 1, 2026-01-02 00:00:00, 0, 0, 0, 0, 0, 0, 0, 0.24, 2.34, 7.44, 21.42, 35.1, 44.1, 48.6, 46.5, 38.82, 19.14, 0.48, 0, 0, 0, 0, 0, 0, 264.18, 11, 48.6, 0.24, 48.6, 0, 
삼천포태양광, 1, 2026-01-02 00:00:00, 0, 0, 0, 0, 0, 0, 0, 0, 2.436, 9.348, 15.396, 19.752, 21.312, 18.792, 18, 12.816, 4.884, 0.048, 0, 0, 0, 0, 0, 0, 122.784, 5, 21.31, 0.048, 21.312, 0, 
삼천포태양광, 2, 2026-01-02 00:00:00, 0, 0, 0, 0, 0, 0, 0, 0.384, 16.512, 147.936, 278.016, 334.752, 337.248, 189.984, 156.384, 171.84, 76.032, 1.536, 0, 0, 0, 0, 0, 0, 1710.624, 71, 337.24, 0.384, 337.248, 0, 
삼천포태양광, 3, 2026-01-02 00:00:00, 0, 0, 0, 0, 0, 0, 0, 0.072, 9.216, 32.112, 159.948, 215.568, 204.804, 239.616, 152.892, 68.328, 30.384, 0.612, 0, 0, 0, 0, 0, 0, 1113.552, 46, 239.61, 0.072, 239.616, 0, 
삼천포태양광, 4, 2026-01-02 00:00:00, 0, 0, 0, 0, 0, 0, 0, 0.002, 24.772, 88.049, 86.139, 99.829, 153.679, 1279.285, 1118.332, 805.413, 1178.544, 1178.431, 1138.38, 0, 0, 0, 0, 0, 7150.855, 298, 1279.28, 0.002, 1279.285, 0, 
구미태양광, 1, 2026-01-02 00:00:00, 0, 0, 0, 0, 0, 0, 0, 0, 32.397, 259.107, 484.95, 602.029, 653.301, 631.678, 556.253, 427.242, 187.37, 8.244, 0, 0, 0, 0, 0, 0, 3842.571, 160, 653.3, 8.244, 653.301, 0, 
삼천포태양광#6, 1, 2026-01-02 00:00:00, 0, 0, 0, 0, 0, 0, 0, 0, 0, 0, 0, 0, 0, 0, 0, 0, 0, 0, 0, 0, 0, 0, 0, 0, 0, 0, 0, 0, 0, 0, 
영흥태양광#5, 1, 2026-01-02 00:00:00, 0, 0, 0, 0, 0, 0, 0, 2.411, 233.821, 1202.853, 2138.137, 2516.589, 2649.168, 2277.947, 993.137, 749.674, 173.558, 9.642, 0, 0, 0, 0, 0, 0, 12946.937, 539, 2649.16, 2.41, 2649.168, 0, 
영흥태양광 #3, 1, 2026-01-02 00:00:00, 0, 0, 0, 0, 0, 0, 0, 0.24, 184.32, 766.56, 1282.56, 1467.36, 1556.4, 1307.04, 778.32, 477.6, 97.2, 6.72, 0, 0, 0, 0, 0, 0, 7924.32, 330, 1556.4, 0.24, 1556.4, 0, 
영흥태양광 #3, 2, 2026-01-02 00:00:00, 0, 0, 0, 0, 0, 0, 0, 0.192, 86.208, 352.128, 580.8, 707.328, 723.648, 591.84, 290.112, 204.288, 64.416, 2.112, 0, 0, 0, 0, 0, 0, 3603.072, 150, 723.64, 0.192, 723.648, 0, 
영흥태양광 #3, 3, 2026-01-02 00:00:00, 0, 0, 0, 0, 0, 0, 0, 0, 75.6, 361.2, 657.6, 792.84, 831.24, 611.52, 418.08, 195.6, 54.96, 3.36, 0, 0, 0, 0, 0, 0, 4002, 167, 831.24, 3.36, 831.24, 0, 
영흥태양광, 1, 2026-01-02 00:00:00, 0, 0, 0, 0, 0, 0, 0, 0, 12.749, 194.035, 383.539, 594.701, 649.459, 485.491, 286.618, 172.339, 40.973, 0.538, 0, 0, 0, 0, 0, 0, 2820.442, 118, 649.45, 0.538, 649.459, 0, 
예천태양광, 1, 2026-01-02 00:00:00, 0, 0, 0, 0, 0, 0, 0, 0.18, 231.66, 896.4, 1217.34, 1394.64, 1429.38, 1349.28, 1140.3, 791.1, 216.18, 0, 0, 0, 0, 0, 0, 0, 8666.46, 361, 1429.38, 0.18, 1429.38, 0, 
여수태양광, 1, 2026-01-02 00:00:00, 0, 0, 0, 0, 0, 0, 0, 0, 0, 0, 0, 0, 0, 0, 0, 0, 0, 0, 0, 0, 0, 0, 0, 616, 616, 26, 616, 616, 616, 0, 
영흥태양광, 2, 2026-01-02 00:00:00, 0, 0, 0, 0, 0, 0, 0, 0, 49.175, 239.124, 443.537, 470.535, 437.752, 374.114, 260.337, 188.985, 31.819, 1.928, 0, 0, 0, 0, 0, 0, 2497.306, 104, 470.53, 1.92, 470.535, 0, 
탑선태양광, 1, 2026-01-02 00:00:00, 0, 0, 0, 0, 0, 0, 0, 0, 0, 0, 0, 0, 0, 0, 0, 0, 0, 0, 0, 0, 0, 0, 0, 638, 638, 27, 638, 638, 638, 0, 
탑선태양광, 3, 2026-01-02 00:00:00, 0, 0, 0, 0, 0, 0, 0, 0, 0, 0, 0, 0, 0, 0, 0, 0, 0, 0, 0, 0, 0, 0, 0, 12, 12, 1, 12, 12, 12, 0, 
경상대태양광, 1, 2026-01-02 00:00:00, 0, 0, 0, 0, 0, 0, 0, 0, 57.24, 226.152, 382.176, 474.48, 518.112, 509.04, 440.928, 319.176, 135.36, 6.552, 0, 0, 0, 0, 0, 0, 3069.216, 128, 518.11, 6.552, 518.112, 0, 
고흥만 수상태양광, 1, 2026-01-02 00:00:00, 0, 0, 0, 0, 0, 0, 0, 129.108, 5768.868, 19284.048, 35122.248, 42526.932, 44849.112, 42987.084, 35456.064, 16953.048, 3924.816, 170.688, 0, 0, 0, 0, 0, 0, 247172.016, 10299, 44849.11, 129.1, 44849.112, 0, 
영동태양광, 1, 2026-01-01 00:00:00, 0, 0, 0, 0, 0, 0, 0, 0, 17.088, 19.296, 17.088, 18.432, 19.2, 506.88, 530.496, 392.352, 533.952, 690.912, 689.376, 351.456, 0, 0, 0, 0, 3786.528, 158, 690.91, 17.088, 690.912, 0, 
삼천포태양광#5, 1, 2026-01-01 00:00:00, 0, 0, 0, 0, 0, 0, 0, 0.99, 140.656, 201.68, 203.582, 197.897, 192.311, 192.258, 188.502, 960.368, 2494.016, 2508.399, 1072.975, 0, 0, 0, 0, 0, 8353.634, 348, 2508.39, 0.99, 2508.399, 0, 
삼천포태양광#5, 2, 2026-01-01 00:00:00, 0, 0, 0, 0, 0, 0, 0, 2.084, 214.917, 283.37, 281.313, 288.754, 289.879, 288.953, 308.892, 1658.431, 4119.737, 3839.358, 2492.769, 0, 0, 0, 0, 0, 14068.457, 586, 4119.73, 2.08, 4119.737, 0, 
광양항세방태양광, 1, 2026-01-01 00:00:00, 0, 0, 0, 0, 0, 0, 0, 2.4, 120, 400.8, 662.4, 763.2, 782.4, 866.4, 686.4, 564, 230.4, 7.2, 0, 0, 0, 0, 0, 0, 5085.6, 212, 866.4, 2.4, 866.4, 0, 
두산엔진MG태양광, 1, 2026-01-01 00:00:00, 0, 0, 0, 0, 0, 0, 0, 0.36, 4.38, 8.88, 19.56, 24.42, 27.18, 29.04, 27.18, 30.9, 17.1, 0.42, 0, 0, 0, 0, 0, 0, 189.42, 8, 30.9, 0.36, 30.9, 0, 
삼천포태양광, 1, 2026-01-01 00:00:00, 0, 0, 0, 0, 0, 0, 0, 0, 0.444, 4.236, 6.12, 6.912, 7.848, 10.32, 8.184, 6.672, 2.304, 0, 0, 0, 0, 0, 0, 0, 53.04, 2, 10.32, 0.444, 10.32, 0, 
삼천포태양광, 2, 2026-01-01 00:00:00, 0, 0, 0, 0, 0, 0, 0, 1.632, 21.888, 83.904, 126.24, 134.4, 150.048, 174.048, 150.528, 103.488, 48.672, 0.96, 0, 0, 0, 0, 0, 0, 995.808, 41, 174.04, 0.96, 174.048, 0, 
삼천포태양광, 3, 2026-01-01 00:00:00, 0, 0, 0, 0, 0, 0, 0, 0.828, 13.32, 36.612, 80.064, 87.228, 96.84, 118.008, 91.044, 42.804, 16.488, 0.324, 0, 0, 0, 0, 0, 0, 583.56, 24, 118, 0.324, 118.008, 0, 
삼천포태양광, 4, 2026-01-01 00:00:00, 0, 0, 0, 0, 0, 0, 0, 0.622, 51.715, 94.325, 93.473, 94.461, 94.385, 94.525, 73.749, 424.913, 1175.79, 1072.411, 0, 0, 0, 0, 0, 0, 3270.369, 136, 1175.79, 0.622, 1175.79, 0, 
구미태양광, 1, 2026-01-01 00:00:00, 0, 0, 0, 0, 0, 0, 0, 0, 8.75, 104.279, 231.844, 187.226, 279.428, 260.988, 255.926, 231.555, 122.792, 11.86, 0, 0, 0, 0, 0, 0, 1694.648, 71, 279.42, 8.75, 279.428, 0, 
삼천포태양광#6, 1, 2026-01-01 00:00:00, 0, 0, 0, 0, 0, 0, 0, 0, 0, 0, 0, 0, 0, 0, 0, 0, 0, 0, 0, 0, 0, 0, 0, 0, 0, 0, 0, 0, 0, 0, 
영흥태양광#5, 1, 2026-01-01 00:00:00, 0, 0, 0, 0, 0, 0, 0, 2.411, 188.021, 1149.821, 1829.589, 2434.632, 2653.989, 2239.379, 2092.337, 1200.442, 180.789, 7.232, 0, 0, 0, 0, 0, 0, 13978.642, 582, 2653.98, 2.41, 2653.989, 0, 
영흥태양광 #3, 1, 2026-01-01 00:00:00, 0, 0, 0, 0, 0, 0, 0, 0, 123.36, 735.12, 1106.16, 1474.56, 1630.56, 1537.44, 1214.16, 640.56, 124.8, 5.04, 0, 0, 0, 0, 0, 0, 8591.76, 358, 1630.56, 5.04, 1630.56, 0, 
영흥태양광 #3, 2, 2026-01-01 00:00:00, 0, 0, 0, 0, 0, 0, 0, 0, 55.2, 342.816, 482.496, 648.48, 729.12, 686.496, 600.768, 343.008, 53.184, 1.44, 0, 0, 0, 0, 0, 0, 3943.008, 164, 729.12, 1.44, 729.12, 0, 
영흥태양광 #3, 3, 2026-01-01 00:00:00, 0, 0, 0, 0, 0, 0, 0, 0, 52.44, 353.76, 567.24, 756.84, 824.04, 781.32, 622.32, 384.24, 60.36, 2.04, 0, 0, 0, 0, 0, 0, 4404.6, 184, 824.04, 2.04, 824.04, 0, 
영흥태양광, 1, 2026-01-01 00:00:00, 0, 0, 0, 0, 0, 0, 0, 0, 21.274, 192.96, 356.122, 574.579, 653.606, 587.597, 434.304, 224.026, 46.195, 0.691, 0, 0, 0, 0, 0, 0, 3091.354, 129, 653.6, 0.691, 653.606, 0, 
예천태양광, 1, 2026-01-01 00:00:00, 0, 0, 0, 0, 0, 0, 0, 0, 126, 554.94, 861.3, 946.44, 1136.34, 1167.84, 915.3, 775.8, 207.36, 0, 0, 0, 0, 0, 0, 0, 6691.32, 279, 1167.84, 126, 1167.84, 0, 
여수태양광, 1, 2026-01-01 00:00:00, 0, 0, 0, 0, 0, 0, 0, 0, 0, 0, 0, 0, 0, 0, 0, 0, 0, 0, 0, 0, 0, 0, 0, 347, 347, 14, 347, 347, 347, 0, 
영흥태양광, 2, 2026-01-01 00:00:00, 0, 0, 0, 0, 0, 0, 0, 0, 33.747, 231.411, 385.684, 518.745, 538.029, 429.074, 375.078, 254.552, 41.461, 1.928, 0, 0, 0, 0, 0, 0, 2809.709, 117, 538.02, 1.92, 538.029, 0, 
탑선태양광, 1, 2026-01-01 00:00:00, 0, 0, 0, 0, 0, 0, 0, 0, 0, 0, 0, 0, 0, 0, 0, 0, 0, 0, 0, 0, 0, 0, 0, 638, 638, 27, 638, 638, 638, 0, 
탑선태양광, 3, 2026-01-01 00:00:00, 0, 0, 0, 0, 0, 0, 0, 0, 0, 0, 0, 0, 0, 0, 0, 0, 0, 0, 0, 0, 0, 0, 0, 12, 12, 1, 12, 12, 12, 0, 
경상대태양광, 1, 2026-01-01 00:00:00, 0, 0, 0, 0, 0, 0, 0, 0, 44.424, 178.992, 291.168, 235.152, 270.072, 259.416, 226.008, 254.88, 110.52, 4.752, 0, 0, 0, 0, 0, 0, 1875.384, 78, 291.16, 4.752, 291.168, 0, 
고흥만 수상태양광, 1, 2026-01-01 00:00:00, 0, 0, 0, 0, 0, 0, 0, 96.348, 3205.02, 7423.248, 11591.496, 16469.796, 19392.828, 22155.588, 17046.036, 14252.448, 6488.58, 303.156, 0, 0, 0, 0, 0, 0, 118424.544, 4934, 22155.58, 96.34, 22155.588, 0, 
