발전구분, 호기, 일자, 1시 발전량(KWh), 2시 발전량(KWh),3시 발전량(KWh),4시 발전량(KWh),5시 발전량(KWh),6시 발전량(KWh),7시 발전량(KWh),8시 발전량(KWh),9시 발전량(KWh),10시 발전량(KWh),11시 발전량(KWh),12시 발전량(KWh),13시 발전량(KWh),14시 발전량(KWh),15시 발전량(KWh),16시 발전량(KWh),17시 발전량(KWh),18시 발전량(KWh),19시 발전량(KWh),20시 발전량(KWh),21시 발전량(KWh),22시 발전량(KWh),23시 발전량(KWh),24시 발전량(KWh),총량(KW),평균(KW),최대(시간별),최소(시간별),최대,최소
영동태양광, 1, 2026-06-30 00:00:00, 0, 0, 0, 0, 0, 0, 9.12, 15.264, 14.88, 13.344, 12.864, 13.824, 348.192, 728.832, 618.816, 607.104, 625.056, 685.344, 683.904, 681.024, 87.936, 0, 0, 0, 5145.504, 214, 728.83, 9.12, 728.832, 0, 
삼천포태양광#5, 1, 2026-06-30 00:00:00, 0, 0, 0, 0, 0, 11.42, 161.781, 193.183, 199.012, 208.637, 202.584, 355.846, 353.278, 370.288, 1904.124, 1239.593, 2491.67, 2527.525, 2535.508, 2013.112, 0, 0, 0, 0, 14767.561, 615, 2535.5, 11.42, 2535.508, 0, 
삼천포태양광#5, 2, 2026-06-30 00:00:00, 0, 0, 0, 0, 0, 21.412, 253.676, 284.145, 284.786, 283.15, 283.618, 492.941, 483.587, 2203.888, 3221.905, 2147.391, 4236.428, 4289.567, 4158.438, 2006.781, 0, 0, 0, 0, 24651.713, 1027, 4289.56, 21.412, 4289.567, 0, 
광양항세방태양광, 1, 2026-06-30 00:00:00, 0, 0, 0, 0, 0, 4.8, 182.4, 475.2, 979.2, 1243.2, 1459.2, 1041.6, 1584, 1348.8, 1396.8, 1171.2, 916.8, 487.2, 211.2, 16.8, 0, 0, 0, 0, 12518.4, 522, 1584, 4.8, 1584, 0, 
두산엔진MG태양광, 1, 2026-06-30 00:00:00, 0, 0, 0, 0, 0, 0.6, 3.42, 7.32, 17.7, 30, 36.48, 43.92, 44.34, 41.1, 39, 37.02, 31.02, 21.42, 16.56, 1.14, 0, 0, 0, 0, 371.04, 15, 44.34, 0.6, 44.34, 0, 
삼천포태양광, 1, 2026-06-30 00:00:00, 0, 0, 0, 0, 0, 0, 0.012, 0, 0, 12.6, 20.904, 22.704, 24.396, 19.92, 24.408, 14.244, 13.176, 3.804, 1.74, 0.012, 0, 0, 0, 0, 157.92, 7, 24.4, 0.012, 24.408, 0, 
삼천포태양광, 2, 2026-06-30 00:00:00, 0, 0, 0, 0, 0, 5.664, 55.872, 167.136, 338.112, 427.584, 450.72, 481.44, 482.016, 400.32, 450.144, 292.128, 244.608, 99.648, 67.296, 8.544, 0, 0, 0, 0, 3971.232, 165, 482.01, 5.664, 482.016, 0, 
삼천포태양광, 3, 2026-06-30 00:00:00, 0, 0, 0, 0, 0, 1.044, 16.632, 55.764, 114.336, 146.268, 158.832, 160.2, 162.252, 132.624, 148.968, 96.732, 84.708, 30.096, 18.9, 1.296, 0, 0, 0, 0, 1328.652, 55, 162.25, 1.044, 162.252, 0, 
삼천포태양광, 4, 2026-06-30 00:00:00, 0, 0, 0, 0, 0, 1.777, 65.583, 94.152, 94.514, 94.252, 94.126, 99.181, 98.56, 87.056, 486.347, 448.568, 1157.878, 1189.509, 1194.27, 530.947, 0, 0, 0, 0, 5736.72, 239, 1194.27, 1.777, 1194.27, 0, 
구미태양광, 1, 2026-06-30 00:00:00, 0, 0, 0, 0, 0, 0, 23.575, 111.222, 244.138, 305.679, 387.83, 588.651, 619.602, 585.83, 491.169, 519.227, 239.148, 114.114, 59.227, 8.678, 0, 0, 0, 0, 4298.09, 179, 619.6, 8.678, 619.602, 0, 
삼천포태양광#6, 1, 2026-06-30 00:00:00, 0, 0, 0, 0, 0, 0, 0, 0, 0, 0, 0, 0, 0, 0, 0, 0, 0, 0, 0, 0, 0, 0, 0, 0, 0, 0, 0, 0, 0, 0, 
영흥태양광#5, 1, 2026-06-30 00:00:00, 0, 0, 0, 0, 0, 9.642, 147.042, 479.695, 781.011, 1504.168, 1844.053, 1957.347, 1979.042, 2220.095, 1950.116, 1024.474, 858.147, 631.558, 202.484, 28.926, 0, 0, 0, 0, 15617.8, 651, 2220.09, 9.64, 2220.095, 0, 
영흥태양광 #3, 1, 2026-06-30 00:00:00, 0, 0, 0, 0, 0, 0.24, 95.04, 402.48, 682.08, 1315.92, 1629.6, 1703.52, 1821.6, 1981.44, 1726.32, 866.16, 747.12, 536.16, 170.88, 14.16, 0, 0, 0, 0, 13692.72, 571, 1981.44, 0.24, 1981.44, 0, 
영흥태양광 #3, 2, 2026-06-30 00:00:00, 0, 0, 0, 0, 0, 0.672, 26.592, 103.488, 184.32, 353.376, 437.76, 466.656, 482.688, 531.36, 468.864, 252.192, 202.752, 148.992, 43.104, 2.688, 0, 0, 0, 0, 3705.504, 154, 531.36, 0.672, 531.36, 0, 
영흥태양광 #3, 3, 2026-06-30 00:00:00, 0, 0, 0, 0, 0, 0.12, 52.2, 205.44, 376.08, 757.92, 943.56, 945.96, 1039.8, 1127.04, 990.48, 210.12, 0, 0, 0, 0, 0, 0, 0, 0, 6648.72, 277, 1127.04, 0.12, 1127.04, 0, 
영흥태양광, 1, 2026-06-30 00:00:00, 0, 0, 0, 0, 0, 0, 25.382, 92.698, 202.79, 402.202, 504.653, 489.408, 546.816, 608.717, 542.4, 304.128, 235.584, 166.963, 65.51, 8.794, 0, 0, 0, 0, 4196.045, 175, 608.71, 8.794, 608.717, 0, 
예천태양광, 1, 2026-06-30 00:00:00, 0, 0, 0, 0, 0, 14.04, 134.1, 410.58, 739.26, 979.02, 1153.62, 1251.72, 1276.02, 1272.24, 1132.92, 784.26, 559.8, 388.44, 101.16, 5.4, 0, 0, 0, 0, 10202.58, 425, 1276.02, 5.4, 1276.02, 0, 
여수태양광, 1, 2026-06-30 00:00:00, 0, 0, 0, 0, 0, 0, 0, 0, 0, 0, 0, 0, 0, 0, 0, 0, 0, 0, 0, 0, 0, 0, 0, 880, 880, 37, 880, 880, 880, 0, 
영흥태양광, 2, 2026-06-30 00:00:00, 0, 0, 0, 0, 0, 0, 19.284, 108.956, 188.985, 362.543, 448.358, 465.714, 493.676, 535.137, 472.463, 108.956, 0, 0, 0, 0, 0, 0, 0, 0, 3204.072, 134, 535.13, 19.28, 535.137, 0, 
탑선태양광, 1, 2026-06-30 00:00:00, 0, 0, 0, 0, 0, 0, 0, 0, 0, 0, 0, 0, 0, 0, 0, 0, 0, 0, 0, 0, 0, 0, 0, 1370.2, 1370.2, 57, 1370.2, 1370.2, 1370.2, 0, 
탑선태양광, 3, 2026-06-30 00:00:00, 0, 0, 0, 0, 0, 0, 0, 0, 0, 0, 0, 0, 0, 0, 0, 0, 0, 0, 0, 0, 0, 0, 0, 268, 268, 11, 268, 268, 268, 0, 
경상대태양광, 1, 2026-06-30 00:00:00, 0, 0, 0, 0, 0, 0, 18.144, 100.512, 217.152, 362.592, 344.88, 320.472, 404.496, 442.08, 414.432, 355.536, 258.408, 165.096, 97.2, 5.4, 0, 0, 0, 0, 3506.4, 146, 442.08, 5.4, 442.08, 0, 
고흥만 수상태양광, 1, 2026-06-30 00:00:00, 0, 0, 0, 0, 0, 382.872, 4213.86, 12690.384, 18771.648, 25240.152, 20677.188, 28321.86, 20403.432, 19178.712, 30190.02, 27977.712, 19270.944, 11536.392, 5727.708, 578.256, 0, 0, 0, 0, 245161.14, 10215, 30190.02, 382.872, 30190.02, 0, 
영동태양광, 1, 2026-06-29 00:00:00, 0, 0, 0, 0, 0, 0.096, 19.2, 15.264, 15.072, 15.168, 14.304, 13.44, 333.984, 710.304, 687.072, 614.4, 619.584, 684.096, 681.024, 678.528, 232.704, 0, 0, 0, 5334.24, 222, 710.3, 0.09, 710.304, 0, 
삼천포태양광#5, 1, 2026-06-29 00:00:00, 0, 0, 0, 0, 0, 0.065, 140.056, 188.161, 188.931, 189.813, 220.606, 205.758, 192.592, 276.48, 322.005, 2124.604, 2508.511, 2503.437, 2501.191, 2374.484, 0, 0, 0, 0, 13936.694, 581, 2508.51, 0.065, 2508.511, 0, 
삼천포태양광#5, 2, 2026-06-29 00:00:00, 0, 0, 0, 0, 0, 0.373, 227.129, 284.333, 284.353, 283.816, 283.765, 282.889, 299.23, 612.151, 1487.153, 3644.002, 4269.594, 4289.358, 4173.092, 3281.534, 0, 0, 0, 0, 23702.772, 988, 4289.35, 0.373, 4289.358, 0, 
광양항세방태양광, 1, 2026-06-29 00:00:00, 0, 0, 0, 0, 0, 4.8, 139.2, 360, 434.4, 420, 799.2, 1526.4, 1891.2, 2006.4, 1879.2, 1598.4, 1125.6, 696, 273.6, 26.4, 0, 0, 0, 0, 13180.8, 549, 2006.4, 4.8, 2006.4, 0, 
두산엔진MG태양광, 1, 2026-06-29 00:00:00, 0, 0, 0, 0, 0, 0.6, 3.24, 6.36, 11.88, 26.04, 38.82, 47.7, 56.16, 59.46, 52.8, 53.52, 46.8, 34.74, 15.42, 1.14, 0, 0, 0, 0, 454.68, 19, 59.46, 0.6, 59.46, 0, 
삼천포태양광, 1, 2026-06-29 00:00:00, 0, 0, 0, 0, 0, 0, 0.732, 1.248, 4.704, 7.56, 11.004, 17.352, 22.596, 31.896, 31.344, 26.64, 18.876, 8.04, 1.416, 0, 0, 0, 0, 0, 183.408, 8, 31.89, 0.732, 31.896, 0, 
삼천포태양광, 2, 2026-06-29 00:00:00, 0, 0, 0, 0, 0, 4.032, 48.768, 52.416, 112.224, 171.456, 225.12, 333.504, 367.968, 565.44, 583.296, 479.328, 315.456, 143.904, 56.928, 6.336, 0, 0, 0, 0, 3466.176, 144, 583.29, 4.032, 583.296, 0, 
삼천포태양광, 3, 2026-06-29 00:00:00, 0, 0, 0, 0, 0, 0.576, 13.356, 13.392, 32.328, 54.072, 71.784, 105.588, 116.496, 193.104, 197.064, 164.556, 109.548, 51.408, 15.552, 0.612, 0, 0, 0, 0, 1139.436, 47, 197.06, 0.576, 197.064, 0, 
삼천포태양광, 4, 2026-06-29 00:00:00, 0, 0, 0, 0, 0, 0.011, 48.671, 92.657, 94.221, 94.323, 94.157, 93.866, 89.793, 101.673, 73.954, 819.178, 1174.008, 1190.341, 1197.637, 288.102, 0, 0, 0, 0, 5452.592, 227, 1197.63, 0.011, 1197.637, 0, 
구미태양광, 1, 2026-06-29 00:00:00, 0, 0, 0, 0, 0, 0, 21.767, 101.821, 251.442, 399.545, 513.514, 585.903, 632.257, 510.549, 409.597, 267.496, 141.16, 215.212, 68.411, 12.438, 0, 0, 0, 0, 4131.112, 172, 632.25, 12.438, 632.257, 0, 
삼천포태양광#6, 1, 2026-06-29 00:00:00, 0, 0, 0, 0, 0, 0, 0, 0, 0, 0, 0, 0, 0, 0, 0, 0, 0, 0, 0, 0, 0, 0, 0, 0, 0, 0, 0, 0, 0, 0, 
영흥태양광#5, 1, 2026-06-29 00:00:00, 0, 0, 0, 0, 0, 14.463, 147.042, 496.568, 1132.947, 1692.189, 1889.853, 2258.663, 2277.947, 2270.716, 1906.726, 1402.926, 1132.947, 633.968, 226.589, 33.747, 0, 0, 0, 0, 17517.291, 730, 2277.94, 14.46, 2277.947, 0, 
영흥태양광 #3, 1, 2026-06-29 00:00:00, 0, 0, 0, 0, 0, 0.24, 69.6, 452.4, 949.44, 1380.96, 1551.36, 1996.08, 2034.48, 2050.08, 1762.56, 1350, 1056, 544.8, 179.04, 12.48, 0, 0, 0, 0, 15389.52, 641, 2050.08, 0.24, 2050.08, 0, 
영흥태양광 #3, 2, 2026-06-29 00:00:00, 0, 0, 0, 0, 0, 0.864, 26.496, 116.736, 255.552, 335.04, 392.544, 535.68, 543.744, 548.352, 470.784, 366.624, 275.52, 152.16, 49.44, 1.536, 0, 0, 0, 0, 4071.072, 170, 548.35, 0.864, 548.352, 0, 
영흥태양광 #3, 3, 2026-06-29 00:00:00, 0, 0, 0, 0, 0, 0.36, 45.96, 207.36, 507.84, 818.76, 963.84, 1096.68, 1100.64, 1032.24, 987.96, 775.2, 582.12, 344.16, 126, 16.32, 0, 0, 0, 0, 8605.44, 359, 1100.64, 0.36, 1100.64, 0, 
영흥태양광, 1, 2026-06-29 00:00:00, 0, 0, 0, 0, 0, 0.038, 25.651, 112.55, 262.771, 377.779, 426.662, 575.501, 639.898, 616.243, 564.134, 439.718, 339.686, 195.84, 70.118, 9.83, 0, 0, 0, 0, 4656.419, 194, 639.89, 0.038, 639.898, 0, 
예천태양광, 1, 2026-06-29 00:00:00, 0, 0, 0, 0, 0, 3.6, 121.32, 423.72, 743.22, 995.58, 1172.34, 1274.76, 1317.96, 1243.44, 1081.08, 955.62, 683.28, 388.26, 93.78, 3.06, 0, 0, 0, 0, 10501.02, 438, 1317.96, 3.06, 1317.96, 0, 
여수태양광, 1, 2026-06-29 00:00:00, 0, 0, 0, 0, 0, 0, 0, 0, 0, 0, 0, 0, 0, 0, 0, 0, 0, 0, 0, 0, 0, 0, 0, 779, 779, 32, 779, 779, 779, 0, 
영흥태양광, 2, 2026-06-29 00:00:00, 0, 0, 0, 0, 0, 0, 11.571, 114.741, 258.408, 369.293, 427.145, 542.851, 544.779, 552.493, 481.141, 367.364, 286.371, 155.238, 53.996, 5.785, 0, 0, 0, 0, 4171.176, 174, 552.49, 5.785, 552.493, 0, 
탑선태양광, 1, 2026-06-29 00:00:00, 0, 0, 0, 0, 0, 0, 0, 0, 0, 0, 0, 0, 0, 0, 0, 0, 0, 0, 0, 0, 0, 0, 0, 1357, 1357, 57, 1357, 1357, 1357, 0, 
탑선태양광, 3, 2026-06-29 00:00:00, 0, 0, 0, 0, 0, 0, 0, 0, 0, 0, 0, 0, 0, 0, 0, 0, 0, 0, 0, 0, 0, 0, 0, 244, 244, 10, 244, 244, 244, 0, 
경상대태양광, 1, 2026-06-29 00:00:00, 0, 0, 0, 0, 0, 0, 12.528, 57.384, 93.96, 209.664, 287.136, 254.52, 414.432, 438.912, 474.12, 443.304, 343.44, 202.68, 69.408, 12.816, 0, 0, 0, 0, 3314.304, 138, 474.12, 12.528, 474.12, 0, 
고흥만 수상태양광, 1, 2026-06-29 00:00:00, 0, 0, 0, 0, 0, 440.664, 4026.456, 11856.516, 23231.712, 32480.196, 40456.752, 45879.54, 45991.596, 31944.192, 20640.06, 23740.668, 17924.676, 10875.9, 4435.956, 458.052, 0, 0, 0, 0, 314382.936, 13099, 45991.59, 440.66, 45991.596, 0, 
영동태양광, 1, 2026-06-28 00:00:00, 0, 0, 0, 0, 0, 1.056, 16.992, 16.608, 15.072, 14.592, 15.744, 14.4, 449.376, 783.648, 751.392, 666.528, 634.272, 688.608, 685.824, 682.272, 382.368, 0, 0, 0, 5818.752, 242, 783.64, 1.056, 783.648, 0, 
삼천포태양광#5, 1, 2026-06-28 00:00:00, 0, 0, 0, 0, 0, 2.451, 159.589, 190.356, 191.218, 195.17, 183.804, 317.462, 571.699, 2865.479, 2625.175, 2131.304, 2509.366, 2520.411, 2536.172, 2514.77, 15.132, 0, 0, 0, 19529.558, 814, 2865.47, 2.451, 2865.479, 0, 
삼천포태양광#5, 2, 2026-06-28 00:00:00, 0, 0, 0, 0, 0, 4.901, 251.7, 284.572, 283.336, 289.39, 302.017, 906.972, 1373.344, 4884.613, 4458.502, 3648.016, 4263.193, 4277.408, 4042.598, 3032.924, 25.53, 0, 0, 0, 32329.016, 1347, 4884.61, 4.901, 4884.613, 0, 
광양항세방태양광, 1, 2026-06-28 00:00:00, 0, 0, 0, 0, 0, 12, 148.8, 513.6, 1005.6, 1370.4, 1723.2, 1956, 2006.4, 1994.4, 1836, 1591.2, 890.4, 408, 187.2, 7.2, 0, 0, 0, 0, 15650.4, 652, 2006.4, 7.2, 2006.4, 0, 
두산엔진MG태양광, 1, 2026-06-28 00:00:00, 0, 0, 0, 0, 0, 0.66, 3.18, 5.4, 15.18, 25.02, 34.44, 41.46, 56.64, 55.2, 43.98, 49.08, 48.6, 36.48, 15.54, 0.48, 0, 0, 0, 0, 431.34, 18, 56.64, 0.48, 56.64, 0, 
삼천포태양광, 1, 2026-06-28 00:00:00, 0, 0, 0, 0, 0, 0, 1.296, 4.836, 7.896, 20.052, 27.192, 32.556, 34.812, 34.548, 31.536, 26.292, 18.372, 7.992, 0.384, 0, 0, 0, 0, 0, 247.764, 10, 34.81, 0.384, 34.812, 0, 
삼천포태양광, 2, 2026-06-28 00:00:00, 0, 0, 0, 0, 0, 4.32, 56.928, 107.712, 229.824, 405.696, 616.224, 669.312, 685.728, 663.744, 590.4, 474.912, 314.592, 144.576, 36.096, 1.728, 0, 0, 0, 0, 5001.792, 208, 685.72, 1.728, 685.728, 0, 
삼천포태양광, 3, 2026-06-28 00:00:00, 0, 0, 0, 0, 0, 0.612, 15.444, 33.012, 70.812, 141.444, 205.2, 228.276, 234.936, 229.248, 205.02, 159.48, 104.76, 53.388, 8.28, 0.036, 0, 0, 0, 0, 1689.948, 70, 234.93, 0.036, 234.936, 0, 
삼천포태양광, 4, 2026-06-28 00:00:00, 0, 0, 0, 0, 0, 0.488, 62.135, 94.424, 94.014, 93.808, 90.083, 92.518, 73.645, 577.108, 1068.636, 848.336, 1173.897, 1191.085, 1193.134, 724.306, 7.106, 0, 0, 0, 7384.723, 308, 1193.13, 0.488, 1193.134, 0, 
구미태양광, 1, 2026-06-28 00:00:00, 0, 0, 0, 0, 0, 0.072, 15.909, 99.434, 274.511, 414.731, 528.701, 590.386, 618.011, 610.562, 553.36, 330.266, 369.534, 236.473, 83.669, 12.294, 0, 0, 0, 0, 4737.913, 197, 618.01, 0.072, 618.011, 0, 
삼천포태양광#6, 1, 2026-06-28 00:00:00, 0, 0, 0, 0, 0, 0, 0, 0, 0, 0, 0, 0, 0, 0, 0, 0, 0, 0, 0, 0, 0, 0, 0, 0, 0, 0, 0, 0, 0, 0, 
영흥태양광#5, 1, 2026-06-28 00:00:00, 0, 0, 0, 0, 0, 14.463, 142.221, 511.032, 1065.453, 1569.253, 1969.4, 2215.274, 2294.821, 2251.432, 2051.358, 1723.526, 1239.011, 648.432, 185.611, 19.284, 0, 0, 0, 0, 17900.571, 746, 2294.82, 14.46, 2294.821, 0, 
영흥태양광 #3, 1, 2026-06-28 00:00:00, 0, 0, 0, 0, 0, 0, 98.16, 437.52, 922.08, 1377.12, 1723.92, 1969.2, 2050.08, 2008.32, 1841.52, 1553.28, 1132.32, 553.2, 140.88, 6.72, 0, 0, 0, 0, 15814.32, 659, 2050.08, 6.72, 2050.08, 0, 
영흥태양광 #3, 2, 2026-06-28 00:00:00, 0, 0, 0, 0, 0, 0.672, 24.576, 108.576, 240.384, 370.56, 461.856, 521.088, 541.344, 530.592, 485.952, 409.152, 295.2, 152.736, 39.168, 0.672, 0, 0, 0, 0, 4182.528, 174, 541.34, 0.67, 541.344, 0, 
영흥태양광 #3, 3, 2026-06-28 00:00:00, 0, 0, 0, 0, 0, 0, 52.2, 229.8, 513.24, 793.68, 982.44, 1101.12, 1142.04, 1125.96, 1034.76, 879.24, 639.96, 349.44, 103.68, 7.56, 0, 0, 0, 0, 8955.12, 373, 1142.04, 7.56, 1142.04, 0, 
영흥태양광, 1, 2026-06-28 00:00:00, 0, 0, 0, 0, 0, 0, 19.354, 106.406, 254.746, 410.534, 527.155, 607.603, 635.366, 624.269, 578.074, 491.482, 363.149, 195.725, 57.293, 6.413, 0, 0, 0, 0, 4877.569, 203, 635.36, 6.413, 635.366, 0, 
예천태양광, 1, 2026-06-28 00:00:00, 0, 0, 0, 0, 0, 4.68, 118.98, 439.56, 768.24, 1018.98, 1191.06, 1291.68, 1312.2, 1274.76, 1117.26, 964.08, 735.12, 403.56, 92.7, 5.04, 0, 0, 0, 0, 10737.9, 447, 1312.2, 4.68, 1312.2, 0, 
여수태양광, 1, 2026-06-28 00:00:00, 0, 0, 0, 0, 0, 0, 0, 0, 0, 0, 0, 0, 0, 0, 0, 0, 0, 0, 0, 0, 0, 0, 0, 946, 946, 39, 946, 946, 946, 0, 
영흥태양광, 2, 2026-06-28 00:00:00, 0, 0, 0, 0, 0, 0, 19.284, 113.777, 253.587, 380.863, 475.356, 537.065, 557.314, 545.743, 502.354, 424.253, 304.691, 161.987, 44.354, 2.893, 0, 0, 0, 0, 4323.521, 180, 557.31, 2.89, 557.314, 0, 
탑선태양광, 1, 2026-06-28 00:00:00, 0, 0, 0, 0, 0, 0, 0, 0, 0, 0, 0, 0, 0, 0, 0, 0, 0, 0, 0, 0, 0, 0, 0, 1357, 1357, 57, 1357, 1357, 1357, 0, 
탑선태양광, 3, 2026-06-28 00:00:00, 0, 0, 0, 0, 0, 0, 0, 0, 0, 0, 0, 0, 0, 0, 0, 0, 0, 0, 0, 0, 0, 0, 0, 244, 244, 10, 244, 244, 244, 0, 
경상대태양광, 1, 2026-06-28 00:00:00, 0, 0, 0, 0, 0, 0, 36.216, 106.488, 258.048, 356.688, 437.04, 520.488, 534.96, 542.736, 518.112, 449.136, 347.688, 208.44, 60.192, 0.504, 0, 0, 0, 0, 4376.736, 182, 542.73, 0.504, 542.736, 0, 
고흥만 수상태양광, 1, 2026-06-28 00:00:00, 0, 0, 0, 0, 0, 294.588, 4402.86, 10285.8, 16458.708, 33209.568, 42276.78, 46786.824, 48700.596, 46877.628, 42573.468, 35422.044, 25753.056, 14488.824, 3743.292, 619.248, 0, 0, 0, 0, 371893.284, 15496, 48700.59, 294.58, 48700.596, 0, 
영동태양광, 1, 2026-06-27 00:00:00, 0, 0, 0, 0, 0, 0.96, 17.472, 18.912, 16.8, 15.072, 13.728, 14.496, 240.288, 723.552, 519.84, 614.88, 522.24, 687.84, 685.728, 682.176, 404.16, 0, 0, 0, 5178.144, 216, 723.55, 0.96, 723.552, 0, 
삼천포태양광#5, 1, 2026-06-27 00:00:00, 0, 0, 0, 0, 0, 0, 148.916, 191.997, 193.089, 187.79, 252.185, 190.133, 445.028, 463.652, 705.476, 2255.904, 2490.054, 2492.298, 2496.005, 2636.738, 48.029, 0, 0, 0, 15197.294, 633, 2636.73, 48.029, 2636.738, 0, 
삼천포태양광#5, 2, 2026-06-27 00:00:00, 0, 0, 0, 0, 0, 0, 235.131, 284.541, 283.108, 298.038, 367.073, 282.832, 597.15, 709.087, 2850.635, 3837.317, 4257.453, 4288.453, 4074.767, 3415.218, 81.031, 0, 0, 0, 25861.834, 1078, 4288.45, 81.031, 4288.453, 0, 
광양항세방태양광, 1, 2026-06-27 00:00:00, 0, 0, 0, 0, 0, 9.6, 225.6, 424.8, 674.4, 705.6, 914.4, 1089.6, 1550.4, 1516.8, 1987.2, 1701.6, 1305.6, 794.4, 232.8, 16.8, 0, 0, 0, 0, 13149.6, 548, 1987.2, 9.6, 1987.2, 0, 
두산엔진MG태양광, 1, 2026-06-27 00:00:00, 0, 0, 0, 0, 0, 0.66, 3.96, 7.56, 16.2, 16.68, 21.36, 35.34, 30.42, 37.08, 29.7, 30.66, 31.2, 42.24, 21, 0.9, 0, 0, 0, 0, 324.96, 14, 42.24, 0.66, 42.24, 0, 
삼천포태양광, 1, 2026-06-27 00:00:00, 0, 0, 0, 0, 0, 0, 1.416, 6.648, 6.612, 6.54, 15.528, 15.12, 24, 23.748, 29.748, 28.164, 20.328, 9.24, 0.864, 0, 0, 0, 0, 0, 187.956, 8, 29.74, 0.864, 29.748, 0, 
삼천포태양광, 2, 2026-06-27 00:00:00, 0, 0, 0, 0, 0, 2.112, 63.552, 208.704, 162.144, 145.248, 321.408, 310.56, 478.752, 464.544, 530.4, 512.256, 351.168, 165.6, 44.832, 4.8, 0, 0, 0, 0, 3766.08, 157, 530.4, 2.112, 530.4, 0, 
삼천포태양광, 3, 2026-06-27 00:00:00, 0, 0, 0, 0, 0, 0, 19.656, 68.112, 51.156, 46.26, 106.956, 103.428, 161.892, 159.804, 176.472, 169.2, 126.072, 58.788, 11.124, 0.54, 0, 0, 0, 0, 1259.46, 52, 176.47, 0.54, 176.472, 0, 
삼천포태양광, 4, 2026-06-27 00:00:00, 0, 0, 0, 0, 0, 0, 61.377, 92.534, 93.939, 90.412, 100.398, 94.315, 98.934, 121.758, 108.473, 886.619, 1179.573, 1189.953, 1196.652, 767.725, 22.553, 0, 0, 0, 6105.215, 254, 1196.65, 22.553, 1196.652, 0, 
구미태양광, 1, 2026-06-27 00:00:00, 0, 0, 0, 0, 0, 0.434, 34.495, 109.631, 275.668, 390.65, 384.141, 478.586, 428.905, 409.741, 521.903, 507.946, 388.408, 229.964, 70.725, 11.498, 0, 0, 0, 0, 4242.695, 177, 521.9, 0.434, 521.903, 0, 
삼천포태양광#6, 1, 2026-06-27 00:00:00, 0, 0, 0, 0, 0, 0, 0, 0, 0, 0, 0, 0, 0, 0, 0, 0, 0, 0, 0, 0, 0, 0, 0, 0, 0, 0, 0, 0, 0, 0, 
영흥태양광#5, 1, 2026-06-27 00:00:00, 0, 0, 0, 0, 0, 14.463, 197.663, 508.621, 959.389, 1402.926, 1918.779, 2075.463, 1791.021, 1754.863, 2114.032, 1747.632, 1070.274, 597.811, 231.411, 38.568, 0, 0, 0, 0, 16422.916, 684, 2114.03, 14.46, 2114.032, 0, 
영흥태양광 #3, 1, 2026-06-27 00:00:00, 0, 0, 0, 0, 0, 1.2, 147.6, 424.32, 856.32, 1236.72, 1683.12, 1821.84, 1589.52, 1583.28, 1889.76, 1583.52, 957.84, 473.52, 185.76, 20.88, 0, 0, 0, 0, 14455.2, 602, 1889.76, 1.2, 1889.76, 0, 
영흥태양광 #3, 2, 2026-06-27 00:00:00, 0, 0, 0, 0, 0, 0.768, 39.072, 106.944, 223.104, 335.712, 452.928, 491.616, 430.176, 413.856, 500.256, 418.848, 256.224, 136.512, 50.112, 4.128, 0, 0, 0, 0, 3860.256, 161, 500.25, 0.768, 500.256, 0, 
영흥태양광 #3, 3, 2026-06-27 00:00:00, 0, 0, 0, 0, 0, 0.12, 81.6, 242.04, 480.96, 714.6, 926.76, 992.52, 895.32, 884.4, 1068.36, 916.44, 554.52, 289.08, 126, 20.16, 0, 0, 0, 0, 8192.88, 341, 1068.36, 0.12, 1068.36, 0, 
영흥태양광, 1, 2026-06-27 00:00:00, 0, 0, 0, 0, 0, 0, 43.622, 110.899, 241.69, 395.52, 470.899, 564.557, 492.787, 462.835, 593.472, 498.701, 356.467, 178.56, 68.352, 11.366, 0, 0, 0, 0, 4489.727, 187, 593.47, 11.366, 593.472, 0, 
예천태양광, 1, 2026-06-27 00:00:00, 0, 0, 0, 0, 0, 8.28, 130.32, 496.8, 713.88, 1028.16, 1217.52, 1262.7, 1318.14, 1301.94, 1165.14, 772.56, 612.9, 322.02, 100.8, 8.1, 0, 0, 0, 0, 10459.26, 436, 1318.14, 8.1, 1318.14, 0, 
여수태양광, 1, 2026-06-27 00:00:00, 0, 0, 0, 0, 0, 0, 0, 0, 0, 0, 0, 0, 0, 0, 0, 0, 0, 0, 0, 0, 0, 0, 0, 713, 713, 30, 713, 713, 713, 0, 
영흥태양광, 2, 2026-06-27 00:00:00, 0, 0, 0, 0, 0, 0, 39.533, 109.92, 232.375, 341.331, 469.571, 504.282, 444.501, 424.253, 512.96, 431.966, 260.337, 137.882, 54.96, 6.749, 0, 0, 0, 0, 3970.62, 165, 512.96, 6.74, 512.96, 0, 
탑선태양광, 1, 2026-06-27 00:00:00, 0, 0, 0, 0, 0, 0, 0, 0, 0, 0, 0, 0, 0, 0, 0, 0, 0, 0, 0, 0, 0, 0, 0, 1357, 1357, 57, 1357, 1357, 1357, 0, 
탑선태양광, 3, 2026-06-27 00:00:00, 0, 0, 0, 0, 0, 0, 0, 0, 0, 0, 0, 0, 0, 0, 0, 0, 0, 0, 0, 0, 0, 0, 0, 244, 244, 10, 244, 244, 244, 0, 
경상대태양광, 1, 2026-06-27 00:00:00, 0, 0, 0, 0, 0, 0.504, 36.72, 116.64, 170.28, 209.52, 242.064, 284.544, 395.856, 398.952, 482.976, 461.88, 363.6, 237.096, 68.112, 4.536, 0, 0, 0, 0, 3473.28, 145, 482.97, 0.504, 482.976, 0, 
고흥만 수상태양광, 1, 2026-06-27 00:00:00, 0, 0, 0, 0, 0, 449.736, 3956.232, 8621.256, 11741.856, 17438.484, 18943.596, 23988.048, 33072.564, 46000.164, 43137.612, 35597.604, 22888.74, 10815.84, 4323.144, 755.832, 0, 0, 0, 0, 281730.708, 11739, 46000.16, 449.73, 46000.164, 0, 
영동태양광, 1, 2026-06-26 00:00:00, 0, 0, 0, 0, 0, 0, 7.104, 18.528, 19.488, 19.68, 19.2, 18.816, 18.912, 18.816, 15.36, 632.544, 625.344, 688.032, 685.152, 682.368, 405.408, 0, 0, 0, 3874.752, 161, 688.03, 7.1, 688.032, 0, 
삼천포태양광#5, 1, 2026-06-26 00:00:00, 0, 0, 0, 0, 0, 5.287, 135.283, 198.678, 227.24, 195.649, 193.775, 389.254, 1183.944, 2891.325, 2613.216, 2133.464, 2514.516, 2468.873, 2543.169, 2434.4, 11.592, 0, 0, 0, 20139.665, 839, 2891.32, 5.287, 2891.325, 0, 
삼천포태양광#5, 2, 2026-06-26 00:00:00, 0, 0, 0, 0, 0, 9.181, 216.533, 286.187, 285.243, 285.153, 489.383, 1004.424, 3534.296, 4969.095, 4445.605, 3637.857, 4271.069, 4290.208, 4071.283, 2566.13, 0, 0, 0, 0, 34361.647, 1432, 4969.09, 9.181, 4969.095, 0, 
광양항세방태양광, 1, 2026-06-26 00:00:00, 0, 0, 0, 0, 0, 9.6, 170.4, 597.6, 1094.4, 1471.2, 1593.6, 2059.2, 2124, 2095.2, 1932, 1658.4, 1005.6, 592.8, 187.2, 14.4, 0, 0, 0, 0, 16605.6, 692, 2124, 9.6, 2124, 0, 
두산엔진MG태양광, 1, 2026-06-26 00:00:00, 0, 0, 0, 0, 0, 0.48, 2.82, 4.5, 15.12, 31.08, 42.3, 36.12, 29.52, 35.34, 34.5, 50.28, 46.5, 25.92, 5.64, 0.72, 0, 0, 0, 0, 360.84, 15, 50.28, 0.48, 50.28, 0, 
삼천포태양광, 1, 2026-06-26 00:00:00, 0, 0, 0, 0, 0, 0, 0.048, 3.312, 11.124, 21.336, 28.248, 33.18, 35.328, 34.032, 31.98, 26.76, 15.384, 7.62, 1.524, 0, 0, 0, 0, 0, 249.876, 10, 35.32, 0.048, 35.328, 0, 
삼천포태양광, 2, 2026-06-26 00:00:00, 0, 0, 0, 0, 0, 4.896, 45.696, 182.112, 304.896, 379.872, 586.464, 672.096, 685.824, 662.4, 595.2, 479.52, 268.224, 138.528, 55.968, 1.152, 0, 0, 0, 0, 5062.848, 211, 685.82, 1.152, 685.824, 0, 
삼천포태양광, 3, 2026-06-26 00:00:00, 0, 0, 0, 0, 0, 0.756, 14.04, 61.2, 102.24, 143.64, 203.544, 222.192, 234.792, 229.068, 199.656, 158.94, 87.192, 41.112, 15.192, 0, 0, 0, 0, 0, 1713.564, 71, 234.79, 0.756, 234.792, 0, 
삼천포태양광, 4, 2026-06-26 00:00:00, 0, 0, 0, 0, 0, 0.428, 45.447, 94.678, 94.949, 94.039, 89.866, 93.963, 308.712, 1174.004, 1062.467, 843.903, 1173.975, 1190.399, 1192.732, 636.822, 0, 0, 0, 0, 8096.384, 337, 1192.73, 0.428, 1192.732, 0, 
구미태양광, 1, 2026-06-26 00:00:00, 0, 0, 0, 0, 0, 0, 26.468, 112.451, 245.223, 394.41, 513.37, 503.679, 646.72, 637.825, 594.508, 516.407, 391.735, 241.535, 136.966, 40.208, 0, 0, 0, 0, 5001.505, 208, 646.72, 26.468, 646.72, 0, 
삼천포태양광#6, 1, 2026-06-26 00:00:00, 0, 0, 0, 0, 0, 0, 0, 0, 0, 0, 0, 0, 0, 0, 0, 0, 0, 0, 0, 0, 0, 0, 0, 0, 0, 0, 0, 0, 0, 0, 
영흥태양광#5, 1, 2026-06-26 00:00:00, 0, 0, 0, 0, 0, 14.463, 113.295, 532.726, 1154.642, 1692.189, 2094.747, 2323.747, 2427.4, 2367.137, 2147.779, 1771.737, 1267.937, 660.484, 168.737, 31.337, 0, 0, 0, 0, 18768.357, 782, 2427.4, 14.46, 2427.4, 0, 
영흥태양광 #3, 1, 2026-06-26 00:00:00, 0, 0, 0, 0, 0, 0, 72.72, 474.48, 1026.72, 1502.64, 1846.8, 2059.92, 2176.8, 2113.2, 1926.48, 1632, 1185.6, 584.16, 130.08, 13.2, 0, 0, 0, 0, 16744.8, 698, 2176.8, 13.2, 2176.8, 0, 
영흥태양광 #3, 2, 2026-06-26 00:00:00, 0, 0, 0, 0, 0, 0.096, 13.632, 112.128, 263.808, 396.288, 490.752, 543.264, 573.408, 559.392, 509.76, 425.856, 304.704, 157.248, 34.752, 1.344, 0, 0, 0, 0, 4386.432, 183, 573.4, 0.096, 573.408, 0, 
영흥태양광 #3, 3, 2026-06-26 00:00:00, 0, 0, 0, 0, 0, 0, 27.36, 239.4, 552.84, 837.6, 1035.12, 1157.88, 1219.8, 1187.88, 1085.4, 908.64, 662.28, 360.96, 93.24, 14.4, 0, 0, 0, 0, 9382.8, 391, 1219.8, 14.4, 1219.8, 0, 
영흥태양광, 1, 2026-06-26 00:00:00, 0, 0, 0, 0, 0, 0, 9.408, 103.334, 267.494, 430.541, 552.883, 625.843, 659.981, 645.197, 597.811, 503.616, 366.259, 200.064, 52.224, 7.411, 0, 0, 0, 0, 5022.066, 209, 659.98, 7.41, 659.981, 0, 
예천태양광, 1, 2026-06-26 00:00:00, 0, 0, 0, 0, 0, 9.9, 150.84, 344.16, 560.88, 499.14, 553.86, 776.52, 840.6, 713.88, 896.76, 994.14, 830.16, 445.86, 93.96, 2.7, 0, 0, 0, 0, 7713.36, 321, 994.14, 2.7, 994.14, 0, 
여수태양광, 1, 2026-06-26 00:00:00, 0, 0, 0, 0, 0, 0, 0, 0, 0, 0, 0, 0, 0, 0, 0, 0, 0, 0, 0, 0, 0, 0, 0, 688, 688, 29, 688, 688, 688, 0, 
영흥태양광, 2, 2026-06-26 00:00:00, 0, 0, 0, 0, 0, 0, 12.535, 118.598, 276.728, 414.611, 507.175, 561.171, 586.24, 571.777, 527.423, 439.68, 316.261, 167.773, 41.461, 4.821, 0, 0, 0, 0, 4546.254, 189, 586.24, 4.82, 586.24, 0, 
탑선태양광, 1, 2026-06-26 00:00:00, 0, 0, 0, 0, 0, 0, 0, 0, 0, 0, 0, 0, 0, 0, 0, 0, 0, 0, 0, 0, 0, 0, 0, 1357, 1357, 57, 1357, 1357, 1357, 0, 
탑선태양광, 3, 2026-06-26 00:00:00, 0, 0, 0, 0, 0, 0, 0, 0, 0, 0, 0, 0, 0, 0, 0, 0, 0, 0, 0, 0, 0, 0, 0, 244, 244, 10, 244, 244, 244, 0, 
경상대태양광, 1, 2026-06-26 00:00:00, 0, 0, 0, 0, 0, 0.288, 25.488, 107.856, 252.936, 352.296, 433.296, 355.392, 456.264, 498.96, 343.224, 361.224, 320.76, 115.488, 64.152, 3.456, 0, 0, 0, 0, 3691.08, 154, 498.96, 0.288, 498.96, 0, 
고흥만 수상태양광, 1, 2026-06-26 00:00:00, 0, 0, 0, 0, 0, 260.904, 3728.676, 13841.436, 26477.052, 36515.136, 43972.824, 48147.12, 49150.92, 47576.34, 44192.988, 37800.336, 29041.572, 15595.44, 5279.82, 382.872, 0, 0, 0, 0, 401963.436, 16748, 49150.92, 260.904, 49150.92, 0, 
영동태양광, 1, 2026-06-25 00:00:00, 0, 0, 0, 0, 0, 0, 13.248, 18.624, 18.432, 18.816, 19.296, 18.912, 18.912, 18.72, 18.816, 93.6, 397.824, 686.112, 31.584, 0.48, 0, 0, 0, 0, 1373.376, 57, 686.11, 0.48, 686.112, 0, 
삼천포태양광#5, 1, 2026-06-25 00:00:00, 0, 0, 0, 0, 0, 0, 78.926, 179.332, 192.005, 189.848, 222.606, 282.747, 213.086, 1085.877, 1364.539, 457.126, 2487.694, 2500.889, 2490.567, 911.905, 0, 0, 0, 0, 12657.147, 527, 2500.88, 78.92, 2500.889, 0, 
삼천포태양광#5, 2, 2026-06-25 00:00:00, 0, 0, 0, 0, 0, 0, 133.998, 280.989, 284.904, 284.098, 422.501, 545.261, 683.592, 3619.81, 2323.791, 846.589, 4096.633, 3830.832, 3797.56, 81.535, 0, 0, 0, 0, 21232.093, 885, 4096.63, 81.535, 4096.633, 0, 
광양항세방태양광, 1, 2026-06-25 00:00:00, 0, 0, 0, 0, 0, 0, 76.8, 324, 612, 676.8, 916.8, 1238.4, 1221.6, 1440, 1855.2, 700.8, 91.2, 24, 43.2, 0, 0, 0, 0, 0, 9220.8, 384, 1855.2, 24, 1855.2, 0, 
두산엔진MG태양광, 1, 2026-06-25 00:00:00, 0, 0, 0, 0, 0, 0.36, 1.86, 7.32, 16.2, 23.76, 26.76, 23.64, 28.02, 42.78, 16.86, 10.86, 4.92, 2.64, 1.32, 0.12, 0, 0, 0, 0, 207.42, 9, 42.78, 0.12, 42.78, 0, 
삼천포태양광, 1, 2026-06-25 00:00:00, 0, 0, 0, 0, 0, 0, 0.636, 1.38, 8.268, 17.316, 24.528, 27.672, 26.94, 26.04, 19.464, 6.228, 1.608, 0.012, 0, 0, 0, 0, 0, 0, 160.092, 7, 27.67, 0.012, 27.672, 0, 
삼천포태양광, 2, 2026-06-25 00:00:00, 0, 0, 0, 0, 0, 1.824, 30.336, 55.392, 177.408, 372.768, 487.488, 541.632, 498.048, 542.976, 329.184, 132.576, 63.168, 11.52, 1.44, 0, 0, 0, 0, 0, 3245.76, 135, 542.97, 1.44, 542.976, 0, 
삼천포태양광, 3, 2026-06-25 00:00:00, 0, 0, 0, 0, 0, 0, 7.668, 16.272, 58.788, 124.056, 164.844, 177.048, 152.316, 183.78, 104.76, 40.644, 18.144, 1.296, 0, 0, 0, 0, 0, 0, 1049.616, 44, 183.78, 1.296, 183.78, 0, 
삼천포태양광, 4, 2026-06-25 00:00:00, 0, 0, 0, 0, 0, 0, 27.372, 73.807, 94.235, 94.006, 82.893, 93.36, 84.106, 262.128, 610.621, 126.245, 1146.752, 1161.471, 1062.545, 0, 0, 0, 0, 0, 4919.541, 205, 1161.47, 27.372, 1161.471, 0, 
구미태양광, 1, 2026-06-25 00:00:00, 0, 0, 0, 0, 0, 0, 9.835, 99.362, 97.12, 82.295, 86.49, 175.004, 370.691, 440.837, 164.591, 200.315, 58.142, 56.551, 15.982, 0.868, 0, 0, 0, 0, 1858.083, 77, 440.83, 0.868, 440.837, 0, 
삼천포태양광#6, 1, 2026-06-25 00:00:00, 0, 0, 0, 0, 0, 0, 0, 0, 0, 0, 0, 0, 0, 0, 0, 0, 0, 0, 0, 0, 0, 0, 0, 0, 0, 0, 0, 0, 0, 0, 
영흥태양광#5, 1, 2026-06-25 00:00:00, 0, 0, 0, 0, 0, 21.695, 173.558, 426.663, 761.726, 1253.474, 1574.074, 1798.253, 2000.737, 1771.737, 1145, 448.358, 445.947, 178.379, 60.263, 16.874, 0, 0, 0, 0, 12076.738, 503, 2000.73, 16.87, 2000.737, 0, 
영흥태양광 #3, 1, 2026-06-25 00:00:00, 0, 0, 0, 0, 0, 1.44, 125.28, 386.88, 697.44, 1080, 1344.96, 1673.52, 1826.88, 1472.88, 1018.8, 415.44, 354.48, 150.48, 33.12, 5.28, 0, 0, 0, 0, 10586.88, 441, 1826.88, 1.44, 1826.88, 0, 
영흥태양광 #3, 2, 2026-06-25 00:00:00, 0, 0, 0, 0, 0, 1.152, 32.352, 87.456, 171.648, 256.224, 0, 0, 0, 0, 159.648, 103.584, 103.488, 40.128, 5.76, 0, 0, 0, 0, 0, 961.44, 40, 256.22, 1.15, 256.224, 0, 
영흥태양광 #3, 3, 2026-06-25 00:00:00, 0, 0, 0, 0, 0, 0.96, 75, 231, 427.32, 527.16, 645.24, 809.64, 1052.88, 810.72, 507, 242.04, 185.88, 90.84, 25.44, 5.76, 0, 0, 0, 0, 5636.88, 235, 1052.88, 0.96, 1052.88, 0, 
영흥태양광, 1, 2026-06-25 00:00:00, 0, 0, 0, 0, 0, 0, 34.829, 116.198, 227.942, 262.31, 332.006, 399.859, 458.035, 379.123, 246.067, 132.365, 85.939, 58.483, 14.822, 6.451, 0, 0, 0, 0, 2754.429, 115, 458.03, 6.451, 458.035, 0, 
예천태양광, 1, 2026-06-25 00:00:00, 0, 0, 0, 0, 0, 5.4, 101.88, 226.26, 331.56, 500.58, 720.54, 729.36, 781.56, 493.92, 640.62, 313.92, 76.5, 61.74, 2.16, 1.8, 0, 0, 0, 0, 4987.8, 208, 781.56, 1.8, 781.56, 0, 
여수태양광, 1, 2026-06-25 00:00:00, 0, 0, 0, 0, 0, 0, 0, 0, 0, 0, 0, 0, 0, 0, 0, 0, 0, 0, 0, 0, 0, 0, 0, 519, 519, 22, 519, 519, 519, 0, 
영흥태양광, 2, 2026-06-25 00:00:00, 0, 0, 0, 0, 0, 0, 21.213, 107.027, 192.842, 295.048, 372.185, 458.964, 496.568, 406.897, 282.514, 118.598, 96.421, 42.425, 10.606, 2.893, 0, 0, 0, 0, 2904.201, 121, 496.56, 2.893, 496.568, 0, 
탑선태양광, 1, 2026-06-25 00:00:00, 0, 0, 0, 0, 0, 0, 0, 0, 0, 0, 0, 0, 0, 0, 0, 0, 0, 0, 0, 0, 0, 0, 0, 1357, 1357, 57, 1357, 1357, 1357, 0, 
탑선태양광, 3, 2026-06-25 00:00:00, 0, 0, 0, 0, 0, 0, 0, 0, 0, 0, 0, 0, 0, 0, 0, 0, 0, 0, 0, 0, 0, 0, 0, 244, 244, 10, 244, 244, 244, 0, 
경상대태양광, 1, 2026-06-25 00:00:00, 0, 0, 0, 0, 0, 0, 6.84, 83.304, 178.848, 328.32, 346.752, 330.912, 289.296, 273.528, 326.088, 222.624, 118.944, 24.84, 10.224, 0, 0, 0, 0, 0, 2540.52, 106, 346.75, 6.84, 346.752, 0, 
고흥만 수상태양광, 1, 2026-06-25 00:00:00, 0, 0, 0, 0, 0, 13.692, 3107.496, 9470.832, 16611.504, 17605.056, 15671.964, 25803.456, 42525.42, 45559.08, 38616.06, 20923.308, 4877.208, 2426.676, 962.976, 140.7, 0, 0, 0, 0, 244315.428, 10180, 45559.08, 13.692, 45559.08, 0, 
영동태양광, 1, 2026-06-24 00:00:00, 0, 0, 0, 0, 0, 0, 9.888, 18.24, 19.104, 18.048, 17.376, 17.664, 18.144, 303.744, 230.304, 0, 170.112, 685.536, 686.88, 685.152, 28.512, 0, 0, 0, 2908.704, 121, 686.88, 9.88, 686.88, 0, 
삼천포태양광#5, 1, 2026-06-24 00:00:00, 0, 0, 0, 0, 0, 0, 106.139, 188.965, 200.765, 195.725, 204.094, 193.084, 188.784, 194.483, 183.314, 238.591, 2476.632, 2031.476, 0, 0, 0, 0, 0, 0, 6402.052, 267, 2476.63, 106.139, 2476.632, 0, 
삼천포태양광#5, 2, 2026-06-24 00:00:00, 0, 0, 0, 0, 0, 0, 181.685, 285.757, 291.693, 285.264, 281.151, 284.639, 282.332, 291.33, 306.431, 478.914, 3933.91, 4079.541, 473.256, 0, 0, 0, 0, 0, 11455.903, 477, 4079.54, 181.685, 4079.541, 0, 
광양항세방태양광, 1, 2026-06-24 00:00:00, 0, 0, 0, 0, 0, 2.4, 153.6, 249.6, 852, 998.4, 628.8, 741.6, 350.4, 508.8, 765.6, 189.6, 288, 112.8, 88.8, 0, 0, 0, 0, 0, 5930.4, 247, 998.4, 2.4, 998.4, 0, 
두산엔진MG태양광, 1, 2026-06-24 00:00:00, 0, 0, 0, 0, 0, 0.18, 1.8, 5.88, 17.46, 28.86, 20.1, 7.74, 9.48, 7.26, 5.76, 6.3, 3.6, 2.52, 1.08, 0.12, 0, 0, 0, 0, 118.14, 5, 28.86, 0.12, 28.86, 0, 
삼천포태양광, 1, 2026-06-24 00:00:00, 0, 0, 0, 0, 0, 0, 0.744, 4.392, 9.348, 8.052, 12.456, 10.968, 3.948, 10.044, 10.68, 1.476, 0, 0.024, 0, 0, 0, 0, 0, 0, 72.132, 3, 12.45, 0.024, 12.456, 0, 
삼천포태양광, 2, 2026-06-24 00:00:00, 0, 0, 0, 0, 0, 0.864, 38.016, 113.856, 239.616, 160.032, 257.28, 220.32, 117.888, 196.8, 224.352, 62.88, 25.152, 20.448, 4.8, 0.384, 0, 0, 0, 0, 1682.688, 70, 257.28, 0.384, 257.28, 0, 
삼천포태양광, 3, 2026-06-24 00:00:00, 0, 0, 0, 0, 0, 0, 10.656, 36.396, 78.984, 52.956, 83.484, 72.396, 34.236, 61.848, 70.596, 16.884, 5.868, 4.5, 0.036, 0, 0, 0, 0, 0, 528.84, 22, 83.48, 0.03, 83.484, 0, 
삼천포태양광, 4, 2026-06-24 00:00:00, 0, 0, 0, 0, 0, 0, 39.944, 93.902, 94.702, 94.075, 94.188, 94.597, 93.98, 94.123, 75.686, 49.471, 1142.905, 661.063, 0, 0, 0, 0, 0, 0, 2628.636, 110, 1142.9, 39.944, 1142.905, 0, 
구미태양광, 1, 2026-06-24 00:00:00, 0, 0, 0, 0, 0, 0, 26.106, 65.807, 120.117, 204.147, 356.734, 289.914, 259.035, 221.72, 148.464, 256.07, 226.493, 92.637, 31.168, 0.434, 0, 0, 0, 0, 2298.846, 96, 356.73, 0.434, 356.734, 0, 
삼천포태양광#6, 1, 2026-06-24 00:00:00, 0, 0, 0, 0, 0, 0, 0, 0, 0, 0, 0, 0, 0, 0, 0, 0, 0, 0, 0, 0, 0, 0, 0, 0, 0, 0, 0, 0, 0, 0, 
영흥태양광#5, 1, 2026-06-24 00:00:00, 0, 0, 0, 0, 0, 9.642, 134.989, 542.368, 916, 1412.568, 1812.716, 2340.621, 2116.442, 1455.958, 1007.6, 1123.305, 1265.526, 699.053, 166.326, 16.874, 0, 0, 0, 0, 15019.988, 626, 2340.62, 9.64, 2340.621, 0, 
영흥태양광 #3, 1, 2026-06-24 00:00:00, 0, 0, 0, 0, 0, 0, 91.92, 477.6, 825.36, 1242.72, 1625.28, 2087.52, 1990.56, 1309.2, 847.2, 1028.16, 1212.72, 619.44, 125.52, 1.2, 0, 0, 0, 0, 13484.4, 562, 2087.52, 1.2, 2087.52, 0, 
영흥태양광 #3, 2, 2026-06-24 00:00:00, 0, 0, 0, 0, 0, 0.48, 20.544, 119.04, 216.288, 328.896, 430.752, 549.888, 509.28, 350.784, 235.296, 268.032, 312.096, 165.6, 31.392, 0, 0, 0, 0, 0, 3538.368, 147, 549.88, 0.48, 549.888, 0, 
영흥태양광 #3, 3, 2026-06-24 00:00:00, 0, 0, 0, 0, 0, 0, 0, 0, 0, 195.96, 925.92, 1181.52, 1113.84, 730.92, 495.96, 572.64, 674.16, 377.16, 90.72, 3.72, 0, 0, 0, 0, 6362.52, 265, 1181.52, 3.72, 1181.52, 0, 
영흥태양광, 1, 2026-06-24 00:00:00, 0, 0, 0, 0, 0, 0, 13.747, 119.501, 228.826, 362.496, 470.4, 629.606, 597.082, 428.582, 279.898, 317.299, 372.134, 206.285, 48.269, 4.262, 0, 0, 0, 0, 4078.387, 170, 629.6, 4.262, 629.606, 0, 
예천태양광, 1, 2026-06-24 00:00:00, 0, 0, 0, 0, 0, 2.88, 82.8, 238.14, 451.26, 639.9, 1076.76, 929.7, 896.04, 1028.88, 932.4, 612.72, 250.92, 329.76, 96.12, 2.34, 0, 0, 0, 0, 7570.62, 315, 1076.76, 2.34, 1076.76, 0, 
여수태양광, 1, 2026-06-24 00:00:00, 0, 0, 0, 0, 0, 0, 0, 0, 0, 0, 0, 0, 0, 0, 0, 0, 0, 0, 0, 0, 0, 0, 0, 440.024, 440.024, 18, 440.02, 440.024, 440.024, 0, 
영흥태양광, 2, 2026-06-24 00:00:00, 0, 0, 0, 0, 0, 0, 0, 0, 0, 0, 244.909, 581.419, 544.779, 370.257, 240.088, 181.272, 321.082, 177.415, 40.497, 0.964, 0, 0, 0, 0, 2702.682, 113, 581.41, 0.96, 581.419, 0, 
탑선태양광, 1, 2026-06-24 00:00:00, 0, 0, 0, 0, 0, 0, 0, 0, 0, 0, 0, 0, 0, 0, 0, 0, 0, 0, 0, 0, 0, 0, 0, 1357, 1357, 57, 1357, 1357, 1357, 0, 
탑선태양광, 3, 2026-06-24 00:00:00, 0, 0, 0, 0, 0, 0, 0, 0, 0, 0, 0, 0, 0, 0, 0, 0, 0, 0, 0, 0, 0, 0, 0, 244, 244, 10, 244, 244, 244, 0, 
경상대태양광, 1, 2026-06-24 00:00:00, 0, 0, 0, 0, 0, 0, 13.32, 31.752, 239.688, 293.616, 100.44, 66.6, 87.336, 45.504, 58.536, 72.72, 91.728, 20.448, 1.656, 0, 0, 0, 0, 0, 1123.344, 47, 293.61, 1.656, 293.616, 0, 
고흥만 수상태양광, 1, 2026-06-24 00:00:00, 0, 0, 0, 0, 0, 137.088, 2726.136, 13866.132, 21555.996, 28824.516, 25754.148, 18374.664, 23673.216, 21589.932, 18480.336, 4489.296, 2431.632, 3357.564, 2133.432, 110.124, 0, 0, 0, 0, 187504.212, 7813, 28824.51, 110.12, 28824.516, 0, 
영동태양광, 1, 2026-06-23 00:00:00, 0, 0, 0, 0, 0, 0, 6.432, 19.392, 19.872, 17.76, 18.72, 18.624, 371.136, 777.216, 735.264, 659.904, 634.176, 689.28, 687.744, 685.44, 166.464, 0, 0, 0, 5507.424, 229, 777.21, 6.432, 777.216, 0, 
삼천포태양광#5, 1, 2026-06-23 00:00:00, 0, 0, 0, 0, 0, 0, 8.228, 74.837, 164.717, 189.361, 192.682, 238.197, 686.52, 638.607, 596.926, 1923.093, 2269.084, 2342.863, 2515.63, 281.88, 86.688, 0, 0, 0, 12209.313, 509, 2515.63, 8.228, 2515.63, 0, 
삼천포태양광#5, 2, 2026-06-23 00:00:00, 0, 0, 0, 0, 0, 0, 16.877, 134.572, 258.608, 284.885, 282.6, 315.778, 1013.818, 997.92, 901.426, 3247.362, 4240.638, 4262.629, 3960.175, 1658.24, 0, 0, 0, 0, 21575.528, 899, 4262.62, 16.877, 4262.629, 0, 
광양항세방태양광, 1, 2026-06-23 00:00:00, 0, 0, 0, 0, 0, 0, 64.8, 165.6, 165.6, 235.2, 1056, 604.8, 1171.2, 1202.4, 688.8, 1267.2, 1024.8, 513.6, 151.2, 0, 0, 0, 0, 0, 8311.2, 346, 1267.2, 64.8, 1267.2, 0, 
두산엔진MG태양광, 1, 2026-06-23 00:00:00, 0, 0, 0, 0, 0, 0.06, 1.56, 6.48, 9.12, 17.64, 17.4, 16.68, 26.16, 23.58, 18, 15, 11.46, 6.84, 2.58, 0.36, 0, 0, 0, 0, 172.92, 7, 26.16, 0.06, 26.16, 0, 
삼천포태양광, 1, 2026-06-23 00:00:00, 0, 0, 0, 0, 0, 0, 0, 0.036, 4.068, 8.808, 14.52, 18.996, 28.14, 27.348, 22.656, 25.368, 15.468, 5.076, 0.204, 0, 0, 0, 0, 0, 170.688, 7, 28.14, 0.036, 28.14, 0, 
삼천포태양광, 2, 2026-06-23 00:00:00, 0, 0, 0, 0, 0, 0, 7.488, 20.736, 98.592, 192.96, 278.88, 370.56, 468.96, 504.192, 414.912, 459.552, 248.544, 118.656, 22.944, 0.096, 0, 0, 0, 0, 3207.072, 134, 504.19, 0.096, 504.192, 0, 
삼천포태양광, 3, 2026-06-23 00:00:00, 0, 0, 0, 0, 0, 0, 1.044, 4.284, 31.68, 60.732, 92.232, 125.532, 158.688, 170.46, 143.28, 159.336, 80.172, 35.064, 4.716, 0, 0, 0, 0, 0, 1067.22, 44, 170.46, 1.044, 170.46, 0, 
삼천포태양광, 4, 2026-06-23 00:00:00, 0, 0, 0, 0, 0, 0, 1.103, 19.127, 72.78, 93.931, 94.238, 96.016, 153.654, 184.145, 114.056, 724.777, 1164.909, 1195.868, 1038.275, 0, 0, 0, 0, 0, 4952.879, 206, 1195.86, 1.103, 1195.868, 0, 
구미태양광, 1, 2026-06-23 00:00:00, 0, 0, 0, 0, 0, 0, 11.86, 62.842, 106.666, 133.423, 204.871, 251.297, 282.465, 437.8, 452.552, 449.298, 401.28, 226.782, 71.231, 18.73, 0, 0, 0, 0, 3111.097, 130, 452.55, 11.86, 452.552, 0, 
삼천포태양광#6, 1, 2026-06-23 00:00:00, 0, 0, 0, 0, 0, 0, 0, 0, 0, 0, 0, 0, 0, 0, 0, 0, 0, 0, 0, 0, 0, 0, 0, 0, 0, 0, 0, 0, 0, 0, 
영흥태양광#5, 1, 2026-06-23 00:00:00, 0, 0, 0, 0, 0, 14.463, 139.811, 530.316, 1116.074, 1629.516, 2034.484, 2265.895, 2367.137, 2294.821, 2094.747, 1759.684, 1282.4, 687, 277.211, 40.979, 0, 0, 0, 0, 18534.538, 772, 2367.13, 14.46, 2367.137, 0, 
영흥태양광 #3, 1, 2026-06-23 00:00:00, 0, 0, 0, 0, 0, 0, 105.36, 460.32, 992.4, 1455.84, 1778.88, 2028.72, 2139.12, 2082.24, 1908.72, 1620.48, 1191.36, 546.24, 238.8, 24.24, 0, 0, 0, 0, 16572.72, 691, 2139.12, 24.24, 2139.12, 0, 
영흥태양광 #3, 2, 2026-06-23 00:00:00, 0, 0, 0, 0, 0, 0.576, 24.96, 112.8, 253.056, 380.928, 472.8, 524.928, 546.432, 536.064, 491.424, 413.28, 302.88, 162.048, 60.864, 4.416, 0, 0, 0, 0, 4287.456, 179, 546.43, 0.576, 546.432, 0, 
영흥태양광 #3, 3, 2026-06-23 00:00:00, 0, 0, 0, 0, 0, 0, 62.04, 244.8, 546.84, 731.4, 861.12, 1119.6, 1176.84, 1149.12, 1064.52, 898.68, 655.08, 114.84, 0, 0, 0, 0, 0, 0, 8624.88, 359, 1176.84, 62.04, 1176.84, 0, 
영흥태양광, 1, 2026-06-23 00:00:00, 0, 0, 0, 0, 0, 0, 31.757, 120.538, 266.842, 409.19, 556.262, 585.408, 632.794, 618.739, 572.237, 488.563, 361.421, 203.021, 82.291, 11.635, 0, 0, 0, 0, 4940.698, 206, 632.79, 11.635, 632.794, 0, 
예천태양광, 1, 2026-06-23 00:00:00, 0, 0, 0, 0, 0, 0.54, 98.1, 116.28, 313.74, 448.2, 834.12, 1197.72, 1073.16, 1088.82, 938.16, 766.08, 612.72, 296.82, 110.88, 10.44, 0, 0, 0, 0, 7905.78, 329, 1197.72, 0.54, 1197.72, 0, 
여수태양광, 1, 2026-06-23 00:00:00, 0, 0, 0, 0, 0, 0, 0, 0, 0, 0, 0, 0, 0, 0, 0, 0, 0, 0, 0, 0, 0, 0, 0, 296.071, 296.071, 12, 296.07, 296.07, 296.071, 0, 
영흥태양광, 2, 2026-06-23 00:00:00, 0, 0, 0, 0, 0, 0, 0, 0, 0, 0, 0, 0, 0, 0, 0, 0, 0, 0, 0, 0, 0, 0, 0, 0, 0, 0, 0, 0, 0, 0, 
탑선태양광, 1, 2026-06-23 00:00:00, 0, 0, 0, 0, 0, 0, 0, 0, 0, 0, 0, 0, 0, 0, 0, 0, 0, 0, 0, 0, 0, 0, 0, 1357, 1357, 57, 1357, 1357, 1357, 0, 
탑선태양광, 3, 2026-06-23 00:00:00, 0, 0, 0, 0, 0, 0, 0, 0, 0, 0, 0, 0, 0, 0, 0, 0, 0, 0, 0, 0, 0, 0, 0, 244, 244, 10, 244, 244, 244, 0, 
경상대태양광, 1, 2026-06-23 00:00:00, 0, 0, 0, 0, 0, 0, 5.472, 20.376, 60.408, 92.592, 121.68, 203.112, 455.616, 431.928, 305.928, 217.368, 191.952, 148.104, 38.088, 1.944, 0, 0, 0, 0, 2294.568, 96, 455.61, 1.944, 455.616, 0, 
고흥만 수상태양광, 1, 2026-06-23 00:00:00, 0, 0, 0, 0, 0, 2.352, 1561.728, 4748.856, 6395.004, 8347.164, 16212.084, 14857.836, 31092.012, 31103.1, 39155.76, 26920.404, 10852.548, 5395.068, 2398.032, 218.736, 0, 0, 0, 0, 199260.684, 8303, 39155.76, 2.352, 39155.76, 0, 
영동태양광, 1, 2026-06-22 00:00:00, 0, 0, 0, 0, 0, 0, 16.992, 19.584, 19.68, 20.064, 19.968, 20.064, 19.872, 19.488, 19.968, 110.784, 421.632, 688.32, 512.736, 0.576, 0, 0, 0, 0, 1909.728, 80, 688.32, 0.576, 688.32, 0, 
삼천포태양광#5, 1, 2026-06-22 00:00:00, 0, 0, 0, 0, 0, 1.809, 27.408, 39.717, 158.852, 121.478, 140.418, 193.509, 189.833, 170.808, 158.889, 277.303, 1470.441, 238.11, 39.918, 1.301, 0, 0, 0, 0, 3229.794, 135, 1470.44, 1.301, 1470.441, 0, 
삼천포태양광#5, 2, 2026-06-22 00:00:00, 0, 0, 0, 0, 0, 3.878, 50.079, 78.118, 243.553, 229.624, 237.286, 282.821, 283.339, 281.88, 276.885, 545.575, 2705.689, 424.55, 97.211, 13.863, 0, 0, 0, 0, 5754.351, 240, 2705.68, 3.878, 2705.689, 0, 
광양항세방태양광, 1, 2026-06-22 00:00:00, 0, 0, 0, 0, 0, 0, 7.2, 40.8, 158.4, 177.6, 141.6, 189.6, 132, 21.6, 134.4, 240, 278.4, 91.2, 28.8, 0, 0, 0, 0, 0, 1641.6, 68, 278.4, 7.2, 278.4, 0, 
두산엔진MG태양광, 1, 2026-06-22 00:00:00, 0, 0, 0, 0, 0, 0.06, 1.02, 2.82, 9.6, 6.96, 19.86, 16.32, 14.46, 5.88, 10.32, 9, 10.98, 5.82, 1.68, 0.54, 0, 0, 0, 0, 115.32, 5, 19.86, 0.06, 19.86, 0, 
삼천포태양광, 1, 2026-06-22 00:00:00, 0, 0, 0, 0, 0, 0, 0, 0, 1.824, 0.54, 0.528, 4.608, 4.548, 1.152, 1.428, 1.968, 4.896, 1.656, 0, 0, 0, 0, 0, 0, 23.148, 1, 4.89, 0.528, 4.896, 0, 
삼천포태양광, 2, 2026-06-22 00:00:00, 0, 0, 0, 0, 0, 1.632, 11.232, 14.112, 60.288, 42.816, 44.448, 136.704, 130.464, 66.048, 61.632, 73.056, 124.608, 66.24, 21.504, 4.896, 0, 0, 0, 0, 859.68, 36, 136.7, 1.632, 136.704, 0, 
삼천포태양광, 3, 2026-06-22 00:00:00, 0, 0, 0, 0, 0, 0.252, 1.62, 1.62, 17.532, 10.26, 10.728, 40.752, 41.544, 19.008, 18.864, 21.816, 38.88, 19.044, 4.86, 0.36, 0, 0, 0, 0, 247.14, 10, 41.54, 0.252, 41.544, 0, 
삼천포태양광, 4, 2026-06-22 00:00:00, 0, 0, 0, 0, 0, 0.193, 6.233, 10.797, 68.275, 52.546, 62.456, 94.143, 93.996, 75.448, 67.33, 66.178, 591.71, 97.652, 13.96, 2.588, 0, 0, 0, 0, 1303.505, 54, 591.71, 0.193, 591.71, 0, 
구미태양광, 1, 2026-06-22 00:00:00, 0, 0, 0, 0, 0, 0, 14.029, 26.178, 75.208, 179.56, 136.315, 172.979, 70.797, 176.161, 163.506, 124.889, 110.209, 121.418, 52.212, 21.044, 0, 0, 0, 0, 1444.505, 60, 179.56, 14.029, 179.56, 0, 
삼천포태양광#6, 1, 2026-06-22 00:00:00, 0, 0, 0, 0, 0, 0, 0, 0, 0, 0, 0, 0, 0, 0, 0, 0, 0, 0, 0, 0, 0, 0, 0, 0, 0, 0, 0, 0, 0, 0, 
영흥태양광#5, 1, 2026-06-22 00:00:00, 0, 0, 0, 0, 0, 2.411, 81.958, 347.116, 653.253, 903.947, 1094.379, 1029.295, 1427.032, 1781.379, 1205.263, 1181.158, 949.747, 648.432, 180.789, 36.158, 0, 0, 0, 0, 11522.317, 480, 1781.37, 2.41, 1781.379, 0, 
영흥태양광 #3, 1, 2026-06-22 00:00:00, 0, 0, 0, 0, 0, 0, 0.24, 294, 573.6, 795.84, 982.56, 980.64, 1272.72, 1643.52, 1114.8, 1117.92, 180.24, 118.32, 140.16, 18.96, 0, 0, 0, 0, 9233.52, 385, 1643.52, 0.24, 1643.52, 0, 
영흥태양광 #3, 2, 2026-06-22 00:00:00, 0, 0, 0, 0, 0, 0, 9.312, 75.648, 146.784, 208.224, 253.92, 242.112, 332.256, 421.344, 289.536, 291.552, 245.184, 164.064, 36.192, 2.976, 0, 0, 0, 0, 2719.104, 113, 421.34, 2.976, 421.344, 0, 
영흥태양광 #3, 3, 2026-06-22 00:00:00, 0, 0, 0, 0, 0, 0, 0, 0, 0, 0, 0, 0, 0, 40.32, 68.64, 623.4, 106.32, 336.12, 98.88, 15.24, 0, 0, 0, 0, 1288.92, 54, 623.4, 15.24, 623.4, 0, 
영흥태양광, 1, 2026-06-22 00:00:00, 0, 0, 0, 0, 0, 0, 10.675, 90.47, 176.678, 240.73, 302.208, 315.149, 367.104, 539.635, 363.341, 355.315, 72.768, 102.835, 52.992, 8.486, 0, 0, 0, 0, 2998.386, 125, 539.63, 8.486, 539.635, 0, 
예천태양광, 1, 2026-06-22 00:00:00, 0, 0, 0, 0, 0, 2.34, 107.46, 198.54, 318.24, 594, 794.7, 557.46, 444.6, 222.48, 386.64, 261.9, 182.88, 101.88, 76.68, 0, 0, 0, 0, 0, 4249.8, 177, 794.7, 2.34, 794.7, 0, 
여수태양광, 1, 2026-06-22 00:00:00, 0, 0, 0, 0, 0, 0, 0, 0, 0, 0, 0, 0, 0, 0, 0, 0, 0, 0, 0, 0, 0, 0, 0, 186, 186, 8, 186, 186, 186, 0, 
영흥태양광, 2, 2026-06-22 00:00:00, 0, 0, 0, 0, 0, 0, 2.893, 78.101, 164.88, 228.518, 280.585, 278.657, 350.973, 451.251, 317.225, 319.154, 58.817, 0, 0, 0, 0, 0, 0, 0, 2531.054, 105, 451.25, 2.89, 451.251, 0, 
탑선태양광, 1, 2026-06-22 00:00:00, 0, 0, 0, 0, 0, 0, 0, 0, 0, 0, 0, 0, 0, 0, 0, 0, 0, 0, 0, 0, 0, 0, 0, 1357, 1357, 57, 1357, 1357, 1357, 0, 
탑선태양광, 3, 2026-06-22 00:00:00, 0, 0, 0, 0, 0, 0, 0, 0, 0, 0, 0, 0, 0, 0, 0, 0, 0, 0, 0, 0, 0, 0, 0, 244, 244, 10, 244, 244, 244, 0, 
경상대태양광, 1, 2026-06-22 00:00:00, 0, 0, 0, 0, 0, 0, 2.952, 21.816, 35.568, 19.872, 85.824, 86.904, 114.264, 51.12, 58.608, 36.576, 78.552, 57.6, 21.312, 6.336, 0, 0, 0, 0, 677.304, 28, 114.26, 2.952, 114.264, 0, 
고흥만 수상태양광, 1, 2026-06-22 00:00:00, 0, 0, 0, 0, 0, 0, 417.984, 1884.204, 8105.58, 5960.304, 6193.908, 4013.772, 5207.748, 4391.268, 4963.728, 5701.164, 3805.956, 2069.76, 615.636, 53.088, 0, 0, 0, 0, 53384.1, 2224, 8105.58, 53.088, 8105.58, 0, 
영동태양광, 1, 2026-06-21 00:00:00, 0, 0, 0, 0, 0, 0, 0.48, 9.984, 15.552, 19.008, 18.912, 19.68, 19.296, 20.064, 20.352, 142.368, 498.816, 687.648, 451.392, 4.032, 0, 0, 0, 0, 1927.584, 80, 687.64, 0.48, 687.648, 0, 
삼천포태양광#5, 1, 2026-06-21 00:00:00, 0, 0, 0, 0, 0, 9.179, 159.189, 191.463, 195.345, 208, 281.343, 191.266, 516.311, 572.159, 1700.884, 1434.054, 2482, 2527.576, 2489.296, 1182.418, 0, 0, 0, 0, 14140.483, 589, 2527.57, 9.179, 2527.576, 0, 
삼천포태양광#5, 2, 2026-06-21 00:00:00, 0, 0, 0, 0, 0, 17.617, 249.312, 285.157, 284.835, 283.195, 419.148, 358.58, 812.603, 2782.688, 2826.61, 2411.695, 4227.434, 4086.839, 3857.391, 676.971, 0, 0, 0, 0, 23580.075, 983, 4227.43, 17.617, 4227.434, 0, 
광양항세방태양광, 1, 2026-06-21 00:00:00, 0, 0, 0, 0, 0, 19.2, 237.6, 573.6, 825.6, 979.2, 1411.2, 1684.8, 1939.2, 1864.8, 1471.2, 607.2, 292.8, 151.2, 38.4, 0, 0, 0, 0, 0, 12096, 504, 1939.2, 19.2, 1939.2, 0, 
두산엔진MG태양광, 1, 2026-06-21 00:00:00, 0, 0, 0, 0, 0, 0.9, 4.44, 9.66, 19.62, 23.88, 16.98, 23.76, 35.7, 36.18, 29.16, 31.5, 21, 8.94, 2.52, 0.12, 0, 0, 0, 0, 264.36, 11, 36.18, 0.12, 36.18, 0, 
삼천포태양광, 1, 2026-06-21 00:00:00, 0, 0, 0, 0, 0, 0, 1.284, 4.968, 10.824, 17.364, 20.556, 17.796, 25.116, 26.436, 24.372, 21.54, 7.272, 0.288, 0, 0, 0, 0, 0, 0, 177.816, 7, 26.43, 0.288, 26.436, 0, 
삼천포태양광, 2, 2026-06-21 00:00:00, 0, 0, 0, 0, 0, 6.912, 62.88, 166.656, 237.792, 378.048, 373.92, 320.448, 483.36, 576, 439.008, 398.496, 175.008, 40.896, 13.056, 0, 0, 0, 0, 0, 3672.48, 153, 576, 6.912, 576, 0, 
삼천포태양광, 3, 2026-06-21 00:00:00, 0, 0, 0, 0, 0, 1.152, 19.152, 53.82, 78.48, 123.804, 117.396, 101.376, 175.428, 207.684, 144.576, 129.816, 52.38, 9.792, 2.016, 0, 0, 0, 0, 0, 1216.872, 51, 207.68, 1.152, 207.684, 0, 
삼천포태양광, 4, 2026-06-21 00:00:00, 0, 0, 0, 0, 0, 1.316, 63.523, 94.468, 94.381, 94.117, 98.965, 83.905, 123.95, 111.05, 483.106, 502.651, 1165.679, 1191.369, 1178.593, 123.683, 0, 0, 0, 0, 5410.756, 225, 1191.36, 1.316, 1191.369, 0, 
구미태양광, 1, 2026-06-21 00:00:00, 0, 0, 0, 0, 0, 0.434, 38.183, 95.24, 297.435, 308.644, 334.099, 403.305, 561.243, 319.491, 579.611, 296.205, 142.534, 129.156, 76.365, 15.909, 0, 0, 0, 0, 3597.854, 150, 579.61, 0.434, 579.611, 0, 
삼천포태양광#6, 1, 2026-06-21 00:00:00, 0, 0, 0, 0, 0, 0, 0, 0, 0, 0, 0, 0, 0, 0, 0, 0, 0, 0, 0, 0, 0, 0, 0, 0, 0, 0, 0, 0, 0, 0, 
영흥태양광#5, 1, 2026-06-21 00:00:00, 0, 0, 0, 0, 0, 14.463, 190.432, 335.063, 595.4, 1137.768, 1687.368, 2220.095, 1865.747, 2321.337, 1887.442, 1159.463, 1005.189, 467.642, 163.916, 19.284, 0, 0, 0, 0, 15070.609, 628, 2321.33, 14.46, 2321.337, 0, 
영흥태양광 #3, 1, 2026-06-21 00:00:00, 0, 0, 0, 0, 0, 0.24, 111.36, 270.24, 520.08, 1029.6, 1579.92, 1952.16, 1893.84, 2119.44, 1697.52, 1182.72, 947.52, 440.88, 119.52, 0.24, 0, 0, 0, 0, 13865.28, 578, 2119.44, 0.24, 2119.44, 0, 
영흥태양광 #3, 2, 2026-06-21 00:00:00, 0, 0, 0, 0, 0, 0.576, 38.304, 73.152, 132.48, 262.464, 422.112, 529.056, 469.056, 548.64, 477.024, 285.024, 240.96, 108.672, 31.776, 0.768, 0, 0, 0, 0, 3620.064, 151, 548.64, 0.576, 548.64, 0, 
영흥태양광 #3, 3, 2026-06-21 00:00:00, 0, 0, 0, 0, 0, 0, 0, 0, 0, 0, 0, 0, 0, 0, 0, 0, 0, 0, 0, 0, 0, 0, 0, 0, 0, 0, 0, 0, 0, 0, 
영흥태양광, 1, 2026-06-21 00:00:00, 0, 0, 0, 0, 0, 0, 40.09, 81.677, 140.39, 290.88, 472.166, 572.698, 593.741, 625.344, 497.587, 361.267, 283.2, 150.144, 46.042, 4.685, 0, 0, 0, 0, 4159.911, 173, 625.34, 4.68, 625.344, 0, 
예천태양광, 1, 2026-06-21 00:00:00, 0, 0, 0, 0, 0, 8.64, 129.78, 459, 516.96, 717.12, 858.24, 651.78, 385.74, 547.56, 486.54, 346.14, 297.18, 258.12, 118.8, 17.1, 0, 0, 0, 0, 5798.7, 242, 858.24, 8.64, 858.24, 0, 
여수태양광, 1, 2026-06-21 00:00:00, 0, 0, 0, 0, 0, 0, 0, 0, 0, 0, 0, 0, 0, 0, 0, 0, 0, 0, 0, 0, 0, 0, 0, 341, 341, 14, 341, 341, 341, 0, 
영흥태양광, 2, 2026-06-21 00:00:00, 0, 0, 0, 0, 0, 0, 38.568, 82.922, 150.417, 285.406, 442.573, 542.851, 517.781, 575.634, 473.427, 329.76, 258.408, 131.133, 44.354, 5.785, 0, 0, 0, 0, 3879.019, 162, 575.63, 5.78, 575.634, 0, 
탑선태양광, 1, 2026-06-21 00:00:00, 0, 0, 0, 0, 0, 0, 0, 0, 0, 0, 0, 0, 0, 0, 0, 0, 0, 0, 0, 0, 0, 0, 0, 1357, 1357, 57, 1357, 1357, 1357, 0, 
탑선태양광, 3, 2026-06-21 00:00:00, 0, 0, 0, 0, 0, 0, 0, 0, 0, 0, 0, 0, 0, 0, 0, 0, 0, 0, 0, 0, 0, 0, 0, 244, 244, 10, 244, 244, 244, 0, 
경상대태양광, 1, 2026-06-21 00:00:00, 0, 0, 0, 0, 0, 3.24, 47.16, 121.032, 195.624, 226.152, 285.624, 411.552, 278.424, 367.704, 329.472, 164.376, 187.056, 71.568, 10.656, 0, 0, 0, 0, 0, 2699.64, 112, 411.55, 3.24, 411.552, 0, 
고흥만 수상태양광, 1, 2026-06-21 00:00:00, 0, 0, 0, 0, 0, 196.14, 1874.796, 9980.292, 12978.42, 13415.304, 22141.224, 48129.648, 48668.928, 36767.64, 18759.552, 16161.684, 16459.212, 8726.592, 3214.176, 294.084, 0, 0, 0, 0, 257767.692, 10740, 48668.92, 196.14, 48668.928, 0, 
영동태양광, 1, 2026-06-20 00:00:00, 0, 0, 0, 0, 0, 0, 0, 0, 0, 1.152, 17.088, 20.928, 18.336, 17.568, 17.28, 35.136, 379.488, 140.736, 0.288, 0, 0, 0, 0, 0, 648, 27, 379.48, 0.28, 379.488, 0, 
삼천포태양광#5, 1, 2026-06-20 00:00:00, 0, 0, 0, 0, 0, 0, 0, 1.12, 12.545, 4.705, 114.851, 153.824, 374.449, 318.584, 197.649, 545.431, 515.45, 244.449, 48.188, 791.896, 0, 0, 0, 0, 3323.141, 138, 791.89, 1.12, 791.896, 0, 
삼천포태양광#5, 2, 2026-06-20 00:00:00, 0, 0, 0, 0, 0, 0, 0, 2.881, 19.714, 11.785, 185.921, 258.056, 599.289, 427.373, 301.56, 963.666, 3159.892, 405.004, 96.374, 0, 0, 0, 0, 0, 6431.515, 268, 3159.89, 2.88, 3159.892, 0, 
광양항세방태양광, 1, 2026-06-20 00:00:00, 0, 0, 0, 0, 0, 0, 0, 12, 384, 883.2, 895.2, 206.4, 904.8, 981.6, 1876.8, 1380, 1238.4, 290.4, 81.6, 4.8, 0, 0, 0, 0, 9139.2, 381, 1876.8, 4.8, 1876.8, 0, 
두산엔진MG태양광, 1, 2026-06-20 00:00:00, 0, 0, 0, 0, 0, 0.06, 0.66, 1.62, 2.76, 6.72, 7.14, 21.3, 15.3, 9.96, 13.08, 18.06, 19.62, 11.52, 13.14, 0.72, 0, 0, 0, 0, 141.66, 6, 21.3, 0.06, 21.3, 0, 
삼천포태양광, 1, 2026-06-20 00:00:00, 0, 0, 0, 0, 0, 0, 0, 0, 0.048, 0.024, 2.544, 2.412, 12.312, 8.844, 6.156, 7.224, 3.624, 3.516, 0.204, 0, 0, 0, 0, 0, 46.908, 2, 12.31, 0.024, 12.312, 0, 
삼천포태양광, 2, 2026-06-20 00:00:00, 0, 0, 0, 0, 0, 0, 0.384, 6.24, 15.936, 16.416, 70.752, 80.64, 214.848, 188.544, 140.832, 169.536, 108.192, 92.064, 25.056, 1.056, 0, 0, 0, 0, 1130.496, 47, 214.84, 0.384, 214.848, 0, 
삼천포태양광, 3, 2026-06-20 00:00:00, 0, 0, 0, 0, 0, 0, 0, 0.792, 2.34, 2.844, 24.984, 25.668, 68.112, 53.784, 50.328, 62.964, 38.052, 37.764, 5.112, 0, 0, 0, 0, 0, 372.744, 16, 68.11, 0.79, 68.112, 0, 
삼천포태양광, 4, 2026-06-20 00:00:00, 0, 0, 0, 0, 0, 0, 0, 0.199, 0.781, 0.142, 33.268, 64.344, 118.709, 132.067, 70.423, 138.311, 836.97, 71.826, 13.303, 0, 0, 0, 0, 0, 1480.343, 62, 836.97, 0.142, 836.97, 0, 
구미태양광, 1, 2026-06-20 00:00:00, 0, 0, 0, 0, 0, 0, 0.506, 24.877, 64.795, 195.253, 97.048, 194.746, 183.682, 172.184, 336.268, 276.463, 246.886, 149.404, 67.254, 11.354, 0, 0, 0, 0, 2020.72, 84, 336.26, 0.506, 336.268, 0, 
삼천포태양광#6, 1, 2026-06-20 00:00:00, 0, 0, 0, 0, 0, 0, 0, 0, 0, 0, 0, 0, 0, 0, 0, 0, 0, 0, 0, 0, 0, 0, 0, 0, 0, 0, 0, 0, 0, 0, 
영흥태양광#5, 1, 2026-06-20 00:00:00, 0, 0, 0, 0, 0, 0, 21.695, 60.263, 40.979, 130.168, 221.768, 137.4, 231.411, 310.958, 470.053, 580.937, 231.411, 159.095, 50.621, 7.232, 0, 0, 0, 0, 2653.991, 111, 580.93, 7.23, 580.937, 0, 
영흥태양광 #3, 1, 2026-06-20 00:00:00, 0, 0, 0, 0, 0, 0, 0, 1.2, 0.24, 62.16, 186.72, 86.16, 171.84, 238.8, 500.4, 514.8, 199.44, 95.76, 6.72, 0, 0, 0, 0, 0, 2064.24, 86, 514.8, 0.24, 514.8, 0, 
영흥태양광 #3, 2, 2026-06-20 00:00:00, 0, 0, 0, 0, 0, 0, 0.192, 1.536, 0.192, 23.424, 43.872, 21.696, 45.12, 60.288, 103.968, 154.08, 42.144, 21.888, 1.056, 0.096, 0, 0, 0, 0, 519.552, 22, 154.08, 0.096, 154.08, 0, 
영흥태양광 #3, 3, 2026-06-20 00:00:00, 0, 0, 0, 0, 0, 0, 0, 0, 0, 0, 0, 0, 0, 0, 0, 0, 0, 0, 0, 0, 0, 0, 0, 0, 0, 0, 0, 0, 0, 0, 
영흥태양광, 1, 2026-06-20 00:00:00, 0, 0, 0, 0, 0, 0, 0.192, 0.845, 0.691, 36.557, 59.981, 42.739, 70.387, 71.309, 109.67, 92.045, 57.523, 27.034, 3.418, 0, 0, 0, 0, 0, 572.391, 24, 109.67, 0.192, 109.67, 0, 
예천태양광, 1, 2026-06-20 00:00:00, 0, 0, 0, 0, 0, 0, 5.04, 23.76, 104.58, 105.12, 119.16, 136.26, 75.06, 77.76, 82.8, 64.26, 41.22, 60.84, 6.48, 0, 0, 0, 0, 0, 902.34, 38, 136.26, 5.04, 136.26, 0, 
여수태양광, 1, 2026-06-20 00:00:00, 0, 0, 0, 0, 0, 0, 0, 0, 0, 0, 0, 0, 0, 0, 0, 0, 0, 0, 0, 0, 0, 0, 0, 366.814, 366.814, 15, 366.81, 366.814, 366.814, 0, 
영흥태양광, 2, 2026-06-20 00:00:00, 0, 0, 0, 0, 0, 0, 0.964, 1.928, 0.964, 16.392, 57.853, 34.712, 55.924, 78.101, 146.56, 145.596, 63.638, 40.497, 12.535, 0, 0, 0, 0, 0, 655.664, 27, 146.56, 0.96, 146.56, 0, 
탑선태양광, 1, 2026-06-20 00:00:00, 0, 0, 0, 0, 0, 0, 0, 0, 0, 0, 0, 0, 0, 0, 0, 0, 0, 0, 0, 0, 0, 0, 0, 1357, 1357, 57, 1357, 1357, 1357, 0, 
탑선태양광, 3, 2026-06-20 00:00:00, 0, 0, 0, 0, 0, 0, 0, 0, 0, 0, 0, 0, 0, 0, 0, 0, 0, 0, 0, 0, 0, 0, 0, 244, 244, 10, 244, 244, 244, 0, 
경상대태양광, 1, 2026-06-20 00:00:00, 0, 0, 0, 0, 0, 0, 0, 25.848, 44.568, 249.12, 275.04, 194.76, 229.896, 477.072, 543.888, 386.568, 168.84, 83.664, 72.936, 2.376, 0, 0, 0, 0, 2754.576, 115, 543.88, 2.376, 543.888, 0, 
고흥만 수상태양광, 1, 2026-06-20 00:00:00, 0, 0, 0, 0, 0, 0, 188.916, 1418.928, 8996.82, 29431.5, 9888.48, 10662.624, 23999.304, 16869.048, 27652.296, 20846.784, 6618.78, 2848.524, 452.676, 8.568, 0, 0, 0, 0, 159883.248, 6662, 29431.5, 8.568, 29431.5, 0, 
영동태양광, 1, 2026-06-19 00:00:00, 0, 0, 0, 0, 0, 0.288, 18.816, 15.744, 12.096, 11.808, 11.232, 10.176, 124.32, 689.472, 438.912, 307.968, 434.784, 677.088, 676.416, 446.4, 0, 0, 0, 0, 3875.52, 161, 689.47, 0.288, 689.472, 0, 
삼천포태양광#5, 1, 2026-06-19 00:00:00, 0, 0, 0, 0, 0, 0.568, 99.179, 187.77, 189.342, 196.963, 189.731, 193.34, 205.536, 182.814, 129.556, 199.807, 2494.65, 745.428, 5.046, 0, 0, 0, 0, 0, 5019.73, 209, 2494.65, 0.568, 2494.65, 0, 
삼천포태양광#5, 2, 2026-06-19 00:00:00, 0, 0, 0, 0, 0, 1.261, 169.1, 282.158, 284.52, 285.218, 293.179, 283.971, 283.98, 271.249, 219.853, 392.168, 4179.522, 1944.905, 31.194, 0, 0, 0, 0, 0, 8922.278, 372, 4179.52, 1.261, 4179.522, 0, 
광양항세방태양광, 1, 2026-06-19 00:00:00, 0, 0, 0, 0, 0, 0, 28.8, 115.2, 273.6, 585.6, 271.2, 592.8, 859.2, 576, 506.4, 499.2, 420, 134.4, 38.4, 0, 0, 0, 0, 0, 4900.8, 204, 859.2, 28.8, 859.2, 0, 
두산엔진MG태양광, 1, 2026-06-19 00:00:00, 0, 0, 0, 0, 0, 0.54, 2.1, 8.94, 15.6, 19.92, 14.22, 15.36, 15.36, 16.74, 7.2, 7.68, 8.04, 5.4, 1.2, 0.06, 0, 0, 0, 0, 138.36, 6, 19.92, 0.06, 19.92, 0, 
삼천포태양광, 1, 2026-06-19 00:00:00, 0, 0, 0, 0, 0, 0, 0.18, 2.868, 4.044, 12.156, 8.736, 6.312, 4.884, 2.7, 1.896, 1.404, 1.02, 0, 0, 0, 0, 0, 0, 0, 46.2, 2, 12.15, 0.18, 12.156, 0, 
삼천포태양광, 2, 2026-06-19 00:00:00, 0, 0, 0, 0, 0, 1.344, 27.168, 76.992, 103.872, 241.44, 198.24, 168.384, 148.224, 119.136, 69.216, 63.648, 70.176, 7.296, 12.096, 0, 0, 0, 0, 0, 1307.232, 54, 241.44, 1.344, 241.44, 0, 
삼천포태양광, 3, 2026-06-19 00:00:00, 0, 0, 0, 0, 0, 0.072, 5.76, 22.068, 30.6, 78.336, 60.876, 55.044, 46.548, 38.124, 20.016, 19.08, 19.584, 0.252, 1.008, 0, 0, 0, 0, 0, 397.368, 17, 78.33, 0.072, 78.336, 0, 
삼천포태양광, 4, 2026-06-19 00:00:00, 0, 0, 0, 0, 0, 0.019, 26.673, 90.465, 94.257, 94.508, 94.114, 94.225, 94.228, 74.129, 45.671, 33.097, 1074.716, 1.699, 2.512, 0, 0, 0, 0, 0, 1820.313, 76, 1074.71, 0.019, 1074.716, 0, 
구미태양광, 1, 2026-06-19 00:00:00, 0, 0, 0, 0, 0, 0.723, 26.034, 113.03, 258.818, 231.049, 319.853, 278.56, 321.95, 317.322, 212.825, 85.188, 55.032, 31.24, 23.286, 0, 0, 0, 0, 0, 2274.91, 95, 321.95, 0.723, 321.95, 0, 
삼천포태양광#6, 1, 2026-06-19 00:00:00, 0, 0, 0, 0, 0, 0, 0, 0, 0, 0, 0, 0, 0, 0, 0, 0, 0, 0, 0, 0, 0, 0, 0, 0, 0, 0, 0, 0, 0, 0, 
영흥태양광#5, 1, 2026-06-19 00:00:00, 0, 0, 0, 0, 0, 19.284, 236.232, 486.926, 903.947, 1320.968, 1576.484, 1554.789, 1735.579, 1455.958, 1395.695, 732.8, 332.653, 147.042, 62.674, 0, 0, 0, 0, 0, 11961.031, 498, 1735.57, 19.28, 1735.579, 0, 
영흥태양광 #3, 1, 2026-06-19 00:00:00, 0, 0, 0, 0, 0, 0.48, 142.8, 376.56, 755.76, 1127.04, 1358.16, 1353.12, 1491.84, 1348.8, 1211.28, 628.8, 276.96, 102.24, 12.96, 0, 0, 0, 0, 0, 10186.8, 424, 1491.84, 0.48, 1491.84, 0, 
영흥태양광 #3, 2, 2026-06-19 00:00:00, 0, 0, 0, 0, 0, 1.152, 45.696, 107.328, 204.096, 314.208, 387.168, 376.8, 429.12, 364.224, 338.016, 172.32, 74.304, 28.416, 6.72, 0, 0, 0, 0, 0, 2849.568, 119, 429.12, 1.152, 429.12, 0, 
영흥태양광 #3, 3, 2026-06-19 00:00:00, 0, 0, 0, 0, 0, 0, 0, 0, 0, 0, 0, 0, 0, 0, 157.32, 0, 0, 0, 0, 0, 0, 0, 0, 0, 157.32, 7, 157.32, 157.32, 157.32, 0, 
영흥태양광, 1, 2026-06-19 00:00:00, 0, 0, 0, 0, 0, 0.077, 47.424, 111.552, 238.925, 376.051, 481.037, 461.184, 517.862, 511.718, 415.872, 224.832, 105.178, 41.587, 16.627, 0, 0, 0, 0, 0, 3549.926, 148, 517.86, 0.077, 517.862, 0, 
예천태양광, 1, 2026-06-19 00:00:00, 0, 0, 0, 0, 0, 12.78, 172.62, 409.5, 616.86, 846, 1123.74, 1211.76, 596.34, 158.94, 136.44, 145.98, 124.74, 35.64, 0.36, 0, 0, 0, 0, 0, 5591.7, 233, 1211.76, 0.36, 1211.76, 0, 
여수태양광, 1, 2026-06-19 00:00:00, 0, 0, 0, 0, 0, 0, 0, 0, 0, 0, 0, 0, 0, 0, 0, 0, 0, 0, 0, 0, 0, 0, 0, 362.878, 362.878, 15, 362.87, 362.878, 362.878, 0, 
영흥태양광, 2, 2026-06-19 00:00:00, 0, 0, 0, 0, 0, 0, 37.604, 111.848, 223.697, 334.581, 395.326, 395.326, 432.931, 389.541, 357.722, 189.949, 90.636, 38.568, 16.392, 0, 0, 0, 0, 0, 3014.121, 126, 432.93, 16.39, 432.931, 0, 
탑선태양광, 1, 2026-06-19 00:00:00, 0, 0, 0, 0, 0, 0, 0, 0, 0, 0, 0, 0, 0, 0, 0, 0, 0, 0, 0, 0, 0, 0, 0, 1357, 1357, 57, 1357, 1357, 1357, 0, 
탑선태양광, 3, 2026-06-19 00:00:00, 0, 0, 0, 0, 0, 0, 0, 0, 0, 0, 0, 0, 0, 0, 0, 0, 0, 0, 0, 0, 0, 0, 0, 244, 244, 10, 244, 244, 244, 0, 
경상대태양광, 1, 2026-06-19 00:00:00, 0, 0, 0, 0, 0, 0, 18.288, 70.56, 130.824, 192.888, 167.256, 178.776, 214.056, 195.912, 129.24, 113.832, 78.768, 40.608, 15.912, 0, 0, 0, 0, 0, 1546.92, 64, 214.05, 15.912, 214.056, 0, 
고흥만 수상태양광, 1, 2026-06-19 00:00:00, 0, 0, 0, 0, 0, 0, 932.4, 4006.968, 6035.736, 8055.096, 8727.348, 13946.268, 7886.088, 7842.828, 10963.932, 10788.12, 4526.424, 2529.492, 678.552, 2.52, 0, 0, 0, 0, 86921.772, 3622, 13946.26, 2.52, 13946.268, 0, 
영동태양광, 1, 2026-06-18 00:00:00, 0, 0, 0, 0, 0, 0.672, 17.28, 13.248, 11.712, 11.52, 11.424, 11.136, 335.712, 702.72, 661.056, 576.48, 587.52, 679.872, 678.144, 676.32, 173.664, 0, 0, 0, 5148.48, 215, 702.72, 0.672, 702.72, 0, 
삼천포태양광#5, 1, 2026-06-18 00:00:00, 0, 0, 0, 0, 0, 0, 0, 139.036, 183.137, 198.45, 236.684, 334.124, 355.008, 1145.208, 2127.295, 1175.297, 2496.846, 2526.576, 2453.154, 2062.162, 0, 0, 0, 0, 15432.977, 643, 2526.57, 139.036, 2526.576, 0, 
삼천포태양광#5, 2, 2026-06-18 00:00:00, 0, 0, 0, 0, 0, 0, 0, 227.495, 279.84, 284.367, 588.105, 769.709, 906.323, 3235.059, 3594.281, 2063.175, 4240.114, 4293.246, 4069.137, 2199.076, 0, 0, 0, 0, 26749.927, 1115, 4293.24, 227.495, 4293.246, 0, 
광양항세방태양광, 1, 2026-06-18 00:00:00, 0, 0, 0, 0, 0, 0, 26.4, 163.2, 660, 864, 1622.4, 1773.6, 1884, 1996.8, 1413.6, 1332, 1252.8, 595.2, 199.2, 7.2, 0, 0, 0, 0, 13790.4, 575, 1996.8, 7.2, 1996.8, 0, 
두산엔진MG태양광, 1, 2026-06-18 00:00:00, 0, 0, 0, 0, 0, 0.96, 3.12, 6.78, 13.5, 24.48, 36.9, 38.94, 33.48, 37.26, 41.7, 46.5, 37.68, 12.78, 6.78, 0.66, 0, 0, 0, 0, 341.52, 14, 46.5, 0.66, 46.5, 0, 
삼천포태양광, 1, 2026-06-18 00:00:00, 0, 0, 0, 0, 0, 0, 0, 0.888, 3.108, 16.26, 28.08, 31.644, 33.672, 33.192, 27.408, 14.808, 14.34, 6.54, 0.996, 0, 0, 0, 0, 0, 210.936, 9, 33.67, 0.888, 33.672, 0, 
삼천포태양광, 2, 2026-06-18 00:00:00, 0, 0, 0, 0, 0, 0, 1.536, 33.024, 82.944, 352.128, 574.176, 619.488, 618.144, 605.664, 492.192, 280.32, 247.296, 136.416, 45.792, 3.36, 0, 0, 0, 0, 4092.48, 171, 619.48, 1.536, 619.488, 0, 
삼천포태양광, 3, 2026-06-18 00:00:00, 0, 0, 0, 0, 0, 0, 0, 10.296, 28.116, 123.408, 194.76, 208.512, 167.076, 189.216, 167.904, 91.296, 83.484, 43.812, 11.664, 0.18, 0, 0, 0, 0, 1319.724, 55, 208.51, 0.18, 208.512, 0, 
삼천포태양광, 4, 2026-06-18 00:00:00, 0, 0, 0, 0, 0, 0, 0, 55.989, 82.743, 94.431, 89.578, 99.103, 102.27, 256.084, 892.696, 424.32, 1157.807, 1189.914, 1190.197, 572.402, 0, 0, 0, 0, 6207.534, 259, 1190.19, 55.989, 1190.197, 0, 
구미태양광, 1, 2026-06-18 00:00:00, 0, 0, 0, 0, 0, 0, 0.651, 46.065, 163.506, 166.688, 277.114, 304.956, 556.904, 582.793, 462.098, 483.503, 385.009, 217.164, 76.51, 18.513, 0, 0, 0, 0, 3741.474, 156, 582.79, 0.651, 582.793, 0, 
삼천포태양광#6, 1, 2026-06-18 00:00:00, 0, 0, 0, 0, 0, 0, 0, 0, 0, 0, 0, 0, 0, 0, 0, 0, 0, 0, 0, 0, 0, 0, 0, 0, 0, 0, 0, 0, 0, 0, 
영흥태양광#5, 1, 2026-06-18 00:00:00, 0, 0, 0, 0, 0, 12.053, 166.326, 366.4, 759.316, 1629.516, 1998.326, 2195.989, 2270.716, 2246.611, 2070.642, 1713.884, 1222.137, 646.021, 245.874, 53.032, 0, 0, 0, 0, 17596.843, 733, 2270.71, 12.05, 2270.716, 0, 
영흥태양광 #3, 1, 2026-06-18 00:00:00, 0, 0, 0, 0, 0, 0, 102, 296.88, 643.2, 1376.16, 1703.76, 1914.96, 1982.64, 1954.8, 1812, 1509.12, 1067.28, 520.8, 184.08, 25.2, 0, 0, 0, 0, 15092.88, 629, 1982.64, 25.2, 1982.64, 0, 
영흥태양광 #3, 2, 2026-06-18 00:00:00, 0, 0, 0, 0, 0, 0.48, 31.392, 78.624, 164.832, 377.184, 470.592, 520.608, 538.464, 531.168, 488.832, 405.984, 289.44, 151.776, 51.456, 8.352, 0, 0, 0, 0, 4109.184, 171, 538.46, 0.48, 538.464, 0, 
영흥태양광 #3, 3, 2026-06-18 00:00:00, 0, 0, 0, 0, 0, 0, 0, 0, 0, 0, 0, 0, 0, 0, 0, 0, 0, 0, 0, 0, 0, 0, 0, 0, 0, 0, 0, 0, 0, 0, 
영흥태양광, 1, 2026-06-18 00:00:00, 0, 0, 0, 0, 0, 0, 33.446, 107.482, 223.795, 422.861, 539.866, 612.365, 638.285, 629.491, 586.33, 493.402, 360.538, 189.696, 78.221, 16.742, 0, 0, 0, 0, 4932.52, 206, 638.28, 16.74, 638.285, 0, 
예천태양광, 1, 2026-06-18 00:00:00, 0, 0, 0, 0, 0, 10.26, 99.72, 269.46, 361.8, 299.7, 703.98, 547.92, 816.12, 1011.6, 829.62, 782.46, 383.94, 290.16, 131.04, 11.34, 0, 0, 0, 0, 6549.12, 273, 1011.6, 10.26, 1011.6, 0, 
여수태양광, 1, 2026-06-18 00:00:00, 0, 0, 0, 0, 0, 0, 0, 0, 0, 0, 0, 0, 0, 0, 0, 0, 0, 0, 0, 0, 0, 0, 0, 381, 381, 16, 381, 381, 381, 0, 
영흥태양광, 2, 2026-06-18 00:00:00, 0, 0, 0, 0, 0, 0, 26.998, 91.6, 188.985, 400.147, 486.926, 538.994, 554.421, 548.636, 508.139, 425.217, 301.798, 164.88, 63.638, 15.427, 0, 0, 0, 0, 4315.806, 180, 554.42, 15.42, 554.421, 0, 
탑선태양광, 1, 2026-06-18 00:00:00, 0, 0, 0, 0, 0, 0, 0, 0, 0, 0, 0, 0, 0, 0, 0, 0, 0, 0, 0, 0, 0, 0, 0, 1357, 1357, 57, 1357, 1357, 1357, 0, 
탑선태양광, 3, 2026-06-18 00:00:00, 0, 0, 0, 0, 0, 0, 0, 0, 0, 0, 0, 0, 0, 0, 0, 0, 0, 0, 0, 0, 0, 0, 0, 244, 244, 10, 244, 244, 244, 0, 
경상대태양광, 1, 2026-06-18 00:00:00, 0, 0, 0, 0, 0, 0, 16.2, 63.072, 206.424, 308.016, 419.112, 392.76, 497.088, 489.024, 527.76, 390.168, 228.024, 178.344, 63.072, 4.896, 0, 0, 0, 0, 3783.96, 158, 527.76, 4.896, 527.76, 0, 
고흥만 수상태양광, 1, 2026-06-18 00:00:00, 0, 0, 0, 0, 0, 133.14, 3600.324, 7049.784, 17705.184, 22047.396, 30145.164, 29807.988, 45666.852, 38855.292, 29679.468, 21989.94, 18361.056, 11830.644, 3272.472, 317.856, 0, 0, 0, 0, 280462.56, 11686, 45666.85, 133.14, 45666.852, 0, 
영동태양광, 1, 2026-06-17 00:00:00, 0, 0, 0, 0, 0, 0.096, 17.568, 15.264, 15.36, 13.44, 11.712, 11.712, 233.664, 717.696, 697.92, 610.08, 567.264, 682.944, 681.024, 650.88, 0.864, 0, 0, 0, 4927.488, 205, 717.69, 0.096, 717.696, 0, 
삼천포태양광#5, 1, 2026-06-17 00:00:00, 0, 0, 0, 0, 0, 0.545, 121.791, 189.356, 189.321, 189.753, 189.157, 189.829, 189.082, 1341.011, 1945.365, 912.856, 1661.383, 2084.172, 102.971, 0, 0, 0, 0, 0, 9306.592, 388, 2084.17, 0.54, 2084.172, 0, 
삼천포태양광#5, 2, 2026-06-17 00:00:00, 0, 0, 0, 0, 0, 2.398, 195.336, 286.74, 284.999, 285.081, 283.453, 284.743, 283.678, 2339.271, 3257.64, 1608.789, 2899.697, 4054.815, 227.633, 0, 0, 0, 0, 0, 16294.273, 679, 4054.81, 2.398, 4054.815, 0, 
광양항세방태양광, 1, 2026-06-17 00:00:00, 0, 0, 0, 0, 0, 7.2, 175.2, 451.2, 496.8, 511.2, 266.4, 547.2, 494.4, 710.4, 578.4, 669.6, 297.6, 343.2, 31.2, 0, 0, 0, 0, 0, 5580, 233, 710.4, 7.2, 710.4, 0, 
두산엔진MG태양광, 1, 2026-06-17 00:00:00, 0, 0, 0, 0, 0, 0.78, 3.96, 5.82, 15.12, 22.02, 24.6, 27.12, 26.94, 32.22, 35.52, 28.98, 33.9, 15.96, 7.08, 0.42, 0, 0, 0, 0, 280.44, 12, 35.52, 0.42, 35.52, 0, 
삼천포태양광, 1, 2026-06-17 00:00:00, 0, 0, 0, 0, 0, 0, 1.428, 5.412, 5.832, 3.972, 5.724, 6.768, 6.936, 21.948, 23.124, 9.936, 7.596, 0.96, 0.564, 0, 0, 0, 0, 0, 100.2, 4, 23.12, 0.564, 23.124, 0, 
삼천포태양광, 2, 2026-06-17 00:00:00, 0, 0, 0, 0, 0, 4.128, 59.52, 163.104, 144.384, 100.896, 143.808, 147.744, 157.248, 392.832, 443.52, 214.176, 165.696, 50.4, 38.976, 0.672, 0, 0, 0, 0, 2227.104, 93, 443.52, 0.672, 443.52, 0, 
삼천포태양광, 3, 2026-06-17 00:00:00, 0, 0, 0, 0, 0, 0.432, 18.396, 51.264, 45.936, 30.744, 44.028, 46.836, 48.492, 126.972, 140.04, 66.78, 51.012, 13.824, 9.324, 0, 0, 0, 0, 0, 694.08, 29, 140.04, 0.432, 140.04, 0, 
삼천포태양광, 4, 2026-06-17 00:00:00, 0, 0, 0, 0, 0, 0.081, 46.424, 94.096, 94.416, 94.294, 94.335, 94.5, 94.128, 526.606, 832.395, 382.571, 749.961, 597.029, 36.588, 0, 0, 0, 0, 0, 3737.424, 156, 832.39, 0.081, 832.395, 0, 
구미태양광, 1, 2026-06-17 00:00:00, 0, 0, 0, 0, 0, 0.506, 31.168, 98.133, 163.289, 330.555, 480.683, 582.721, 621.988, 461.085, 390.578, 415.165, 360.277, 171.244, 40.931, 0.145, 0, 0, 0, 0, 4148.468, 173, 621.98, 0.145, 621.988, 0, 
삼천포태양광#6, 1, 2026-06-17 00:00:00, 0, 0, 0, 0, 0, 0, 0, 0, 0, 0, 0, 0, 0, 0, 0, 0, 0, 0, 0, 0, 0, 0, 0, 0, 0, 0, 0, 0, 0, 0, 
영흥태양광#5, 1, 2026-06-17 00:00:00, 0, 0, 0, 0, 0, 7.232, 163.916, 547.189, 687, 891.895, 1586.126, 1615.053, 2236.968, 1981.453, 1496.937, 1489.705, 1089.558, 597.811, 202.484, 24.105, 0, 0, 0, 0, 14617.432, 609, 2236.96, 7.232, 2236.968, 0, 
영흥태양광 #3, 1, 2026-06-17 00:00:00, 0, 0, 0, 0, 0, 0, 104.88, 408.96, 571.44, 810.96, 1323.6, 1311.6, 1932.96, 1726.08, 1311.84, 1291.68, 918.96, 486.72, 138.96, 0, 0, 0, 0, 0, 12338.64, 514, 1932.96, 104.88, 1932.96, 0, 
영흥태양광 #3, 2, 2026-06-17 00:00:00, 0, 0, 0, 0, 0, 0.288, 30.048, 116.352, 155.808, 209.184, 381.6, 364.128, 517.824, 467.52, 363.264, 350.208, 256.896, 138.24, 41.568, 0.864, 0, 0, 0, 0, 3393.792, 141, 517.82, 0.288, 517.824, 0, 
영흥태양광 #3, 3, 2026-06-17 00:00:00, 0, 0, 0, 0, 0, 0, 0, 0, 0, 0, 0, 0, 0, 0, 0, 0, 0, 0, 0, 0, 0, 0, 0, 0, 0, 0, 0, 0, 0, 0, 
영흥태양광, 1, 2026-06-17 00:00:00, 0, 0, 0, 0, 0, 0, 39.206, 138.893, 191.731, 302.477, 426.394, 559.142, 602.419, 566.784, 444.826, 429.043, 300.442, 192.154, 66.47, 6.605, 0, 0, 0, 0, 4266.586, 178, 602.41, 6.605, 602.419, 0, 
예천태양광, 1, 2026-06-17 00:00:00, 0, 0, 0, 0, 0, 19.98, 101.88, 401.76, 640.44, 748.98, 1130.22, 1268.46, 1292.22, 1253.16, 1142.82, 769.86, 424.62, 86.4, 12.06, 0, 0, 0, 0, 0, 9292.86, 387, 1292.22, 12.06, 1292.22, 0, 
여수태양광, 1, 2026-06-17 00:00:00, 0, 0, 0, 0, 0, 0, 0, 0, 0, 0, 0, 0, 0, 0, 0, 0, 0, 0, 0, 0, 0, 0, 0, 170.013, 170.013, 7, 170.01, 170.01, 170.013, 0, 
영흥태양광, 2, 2026-06-17 00:00:00, 0, 0, 0, 0, 0, 0, 26.998, 126.312, 167.773, 239.124, 387.613, 374.114, 543.815, 491.747, 377.971, 363.507, 267.086, 156.202, 53.032, 5.785, 0, 0, 0, 0, 3581.079, 149, 543.81, 5.78, 543.815, 0, 
탑선태양광, 1, 2026-06-17 00:00:00, 0, 0, 0, 0, 0, 0, 0, 0, 0, 0, 0, 0, 0, 0, 0, 0, 0, 0, 0, 0, 0, 0, 0, 1357, 1357, 57, 1357, 1357, 1357, 0, 
탑선태양광, 3, 2026-06-17 00:00:00, 0, 0, 0, 0, 0, 0, 0, 0, 0, 0, 0, 0, 0, 0, 0, 0, 0, 0, 0, 0, 0, 0, 0, 244, 244, 10, 244, 244, 244, 0, 
경상대태양광, 1, 2026-06-17 00:00:00, 0, 0, 0, 0, 0, 0.576, 20.88, 130.464, 178.344, 174.816, 229.32, 257.616, 292.32, 475.272, 233.856, 253.152, 139.896, 64.224, 49.464, 3.744, 0, 0, 0, 0, 2503.944, 104, 475.27, 0.576, 475.272, 0, 
고흥만 수상태양광, 1, 2026-06-17 00:00:00, 0, 0, 0, 0, 0, 205.548, 4116.924, 8420.832, 12684.756, 3876.684, 5419.428, 11158.476, 10042.452, 15961.344, 11000.388, 11767.56, 5930.4, 2946.552, 4799.676, 217.896, 0, 0, 0, 0, 108548.916, 4523, 15961.34, 205.54, 15961.344, 0, 
영동태양광, 1, 2026-06-16 00:00:00, 0, 0, 0, 0, 0, 0.384, 14.592, 15.36, 15.168, 14.592, 13.248, 13.728, 424.416, 751.392, 711.264, 627.744, 616.032, 684.864, 683.616, 679.104, 291.552, 0, 0, 0, 5557.056, 232, 751.39, 0.38, 751.392, 0, 
삼천포태양광#5, 1, 2026-06-16 00:00:00, 0, 0, 0, 0, 0, 1.466, 137.095, 189.827, 199.155, 229.91, 449.761, 445.093, 1638.204, 2352.274, 2077.781, 1281.39, 2488.243, 2527.938, 2543.787, 2129.058, 0, 0, 0, 0, 18690.982, 779, 2543.78, 1.46, 2543.787, 0, 
삼천포태양광#5, 2, 2026-06-16 00:00:00, 0, 0, 0, 0, 0, 4.629, 223.772, 285.587, 288.158, 282.863, 704.858, 1200.806, 4572.719, 4086.855, 3534.395, 2246.058, 4234.074, 4287.753, 4081.205, 2246.988, 0, 0, 0, 0, 32280.72, 1345, 4572.71, 4.629, 4572.719, 0, 
광양항세방태양광, 1, 2026-06-16 00:00:00, 0, 0, 0, 0, 0, 14.4, 220.8, 549.6, 988.8, 1425.6, 1488, 1768.8, 1984.8, 1692, 1418.4, 1168.8, 820.8, 427.2, 168, 4.8, 0, 0, 0, 0, 14140.8, 589, 1984.8, 4.8, 1984.8, 0, 
두산엔진MG태양광, 1, 2026-06-16 00:00:00, 0, 0, 0, 0, 0, 0.6, 3.42, 6.12, 14.16, 28.26, 40.38, 43.08, 42.24, 58.26, 31.32, 33.12, 36.54, 15.78, 5.88, 0.9, 0, 0, 0, 0, 360.06, 15, 58.26, 0.6, 58.26, 0, 
삼천포태양광, 1, 2026-06-16 00:00:00, 0, 0, 0, 0, 0, 0, 0.756, 4.452, 14.172, 22.5, 28.764, 28.668, 35.004, 32.184, 26.412, 14.436, 11.508, 9.048, 1.32, 0, 0, 0, 0, 0, 229.224, 10, 35, 0.756, 35.004, 0, 
삼천포태양광, 2, 2026-06-16 00:00:00, 0, 0, 0, 0, 0, 3.744, 55.008, 187.104, 344.736, 505.632, 584.832, 548.352, 637.344, 565.152, 476.448, 292.8, 220.32, 167.136, 49.152, 2.688, 0, 0, 0, 0, 4640.448, 193, 637.34, 2.688, 637.344, 0, 
삼천포태양광, 3, 2026-06-16 00:00:00, 0, 0, 0, 0, 0, 0.54, 16.812, 61.272, 117.288, 170.748, 195.624, 182.484, 216.864, 186.84, 163.476, 96.372, 72.288, 55.404, 12.276, 0.036, 0, 0, 0, 0, 1548.324, 65, 216.86, 0.036, 216.864, 0, 
삼천포태양광, 4, 2026-06-16 00:00:00, 0, 0, 0, 0, 0, 0.346, 54.149, 94.162, 94.582, 93.931, 101.182, 96.485, 582.661, 992.352, 879.008, 471.511, 1163.435, 1190.069, 1192.608, 606.274, 0, 0, 0, 0, 7612.755, 317, 1192.6, 0.346, 1192.608, 0, 
구미태양광, 1, 2026-06-16 00:00:00, 0, 0, 0, 0, 0, 0.072, 24.515, 111.511, 284.563, 327.157, 527.761, 575.2, 648.166, 376.548, 236.617, 398.605, 359.482, 118.887, 57.346, 11.643, 0, 0, 0, 0, 4058.073, 169, 648.16, 0.072, 648.166, 0, 
삼천포태양광#6, 1, 2026-06-16 00:00:00, 0, 0, 0, 0, 0, 0, 0, 0, 0, 0, 0, 0, 0, 0, 0, 0, 0, 0, 0, 0, 0, 0, 0, 0, 0, 0, 0, 0, 0, 0, 
영흥태양광#5, 1, 2026-06-16 00:00:00, 0, 0, 0, 0, 0, 14.463, 134.989, 527.905, 1072.684, 1571.663, 1930.832, 2150.189, 2236.968, 2224.916, 1991.095, 1617.463, 1137.768, 609.863, 175.968, 26.516, 0, 0, 0, 0, 17423.282, 726, 2236.96, 14.463, 2236.968, 0, 
영흥태양광 #3, 1, 2026-06-16 00:00:00, 0, 0, 0, 0, 0, 0, 26.64, 429.12, 907.44, 1337.52, 1635.84, 1886.4, 1986.96, 1947.6, 1726.56, 1407.84, 976.32, 489.84, 107.52, 0, 0, 0, 0, 0, 14865.6, 619, 1986.96, 26.64, 1986.96, 0, 
영흥태양광 #3, 2, 2026-06-16 00:00:00, 0, 0, 0, 0, 0, 0.864, 22.848, 114.624, 247.872, 369.6, 450.432, 510.336, 534.144, 527.712, 473.472, 385.44, 269.664, 139.104, 34.752, 0.192, 0, 0, 0, 0, 4081.056, 170, 534.14, 0.192, 534.144, 0, 
영흥태양광 #3, 3, 2026-06-16 00:00:00, 0, 0, 0, 0, 0, 0, 0, 0, 0, 0, 0, 0, 0, 0, 0, 0, 0, 0, 0, 0, 0, 0, 0, 0, 0, 0, 0, 0, 0, 0, 
영흥태양광, 1, 2026-06-16 00:00:00, 0, 0, 0, 0, 0, 0, 24.538, 117.466, 257.05, 413.875, 522.816, 593.28, 624.154, 610.829, 549.926, 454.349, 327.59, 180.096, 53.683, 7.411, 0, 0, 0, 0, 4737.063, 197, 624.15, 7.411, 624.154, 0, 
예천태양광, 1, 2026-06-16 00:00:00, 0, 0, 0, 0, 0, 14.94, 127.44, 318.78, 631.8, 914.76, 1083.24, 1229.76, 1279.44, 1278.72, 1134.18, 867.06, 465.66, 273.6, 78.84, 8.1, 0, 0, 0, 0, 9706.32, 404, 1279.44, 8.1, 1279.44, 0, 
여수태양광, 1, 2026-06-16 00:00:00, 0, 0, 0, 0, 0, 0, 0, 0, 0, 0, 0, 0, 0, 0, 0, 0, 0, 0, 0, 0, 0, 0, 0, 354, 354, 15, 354, 354, 354, 0, 
영흥태양광, 2, 2026-06-16 00:00:00, 0, 0, 0, 0, 0, 0, 18.32, 118.598, 257.444, 386.648, 467.642, 524.531, 547.672, 538.029, 481.141, 395.326, 276.728, 152.345, 47.246, 6.749, 0, 0, 0, 0, 4218.419, 176, 547.67, 6.74, 547.672, 0, 
탑선태양광, 1, 2026-06-16 00:00:00, 0, 0, 0, 0, 0, 0, 0, 0, 0, 0, 0, 0, 0, 0, 0, 0, 0, 0, 0, 0, 0, 0, 0, 1357, 1357, 57, 1357, 1357, 1357, 0, 
탑선태양광, 3, 2026-06-16 00:00:00, 0, 0, 0, 0, 0, 0, 0, 0, 0, 0, 0, 0, 0, 0, 0, 0, 0, 0, 0, 0, 0, 0, 0, 244, 244, 10, 244, 244, 244, 0, 
경상대태양광, 1, 2026-06-16 00:00:00, 0, 0, 0, 0, 0, 0.648, 35.928, 122.256, 262.152, 389.448, 483.336, 488.448, 520.92, 475.992, 490.104, 306.432, 245.952, 111.24, 53.28, 9.144, 0, 0, 0, 0, 3995.28, 166, 520.92, 0.648, 520.92, 0, 
고흥만 수상태양광, 1, 2026-06-16 00:00:00, 0, 0, 0, 0, 0, 507.528, 3688.944, 11110.764, 17939.292, 23436.756, 25530.12, 27576.612, 41603.688, 34282.668, 24482.808, 22834.14, 26403.3, 9536.184, 5337.612, 482.832, 0, 0, 0, 0, 274753.248, 11448, 41603.68, 482.83, 41603.688, 0, 
영동태양광, 1, 2026-06-15 00:00:00, 0, 0, 0, 0, 0, 0.864, 28.704, 16.416, 15.264, 13.728, 13.92, 13.728, 472.128, 728.928, 688.512, 612.192, 607.68, 685.824, 684.48, 680.928, 290.88, 0, 0, 0, 5554.176, 231, 728.92, 0.86, 728.928, 0, 
삼천포태양광#5, 1, 2026-06-15 00:00:00, 0, 0, 0, 0, 0, 0.487, 95.955, 214.325, 204.05, 216.07, 238.676, 601.124, 2145.175, 2844.806, 2552.703, 2105.904, 2510.594, 2514.127, 2531.42, 2451.073, 0, 0, 0, 0, 21226.489, 884, 2844.8, 0.48, 2844.806, 0, 
삼천포태양광#5, 2, 2026-06-15 00:00:00, 0, 0, 0, 0, 0, 2.742, 269.934, 329.124, 283.778, 287.188, 647.023, 1847.796, 4853.647, 4892.427, 4392.606, 3621.041, 4272.191, 4288.813, 4089.873, 2787.592, 0, 0, 0, 0, 36865.775, 1536, 4892.42, 2.74, 4892.427, 0, 
광양항세방태양광, 1, 2026-06-15 00:00:00, 0, 0, 0, 0, 0, 14.4, 184.8, 559.2, 1027.2, 1461.6, 1728, 1860, 2162.4, 2140.8, 2006.4, 1687.2, 1200, 700.8, 232.8, 24, 0, 0, 0, 0, 16989.6, 708, 2162.4, 14.4, 2162.4, 0, 
두산엔진MG태양광, 1, 2026-06-15 00:00:00, 0, 0, 0, 0, 0, 0.66, 2.82, 4.68, 13.98, 28.26, 43.26, 26.46, 41.46, 47.46, 38.82, 53.22, 47.4, 32.94, 14.04, 0.9, 0, 0, 0, 0, 396.36, 17, 53.22, 0.66, 53.22, 0, 
삼천포태양광, 1, 2026-06-15 00:00:00, 0, 0, 0, 0, 0, 0, 0, 2.76, 13.08, 21.852, 30.036, 35.448, 36.864, 35.784, 32.952, 27.792, 16.86, 8.232, 1.08, 0, 0, 0, 0, 0, 262.74, 11, 36.86, 1.08, 36.864, 0, 
삼천포태양광, 2, 2026-06-15 00:00:00, 0, 0, 0, 0, 0, 4.512, 44.544, 184.992, 352.416, 505.152, 585.984, 671.904, 675.936, 659.232, 583.296, 476.832, 287.808, 146.112, 47.712, 5.568, 0, 0, 0, 0, 5232, 218, 675.93, 4.51, 675.936, 0, 
삼천포태양광, 3, 2026-06-15 00:00:00, 0, 0, 0, 0, 0, 0.612, 13.068, 61.488, 119.7, 170.856, 201.6, 228.852, 227.052, 225.036, 200.88, 165.348, 99.468, 49.104, 11.592, 0.504, 0, 0, 0, 0, 1775.16, 74, 228.85, 0.5, 228.852, 0, 
삼천포태양광, 4, 2026-06-15 00:00:00, 0, 0, 0, 0, 0, 0.243, 41.847, 103.015, 94.348, 94.71, 92.901, 130.216, 763.562, 1155.679, 1046.619, 842.583, 1179.239, 1190.5, 1198.995, 709.263, 0, 0, 0, 0, 8643.72, 360, 1198.99, 0.24, 1198.995, 0, 
구미태양광, 1, 2026-06-15 00:00:00, 0, 0, 0, 0, 0, 0.289, 21.984, 108.112, 274.583, 422.686, 531.015, 584.673, 434.401, 264.314, 220.78, 337.136, 314.429, 114.982, 54.815, 12.655, 0, 0, 0, 0, 3696.854, 154, 584.67, 0.289, 584.673, 0, 
삼천포태양광#6, 1, 2026-06-15 00:00:00, 0, 0, 0, 0, 0, 0, 0, 0, 0, 0, 0, 0, 0, 0, 0, 0, 0, 0, 0, 0, 0, 0, 0, 0, 0, 0, 0, 0, 0, 0, 
영흥태양광#5, 1, 2026-06-15 00:00:00, 0, 0, 0, 0, 0, 12.053, 154.274, 544.779, 1087.147, 1595.768, 1976.632, 2224.916, 2302.053, 2205.632, 2034.484, 1699.421, 1159.463, 564.063, 192.842, 31.337, 0, 0, 0, 0, 17784.864, 741, 2302.05, 12.053, 2302.053, 0, 
영흥태양광 #3, 1, 2026-06-15 00:00:00, 0, 0, 0, 0, 0, 0, 54.24, 457.44, 941.76, 1381.92, 1726.08, 1979.76, 2048.4, 1967.04, 1792.56, 1486.8, 1026.96, 472.08, 146.64, 0.96, 0, 0, 0, 0, 15482.64, 645, 2048.4, 0.96, 2048.4, 0, 
영흥태양광 #3, 2, 2026-06-15 00:00:00, 0, 0, 0, 0, 0, 0.576, 26.496, 118.464, 250.56, 373.344, 467.616, 528.576, 546.624, 525.792, 482.784, 405.216, 277.152, 135.168, 44.448, 3.552, 0, 0, 0, 0, 4186.368, 174, 546.62, 0.57, 546.624, 0, 
영흥태양광 #3, 3, 2026-06-15 00:00:00, 0, 0, 0, 0, 0, 0, 0, 0, 0, 0, 0, 0, 0, 0, 0, 0, 0, 0, 0, 0, 0, 0, 0, 0, 0, 0, 0, 0, 0, 0, 
영흥태양광, 1, 2026-06-15 00:00:00, 0, 0, 0, 0, 0, 0, 27.725, 116.659, 263.194, 421.018, 535.488, 608.678, 630.259, 614.554, 560.755, 474.701, 336.346, 162.47, 59.174, 8.794, 0, 0, 0, 0, 4819.815, 201, 630.25, 8.794, 630.259, 0, 
예천태양광, 1, 2026-06-15 00:00:00, 0, 0, 0, 0, 0, 7.74, 88.56, 351.54, 682.38, 960.84, 1151.28, 1254.96, 1186.2, 1234.8, 1081.8, 892.98, 644.58, 302.04, 120.06, 3.6, 0, 0, 0, 0, 9963.36, 415, 1254.96, 3.6, 1254.96, 0, 
여수태양광, 1, 2026-06-15 00:00:00, 0, 0, 0, 0, 0, 0, 0, 0, 0, 0, 0, 0, 0, 0, 0, 0, 0, 0, 0, 0, 0, 0, 0, 797.041, 797.041, 33, 797.04, 797.04, 797.041, 0, 
영흥태양광, 2, 2026-06-15 00:00:00, 0, 0, 0, 0, 0, 0, 25.069, 123.419, 263.229, 393.398, 484.998, 546.707, 564.063, 541.886, 496.568, 414.611, 286.371, 145.596, 52.067, 8.678, 0, 0, 0, 0, 4346.66, 181, 564.06, 8.67, 564.063, 0, 
탑선태양광, 1, 2026-06-15 00:00:00, 0, 0, 0, 0, 0, 0, 0, 0, 0, 0, 0, 0, 0, 0, 0, 0, 0, 0, 0, 0, 0, 0, 0, 1357, 1357, 57, 1357, 1357, 1357, 0, 
탑선태양광, 3, 2026-06-15 00:00:00, 0, 0, 0, 0, 0, 0, 0, 0, 0, 0, 0, 0, 0, 0, 0, 0, 0, 0, 0, 0, 0, 0, 0, 244, 244, 10, 244, 244, 244, 0, 
경상대태양광, 1, 2026-06-15 00:00:00, 0, 0, 0, 0, 0, 1.152, 28.8, 106.704, 252.72, 384.552, 473.976, 504.648, 513.72, 516.096, 522.72, 456.048, 352.872, 182.88, 59.4, 6.048, 0, 0, 0, 0, 4362.336, 182, 522.72, 1.152, 522.72, 0, 
고흥만 수상태양광, 1, 2026-06-15 00:00:00, 0, 0, 0, 0, 0, 408.408, 3729.6, 13669.992, 25904.088, 35973.756, 43536.276, 40819.044, 44616.348, 41445.348, 41759.844, 32162.256, 25189.584, 14882.196, 5709.48, 665.784, 0, 0, 0, 0, 370472.004, 15436, 44616.34, 408.4, 44616.348, 0, 
영동태양광, 1, 2026-06-14 00:00:00, 0, 0, 0, 0, 0, 4.32, 25.44, 17.376, 14.976, 13.248, 12.384, 11.904, 11.04, 10.944, 372.768, 510.816, 530.88, 683.328, 681.792, 678.624, 70.176, 0, 0, 0, 3650.016, 152, 683.32, 4.32, 683.328, 0, 
삼천포태양광#5, 1, 2026-06-14 00:00:00, 0, 0, 0, 0, 0, 0.339, 201.717, 413.92, 772.147, 1613.758, 209.182, 191.281, 209.561, 225.104, 798.022, 1576.296, 1101.435, 2513.277, 2528.278, 2505.429, 968.573, 0, 0, 0, 15828.319, 660, 2528.27, 0.33, 2528.278, 0, 
삼천포태양광#5, 2, 2026-06-14 00:00:00, 0, 0, 0, 0, 0, 1.686, 505.639, 1035.966, 1830.522, 3714.785, 561.286, 934.243, 1069.343, 3620.421, 4335.895, 3610.41, 2465.584, 4260.473, 4010.239, 3839.028, 1124.035, 0, 0, 0, 36919.555, 1538, 4335.89, 1.68, 4335.895, 0, 
광양항세방태양광, 1, 2026-06-14 00:00:00, 0, 0, 0, 0, 0, 4.8, 105.6, 616.8, 619.2, 1065.6, 1617.6, 1944, 2049.6, 2030.4, 1910.4, 1634.4, 1276.8, 696, 175.2, 21.6, 0, 0, 0, 0, 15768, 657, 2049.6, 4.8, 2049.6, 0, 
두산엔진MG태양광, 1, 2026-06-14 00:00:00, 0, 0, 0, 0, 0, 0.66, 3.72, 10.5, 14.4, 25.8, 37.2, 46.08, 52.14, 59.52, 57.24, 56.52, 48.96, 35.04, 15.06, 0.78, 0, 0, 0, 0, 463.62, 19, 59.52, 0.66, 59.52, 0, 
삼천포태양광, 1, 2026-06-14 00:00:00, 0, 0, 0, 0, 0, 0, 2.244, 5.352, 12.168, 25.512, 29.928, 34.344, 36.732, 36.768, 33.84, 28.128, 19.704, 8.856, 0.396, 0, 0, 0, 0, 0, 273.972, 11, 36.76, 0.396, 36.768, 0, 
삼천포태양광, 2, 2026-06-14 00:00:00, 0, 0, 0, 0, 0, 2.88, 79.008, 156, 260.544, 532.8, 608.256, 663.744, 686.784, 666.432, 597.12, 479.328, 314.88, 150.048, 33.312, 6.528, 0, 0, 0, 0, 5237.664, 218, 686.78, 2.88, 686.784, 0, 
삼천포태양광, 3, 2026-06-14 00:00:00, 0, 0, 0, 0, 0, 0.504, 23.436, 49.392, 86.436, 182.664, 207.252, 224.388, 232.164, 228.24, 203.868, 164.592, 111.6, 51.912, 7.956, 0.936, 0, 0, 0, 0, 1775.34, 74, 232.16, 0.5, 232.164, 0, 
삼천포태양광, 4, 2026-06-14 00:00:00, 0, 0, 0, 0, 0, 0.215, 79.163, 76.282, 93.676, 104.353, 103.579, 94.716, 747.96, 1056.267, 1032.299, 867.51, 1122.477, 1182.674, 1194.524, 672.175, 0, 0, 0, 0, 8427.87, 351, 1194.52, 0.21, 1194.524, 0, 
구미태양광, 1, 2026-06-14 00:00:00, 0, 0, 0, 0, 0, 0, 32.108, 112.379, 193.3, 343.5, 355.938, 568.764, 515.684, 491.675, 266.484, 174.715, 326, 214.706, 52.14, 18.513, 0, 0, 0, 0, 3665.906, 153, 568.76, 18.513, 568.764, 0, 
삼천포태양광#6, 1, 2026-06-14 00:00:00, 0, 0, 0, 0, 0, 0, 0, 0, 0, 0, 0, 0, 0, 0, 0, 0, 0, 0, 0, 0, 0, 0, 0, 0, 0, 0, 0, 0, 0, 0, 
영흥태양광#5, 1, 2026-06-14 00:00:00, 0, 0, 0, 0, 0, 19.284, 151.863, 568.884, 689.411, 1135.358, 1742.811, 1875.389, 2239.379, 1829.589, 1945.295, 1603, 1130.537, 600.221, 188.021, 24.105, 0, 0, 0, 0, 15743.147, 656, 2239.37, 19.284, 2239.379, 0, 
영흥태양광 #3, 1, 2026-06-14 00:00:00, 0, 0, 0, 0, 0, 0.24, 73.44, 462.96, 527.28, 908.16, 1438.32, 1742.16, 1973.28, 1601.28, 1752.48, 1444.32, 1027.68, 504, 136.08, 0, 0, 0, 0, 0, 13591.68, 566, 1973.28, 0.24, 1973.28, 0, 
영흥태양광 #3, 2, 2026-06-14 00:00:00, 0, 0, 0, 0, 0, 1.632, 30.24, 127.872, 163.2, 268.8, 404.544, 446.112, 532.992, 450.912, 466.56, 384.384, 271.392, 142.656, 43.776, 2.592, 0, 0, 0, 0, 3737.664, 156, 532.99, 1.632, 532.992, 0, 
영흥태양광 #3, 3, 2026-06-14 00:00:00, 0, 0, 0, 0, 0, 0, 0, 0, 0, 0, 0, 0, 0, 0, 0, 0, 0, 0, 0, 0, 0, 0, 0, 0, 0, 0, 0, 0, 0, 0, 
영흥태양광, 1, 2026-06-14 00:00:00, 0, 0, 0, 0, 0, 0, 26.266, 90.547, 119.616, 246.029, 430.157, 588.864, 569.702, 540.672, 549.005, 450.778, 326.093, 169.498, 56.41, 5.261, 0, 0, 0, 0, 4168.898, 174, 588.86, 5.261, 588.864, 0, 
예천태양광, 1, 2026-06-14 00:00:00, 0, 0, 0, 0, 0, 26.28, 113.76, 337.5, 521.82, 734.22, 1041.48, 1149.66, 1331.46, 1078.74, 949.68, 713.7, 594, 304.02, 69.3, 3.42, 0, 0, 0, 0, 8969.04, 374, 1331.46, 3.42, 1331.46, 0, 
여수태양광, 1, 2026-06-14 00:00:00, 0, 0, 0, 0, 0, 0, 0, 0, 0, 0, 0, 0, 0, 0, 0, 0, 0, 0, 0, 0, 0, 0, 0, 670.535, 670.535, 28, 670.53, 670.53, 670.535, 0, 
영흥태양광, 2, 2026-06-14 00:00:00, 0, 0, 0, 0, 0, 0.964, 9.642, 131.133, 165.844, 285.406, 405.933, 495.604, 538.994, 448.358, 484.998, 401.112, 285.406, 155.238, 50.139, 5.785, 0, 0, 0, 0, 3864.556, 161, 538.99, 0.96, 538.994, 0, 
탑선태양광, 1, 2026-06-14 00:00:00, 0, 0, 0, 0, 0, 0, 0, 0, 0, 0, 0, 0, 0, 0, 0, 0, 0, 0, 0, 0, 0, 0, 0, 1357, 1357, 57, 1357, 1357, 1357, 0, 
탑선태양광, 3, 2026-06-14 00:00:00, 0, 0, 0, 0, 0, 0, 0, 0, 0, 0, 0, 0, 0, 0, 0, 0, 0, 0, 0, 0, 0, 0, 0, 244, 244, 10, 244, 244, 244, 0, 
경상대태양광, 1, 2026-06-14 00:00:00, 0, 0, 0, 0, 0, 0.144, 38.304, 105.408, 201.456, 325.728, 393.264, 522, 542.16, 480.024, 397.728, 298.656, 320.472, 197.568, 57.816, 8.352, 0, 0, 0, 0, 3889.08, 162, 542.16, 0.144, 542.16, 0, 
고흥만 수상태양광, 1, 2026-06-14 00:00:00, 0, 0, 0, 0, 0, 152.712, 2432.724, 8128.596, 14077.308, 25806.144, 41098.68, 41814.864, 49021.224, 45936.996, 43253.448, 35884.128, 25365.9, 10517.64, 3930.024, 210, 0, 0, 0, 0, 347630.388, 14485, 49021.22, 152.71, 49021.224, 0, 
영동태양광, 1, 2026-06-13 00:00:00, 0, 0, 0, 0, 0, 1.44, 15.936, 15.264, 12.096, 11.616, 12, 12.576, 374.592, 746.592, 710.496, 631.008, 614.016, 684, 682.08, 680.064, 295.968, 0, 0, 0, 5499.744, 229, 746.59, 1.44, 746.592, 0, 
삼천포태양광#5, 1, 2026-06-13 00:00:00, 0, 0, 0, 0, 0, 10.972, 161.309, 671.37, 1525.198, 2202.479, 203.436, 299.008, 382.337, 1866.157, 2577.479, 2081.829, 1261.721, 2514.337, 2543.666, 2490.797, 1249.895, 0, 0, 0, 22041.99, 918, 2577.47, 10.97, 2577.479, 0, 
삼천포태양광#5, 2, 2026-06-13 00:00:00, 0, 0, 0, 0, 0, 16.361, 302.62, 1207.689, 2638.463, 3714.709, 673.361, 1016.406, 1162.157, 3564.46, 4398.549, 3466.833, 2328.166, 4268.652, 4084.845, 3817.728, 1164.377, 0, 0, 0, 37825.376, 1576, 4398.54, 16.36, 4398.549, 0, 
광양항세방태양광, 1, 2026-06-13 00:00:00, 0, 0, 0, 0, 0, 14.4, 172.8, 518.4, 1032, 1490.4, 1759.2, 1948.8, 2042.4, 2011.2, 1884, 1581.6, 1096.8, 693.6, 252, 16.8, 0, 0, 0, 0, 16514.4, 688, 2042.4, 14.4, 2042.4, 0, 
두산엔진MG태양광, 1, 2026-06-13 00:00:00, 0, 0, 0, 0, 0, 0.96, 3.18, 4.74, 14.28, 28.62, 40.74, 50.88, 44.28, 60.42, 50.82, 53.64, 46.44, 37.14, 17.82, 0.84, 0, 0, 0, 0, 454.8, 19, 60.42, 0.84, 60.42, 0, 
삼천포태양광, 1, 2026-06-13 00:00:00, 0, 0, 0, 0, 0, 0, 0, 3.468, 14.808, 24, 30.78, 35.196, 37.32, 36.372, 33.54, 27.192, 18.204, 8.736, 1.068, 0, 0, 0, 0, 0, 270.684, 11, 37.32, 1.068, 37.32, 0, 
삼천포태양광, 2, 2026-06-13 00:00:00, 0, 0, 0, 0, 0, 8.64, 49.056, 181.728, 368.736, 516.96, 618.72, 677.184, 695.136, 658.272, 592.224, 467.136, 303.168, 164.64, 49.92, 4.032, 0, 0, 0, 0, 5355.552, 223, 695.13, 4.032, 695.136, 0, 
삼천포태양광, 3, 2026-06-13 00:00:00, 0, 0, 0, 0, 0, 1.584, 15.588, 59.832, 125.82, 174.636, 207.792, 227.052, 235.692, 225.072, 201.096, 159.876, 104.832, 56.736, 13.428, 0.504, 0, 0, 0, 0, 1809.54, 75, 235.69, 0.504, 235.692, 0, 
삼천포태양광, 4, 2026-06-13 00:00:00, 0, 0, 0, 0, 0, 2.515, 45.223, 87.829, 94.803, 107.572, 99.675, 93.994, 1027.698, 1036.6, 1052.3, 848.33, 1103.585, 1184.859, 1197.265, 673.219, 0, 0, 0, 0, 8655.467, 361, 1197.26, 2.51, 1197.265, 0, 
구미태양광, 1, 2026-06-13 00:00:00, 0, 0, 0, 0, 0, 0.145, 17.428, 112.957, 289.842, 434.835, 547.069, 611.213, 639.561, 630.738, 578.671, 511.128, 383.925, 219.117, 64.144, 7.738, 0, 0, 0, 0, 5048.511, 210, 639.56, 0.145, 639.561, 0, 
삼천포태양광#6, 1, 2026-06-13 00:00:00, 0, 0, 0, 0, 0, 0, 0, 0, 0, 0, 0, 0, 0, 0, 0, 0, 0, 0, 0, 0, 0, 0, 0, 0, 0, 0, 0, 0, 0, 0, 
영흥태양광#5, 1, 2026-06-13 00:00:00, 0, 0, 0, 0, 0, 21.695, 168.737, 585.758, 1188.389, 1718.705, 2104.389, 2333.389, 2384.011, 2249.021, 2159.832, 1776.558, 1258.295, 621.916, 188.021, 24.105, 0, 0, 0, 0, 18782.821, 783, 2384.01, 21.69, 2384.011, 0, 
영흥태양광 #3, 1, 2026-06-13 00:00:00, 0, 0, 0, 0, 0, 0, 105.6, 502.56, 1041.12, 1509.84, 1848.24, 2073.12, 2117.52, 2038.56, 1898.88, 1574.64, 1160.88, 528.72, 134.4, 0.24, 0, 0, 0, 0, 16534.32, 689, 2117.52, 0.24, 2117.52, 0, 
영흥태양광 #3, 2, 2026-06-13 00:00:00, 0, 0, 0, 0, 0, 1.152, 30.624, 127.008, 272.928, 401.952, 490.752, 545.952, 556.32, 544.128, 515.136, 428.16, 304.32, 150.528, 43.968, 3.072, 0, 0, 0, 0, 4416, 184, 556.32, 1.15, 556.32, 0, 
영흥태양광 #3, 3, 2026-06-13 00:00:00, 0, 0, 0, 0, 0, 0, 0, 0, 0, 0, 0, 0, 0, 0, 0, 0, 0, 0, 0, 0, 0, 0, 0, 0, 0, 0, 0, 0, 0, 0, 
영흥태양광, 1, 2026-06-13 00:00:00, 0, 0, 0, 0, 0, 0, 20.083, 116.198, 279.13, 445.363, 559.795, 634.714, 661.325, 653.606, 581.53, 490.79, 364.378, 175.027, 56.602, 6.528, 0, 0, 0, 0, 5045.069, 210, 661.32, 6.52, 661.325, 0, 
예천태양광, 1, 2026-06-13 00:00:00, 0, 0, 0, 0, 0, 3.42, 70.92, 366.66, 717.12, 985.14, 1168.56, 1265.94, 1291.32, 1241.82, 1132.2, 938.34, 660.42, 298.08, 45.72, 1.26, 0, 0, 0, 0, 10186.92, 424, 1291.32, 1.26, 1291.32, 0, 
여수태양광, 1, 2026-06-13 00:00:00, 0, 0, 0, 0, 0, 0, 0, 0, 0, 0, 0, 0, 0, 0, 0, 0, 0, 0, 0, 0, 0, 0, 0, 987, 987, 41, 987, 987, 987, 0, 
영흥태양광, 2, 2026-06-13 00:00:00, 0, 0, 0, 0, 0, 0, 34.712, 133.061, 288.299, 427.145, 520.674, 572.741, 583.347, 560.206, 518.745, 433.895, 316.261, 161.023, 51.103, 5.785, 0, 0, 0, 0, 4606.997, 192, 583.34, 5.78, 583.347, 0, 
탑선태양광, 1, 2026-06-13 00:00:00, 0, 0, 0, 0, 0, 0, 0, 0, 0, 0, 0, 0, 0, 0, 0, 0, 0, 0, 0, 0, 0, 0, 0, 1357, 1357, 57, 1357, 1357, 1357, 0, 
탑선태양광, 3, 2026-06-13 00:00:00, 0, 0, 0, 0, 0, 0, 0, 0, 0, 0, 0, 0, 0, 0, 0, 0, 0, 0, 0, 0, 0, 0, 0, 244, 244, 10, 244, 244, 244, 0, 
경상대태양광, 1, 2026-06-13 00:00:00, 0, 0, 0, 0, 0, 2.088, 29.304, 115.56, 264.816, 397.008, 484.632, 543.456, 564.12, 550.656, 516.024, 439.992, 320.616, 207.432, 65.808, 5.112, 0, 0, 0, 0, 4506.624, 188, 564.12, 2.088, 564.12, 0, 
고흥만 수상태양광, 1, 2026-06-13 00:00:00, 0, 0, 0, 0, 0, 359.016, 4371.36, 14108.136, 25775.568, 34931.484, 43200.024, 46193.952, 46203.948, 45011.484, 39131.736, 31202.556, 21335.748, 15544.032, 5159.028, 482.58, 0, 0, 0, 0, 373010.652, 15542, 46203.94, 359.01, 46203.948, 0, 
영동태양광, 1, 2026-06-12 00:00:00, 0, 0, 0, 0, 0, 1.152, 14.784, 15.456, 13.152, 229.248, 571.776, 48.96, 12.384, 504.48, 546.24, 435.072, 624, 684.672, 682.08, 679.296, 196.32, 0, 0, 0, 5259.072, 219, 684.67, 1.152, 684.672, 0, 
삼천포태양광#5, 1, 2026-06-12 00:00:00, 0, 0, 0, 0, 0, 0.818, 146.038, 751.911, 1582.017, 2268.31, 216.81, 329.157, 435.271, 2009.281, 2691.079, 2138.993, 1451.637, 2412.697, 2515.944, 2502.454, 1324.854, 0, 0, 0, 22777.271, 949, 2691.07, 0.81, 2691.079, 0, 
삼천포태양광#5, 2, 2026-06-12 00:00:00, 0, 0, 0, 0, 0, 2.374, 274.275, 1345.592, 2741.619, 3827.742, 767.411, 1096.966, 1278.945, 3815.921, 4595.045, 3621.16, 2490.813, 4262.336, 4087.722, 3864.302, 930.546, 0, 0, 0, 39002.769, 1625, 4595.04, 2.37, 4595.045, 0, 
광양항세방태양광, 1, 2026-06-12 00:00:00, 0, 0, 0, 0, 0, 12, 199.2, 624, 1101.6, 1543.2, 1862.4, 2049.6, 2140.8, 2104.8, 1946.4, 1694.4, 1296, 756, 271.2, 28.8, 0, 0, 0, 0, 17630.4, 735, 2140.8, 12, 2140.8, 0, 
두산엔진MG태양광, 1, 2026-06-12 00:00:00, 0, 0, 0, 0, 0, 0.72, 2.58, 4.5, 14.34, 28.68, 41.52, 49.38, 31.44, 47.76, 30.24, 48.78, 48.96, 34.2, 14.94, 1.56, 0, 0, 0, 0, 399.6, 17, 49.38, 0.72, 49.38, 0, 
삼천포태양광, 1, 2026-06-12 00:00:00, 0, 0, 0, 0, 0, 0, 0, 3.288, 15.06, 24.192, 31.164, 35.832, 37.752, 37.56, 35.004, 28.2, 19.428, 7.476, 0.816, 0.036, 0, 0, 0, 0, 275.808, 11, 37.75, 0.036, 37.752, 0, 
삼천포태양광, 2, 2026-06-12 00:00:00, 0, 0, 0, 0, 0, 4.512, 43.392, 198.24, 383.616, 531.84, 630.624, 689.568, 710.4, 688.992, 609.504, 474.72, 310.56, 142.848, 44.544, 10.752, 0, 0, 0, 0, 5474.112, 228, 710.4, 4.512, 710.4, 0, 
삼천포태양광, 3, 2026-06-12 00:00:00, 0, 0, 0, 0, 0, 0.612, 13.284, 66.276, 130.572, 180.684, 211.824, 229.212, 238.248, 233.568, 211.896, 165.384, 111.096, 48.996, 11.736, 2.376, 0, 0, 0, 0, 1855.764, 77, 238.24, 0.61, 238.248, 0, 
삼천포태양광, 4, 2026-06-12 00:00:00, 0, 0, 0, 0, 0, 0.168, 41.911, 88.065, 94.764, 107.516, 99.099, 120.765, 1186.36, 1077.695, 1099.597, 878.647, 1137.646, 1184.064, 1194.054, 676.869, 0, 0, 0, 0, 8987.22, 374, 1194.05, 0.16, 1194.054, 0, 
구미태양광, 1, 2026-06-12 00:00:00, 0, 0, 0, 0, 0, 0.217, 21.405, 110.426, 288.251, 446.55, 551.046, 614.684, 638.838, 629.798, 599.064, 504.041, 325.927, 221.503, 66.892, 9.763, 0, 0, 0, 0, 5028.405, 210, 638.83, 0.217, 638.838, 0, 
삼천포태양광#6, 1, 2026-06-12 00:00:00, 0, 0, 0, 0, 0, 0, 0, 0, 0, 0, 0, 0, 0, 0, 0, 0, 0, 0, 0, 0, 0, 0, 0, 0, 0, 0, 0, 0, 0, 0, 
영흥태양광#5, 1, 2026-06-12 00:00:00, 0, 0, 0, 0, 0, 9.642, 91.6, 257.926, 781.011, 1340.253, 2063.411, 2306.874, 2384.011, 2333.389, 2135.726, 1778.968, 1272.758, 641.2, 156.684, 16.874, 0, 0, 0, 0, 17570.327, 732, 2384.01, 9.642, 2384.011, 0, 
영흥태양광 #3, 1, 2026-06-12 00:00:00, 0, 0, 0, 0, 0, 0.24, 21.6, 219.84, 492.96, 1079.76, 1772.64, 2057.04, 2139.6, 2103.36, 1920.72, 1610.88, 1172.88, 553.2, 99.12, 0, 0, 0, 0, 0, 15243.84, 635, 2139.6, 0.24, 2139.6, 0, 
영흥태양광 #3, 2, 2026-06-12 00:00:00, 0, 0, 0, 0, 0, 0.288, 6.144, 44.352, 155.424, 336, 484.416, 542.496, 564.672, 553.632, 509.184, 425.184, 304.8, 154.656, 36.672, 1.92, 0, 0, 0, 0, 4119.84, 172, 564.67, 0.288, 564.672, 0, 
영흥태양광 #3, 3, 2026-06-12 00:00:00, 0, 0, 0, 0, 0, 0.6, 24.84, 69.24, 200.52, 392.28, 617.28, 684.96, 704.52, 300.24, 0, 0, 0, 0, 0, 0, 0, 0, 0, 0, 2994.48, 125, 704.52, 0.6, 704.52, 0, 
영흥태양광, 1, 2026-06-12 00:00:00, 0, 0, 0, 0, 0, 0, 37.632, 82.291, 190.042, 357.005, 558.566, 632.525, 659.482, 649.997, 597.965, 500.928, 365.491, 192.154, 47.693, 4.646, 0, 0, 0, 0, 4876.417, 203, 659.48, 4.646, 659.482, 0, 
예천태양광, 1, 2026-06-12 00:00:00, 0, 0, 0, 0, 0, 6.3, 86.22, 362.52, 722.52, 1004.94, 1197.18, 1309.14, 1353.24, 1277.28, 1180.26, 848.34, 645.48, 340.74, 68.04, 5.04, 0, 0, 0, 0, 10407.24, 434, 1353.24, 5.04, 1353.24, 0, 
여수태양광, 1, 2026-06-12 00:00:00, 0, 0, 0, 0, 0, 0, 0, 0, 0, 0, 0, 0, 0, 0, 0, 0, 0, 0, 0, 0, 0, 0, 0, 1014, 1014, 42, 1014, 1014, 1014, 0, 
영흥태양광, 2, 2026-06-12 00:00:00, 0, 0, 0, 0, 0, 0, 11.571, 60.745, 161.987, 317.225, 509.103, 563.099, 587.204, 577.562, 529.352, 443.537, 318.189, 168.737, 44.354, 4.821, 0, 0, 0, 0, 4297.486, 179, 587.2, 4.82, 587.204, 0, 
탑선태양광, 1, 2026-06-12 00:00:00, 0, 0, 0, 0, 0, 0, 0, 0, 0, 0, 0, 0, 0, 0, 0, 0, 0, 0, 0, 0, 0, 0, 0, 1357, 1357, 57, 1357, 1357, 1357, 0, 
탑선태양광, 3, 2026-06-12 00:00:00, 0, 0, 0, 0, 0, 0, 0, 0, 0, 0, 0, 0, 0, 0, 0, 0, 0, 0, 0, 0, 0, 0, 0, 244, 244, 10, 244, 244, 244, 0, 
경상대태양광, 1, 2026-06-12 00:00:00, 0, 0, 0, 0, 0, 0.36, 21.096, 110.808, 267.048, 400.032, 491.904, 543.744, 566.712, 565.056, 528.408, 458.064, 344.448, 202.896, 69.552, 12.96, 0, 0, 0, 0, 4583.088, 191, 566.71, 0.36, 566.712, 0, 
고흥만 수상태양광, 1, 2026-06-12 00:00:00, 0, 0, 0, 0, 0, 446.544, 4427.64, 14652.624, 26623.128, 36553.776, 44422.644, 46975.74, 45333.624, 41793.276, 42039.144, 33728.016, 25505.424, 15398.628, 5508.384, 755.076, 0, 0, 0, 0, 384163.668, 16007, 46975.74, 446.544, 46975.74, 0, 
영동태양광, 1, 2026-06-11 00:00:00, 0, 0, 0, 0, 0, 1.248, 18.432, 17.568, 17.088, 17.568, 16.512, 14.976, 76.608, 377.184, 267.456, 141.504, 428.832, 686.976, 684.96, 598.56, 0, 0, 0, 0, 3365.472, 140, 686.97, 1.24, 686.976, 0, 
삼천포태양광#5, 1, 2026-06-11 00:00:00, 0, 0, 0, 0, 0, 2.809, 158.739, 724.997, 1519.308, 2227.246, 227.227, 351.35, 429.068, 1828.918, 2229.578, 1571.645, 1247.624, 2465.075, 2530.051, 2495.305, 1245.138, 0, 0, 0, 21254.078, 886, 2530.05, 2.8, 2530.051, 0, 
삼천포태양광#5, 2, 2026-06-11 00:00:00, 0, 0, 0, 0, 0, 4.474, 290.697, 1288.6, 2629.724, 3752.259, 733.235, 1100.853, 1221.04, 3599.649, 3785.04, 2612.864, 2214.727, 4267.245, 4036.558, 3820.33, 1123.046, 0, 0, 0, 36480.341, 1520, 4267.24, 4.47, 4267.245, 0, 
광양항세방태양광, 1, 2026-06-11 00:00:00, 0, 0, 0, 0, 0, 16.8, 194.4, 597.6, 1092, 1495.2, 1869.6, 2100, 2227.2, 2044.8, 1795.2, 1663.2, 1341.6, 710.4, 261.6, 16.8, 0, 0, 0, 0, 17426.4, 726, 2227.2, 16.8, 2227.2, 0, 
두산엔진MG태양광, 1, 2026-06-11 00:00:00, 0, 0, 0, 0, 0, 0.72, 3, 4.8, 14.34, 28.44, 41.4, 40.68, 35.28, 33.66, 31.92, 22.26, 25.98, 10.98, 14.7, 0.9, 0, 0, 0, 0, 309.06, 13, 41.4, 0.72, 41.4, 0, 
삼천포태양광, 1, 2026-06-11 00:00:00, 0, 0, 0, 0, 0, 0, 0.156, 3.948, 14.832, 23.916, 30.672, 35.028, 37.596, 32.772, 26.04, 20.148, 17.448, 9.348, 0.804, 0, 0, 0, 0, 0, 252.708, 11, 37.59, 0.156, 37.596, 0, 
삼천포태양광, 2, 2026-06-11 00:00:00, 0, 0, 0, 0, 0, 4.704, 47.04, 192.48, 370.848, 520.8, 624.96, 675.936, 698.784, 619.584, 451.488, 387.648, 280.416, 158.784, 40.704, 3.552, 0, 0, 0, 0, 5077.728, 212, 698.78, 3.552, 698.784, 0, 
삼천포태양광, 3, 2026-06-11 00:00:00, 0, 0, 0, 0, 0, 0.684, 14.04, 64.044, 126.144, 177.66, 212.004, 229.428, 236.016, 200.736, 154.764, 137.628, 99.504, 53.856, 9.036, 0.072, 0, 0, 0, 0, 1715.616, 71, 236.01, 0.072, 236.016, 0, 
삼천포태양광, 4, 2026-06-11 00:00:00, 0, 0, 0, 0, 0, 0.388, 43.028, 88.643, 94.647, 107.751, 98.386, 95.637, 1072.108, 1091.176, 954.078, 634.459, 1056.121, 1183.056, 1194.599, 638.277, 0, 0, 0, 0, 8352.354, 348, 1194.59, 0.38, 1194.599, 0, 
구미태양광, 1, 2026-06-11 00:00:00, 0, 0, 0, 0, 0, 0.362, 20.031, 110.788, 282.176, 437.727, 534.414, 610.201, 641.513, 606.079, 559.146, 519.227, 260.048, 230.977, 60.673, 9.546, 0, 0, 0, 0, 4882.908, 203, 641.51, 0.362, 641.513, 0, 
삼천포태양광#6, 1, 2026-06-11 00:00:00, 0, 0, 0, 0, 0, 0, 0, 0, 0, 0, 0, 0, 0, 0, 0, 0, 0, 0, 0, 0, 0, 0, 0, 0, 0, 0, 0, 0, 0, 0, 
영흥태양광#5, 1, 2026-06-11 00:00:00, 0, 0, 0, 0, 0, 0, 0, 0, 0, 0, 889.484, 2335.8, 2400.884, 2323.747, 2123.674, 1653.621, 858.147, 443.537, 190.432, 26.516, 0, 0, 0, 0, 13245.842, 552, 2400.88, 26.51, 2400.884, 0, 
영흥태양광 #3, 1, 2026-06-11 00:00:00, 0, 0, 0, 0, 0, 0, 76.56, 529.2, 1062.96, 1470.48, 1667.52, 2059.44, 2162.4, 2099.52, 1921.2, 1338.96, 771.6, 392.88, 140.88, 0.24, 0, 0, 0, 0, 15693.84, 654, 2162.4, 0.24, 2162.4, 0, 
영흥태양광 #3, 2, 2026-06-11 00:00:00, 0, 0, 0, 0, 0, 0, 0, 0, 0, 0, 114.432, 544.032, 568.992, 553.344, 505.824, 399.072, 210.144, 104.16, 43.68, 2.784, 0, 0, 0, 0, 3046.464, 127, 568.99, 2.78, 568.992, 0, 
영흥태양광 #3, 3, 2026-06-11 00:00:00, 0, 0, 0, 0, 0, 4.32, 40.8, 175.32, 364.44, 511.44, 573.48, 686.64, 716.4, 702.96, 646.32, 513.48, 277.44, 156.12, 69, 8.52, 0, 0, 0, 0, 5446.68, 227, 716.4, 4.32, 716.4, 0, 
영흥태양광, 1, 2026-06-11 00:00:00, 0, 0, 0, 0, 0, 0, 22.733, 122.074, 284.429, 433.19, 517.901, 618.163, 660.595, 648.192, 597.12, 465.677, 228.48, 134.208, 56.141, 5.99, 0, 0, 0, 0, 4794.893, 200, 660.59, 5.99, 660.595, 0, 
예천태양광, 1, 2026-06-11 00:00:00, 0, 0, 0, 0, 0, 7.74, 86.94, 396.72, 725.58, 839.7, 784.44, 946.26, 947.34, 851.58, 794.16, 585.9, 412.2, 261.9, 120.24, 16.2, 0, 0, 0, 0, 7776.9, 324, 947.34, 7.74, 947.34, 0, 
여수태양광, 1, 2026-06-11 00:00:00, 0, 0, 0, 0, 0, 0, 0, 0, 0, 0, 0, 0, 0, 0, 0, 0, 0, 0, 0, 0, 0, 0, 0, 1183, 1183, 49, 1183, 1183, 1183, 0, 
영흥태양광, 2, 2026-06-11 00:00:00, 0, 0, 0, 0, 0, 0.964, 32.783, 137.882, 294.084, 413.646, 467.642, 564.063, 590.097, 573.705, 531.28, 415.575, 222.733, 116.669, 51.103, 5.785, 0, 0, 0, 0, 4418.011, 184, 590.09, 0.96, 590.097, 0, 
탑선태양광, 1, 2026-06-11 00:00:00, 0, 0, 0, 0, 0, 0, 0, 0, 0, 0, 0, 0, 0, 0, 0, 0, 0, 0, 0, 0, 0, 0, 0, 1357, 1357, 57, 1357, 1357, 1357, 0, 
탑선태양광, 3, 2026-06-11 00:00:00, 0, 0, 0, 0, 0, 0, 0, 0, 0, 0, 0, 0, 0, 0, 0, 0, 0, 0, 0, 0, 0, 0, 0, 244, 244, 10, 244, 244, 244, 0, 
경상대태양광, 1, 2026-06-11 00:00:00, 0, 0, 0, 0, 0, 0.288, 24.48, 111.24, 262.368, 393.12, 482.112, 495.144, 454.896, 477.288, 487.8, 451.872, 376.2, 219.744, 64.8, 2.664, 0, 0, 0, 0, 4304.016, 179, 495.14, 0.288, 495.144, 0, 
고흥만 수상태양광, 1, 2026-06-11 00:00:00, 0, 0, 0, 0, 0, 323.736, 4530.456, 14619.192, 27433.14, 36244.908, 44073.54, 48925.38, 50680.308, 42029.988, 38861.34, 33798.408, 27826.512, 15155.364, 4535.496, 331.632, 0, 0, 0, 0, 389369.4, 16224, 50680.3, 323.73, 50680.308, 0, 
영동태양광, 1, 2026-06-10 00:00:00, 0, 0, 0, 0, 0, 3.84, 32.832, 17.568, 16.8, 15.648, 15.744, 14.4, 116.352, 596.736, 376.224, 388.512, 618.912, 686.976, 687.168, 593.76, 0, 0, 0, 0, 4181.472, 174, 687.16, 3.84, 687.168, 0, 
삼천포태양광#5, 1, 2026-06-10 00:00:00, 0, 0, 0, 0, 0, 0.056, 4.49, 29.015, 0, 129.349, 37.584, 36.087, 37.502, 65.563, 188.102, 781.102, 138.741, 175.979, 1030.231, 1620.37, 303.157, 0, 0, 0, 4577.328, 191, 1620.37, 0.05, 1620.37, 0, 
삼천포태양광#5, 2, 2026-06-10 00:00:00, 0, 0, 0, 0, 0, 0, 7.576, 48.952, 794.77, 218.229, 63.41, 60.884, 63.271, 110.613, 317.353, 0, 234.074, 296.901, 0, 829.532, 511.467, 0, 0, 0, 3557.032, 148, 829.53, 7.57, 829.532, 0, 
광양항세방태양광, 1, 2026-06-10 00:00:00, 0, 0, 0, 0, 0, 9.6, 180, 544.8, 960, 1238.4, 1516.8, 1816.8, 1898.4, 1742.4, 1713.6, 1476, 696, 568.8, 249.6, 26.4, 0, 0, 0, 0, 14637.6, 610, 1898.4, 9.6, 1898.4, 0, 
두산엔진MG태양광, 1, 2026-06-10 00:00:00, 0, 0, 0, 0, 0, 0.72, 3.24, 5.64, 14.94, 28.62, 38.28, 43.86, 40.74, 45.42, 42.78, 44.28, 25.98, 14.76, 10.08, 0.66, 0, 0, 0, 0, 360, 15, 45.42, 0.66, 45.42, 0, 
삼천포태양광, 1, 2026-06-10 00:00:00, 0, 0, 0, 0, 0, 0, 0.18, 4.128, 14.856, 22.812, 27.432, 32.7, 36.624, 36.336, 32.64, 26.244, 13.572, 5.268, 2.424, 0, 0, 0, 0, 0, 255.216, 11, 36.62, 0.18, 36.624, 0, 
삼천포태양광, 2, 2026-06-10 00:00:00, 0, 0, 0, 0, 0, 6.048, 51.168, 195.264, 369.504, 505.44, 540.288, 624.864, 689.664, 659.232, 572.16, 450.912, 259.008, 121.728, 73.824, 2.784, 0, 0, 0, 0, 5121.888, 213, 689.66, 2.78, 689.664, 0, 
삼천포태양광, 3, 2026-06-10 00:00:00, 0, 0, 0, 0, 0, 0.972, 15.948, 64.188, 125.424, 170.46, 184.212, 210.708, 230.544, 223.884, 196.632, 154.944, 86.22, 36.936, 20.484, 0.144, 0, 0, 0, 0, 1721.7, 72, 230.54, 0.14, 230.544, 0, 
삼천포태양광, 4, 2026-06-10 00:00:00, 0, 0, 0, 0, 0, 0, 2.109, 13.624, 72.054, 60.737, 17.648, 16.945, 17.609, 30.786, 88.326, 319.578, 65.147, 82.633, 971.657, 1235.626, 142.351, 0, 0, 0, 3136.83, 131, 1235.62, 2.1, 1235.626, 0, 
구미태양광, 1, 2026-06-10 00:00:00, 0, 0, 0, 0, 0, 0.434, 28.999, 117.802, 274.872, 422.469, 527.037, 522.915, 629.509, 526.459, 515.105, 474.536, 358.976, 228.518, 85.983, 19.598, 0, 0, 0, 0, 4733.212, 197, 629.5, 0.434, 629.509, 0, 
삼천포태양광#6, 1, 2026-06-10 00:00:00, 0, 0, 0, 0, 0, 0, 0, 0, 0, 0, 0, 0, 0, 0, 0, 0, 0, 0, 0, 0, 0, 0, 0, 0, 0, 0, 0, 0, 0, 0, 
영흥태양광#5, 1, 2026-06-10 00:00:00, 0, 0, 0, 0, 0, 0, 0, 0, 0, 0, 0, 0, 0, 0, 0, 0, 0, 0, 0, 0, 0, 0, 0, 0, 0, 0, 0, 0, 0, 0, 
영흥태양광 #3, 1, 2026-06-10 00:00:00, 0, 0, 0, 0, 0, 0.24, 119.52, 390.48, 719.52, 1124.88, 1508.4, 2038.32, 2127.12, 2075.76, 1895.76, 1565.04, 1127.28, 551.52, 140.64, 0.24, 0, 0, 0, 0, 15384.72, 641, 2127.12, 0.24, 2127.12, 0, 
영흥태양광 #3, 2, 2026-06-10 00:00:00, 0, 0, 0, 0, 0, 0, 0, 0, 0, 0, 0, 0, 0, 0, 0, 0, 0, 0, 0, 0, 0, 0, 0, 0, 0, 0, 0, 0, 0, 0, 
영흥태양광 #3, 3, 2026-06-10 00:00:00, 0, 0, 0, 0, 0, 0, 0, 0, 0, 0, 0, 0, 0, 0, 0, 0, 0, 83.76, 70.56, 11.28, 0, 0, 0, 0, 165.6, 7, 83.76, 11.28, 83.76, 0, 
영흥태양광, 1, 2026-06-10 00:00:00, 0, 0, 0, 0, 0, 0, 0, 0, 0, 0, 0, 0, 0, 0, 0, 0, 73.229, 189.85, 53.683, 6.49, 0, 0, 0, 0, 323.252, 13, 189.85, 6.49, 189.85, 0, 
예천태양광, 1, 2026-06-10 00:00:00, 0, 0, 0, 0, 0, 8.64, 92.88, 331.2, 691.74, 969.12, 1006.56, 959.58, 984.78, 340.92, 633.06, 121.5, 473.4, 205.38, 75.96, 3.6, 0, 0, 0, 0, 6898.32, 287, 1006.56, 3.6, 1006.56, 0, 
여수태양광, 1, 2026-06-10 00:00:00, 0, 0, 0, 0, 0, 0, 0, 0, 0, 0, 0, 0, 0, 0, 0, 0, 0, 0, 0, 0, 0, 0, 0, 964.98, 964.98, 40, 964.98, 964.98, 964.98, 0, 
영흥태양광, 2, 2026-06-10 00:00:00, 0, 0, 0, 0, 0, 0.964, 41.461, 117.634, 179.343, 317.225, 404.004, 563.099, 584.312, 571.777, 523.566, 431.966, 308.547, 166.808, 52.067, 6.749, 0, 0, 0, 0, 4269.522, 178, 584.312, 0.964, 584.312, 0, 
탑선태양광, 1, 2026-06-10 00:00:00, 0, 0, 0, 0, 0, 0, 0, 0, 0, 0, 0, 0, 0, 0, 0, 0, 0, 0, 0, 0, 0, 0, 0, 1357, 1357, 57, 1357, 1357, 1357, 0, 
탑선태양광, 3, 2026-06-10 00:00:00, 0, 0, 0, 0, 0, 0, 0, 0, 0, 0, 0, 0, 0, 0, 0, 0, 0, 0, 0, 0, 0, 0, 0, 244, 244, 10, 244, 244, 244, 0, 
경상대태양광, 1, 2026-06-10 00:00:00, 0, 0, 0, 0, 0, 0.216, 34.344, 115.776, 259.2, 385.848, 434.376, 436.536, 544.608, 526.824, 445.68, 347.328, 221.832, 120.168, 87.192, 6.12, 0, 0, 0, 0, 3966.048, 165, 544.6, 0.216, 544.608, 0, 
고흥만 수상태양광, 1, 2026-06-10 00:00:00, 0, 0, 0, 0, 0, 342.552, 4317.432, 14923.86, 27309.492, 35030.772, 42082.32, 47162.808, 45860.556, 46704.336, 41768.832, 35977.872, 18088.056, 14453.712, 5299.896, 299.964, 0, 0, 0, 0, 379622.46, 15818, 47162.8, 299.96, 47162.808, 0, 
영동태양광, 1, 2026-06-09 00:00:00, 0, 0, 0, 0, 0, 1.92, 18.72, 18.816, 19.392, 19.008, 17.856, 22.08, 580.512, 688.704, 750.816, 482.976, 434.016, 687.648, 686.112, 319.968, 0, 0, 0, 0, 4748.544, 198, 750.81, 1.92, 750.816, 0, 
삼천포태양광#5, 1, 2026-06-09 00:00:00, 0, 0, 0, 0, 0, 0, 6.168, 0, 426.307, 0, 23.422, 360.218, 0, 0, 275.172, 425.713, 886.909, 1424.199, 0, 186.111, 1036.392, 0, 0, 0, 5050.611, 210, 1424.19, 6.168, 1424.199, 0, 
삼천포태양광#5, 2, 2026-06-09 00:00:00, 0, 0, 0, 0, 0, 0, 10.406, 0, 773.931, 0, 39.516, 119.425, 0, 0, 0, 1828.827, 1720.781, 2896.568, 1448.343, 313.995, 0, 0, 0, 0, 9151.792, 381, 2896.56, 10.406, 2896.568, 0, 
광양항세방태양광, 1, 2026-06-09 00:00:00, 0, 0, 0, 0, 0, 16.8, 223.2, 472.8, 976.8, 1046.4, 1353.6, 1857.6, 2049.6, 1792.8, 1615.2, 1238.4, 1005.6, 739.2, 271.2, 2.4, 0, 0, 0, 0, 14661.6, 611, 2049.6, 2.4, 2049.6, 0, 
두산엔진MG태양광, 1, 2026-06-09 00:00:00, 0, 0, 0, 0, 0, 0.96, 5.22, 10.5, 17.46, 29.7, 34.14, 39.3, 32.34, 28.32, 36.9, 29.76, 34.32, 24.9, 15.12, 0.9, 0, 0, 0, 0, 339.84, 14, 39.3, 0.9, 39.3, 0, 
삼천포태양광, 1, 2026-06-09 00:00:00, 0, 0, 0, 0, 0, 0, 1.332, 6.528, 12.132, 21.456, 26.52, 32.4, 30.444, 33.204, 29.052, 23.76, 12.372, 8.208, 0.936, 0, 0, 0, 0, 0, 238.344, 10, 33.2, 0.936, 33.204, 0, 
삼천포태양광, 2, 2026-06-09 00:00:00, 0, 0, 0, 0, 0, 7.2, 64.896, 183.168, 274.176, 457.536, 497.28, 618.816, 584.352, 600.576, 524.064, 410.976, 237.024, 157.824, 45.12, 2.304, 0, 0, 0, 0, 4665.312, 194, 618.81, 2.304, 618.816, 0, 
삼천포태양광, 3, 2026-06-09 00:00:00, 0, 0, 0, 0, 0, 1.44, 19.692, 59.472, 91.584, 151.992, 171, 205.56, 199.44, 200.304, 175.428, 139.86, 76.896, 52.524, 11.844, 0.144, 0, 0, 0, 0, 1557.18, 65, 205.56, 0.144, 205.56, 0, 
삼천포태양광, 4, 2026-06-09 00:00:00, 0, 0, 0, 0, 0, 0, 2.896, 190.96, 40.778, 1351.28, 10.998, 64.621, 482.44, 519.4, 250.052, 637.132, 1300.438, 941.217, 1211.265, 87.391, 0, 0, 0, 0, 7090.868, 295, 1351.28, 2.896, 1351.28, 0, 
구미태양광, 1, 2026-06-09 00:00:00, 0, 0, 0, 0, 0, 0.651, 34.35, 125.106, 267.496, 346.32, 456.602, 521.035, 579.756, 624.302, 591.182, 487.842, 348.562, 78.68, 86.924, 10.197, 0, 0, 0, 0, 4559.005, 190, 624.3, 0.651, 624.302, 0, 
삼천포태양광#6, 1, 2026-06-09 00:00:00, 0, 0, 0, 0, 0, 0, 0, 0, 0, 0, 0, 0, 0, 0, 0, 0, 0, 0, 0, 0, 0, 0, 0, 0, 0, 0, 0, 0, 0, 0, 
영흥태양광#5, 1, 2026-06-09 00:00:00, 0, 0, 0, 0, 0, 0, 0, 0, 0, 0, 0, 0, 0, 0, 0, 0, 0, 0, 0, 0, 0, 0, 0, 0, 0, 0, 0, 0, 0, 0, 
영흥태양광 #3, 1, 2026-06-09 00:00:00, 0, 0, 0, 0, 0, 0, 53.76, 532.56, 1110.48, 1557.84, 1843.2, 2035.92, 1714.08, 897.12, 1258.56, 623.52, 878.88, 255.6, 137.52, 0, 0, 0, 0, 0, 12899.04, 537, 2035.92, 53.76, 2035.92, 0, 
영흥태양광 #3, 2, 2026-06-09 00:00:00, 0, 0, 0, 0, 0, 0, 0, 0, 0, 0, 0, 0, 0, 0, 0, 0, 0, 0, 0, 0, 0, 0, 0, 0, 0, 0, 0, 0, 0, 0, 
영흥태양광 #3, 3, 2026-06-09 00:00:00, 0, 0, 0, 0, 0, 0, 0, 0, 0, 0, 0, 0, 0, 0, 0, 0, 0, 0, 0, 0, 0, 0, 0, 0, 0, 0, 0, 0, 0, 0, 
영흥태양광, 1, 2026-06-09 00:00:00, 0, 0, 0, 0, 0, 0, 0, 0, 0, 0, 0, 0, 0, 0, 0, 0, 0, 0, 0, 0, 0, 0, 0, 0, 0, 0, 0, 0, 0, 0, 
예천태양광, 1, 2026-06-09 00:00:00, 0, 0, 0, 0, 0, 16.74, 115.02, 357.12, 564.12, 840.24, 754.74, 459.18, 1067.04, 643.68, 929.88, 746.82, 669.6, 208.44, 30.6, 1.98, 0, 0, 0, 0, 7405.2, 309, 1067.04, 1.98, 1067.04, 0, 
여수태양광, 1, 2026-06-09 00:00:00, 0, 0, 0, 0, 0, 0, 0, 0, 0, 0, 0, 0, 0, 0, 0, 0, 0, 0, 0, 0, 0, 0, 0, 723.689, 723.689, 30, 723.68, 723.68, 723.689, 0, 
영흥태양광, 2, 2026-06-09 00:00:00, 0, 0, 0, 0, 0, 0, 23.141, 134.989, 303.726, 437.752, 517.781, 565.027, 485.962, 248.766, 351.937, 183.2, 242.017, 80.994, 49.175, 1.928, 0, 0, 0, 0, 3626.395, 151, 565.02, 1.92, 565.027, 0, 
탑선태양광, 1, 2026-06-09 00:00:00, 0, 0, 0, 0, 0, 0, 0, 0, 0, 0, 0, 0, 0, 0, 0, 0, 0, 0, 0, 0, 0, 0, 0, 1357, 1357, 57, 1357, 1357, 1357, 0, 
탑선태양광, 3, 2026-06-09 00:00:00, 0, 0, 0, 0, 0, 0, 0, 0, 0, 0, 0, 0, 0, 0, 0, 0, 0, 0, 0, 0, 0, 0, 0, 244, 244, 10, 244, 244, 244, 0, 
경상대태양광, 1, 2026-06-09 00:00:00, 0, 0, 0, 0, 0, 1.008, 41.976, 121.464, 216, 326.304, 318.096, 485.784, 449.856, 435.384, 400.824, 344.952, 239.04, 202.176, 83.88, 7.272, 0, 0, 0, 0, 3674.016, 153, 485.78, 1.008, 485.784, 0, 
고흥만 수상태양광, 1, 2026-06-09 00:00:00, 0, 0, 0, 0, 0, 323.316, 5058.816, 12281.052, 22548.792, 24981.18, 37926, 45610.236, 41163.528, 37658.04, 38658.564, 28363.188, 24809.232, 14846.664, 4107.012, 269.724, 0, 0, 0, 0, 338605.344, 14109, 45610.23, 269.72, 45610.236, 0, 
영동태양광, 1, 2026-06-08 00:00:00, 0, 0, 0, 0, 0, 0, 2.688, 5.568, 10.56, 19.488, 19.488, 19.68, 19.584, 17.664, 17.472, 122.592, 441.6, 686.112, 355.68, 7.296, 0, 0, 0, 0, 1745.472, 73, 686.11, 2.68, 686.112, 0, 
삼천포태양광#5, 1, 2026-06-08 00:00:00, 0, 0, 0, 0, 0, 0, 0, 16.776, 155.101, 36.63, 75.893, 47.694, 186.265, 0, 191.35, 0, 1161.109, 1845.407, 80.235, 0.543, 0, 0, 0, 0, 3797.003, 158, 1845.4, 0.543, 1845.407, 0, 
삼천포태양광#5, 2, 2026-06-08 00:00:00, 0, 0, 0, 0, 0, 0, 0, 0, 386.195, 61.8, 114.296, 70.357, 278.854, 0, 283.531, 0, 1768.908, 3126.8, 833.786, 0.916, 0, 0, 0, 0, 6925.443, 289, 3126.8, 0.916, 3126.8, 0, 
광양항세방태양광, 1, 2026-06-08 00:00:00, 0, 0, 0, 0, 0, 0, 24, 153.6, 290.4, 357.6, 475.2, 379.2, 386.4, 518.4, 933.6, 1243.2, 914.4, 261.6, 122.4, 2.4, 0, 0, 0, 0, 6062.4, 253, 1243.2, 2.4, 1243.2, 0, 
두산엔진MG태양광, 1, 2026-06-08 00:00:00, 0, 0, 0, 0, 0, 0.06, 0.78, 2.82, 7.92, 8.52, 10.86, 10.44, 11.28, 11.34, 11.88, 13.68, 21.36, 10.32, 3.12, 0.42, 0, 0, 0, 0, 124.8, 5, 21.36, 0.06, 21.36, 0, 
삼천포태양광, 1, 2026-06-08 00:00:00, 0, 0, 0, 0, 0, 0, 0, 0.288, 2.304, 3.708, 5.112, 5.472, 5.892, 5.196, 9.432, 10.668, 15.6, 1.956, 0.084, 0, 0, 0, 0, 0, 65.712, 3, 15.6, 0.084, 15.6, 0, 
삼천포태양광, 2, 2026-06-08 00:00:00, 0, 0, 0, 0, 0, 0, 6.816, 31.488, 67.392, 98.88, 123.648, 132.96, 134.688, 126.432, 191.328, 203.808, 283.008, 77.76, 24.288, 2.112, 0, 0, 0, 0, 1504.608, 63, 283, 2.112, 283.008, 0, 
삼천포태양광, 3, 2026-06-08 00:00:00, 0, 0, 0, 0, 0, 0, 1.368, 8.424, 20.988, 31.932, 37.836, 42.552, 43.128, 39.42, 62.64, 66.996, 96.444, 22.176, 5.256, 0.144, 0, 0, 0, 0, 479.304, 20, 96.44, 0.144, 96.444, 0, 
삼천포태양광, 4, 2026-06-08 00:00:00, 0, 0, 0, 0, 0, 0, 0, 5.568, 79.072, 17.2, 50.556, 70.725, 101.041, 141.736, 93.742, 169.12, 1156.247, 195.25, 38.707, 0.255, 0, 0, 0, 0, 2119.219, 88, 1156.24, 0.255, 1156.247, 0, 
구미태양광, 1, 2026-06-08 00:00:00, 0, 0, 0, 0, 0, 0, 7.593, 37.821, 76.727, 125.757, 175.655, 207.691, 213.115, 303.582, 396.363, 412.923, 267.496, 140.437, 61.107, 11.571, 0, 0, 0, 0, 2437.838, 102, 412.92, 7.593, 412.923, 0, 
삼천포태양광#6, 1, 2026-06-08 00:00:00, 0, 0, 0, 0, 0, 0, 0, 0, 0, 0, 0, 0, 0, 0, 0, 0, 0, 0, 0, 0, 0, 0, 0, 0, 0, 0, 0, 0, 0, 0, 
영흥태양광#5, 1, 2026-06-08 00:00:00, 0, 0, 0, 0, 0, 4.821, 98.832, 231.411, 532.726, 831.632, 1672.905, 2200.811, 2352.674, 2393.653, 2179.116, 1793.432, 1214.905, 417.021, 0, 0, 0, 0, 0, 0, 15923.939, 663, 2393.65, 4.82, 2393.653, 0, 
영흥태양광 #3, 1, 2026-06-08 00:00:00, 0, 0, 0, 0, 0, 0, 20.16, 173.76, 448.08, 717.6, 1473.6, 2037.84, 2083.92, 2132.88, 1980.72, 1642.8, 1143.12, 581.28, 137.52, 14.16, 0, 0, 0, 0, 14587.44, 608, 2132.88, 14.16, 2132.88, 0, 
영흥태양광 #3, 2, 2026-06-08 00:00:00, 0, 0, 0, 0, 0, 0, 11.232, 39.84, 117.888, 189.216, 408.576, 535.392, 564.096, 574.656, 525.408, 432.864, 295.68, 122.496, 0, 0, 0, 0, 0, 0, 3817.344, 159, 574.65, 11.232, 574.656, 0, 
영흥태양광 #3, 3, 2026-06-08 00:00:00, 0, 0, 0, 0, 0, 0.48, 29.76, 85.2, 176.04, 269.76, 584.16, 703.56, 699.72, 718.44, 668.28, 563.04, 400.2, 78.96, 0, 0, 0, 0, 0, 0, 4977.6, 207, 718.44, 0.48, 718.44, 0, 
영흥태양광, 1, 2026-06-08 00:00:00, 0, 0, 0, 0, 0, 0, 10.176, 53.606, 136.051, 221.338, 523.622, 611.021, 631.488, 648.422, 604.608, 516.019, 363.955, 1.114, 0, 0, 0, 0, 0, 0, 4321.42, 180, 648.42, 1.11, 648.422, 0, 
예천태양광, 1, 2026-06-08 00:00:00, 0, 0, 0, 0, 0, 2.34, 29.7, 114.12, 267.84, 296.1, 384.48, 435.78, 596.16, 790.92, 605.34, 512.64, 462.96, 284.58, 117.72, 9, 0, 0, 0, 0, 4909.68, 205, 790.92, 2.34, 790.92, 0, 
여수태양광, 1, 2026-06-08 00:00:00, 0, 0, 0, 0, 0, 0, 0, 0, 0, 0, 0, 0, 0, 0, 0, 0, 0, 0, 0, 0, 0, 0, 0, 679, 679, 28, 679, 679, 679, 0, 
영흥태양광, 2, 2026-06-08 00:00:00, 0, 0, 0, 0, 0, 0, 12.535, 47.246, 125.347, 204.413, 460.893, 560.206, 572.741, 591.061, 546.707, 451.251, 309.512, 176.451, 52.067, 11.571, 0, 0, 0, 0, 4122.001, 172, 591.06, 11.57, 591.061, 0, 
탑선태양광, 1, 2026-06-08 00:00:00, 0, 0, 0, 0, 0, 0, 0, 0, 0, 0, 0, 0, 0, 0, 0, 0, 0, 0, 0, 0, 0, 0, 0, 1357, 1357, 57, 1357, 1357, 1357, 0, 
탑선태양광, 3, 2026-06-08 00:00:00, 0, 0, 0, 0, 0, 0, 0, 0, 0, 0, 0, 0, 0, 0, 0, 0, 0, 0, 0, 0, 0, 0, 0, 244, 244, 10, 244, 244, 244, 0, 
경상대태양광, 1, 2026-06-08 00:00:00, 0, 0, 0, 0, 0, 0, 5.688, 32.904, 59.184, 64.728, 80.928, 147.672, 141.264, 104.472, 162.576, 238.464, 189.216, 82.656, 39.384, 5.4, 0, 0, 0, 0, 1354.536, 56, 238.46, 5.4, 238.464, 0, 
고흥만 수상태양광, 1, 2026-06-08 00:00:00, 0, 0, 0, 0, 0, 4.284, 1377.18, 4530.624, 9326.856, 9070.236, 10349.304, 12172.272, 14577.528, 13073.844, 23680.272, 27788.292, 20838.3, 4655.532, 2685.144, 214.704, 0, 0, 0, 0, 154344.372, 6431, 27788.29, 4.28, 27788.292, 0, 
영동태양광, 1, 2026-06-07 00:00:00, 0, 0, 0, 0, 0, 1.92, 14.304, 18.912, 18.528, 18.528, 16.896, 18.144, 17.472, 19.104, 18.912, 70.752, 395.04, 687.648, 686.688, 176.352, 0, 0, 0, 0, 2179.2, 91, 687.64, 1.92, 687.648, 0, 
삼천포태양광#5, 1, 2026-06-07 00:00:00, 0, 0, 0, 0, 0, 22.056, 223.456, 598.775, 892.738, 1406.904, 249.851, 347.839, 305.173, 218.755, 226.348, 246.235, 830.908, 2523.821, 2522.013, 207.908, 0, 0, 0, 0, 10822.78, 451, 2523.82, 22.056, 2523.821, 0, 
삼천포태양광#5, 2, 2026-06-07 00:00:00, 0, 0, 0, 0, 0, 44.836, 408.825, 1060.632, 1559.128, 2362.316, 341.813, 335.063, 321.082, 302.762, 303.726, 429.074, 1484.884, 4301.343, 3954.227, 1044.24, 0, 0, 0, 0, 18253.951, 761, 4301.34, 44.836, 4301.343, 0, 
광양항세방태양광, 1, 2026-06-07 00:00:00, 0, 0, 0, 0, 0, 14.4, 180, 547.2, 1070.4, 1492.8, 1612.8, 2028, 2028, 1706.4, 1555.2, 945.6, 465.6, 292.8, 122.4, 0, 0, 0, 0, 0, 14061.6, 586, 2028, 14.4, 2028, 0, 
두산엔진MG태양광, 1, 2026-06-07 00:00:00, 0, 0, 0, 0, 0, 0.66, 5.16, 10.44, 11.7, 15.24, 22.62, 19.32, 5.94, 3.9, 14.34, 11.28, 27.12, 13.14, 1.02, 0.6, 0, 0, 0, 0, 162.48, 7, 27.12, 0.6, 27.12, 0, 
삼천포태양광, 1, 2026-06-07 00:00:00, 0, 0, 0, 0, 0, 0, 0.972, 5.148, 9.876, 17.616, 18.036, 24.924, 21.444, 8.376, 10.428, 4.728, 9.468, 5.328, 0.216, 0, 0, 0, 0, 0, 136.56, 6, 24.92, 0.216, 24.924, 0, 
삼천포태양광, 2, 2026-06-07 00:00:00, 0, 0, 0, 0, 0, 5.856, 48.096, 141.216, 211.104, 419.904, 394.368, 454.176, 391.68, 202.656, 200.448, 126.144, 171.36, 102.72, 22.176, 0.672, 0, 0, 0, 0, 2892.576, 121, 454.17, 0.672, 454.176, 0, 
삼천포태양광, 3, 2026-06-07 00:00:00, 0, 0, 0, 0, 0, 1.116, 14.184, 45.288, 73.548, 139.716, 134.82, 158.436, 125.604, 65.808, 62.172, 39.276, 53.676, 31.068, 4.716, 0, 0, 0, 0, 0, 949.428, 40, 158.43, 1.116, 158.436, 0, 
삼천포태양광, 4, 2026-06-07 00:00:00, 0, 0, 0, 0, 0, 4.32, 67.5, 100.62, 100.8, 101.16, 100.98, 103.86, 102.24, 100.44, 100.8, 228.06, 1189.08, 1202.22, 578.7, 0, 0, 0, 0, 0, 4080.78, 170, 1202.22, 4.32, 1202.22, 0, 
구미태양광, 1, 2026-06-07 00:00:00, 0, 0, 0, 0, 0, 0, 33.988, 62.915, 166.543, 277.476, 313.344, 188.744, 202.773, 179.849, 236.762, 341.837, 114.91, 75.208, 46.788, 11.426, 0, 0, 0, 0, 2252.563, 94, 341.83, 11.426, 341.837, 0, 
삼천포태양광#6, 1, 2026-06-07 00:00:00, 0, 0, 0, 0, 0, 0, 0, 0, 0, 0, 0, 0, 0, 0, 0, 0, 0, 0, 0, 0, 0, 0, 0, 0, 0, 0, 0, 0, 0, 0, 
영흥태양광#5, 1, 2026-06-07 00:00:00, 0, 0, 0, 0, 0, 12.053, 156.684, 426.663, 455.589, 530.316, 561.653, 674.947, 633.968, 376.042, 409.789, 479.695, 621.916, 778.6, 267.568, 89.189, 0, 0, 0, 0, 6474.672, 270, 778.6, 12.05, 778.6, 0, 
영흥태양광 #3, 1, 2026-06-07 00:00:00, 0, 0, 0, 0, 0, 0.24, 93.84, 374.4, 396.72, 466.8, 496.56, 605.52, 568.8, 333.36, 360.96, 423.36, 590.4, 720.24, 227.28, 56.88, 0, 0, 0, 0, 5715.36, 238, 720.24, 0.24, 720.24, 0, 
영흥태양광 #3, 2, 2026-06-07 00:00:00, 0, 0, 0, 0, 0, 0.384, 29.568, 95.808, 102.912, 120.096, 127.2, 153.312, 147.552, 81.888, 89.952, 108.096, 142.176, 184.512, 54.72, 15.264, 0, 0, 0, 0, 1453.44, 61, 184.51, 0.384, 184.512, 0, 
영흥태양광 #3, 3, 2026-06-07 00:00:00, 0, 0, 0, 0, 0, 2.52, 49.56, 147, 150.6, 172.8, 183.96, 219.24, 206.4, 130.32, 141.24, 157.8, 221.16, 288.36, 101.88, 34.2, 0, 0, 0, 0, 2207.04, 92, 288.36, 2.52, 288.36, 0, 
영흥태양광, 1, 2026-06-07 00:00:00, 0, 0, 0, 0, 0, 0, 30.49, 115.162, 120.038, 147.648, 146.803, 183.13, 177.984, 108.442, 114.355, 127.834, 191.194, 258.893, 92.966, 28.301, 0, 0, 0, 0, 1843.24, 77, 258.89, 28.301, 258.893, 0, 
예천태양광, 1, 2026-06-07 00:00:00, 0, 0, 0, 0, 0, 10.8, 79.2, 232.56, 588.6, 807.84, 689.76, 761.76, 620.64, 506.16, 133.38, 636.66, 247.86, 175.86, 21.42, 0, 0, 0, 0, 0, 5512.5, 230, 807.84, 10.8, 807.84, 0, 
여수태양광, 1, 2026-06-07 00:00:00, 0, 0, 0, 0, 0, 0, 0, 0, 0, 0, 0, 0, 0, 0, 0, 0, 0, 0, 0, 0, 0, 0, 0, 783, 783, 33, 783, 783, 783, 0, 
영흥태양광, 2, 2026-06-07 00:00:00, 0, 0, 0, 0, 0, 0, 18.32, 107.027, 113.777, 137.882, 142.703, 170.665, 167.773, 97.385, 103.171, 123.419, 164.88, 212.126, 72.316, 25.069, 0, 0, 0, 0, 1656.513, 69, 212.12, 18.32, 212.126, 0, 
탑선태양광, 1, 2026-06-07 00:00:00, 0, 0, 0, 0, 0, 0, 0, 0, 0, 0, 0, 0, 0, 0, 0, 0, 0, 0, 0, 0, 0, 0, 0, 1357, 1357, 57, 1357, 1357, 1357, 0, 
탑선태양광, 3, 2026-06-07 00:00:00, 0, 0, 0, 0, 0, 0, 0, 0, 0, 0, 0, 0, 0, 0, 0, 0, 0, 0, 0, 0, 0, 0, 0, 244, 244, 10, 244, 244, 244, 0, 
경상대태양광, 1, 2026-06-07 00:00:00, 0, 0, 0, 0, 0, 0.288, 17.712, 92.808, 169.416, 251.64, 439.272, 391.896, 378.864, 322.2, 280.584, 387.432, 190.656, 108, 31.104, 6.408, 0, 0, 0, 0, 3068.28, 128, 439.27, 0.288, 439.272, 0, 
고흥만 수상태양광, 1, 2026-06-07 00:00:00, 0, 0, 0, 0, 0, 514.332, 4433.016, 13155.66, 22439.004, 34300.224, 36008.364, 31388.196, 47648.496, 47275.284, 38063.592, 30978.192, 22863.708, 5004.216, 1274.364, 54.012, 0, 0, 0, 0, 335400.66, 13975, 47648.49, 54.01, 47648.496, 0, 
영동태양광, 1, 2026-06-06 00:00:00, 0, 0, 0, 0, 0, 1.248, 17.184, 17.184, 16.8, 16.992, 14.976, 14.976, 547.296, 763.488, 713.664, 486.528, 574.656, 686.304, 684.864, 555.552, 0, 0, 0, 0, 5111.712, 213, 763.48, 1.248, 763.488, 0, 
삼천포태양광#5, 1, 2026-06-06 00:00:00, 0, 0, 0, 0, 0, 10.847, 206.462, 746.299, 1025.076, 2162.965, 402.799, 620.108, 501.872, 850.434, 2466.33, 2030.989, 1286.498, 2525.991, 2528.522, 2498.511, 915.879, 0, 0, 0, 20779.582, 866, 2528.52, 10.84, 2528.522, 0, 
삼천포태양광#5, 2, 2026-06-06 00:00:00, 0, 0, 0, 0, 0, 14.463, 370.257, 1342.663, 1812.234, 3643.752, 843.202, 1148.375, 1417.872, 2628.92, 4177.924, 3475.497, 2240.825, 4335.091, 4190.941, 3830.808, 630.112, 0, 0, 0, 36102.936, 1504, 4335.09, 14.46, 4335.091, 0, 
광양항세방태양광, 1, 2026-06-06 00:00:00, 0, 0, 0, 0, 0, 12, 225.6, 609.6, 748.8, 1332, 1701.6, 2126.4, 2145.6, 2167.2, 1862.4, 1576.8, 794.4, 568.8, 271.2, 45.6, 0, 0, 0, 0, 16188, 675, 2167.2, 12, 2167.2, 0, 
두산엔진MG태양광, 1, 2026-06-06 00:00:00, 0, 0, 0, 0, 0, 0.72, 2.58, 4.56, 16.08, 27.9, 37.5, 38.82, 30.96, 42.54, 39.84, 22.8, 32.34, 24.6, 8.58, 1.26, 0, 0, 0, 0, 331.08, 14, 42.54, 0.72, 42.54, 0, 
삼천포태양광, 1, 2026-06-06 00:00:00, 0, 0, 0, 0, 0, 0, 0.072, 4.296, 10.452, 24.468, 26.136, 31.512, 39.072, 38.04, 32.064, 28.104, 15.264, 6.576, 1.656, 0, 0, 0, 0, 0, 257.712, 11, 39.07, 0.07, 39.072, 0, 
삼천포태양광, 2, 2026-06-06 00:00:00, 0, 0, 0, 0, 0, 3.744, 47.616, 178.656, 240.384, 524.448, 542.016, 589.632, 702.624, 680.736, 582.24, 465.024, 282.336, 142.56, 62.592, 4.896, 0, 0, 0, 0, 5049.504, 210, 702.62, 3.744, 702.624, 0, 
삼천포태양광, 3, 2026-06-06 00:00:00, 0, 0, 0, 0, 0, 0.396, 14.976, 57.6, 81.18, 178.884, 179.964, 200.268, 239.076, 233.208, 198.864, 159.048, 92.952, 44.28, 16.956, 0.504, 0, 0, 0, 0, 1698.156, 71, 239.07, 0.396, 239.076, 0, 
삼천포태양광, 4, 2026-06-06 00:00:00, 0, 0, 0, 0, 0, 0.18, 52.02, 100.26, 101.7, 107.1, 105.12, 124.2, 601.2, 1198.62, 1028.52, 832.32, 1193.94, 1202.22, 1202.04, 612.36, 0, 0, 0, 0, 8461.8, 353, 1202.22, 0.18, 1202.22, 0, 
구미태양광, 1, 2026-06-06 00:00:00, 0, 0, 0, 0, 0, 0.217, 18.73, 115.633, 287.6, 447.707, 552.927, 617.721, 638.331, 598.341, 485.167, 421.529, 384.792, 222.154, 78.173, 9.69, 0, 0, 0, 0, 4878.712, 203, 638.33, 0.217, 638.331, 0, 
삼천포태양광#6, 1, 2026-06-06 00:00:00, 0, 0, 0, 0, 0, 0, 0, 0, 0, 0, 0, 0, 0, 0, 0, 0, 0, 0, 0, 0, 0, 0, 0, 0, 0, 0, 0, 0, 0, 0, 
영흥태양광#5, 1, 2026-06-06 00:00:00, 0, 0, 0, 0, 0, 21.695, 163.916, 414.611, 609.863, 1586.126, 2065.821, 2316.516, 2330.979, 2224.916, 1653.621, 1195.621, 588.168, 286.853, 118.116, 16.874, 0, 0, 0, 0, 15593.696, 650, 2330.97, 16.87, 2330.979, 0, 
영흥태양광 #3, 1, 2026-06-06 00:00:00, 0, 0, 0, 0, 0, 0, 119.52, 335.28, 575.28, 1461.36, 1843.68, 2103.84, 2127.6, 2022.24, 1602.72, 1114.32, 533.28, 251.52, 78.96, 0, 0, 0, 0, 0, 14169.6, 590, 2127.6, 78.96, 2127.6, 0, 
영흥태양광 #3, 2, 2026-06-06 00:00:00, 0, 0, 0, 0, 0, 0, 26.4, 80.448, 138.048, 388.896, 487.68, 555.456, 564.288, 535.488, 419.328, 293.376, 136.992, 64.416, 22.656, 0.864, 0, 0, 0, 0, 3714.336, 155, 564.28, 0.864, 564.288, 0, 
영흥태양광 #3, 3, 2026-06-06 00:00:00, 0, 0, 0, 0, 0, 3.6, 51.48, 131.28, 224.52, 506.88, 638.04, 706.08, 720, 681, 545.76, 376.32, 196.08, 101.64, 41.16, 5.88, 0, 0, 0, 0, 4929.72, 205, 720, 3.6, 720, 0, 
영흥태양광, 1, 2026-06-06 00:00:00, 0, 0, 0, 0, 0, 0, 23.885, 88.742, 212.813, 415.334, 554.688, 643.584, 658.176, 614.822, 474.586, 314.342, 160.435, 83.174, 28.877, 2.918, 0, 0, 0, 0, 4276.376, 178, 658.17, 2.91, 658.176, 0, 
예천태양광, 1, 2026-06-06 00:00:00, 0, 0, 0, 0, 0, 4.32, 77.22, 378.36, 739.08, 1025.82, 1206.18, 1305.36, 1304.82, 1286.64, 1161.54, 757.98, 635.58, 306.72, 80.1, 7.74, 0, 0, 0, 0, 10277.46, 428, 1305.36, 4.32, 1305.36, 0, 
여수태양광, 1, 2026-06-06 00:00:00, 0, 0, 0, 0, 0, 0, 0, 0, 0, 0, 0, 0, 0, 0, 0, 0, 0, 0, 0, 0, 0, 0, 0, 1195, 1195, 50, 1195, 1195, 1195, 0, 
영흥태양광, 2, 2026-06-06 00:00:00, 0, 0, 0, 0, 0, 0.964, 42.425, 103.171, 160.059, 401.112, 516.817, 574.669, 580.455, 560.206, 445.465, 308.547, 156.202, 78.101, 30.855, 3.857, 0, 0, 0, 0, 3962.905, 165, 580.45, 0.96, 580.455, 0, 
탑선태양광, 1, 2026-06-06 00:00:00, 0, 0, 0, 0, 0, 0, 0, 0, 0, 0, 0, 0, 0, 0, 0, 0, 0, 0, 0, 0, 0, 0, 0, 1357, 1357, 57, 1357, 1357, 1357, 0, 
탑선태양광, 3, 2026-06-06 00:00:00, 0, 0, 0, 0, 0, 0, 0, 0, 0, 0, 0, 0, 0, 0, 0, 0, 0, 0, 0, 0, 0, 0, 0, 244, 244, 10, 244, 244, 244, 0, 
경상대태양광, 1, 2026-06-06 00:00:00, 0, 0, 0, 0, 0, 0.144, 21.888, 122.472, 270.648, 400.32, 454.608, 536.832, 568.296, 570.744, 532.44, 436.536, 299.304, 191.376, 69.12, 11.592, 0, 0, 0, 0, 4486.32, 187, 570.74, 0.144, 570.744, 0, 
고흥만 수상태양광, 1, 2026-06-06 00:00:00, 0, 0, 0, 0, 0, 483.252, 5641.944, 12721.044, 28380.492, 39197.844, 32795.784, 39012.036, 52300.584, 50207.808, 46993.128, 36459.612, 18111.492, 11823.924, 5268.48, 674.856, 0, 0, 0, 0, 380072.28, 15836, 52300.58, 483.25, 52300.584, 0, 
영동태양광, 1, 2026-06-05 00:00:00, 0, 0, 0, 0, 0, 1.824, 18.432, 18.432, 16.992, 17.28, 17.568, 16.608, 674.88, 711.456, 696.192, 638.976, 631.584, 684.192, 682.56, 679.008, 264.864, 0, 0, 0, 5770.848, 240, 711.45, 1.82, 711.456, 0, 
삼천포태양광#5, 1, 2026-06-05 00:00:00, 0, 0, 0, 0, 0, 23.141, 220.202, 854.049, 1653.139, 2125.361, 619.023, 662.774, 846.456, 612.515, 2222.626, 1790.539, 1286.498, 2553.109, 2554.194, 2499.957, 874.659, 0, 0, 0, 21398.242, 892, 2554.19, 23.14, 2554.194, 0, 
삼천포태양광#5, 2, 2026-06-05 00:00:00, 0, 0, 0, 0, 0, 48.693, 406.415, 1506.579, 2819.352, 3560.829, 1263.116, 1526.345, 1659.406, 1906.726, 4027.507, 3055.101, 2211.417, 4333.644, 4044.381, 3826.469, 792.581, 0, 0, 0, 36988.561, 1541, 4333.64, 48.69, 4333.644, 0, 
광양항세방태양광, 1, 2026-06-05 00:00:00, 0, 0, 0, 0, 0, 16.8, 192, 583.2, 1132.8, 1579.2, 1761.6, 2164.8, 1896, 1684.8, 1821.6, 1692, 1516.8, 746.4, 194.4, 21.6, 0, 0, 0, 0, 17004, 709, 2164.8, 16.8, 2164.8, 0, 
두산엔진MG태양광, 1, 2026-06-05 00:00:00, 0, 0, 0, 0, 0, 0.72, 3.18, 4.62, 14.7, 30, 36.36, 40.26, 23.7, 38.16, 41.04, 43.2, 40.32, 33.78, 10.38, 0.72, 0, 0, 0, 0, 361.14, 15, 43.2, 0.72, 43.2, 0, 
삼천포태양광, 1, 2026-06-05 00:00:00, 0, 0, 0, 0, 0, 0, 0.288, 4.284, 15.384, 25.092, 31.152, 36.132, 37.2, 31.524, 29.352, 24.216, 15.9, 8.508, 0.768, 0, 0, 0, 0, 0, 259.8, 11, 37.2, 0.28, 37.2, 0, 
삼천포태양광, 2, 2026-06-05 00:00:00, 0, 0, 0, 0, 0, 7.584, 50.688, 198.816, 389.376, 545.856, 625.44, 679.776, 696.48, 616.992, 505.248, 433.728, 279.84, 159.456, 38.784, 2.784, 0, 0, 0, 0, 5230.848, 218, 696.48, 2.78, 696.48, 0, 
삼천포태양광, 3, 2026-06-05 00:00:00, 0, 0, 0, 0, 0, 1.512, 15.228, 65.196, 131.436, 186.948, 211.86, 233.532, 239.112, 207.648, 174.672, 147.168, 94.104, 52.38, 8.928, 0.036, 0, 0, 0, 0, 1769.76, 74, 239.11, 0.03, 239.112, 0, 
삼천포태양광, 4, 2026-06-05 00:00:00, 0, 0, 0, 0, 0, 5.76, 63.36, 100.8, 102.78, 103.32, 116.64, 112.68, 1096.2, 1058.22, 917.28, 740.52, 1195.2, 1203.3, 1199.7, 595.62, 0, 0, 0, 0, 8611.38, 359, 1203.3, 5.76, 1203.3, 0, 
구미태양광, 1, 2026-06-05 00:00:00, 0, 0, 0, 0, 0, 0, 17.211, 108.184, 291.143, 429.628, 473.307, 542.151, 525.085, 549.672, 478.514, 412.128, 355.577, 249.779, 69.929, 14.68, 0, 0, 0, 0, 4516.988, 188, 549.67, 14.68, 549.672, 0, 
삼천포태양광#6, 1, 2026-06-05 00:00:00, 0, 0, 0, 0, 0, 0, 0, 0, 0, 0, 0, 0, 0, 0, 0, 0, 0, 0, 0, 0, 0, 0, 0, 0, 0, 0, 0, 0, 0, 0, 
영흥태양광#5, 1, 2026-06-05 00:00:00, 0, 0, 0, 0, 0, 12.053, 122.937, 629.147, 1301.684, 1858.516, 2239.379, 2453.916, 2275.537, 2405.705, 2210.453, 1834.411, 1306.505, 655.663, 144.632, 14.463, 0, 0, 0, 0, 19465.001, 811, 2453.91, 12.05, 2453.916, 0, 
영흥태양광 #3, 1, 2026-06-05 00:00:00, 0, 0, 0, 0, 0, 0, 37.68, 414.96, 1172.4, 1658.4, 1994.64, 2222.4, 2072.16, 2202, 2007.12, 1686.48, 1225.44, 574.56, 87.84, 0, 0, 0, 0, 0, 17356.08, 723, 2222.4, 37.68, 2222.4, 0, 
영흥태양광 #3, 2, 2026-06-05 00:00:00, 0, 0, 0, 0, 0, 0, 12.768, 112.992, 300.096, 443.136, 538.368, 592.992, 555.168, 573.408, 526.176, 437.856, 313.152, 156, 30.432, 0.96, 0, 0, 0, 0, 4593.504, 191, 592.99, 0.96, 592.992, 0, 
영흥태양광 #3, 3, 2026-06-05 00:00:00, 0, 0, 0, 0, 0, 0.24, 19.56, 155.4, 412.92, 578.64, 678.12, 737.4, 680.04, 728.88, 670.68, 570.6, 417.48, 228.36, 54.72, 6.96, 0, 0, 0, 0, 5940, 248, 737.4, 0.24, 737.4, 0, 
영흥태양광, 1, 2026-06-05 00:00:00, 0, 0, 0, 0, 0, 0, 16.896, 121.843, 302.746, 476.122, 598.464, 665.51, 628.109, 670.195, 629.875, 527.232, 378.739, 196.147, 41.51, 2.842, 0, 0, 0, 0, 5256.23, 219, 670.19, 2.842, 670.195, 0, 
예천태양광, 1, 2026-06-05 00:00:00, 0, 0, 0, 0, 0, 12.6, 113.58, 249.66, 313.56, 685.44, 1265.4, 1342.62, 1407.6, 1270.98, 1116.9, 993.78, 696.96, 307.62, 43.02, 1.08, 0, 0, 0, 0, 9820.8, 409, 1407.6, 1.08, 1407.6, 0, 
여수태양광, 1, 2026-06-05 00:00:00, 0, 0, 0, 0, 0, 0, 0, 0, 0, 0, 0, 0, 0, 0, 0, 0, 0, 0, 0, 0, 0, 0, 0, 740.054, 740.054, 31, 740.05, 740.054, 740.054, 0, 
영흥태양광, 2, 2026-06-05 00:00:00, 0, 0, 0, 0, 0, 0, 17.356, 112.813, 320.118, 463.785, 555.385, 608.417, 572.741, 600.703, 552.493, 463.785, 330.724, 173.558, 39.533, 3.857, 0, 0, 0, 0, 4815.268, 201, 608.41, 3.85, 608.417, 0, 
탑선태양광, 1, 2026-06-05 00:00:00, 0, 0, 0, 0, 0, 0, 0, 0, 0, 0, 0, 0, 0, 0, 0, 0, 0, 0, 0, 0, 0, 0, 0, 1357, 1357, 57, 1357, 1357, 1357, 0, 
탑선태양광, 3, 2026-06-05 00:00:00, 0, 0, 0, 0, 0, 0, 0, 0, 0, 0, 0, 0, 0, 0, 0, 0, 0, 0, 0, 0, 0, 0, 0, 244, 244, 10, 244, 244, 244, 0, 
경상대태양광, 1, 2026-06-05 00:00:00, 0, 0, 0, 0, 0, 0.936, 31.032, 115.56, 269.712, 388.584, 521.784, 467.712, 586.512, 473.04, 489.744, 411.552, 318.6, 203.544, 47.736, 5.112, 0, 0, 0, 0, 4331.16, 180, 586.51, 0.936, 586.512, 0, 
고흥만 수상태양광, 1, 2026-06-05 00:00:00, 0, 0, 0, 0, 0, 421.848, 3588.144, 14220.444, 28261.128, 39071.004, 46350.444, 51454.956, 49354.536, 34409.004, 44278.752, 37826.964, 29671.488, 15381.492, 5479.152, 580.188, 0, 0, 0, 0, 400349.544, 16681, 51454.95, 421.84, 51454.956, 0, 
영동태양광, 1, 2026-06-04 00:00:00, 0, 0, 0, 0, 0, 0, 10.656, 19.488, 19.008, 19.68, 19.2, 18.528, 17.568, 16.992, 17.664, 266.976, 627.936, 688.224, 686.4, 399.648, 0, 0, 0, 0, 2827.968, 118, 688.22, 10.65, 688.224, 0, 
삼천포태양광#5, 1, 2026-06-04 00:00:00, 0, 0, 0, 0, 0, 0, 71.982, 104.535, 312.606, 669.259, 195.872, 189.926, 247.155, 265.685, 189.438, 209.938, 903.03, 2498.591, 2545.611, 1920.142, 83.54, 0, 0, 0, 10407.31, 434, 2545.61, 71.98, 2545.611, 0, 
삼천포태양광#5, 2, 2026-06-04 00:00:00, 0, 0, 0, 0, 0, 0, 138.037, 195.479, 545.092, 1162.462, 291.943, 283.478, 278.091, 473.738, 283.256, 362.898, 1614.29, 4256.832, 4098.921, 3854.074, 140.944, 0, 0, 0, 17979.535, 749, 4256.83, 138.03, 4256.832, 0, 
광양항세방태양광, 1, 2026-06-04 00:00:00, 0, 0, 0, 0, 0, 0, 38.4, 31.2, 201.6, 343.2, 496.8, 432, 1204.8, 1620, 1240.8, 1816.8, 1168.8, 664.8, 230.4, 4.8, 0, 0, 0, 0, 9494.4, 396, 1816.8, 4.8, 1816.8, 0, 
두산엔진MG태양광, 1, 2026-06-04 00:00:00, 0, 0, 0, 0, 0, 0.42, 2.88, 7.86, 17.7, 16.8, 21.48, 12.6, 17.88, 30.36, 26.28, 29.52, 39.42, 33.48, 16.14, 0.66, 0, 0, 0, 0, 273.48, 11, 39.42, 0.42, 39.42, 0, 
삼천포태양광, 1, 2026-06-04 00:00:00, 0, 0, 0, 0, 0, 0, 0.18, 0.432, 2.46, 8.172, 9.276, 10.08, 15.228, 27.84, 19.644, 14.76, 11.772, 6.792, 0.732, 0, 0, 0, 0, 0, 127.368, 5, 27.84, 0.18, 27.84, 0, 
삼천포태양광, 2, 2026-06-04 00:00:00, 0, 0, 0, 0, 0, 0.768, 23.52, 26.208, 84, 172.512, 219.456, 206.304, 292.512, 536.64, 359.52, 303.648, 219.072, 136.224, 41.568, 2.304, 0, 0, 0, 0, 2624.256, 109, 536.64, 0.76, 536.64, 0, 
삼천포태양광, 3, 2026-06-04 00:00:00, 0, 0, 0, 0, 0, 0, 5.184, 5.868, 25.056, 54.648, 69.084, 62.784, 98.82, 186.192, 120.852, 94.392, 69.444, 41.58, 10.512, 0.072, 0, 0, 0, 0, 844.488, 35, 186.19, 0.07, 186.192, 0, 
삼천포태양광, 4, 2026-06-04 00:00:00, 0, 0, 0, 0, 0, 0, 17.845, 26.41, 84.727, 100.671, 97.16, 94.211, 72.442, 134.065, 94.306, 431.748, 1029.664, 1181.568, 515.068, 0, 39.227, 0, 0, 0, 3919.112, 163, 1181.56, 17.84, 1181.568, 0, 
구미태양광, 1, 2026-06-04 00:00:00, 0, 0, 0, 0, 0, 0, 22.129, 114.621, 227.939, 321.588, 311.536, 234.231, 412.489, 224.179, 379.513, 399.4, 377.922, 163.795, 65.807, 5.424, 0, 0, 0, 0, 3260.573, 136, 412.48, 5.424, 412.489, 0, 
삼천포태양광#6, 1, 2026-06-04 00:00:00, 0, 0, 0, 0, 0, 0, 0, 0, 0, 0, 0, 0, 0, 0, 0, 0, 0, 0, 0, 0, 0, 0, 0, 0, 0, 0, 0, 0, 0, 0, 
영흥태양광#5, 1, 2026-06-04 00:00:00, 0, 0, 0, 0, 0, 0, 74.726, 315.779, 650.842, 1246.242, 1159.463, 1154.642, 1234.189, 930.463, 2044.126, 1675.316, 585.758, 265.158, 69.905, 0, 0, 0, 0, 0, 11406.609, 475, 2044.12, 69.9, 2044.126, 0, 
영흥태양광 #3, 1, 2026-06-04 00:00:00, 0, 0, 0, 0, 0, 0, 0.24, 233.52, 560.16, 1087.92, 1023.12, 1042.56, 1122.24, 864.24, 1795.68, 1472.88, 490.32, 180.24, 44.16, 0, 0, 0, 0, 0, 9917.28, 413, 1795.68, 0.24, 1795.68, 0, 
영흥태양광 #3, 2, 2026-06-04 00:00:00, 0, 0, 0, 0, 0, 0, 11.616, 71.52, 154.752, 296.16, 274.944, 282.048, 305.568, 222.432, 479.904, 399.84, 140.544, 62.112, 15.84, 0, 0, 0, 0, 0, 2717.28, 113, 479.9, 11.616, 479.904, 0, 
영흥태양광 #3, 3, 2026-06-04 00:00:00, 0, 0, 0, 0, 0, 0, 20.52, 117, 215.88, 395.28, 379.56, 396.24, 407.4, 295.2, 624.36, 535.2, 183.6, 86.4, 28.8, 0, 0, 0, 0, 0, 3685.44, 154, 624.36, 20.52, 624.36, 0, 
영흥태양광, 1, 2026-06-04 00:00:00, 0, 0, 0, 0, 0, 0, 9.024, 98.88, 161.933, 346.138, 322.752, 325.056, 359.539, 272.371, 576.307, 496.166, 222.528, 58.445, 19.584, 0, 0, 0, 0, 0, 3268.723, 136, 576.3, 9.024, 576.307, 0, 
예천태양광, 1, 2026-06-04 00:00:00, 0, 0, 0, 0, 0, 0, 84.6, 327.96, 657.36, 946.62, 875.88, 678.42, 632.34, 861.84, 877.5, 682.2, 394.2, 180.36, 44.1, 0.72, 0, 0, 0, 0, 7244.1, 302, 946.62, 0.72, 946.62, 0, 
여수태양광, 1, 2026-06-04 00:00:00, 0, 0, 0, 0, 0, 0, 0, 0, 0, 0, 0, 0, 0, 0, 0, 0, 0, 0, 0, 0, 0, 0, 0, 400.658, 400.658, 17, 400.65, 400.658, 400.658, 0, 
영흥태양광, 2, 2026-06-04 00:00:00, 0, 0, 0, 0, 0, 0, 9.642, 75.208, 159.095, 314.333, 294.084, 303.726, 325.903, 241.053, 497.533, 405.933, 156.202, 58.817, 18.32, 0, 0, 0, 0, 0, 2859.849, 119, 497.53, 9.64, 497.533, 0, 
탑선태양광, 1, 2026-06-04 00:00:00, 0, 0, 0, 0, 0, 0, 0, 0, 0, 0, 0, 0, 0, 0, 0, 0, 0, 0, 0, 0, 0, 0, 0, 1357, 1357, 57, 1357, 1357, 1357, 0, 
탑선태양광, 3, 2026-06-04 00:00:00, 0, 0, 0, 0, 0, 0, 0, 0, 0, 0, 0, 0, 0, 0, 0, 0, 0, 0, 0, 0, 0, 0, 0, 244, 244, 10, 244, 244, 244, 0, 
경상대태양광, 1, 2026-06-04 00:00:00, 0, 0, 0, 0, 0, 0.216, 15.12, 41.832, 62.64, 53.064, 148.104, 138.96, 298.296, 493.2, 472.176, 274.248, 350.568, 197.568, 72.144, 2.016, 0, 0, 0, 0, 2620.152, 109, 493.2, 0.216, 493.2, 0, 
고흥만 수상태양광, 1, 2026-06-04 00:00:00, 0, 0, 0, 0, 0, 226.044, 1859.34, 5293.68, 8171.016, 6061.188, 11544.288, 15400.392, 25460.232, 27470.016, 26463.024, 21100.548, 15161.244, 5209.68, 1841.28, 142.296, 0, 0, 0, 0, 171404.268, 7142, 27470.01, 142.29, 27470.016, 0, 
영동태양광, 1, 2026-06-03 00:00:00, 0, 0, 0, 0, 0, 1.536, 19.68, 17.856, 17.472, 16.896, 17.28, 17.76, 465.984, 697.248, 492.48, 269.664, 457.728, 684.48, 682.272, 614.112, 0, 0, 0, 0, 4472.448, 186, 697.24, 1.53, 697.248, 0, 
삼천포태양광#5, 1, 2026-06-03 00:00:00, 0, 0, 0, 0, 0, 0.188, 149.232, 747.056, 1496.443, 1962.097, 476.34, 488.183, 327.547, 187.804, 1954.451, 2110.536, 1320.875, 2407.231, 1851.094, 2440.315, 1762.026, 0, 0, 0, 19681.418, 820, 2440.31, 0.18, 2440.315, 0, 
삼천포태양광#5, 2, 2026-06-03 00:00:00, 0, 0, 0, 0, 0, 1.212, 283.172, 1330.644, 2577.739, 3301.541, 638.349, 941.529, 855.688, 1065.622, 4243.219, 3586.271, 2280.743, 4295.923, 4029.084, 3778.259, 562.87, 0, 0, 0, 33771.865, 1407, 4295.92, 1.21, 4295.923, 0, 
광양항세방태양광, 1, 2026-06-03 00:00:00, 0, 0, 0, 0, 0, 7.2, 206.4, 650.4, 964.8, 1411.2, 1680, 1826.4, 1956, 2028, 1891.2, 1596, 888, 276, 96, 2.4, 0, 0, 0, 0, 15480, 645, 2028, 2.4, 2028, 0, 
두산엔진MG태양광, 1, 2026-06-03 00:00:00, 0, 0, 0, 0, 0, 0.54, 2.76, 5.94, 15.96, 28.02, 41.52, 43.2, 30.42, 34.5, 33, 34.2, 38.7, 25.62, 4.38, 0.3, 0, 0, 0, 0, 339.06, 14, 43.2, 0.3, 43.2, 0, 
삼천포태양광, 1, 2026-06-03 00:00:00, 0, 0, 0, 0, 0, 0, 0.108, 4.572, 15.24, 21.936, 27.624, 31.464, 34.26, 31.476, 32.964, 27.348, 17.628, 4.764, 0.444, 0, 0, 0, 0, 0, 249.828, 10, 34.26, 0.1, 34.26, 0, 
삼천포태양광, 2, 2026-06-03 00:00:00, 0, 0, 0, 0, 0, 3.648, 44.832, 200.928, 368.064, 472.416, 527.616, 612.864, 580.128, 514.56, 592.32, 478.368, 291.072, 109.152, 38.688, 1.056, 0, 0, 0, 0, 4835.712, 201, 612.86, 1.05, 612.864, 0, 
삼천포태양광, 3, 2026-06-03 00:00:00, 0, 0, 0, 0, 0, 0.504, 13.68, 65.772, 123.192, 156.492, 176.148, 204.948, 197.028, 164.7, 193.716, 158.364, 100.44, 33.588, 9.648, 0, 0, 0, 0, 0, 1598.22, 67, 204.94, 0.5, 204.948, 0, 
삼천포태양광, 4, 2026-06-03 00:00:00, 0, 0, 0, 0, 0, 0, 37.884, 88.66, 95.241, 109.675, 102.808, 101.831, 473.749, 793.934, 1020.169, 874.905, 1133.742, 1192.117, 1191.895, 501.37, 0, 0, 0, 0, 7717.98, 322, 1192.11, 37.88, 1192.117, 0, 
구미태양광, 1, 2026-06-03 00:00:00, 0, 0, 0, 0, 0, 1.446, 39.846, 126.553, 282.682, 425.361, 491.313, 404.173, 584.962, 487.336, 463.472, 335.762, 237.702, 122.575, 51.417, 5.062, 0, 0, 0, 0, 4059.662, 169, 584.96, 1.446, 584.962, 0, 
삼천포태양광#6, 1, 2026-06-03 00:00:00, 0, 0, 0, 0, 0, 0, 0, 0, 0, 0, 0, 0, 0, 0, 0, 0, 0, 0, 0, 0, 0, 0, 0, 0, 0, 0, 0, 0, 0, 0, 
영흥태양광#5, 1, 2026-06-03 00:00:00, 0, 0, 0, 0, 0, 19.284, 178.379, 605.042, 981.084, 1463.189, 2106.8, 2114.032, 1641.568, 1231.779, 819.579, 918.411, 807.526, 438.716, 163.916, 31.337, 0, 0, 0, 0, 13520.642, 563, 2114.032, 19.284, 2114.032, 0, 
영흥태양광 #3, 1, 2026-06-03 00:00:00, 0, 0, 0, 0, 0, 0, 125.04, 510.24, 871.92, 1301.76, 1834.08, 1900.56, 1491.6, 1141.2, 737.76, 832.08, 722.16, 378.24, 126, 0.96, 0, 0, 0, 0, 11973.6, 499, 1900.56, 0.96, 1900.56, 0, 
영흥태양광 #3, 2, 2026-06-03 00:00:00, 0, 0, 0, 0, 0, 0.192, 30.048, 133.44, 229.152, 346.08, 491.712, 505.344, 396.288, 295.584, 191.328, 215.04, 189.312, 98.496, 31.968, 2.208, 0, 0, 0, 0, 3156.192, 132, 505.34, 0.19, 505.344, 0, 
영흥태양광 #3, 3, 2026-06-03 00:00:00, 0, 0, 0, 0, 0, 1.92, 42.36, 177.24, 321.48, 469.32, 642.24, 657, 525.48, 418.2, 278.4, 314.28, 263.52, 150.84, 57.24, 9.48, 0, 0, 0, 0, 4329, 180, 657, 1.92, 657, 0, 
영흥태양광, 1, 2026-06-03 00:00:00, 0, 0, 0, 0, 0, 0, 30.336, 125.99, 269.722, 391.219, 547.046, 591.053, 483.11, 392.909, 237.235, 280.819, 212.928, 122.842, 48.73, 7.296, 0, 0, 0, 0, 3741.235, 156, 591.05, 7.29, 591.053, 0, 
예천태양광, 1, 2026-06-03 00:00:00, 0, 0, 0, 0, 0, 7.02, 94.32, 378.9, 720, 987.3, 1128.42, 1289.16, 1267.56, 1195.74, 563.04, 474.66, 379.8, 298.98, 102.96, 1.26, 0, 0, 0, 0, 8889.12, 370, 1289.16, 1.26, 1289.16, 0, 
여수태양광, 1, 2026-06-03 00:00:00, 0, 0, 0, 0, 0, 0, 0, 0, 0, 0, 0, 0, 0, 0, 0, 0, 0, 0, 0, 0, 0, 0, 0, 644.396, 644.396, 27, 644.39, 644.396, 644.396, 0, 
영흥태양광, 2, 2026-06-03 00:00:00, 0, 0, 0, 0, 0, 0.964, 33.747, 136.918, 242.981, 365.436, 510.067, 525.495, 423.288, 325.903, 209.234, 236.232, 206.341, 112.813, 42.425, 7.714, 0, 0, 0, 0, 3379.558, 141, 525.49, 0.96, 525.495, 0, 
탑선태양광, 1, 2026-06-03 00:00:00, 0, 0, 0, 0, 0, 0, 0, 0, 0, 0, 0, 0, 0, 0, 0, 0, 0, 0, 0, 0, 0, 0, 0, 1357, 1357, 57, 1357, 1357, 1357, 0, 
탑선태양광, 3, 2026-06-03 00:00:00, 0, 0, 0, 0, 0, 0, 0, 0, 0, 0, 0, 0, 0, 0, 0, 0, 0, 0, 0, 0, 0, 0, 0, 244, 244, 10, 244, 244, 244, 0, 
경상대태양광, 1, 2026-06-03 00:00:00, 0, 0, 0, 0, 0, 0, 29.376, 111.6, 262.8, 376.848, 446.976, 494.928, 448.632, 449.784, 483.84, 399.168, 282.816, 152.64, 44.208, 1.368, 0, 0, 0, 0, 3984.984, 166, 494.928, 1.368, 494.928, 0, 
고흥만 수상태양광, 1, 2026-06-03 00:00:00, 0, 0, 0, 0, 0, 319.452, 4791.696, 15146.124, 24069.192, 25688.208, 40937.82, 47907.888, 47895.876, 49163.52, 41936.244, 27681.444, 20890.884, 10197.096, 2520.84, 51.828, 0, 0, 0, 0, 359198.112, 14967, 49163.52, 51.828, 49163.52, 0, 
영동태양광, 1, 2026-06-02 00:00:00, 0, 0, 0, 0, 0, 3.456, 24.384, 17.088, 16.512, 16.416, 16.512, 16.128, 89.952, 665.568, 640.704, 546.912, 567.072, 685.92, 684, 680.448, 196.896, 0, 0, 0, 4867.968, 203, 685.92, 3.45, 685.92, 0, 
삼천포태양광#5, 1, 2026-06-02 00:00:00, 0, 0, 0, 0, 0, 0, 0, 0.264, 63.497, 118.056, 157.743, 182.725, 191.389, 190.778, 187.254, 783.98, 1462.412, 716.52, 165.538, 0, 0, 0, 0, 0, 4220.156, 176, 1462.41, 0.26, 1462.412, 0, 
삼천포태양광#5, 2, 2026-06-02 00:00:00, 0, 0, 0, 0, 0, 0, 0, 0.352, 119.625, 222.12, 277.164, 281.815, 281.599, 289.425, 332.094, 1376.469, 2615.99, 1223.611, 295.124, 0, 0, 0, 0, 0, 7315.388, 305, 2615.99, 0.35, 2615.99, 0, 
광양항세방태양광, 1, 2026-06-02 00:00:00, 0, 0, 0, 0, 0, 0, 0, 2.4, 26.4, 55.2, 72, 136.8, 429.6, 180, 799.2, 890.4, 729.6, 348, 208.8, 9.6, 0, 0, 0, 0, 3888, 162, 890.4, 2.4, 890.4, 0, 
두산엔진MG태양광, 1, 2026-06-02 00:00:00, 0, 0, 0, 0, 0, 0, 0.96, 1.38, 2.1, 2.28, 3.36, 8.28, 8.64, 11.22, 15.3, 10.14, 6, 7.56, 4.14, 1.68, 0, 0, 0, 0, 83.04, 3, 15.3, 0.96, 15.3, 0, 
삼천포태양광, 1, 2026-06-02 00:00:00, 0, 0, 0, 0, 0, 0, 0, 0, 0.072, 0.408, 0.852, 1.872, 3.948, 9.012, 7.956, 10.26, 2.988, 10.836, 1.512, 0, 0, 0, 0, 0, 49.716, 2, 10.83, 0.07, 10.836, 0, 
삼천포태양광, 2, 2026-06-02 00:00:00, 0, 0, 0, 0, 0, 0, 3.456, 5.952, 24.576, 39.744, 49.152, 69.12, 104.064, 186.912, 168.672, 208.992, 84.672, 180.384, 53.184, 1.632, 0, 0, 0, 0, 1180.512, 49, 208.99, 1.63, 208.992, 0, 
삼천포태양광, 3, 2026-06-02 00:00:00, 0, 0, 0, 0, 0, 0, 0.072, 0.144, 6.012, 10.008, 14.076, 19.8, 32.364, 59.328, 53.388, 67.896, 26.424, 62.028, 13.68, 0, 0, 0, 0, 0, 365.22, 15, 67.89, 0.07, 67.896, 0, 
삼천포태양광, 4, 2026-06-02 00:00:00, 0, 0, 0, 0, 0, 0, 0, 0, 15.229, 35.752, 64.053, 70.259, 90.764, 93.798, 71.676, 245.927, 607.118, 272.094, 63.498, 0, 0, 0, 0, 0, 1630.168, 68, 607.11, 15.22, 607.118, 0, 
구미태양광, 1, 2026-06-02 00:00:00, 0, 0, 0, 0, 0, 0, 11.498, 26.901, 31.096, 40.858, 36.881, 57.346, 72.316, 101.242, 230.977, 251.08, 200.025, 108.691, 81.934, 15.331, 0, 0, 0, 0, 1266.176, 53, 251.08, 11.498, 251.08, 0, 
삼천포태양광#6, 1, 2026-06-02 00:00:00, 0, 0, 0, 0, 0, 0, 0, 0, 0, 0, 0, 0, 0, 0, 0, 0, 0, 0, 0, 0, 0, 0, 0, 0, 0, 0, 0, 0, 0, 0, 
영흥태양광#5, 1, 2026-06-02 00:00:00, 0, 0, 0, 0, 0, 16.874, 163.916, 583.347, 1096.789, 1680.137, 2032.074, 2297.232, 2405.705, 2304.463, 2070.642, 1663.263, 1149.821, 597.811, 190.432, 19.284, 0, 0, 0, 0, 18271.79, 761, 2405.7, 16.87, 2405.705, 0, 
영흥태양광 #3, 1, 2026-06-02 00:00:00, 0, 0, 0, 0, 0, 0, 107.52, 514.32, 979.68, 1479.84, 1791.36, 2034.96, 2135.04, 2041.68, 1854, 1518, 1057.2, 505.92, 144.24, 0.48, 0, 0, 0, 0, 16164.24, 674, 2135.04, 0.48, 2135.04, 0, 
영흥태양광 #3, 2, 2026-06-02 00:00:00, 0, 0, 0, 0, 0, 0, 25.824, 127.68, 254.688, 393.696, 482.976, 543.84, 557.856, 537.6, 488.928, 396.864, 275.328, 139.296, 38.592, 0.384, 0, 0, 0, 0, 4263.552, 178, 557.85, 0.38, 557.856, 0, 
영흥태양광 #3, 3, 2026-06-02 00:00:00, 0, 0, 0, 0, 0, 4.2, 46.8, 184.2, 364.08, 529.56, 638.64, 705.12, 728.4, 706.32, 641.52, 532.68, 379.2, 203.04, 66.24, 7.56, 0, 0, 0, 0, 5737.56, 239, 728.4, 4.2, 728.4, 0, 
영흥태양광, 1, 2026-06-02 00:00:00, 0, 0, 0, 0, 0, 0, 28.646, 124.723, 291.955, 440.87, 557.76, 617.395, 641.587, 625.882, 569.242, 472.282, 333.811, 174.182, 55.411, 5.184, 0, 0, 0, 0, 4938.93, 206, 641.58, 5.18, 641.587, 0, 
예천태양광, 1, 2026-06-02 00:00:00, 0, 0, 0, 0, 0, 0, 69.3, 170.82, 286.2, 286.92, 365.58, 519.48, 397.62, 252.18, 632.16, 516.06, 455.94, 280.8, 58.32, 2.34, 0, 0, 0, 0, 4293.72, 179, 632.16, 2.34, 632.16, 0, 
여수태양광, 1, 2026-06-02 00:00:00, 0, 0, 0, 0, 0, 0, 0, 0, 0, 0, 0, 0, 0, 0, 0, 0, 0, 0, 0, 0, 0, 0, 0, 243.847, 243.847, 10, 243.84, 243.84, 243.847, 0, 
영흥태양광, 2, 2026-06-02 00:00:00, 0, 0, 0, 0, 0, 0, 26.034, 134.025, 269.015, 415.575, 498.497, 558.278, 581.419, 564.063, 508.139, 414.611, 288.299, 153.309, 50.139, 4.821, 0, 0, 0, 0, 4466.224, 186, 581.41, 4.82, 581.419, 0, 
탑선태양광, 1, 2026-06-02 00:00:00, 0, 0, 0, 0, 0, 0, 0, 0, 0, 0, 0, 0, 0, 0, 0, 0, 0, 0, 0, 0, 0, 0, 0, 1357, 1357, 57, 1357, 1357, 1357, 0, 
탑선태양광, 3, 2026-06-02 00:00:00, 0, 0, 0, 0, 0, 0, 0, 0, 0, 0, 0, 0, 0, 0, 0, 0, 0, 0, 0, 0, 0, 0, 0, 244, 244, 10, 244, 244, 244, 0, 
경상대태양광, 1, 2026-06-02 00:00:00, 0, 0, 0, 0, 0, 0, 0, 2.304, 13.536, 29.016, 45.576, 69.984, 69.768, 127.368, 102.312, 263.016, 173.592, 117.936, 57.744, 2.664, 0, 0, 0, 0, 1074.816, 45, 263.01, 2.304, 263.016, 0, 
고흥만 수상태양광, 1, 2026-06-02 00:00:00, 0, 0, 0, 0, 0, 0, 0, 224.868, 719.292, 3663.24, 4290.3, 8185.296, 13956.096, 13103.244, 8789.424, 27053.208, 18583.152, 15562.344, 4307.436, 197.652, 0, 0, 0, 0, 118635.552, 4943, 27053.2, 197.65, 27053.208, 0, 
영동태양광, 1, 2026-06-01 00:00:00, 0, 0, 0, 0, 0, 1.44, 21.408, 17.28, 16.416, 16.32, 16.416, 16.224, 143.04, 456.864, 358.368, 298.848, 461.088, 683.136, 680.352, 531.264, 0, 0, 0, 0, 3718.464, 155, 683.13, 1.44, 683.136, 0, 
삼천포태양광#5, 1, 2026-06-01 00:00:00, 0, 0, 0, 0, 0, 0, 184.568, 709.719, 1345.09, 1747.765, 512.456, 602.685, 458.954, 362.087, 1418.818, 1664.203, 657.397, 2492.795, 2540.259, 2504.2, 1315.859, 0, 0, 0, 18516.855, 772, 2540.25, 184.56, 2540.259, 0, 
삼천포태양광#5, 2, 2026-06-01 00:00:00, 0, 0, 0, 0, 0, 0, 340.452, 1258.317, 2327.36, 2972.711, 837.846, 1048.532, 1211.167, 1152.018, 3395.095, 2820.062, 1204.659, 4242.974, 4038.214, 3842.279, 1341.397, 0, 0, 0, 32033.083, 1335, 4242.97, 340.45, 4242.974, 0, 
광양항세방태양광, 1, 2026-06-01 00:00:00, 0, 0, 0, 0, 0, 12, 146.4, 597.6, 907.2, 1276.8, 1363.2, 1800, 1780.8, 1848, 1507.2, 1070.4, 991.2, 566.4, 168, 16.8, 0, 0, 0, 0, 14052, 586, 1848, 12, 1848, 0, 
두산엔진MG태양광, 1, 2026-06-01 00:00:00, 0, 0, 0, 0, 0, 0.72, 4.5, 7.44, 16.92, 23.82, 35.82, 38.16, 34.62, 44.76, 39.66, 35.34, 27.54, 32.64, 15.48, 0.78, 0, 0, 0, 0, 358.2, 15, 44.76, 0.72, 44.76, 0, 
삼천포태양광, 1, 2026-06-01 00:00:00, 0, 0, 0, 0, 0, 0, 0.792, 5.148, 14.256, 19.824, 23.796, 29.58, 35.208, 34.032, 26.448, 19.236, 7.26, 9.636, 0.636, 0, 0, 0, 0, 0, 225.852, 9, 35.2, 0.63, 35.208, 0, 
삼천포태양광, 2, 2026-06-01 00:00:00, 0, 0, 0, 0, 0, 2.016, 53.472, 184.8, 339.072, 424.32, 474.432, 576.192, 667.2, 645.792, 489.792, 376.512, 159.264, 180.672, 38.688, 6.624, 0, 0, 0, 0, 4618.848, 192, 667.2, 2.01, 667.2, 0, 
삼천포태양광, 3, 2026-06-01 00:00:00, 0, 0, 0, 0, 0, 0.252, 16.02, 60.624, 113.868, 141.228, 155.124, 191.088, 226.512, 217.908, 163.62, 125.064, 48.06, 60.084, 8.856, 1.044, 0, 0, 0, 0, 1529.352, 64, 226.51, 0.25, 226.512, 0, 
삼천포태양광, 4, 2026-06-01 00:00:00, 0, 0, 0, 0, 0, 0, 52.564, 88.844, 93.886, 110.084, 103.29, 126.279, 301.695, 1023.535, 809.775, 709.399, 1020.209, 1177.031, 1193.094, 445.817, 0, 0, 0, 0, 7255.502, 302, 1193.09, 52.56, 1193.094, 0, 
구미태양광, 1, 2026-06-01 00:00:00, 0, 0, 0, 0, 0, 0, 26.54, 110.86, 221.937, 355.36, 364.616, 540.416, 483.503, 419.938, 515.105, 391.228, 218.104, 135.375, 88.225, 3.543, 0, 0, 0, 0, 3874.75, 161, 540.41, 3.54, 540.416, 0, 
삼천포태양광#6, 1, 2026-06-01 00:00:00, 0, 0, 0, 0, 0, 0, 0, 0, 0, 0, 0, 0, 0, 0, 0, 0, 0, 0, 0, 0, 0, 0, 0, 0, 0, 0, 0, 0, 0, 0, 
영흥태양광#5, 1, 2026-06-01 00:00:00, 0, 0, 0, 0, 0, 14.463, 188.021, 501.389, 978.674, 1446.316, 1677.726, 1718.705, 1933.242, 1979.042, 1096.789, 732.8, 525.495, 320.6, 226.589, 77.137, 0, 0, 0, 0, 13416.988, 559, 1979.04, 14.46, 1979.042, 0, 
영흥태양광 #3, 1, 2026-06-01 00:00:00, 0, 0, 0, 0, 0, 0, 121.44, 438.72, 883.68, 1286.16, 1560, 1587.36, 1935.36, 1815.6, 1017.36, 656.88, 472.08, 281.04, 181.44, 50.16, 0, 0, 0, 0, 12287.28, 512, 1935.36, 50.16, 1935.36, 0, 
영흥태양광 #3, 2, 2026-06-01 00:00:00, 0, 0, 0, 0, 0, 0, 29.856, 109.728, 235.68, 341.664, 410.592, 412.704, 485.376, 499.584, 271.2, 171.648, 120.96, 73.056, 49.536, 14.88, 0, 0, 0, 0, 3226.464, 134, 499.58, 14.88, 499.584, 0, 
영흥태양광 #3, 3, 2026-06-01 00:00:00, 0, 0, 0, 0, 0, 3.6, 53.04, 162.72, 319.32, 454.8, 545.52, 560.04, 687.6, 609.96, 365.76, 246, 179.16, 112.56, 78.72, 28.8, 0, 0, 0, 0, 4407.6, 184, 687.6, 3.6, 687.6, 0, 
영흥태양광, 1, 2026-06-01 00:00:00, 0, 0, 0, 0, 0, 0, 34.099, 126.413, 248.525, 360.038, 480.192, 495.744, 641.318, 550.656, 309.235, 204.211, 149.76, 94.464, 63.283, 22.694, 0, 0, 0, 0, 3780.632, 158, 641.31, 22.69, 641.318, 0, 
예천태양광, 1, 2026-06-01 00:00:00, 0, 0, 0, 0, 0, 7.56, 109.26, 288, 504, 699.84, 1085.22, 1039.14, 1083.42, 995.94, 941.58, 885.42, 427.14, 253.08, 58.86, 6.48, 0, 0, 0, 0, 8384.94, 349, 1085.22, 6.48, 1085.22, 0, 
여수태양광, 1, 2026-06-01 00:00:00, 0, 0, 0, 0, 0, 0, 0, 0, 0, 0, 0, 0, 0, 0, 0, 0, 0, 0, 0, 0, 0, 0, 0, 665, 665, 28, 665, 665, 665, 0, 
영흥태양광, 2, 2026-06-01 00:00:00, 0, 0, 0, 0, 0, 0, 39.533, 122.455, 252.623, 363.507, 446.429, 439.68, 534.173, 511.996, 292.156, 188.985, 136.918, 85.815, 57.853, 20.248, 0, 0, 0, 0, 3492.371, 146, 534.17, 20.24, 534.173, 0, 
탑선태양광, 1, 2026-06-01 00:00:00, 0, 0, 0, 0, 0, 0, 0, 0, 0, 0, 0, 0, 0, 0, 0, 0, 0, 0, 0, 0, 0, 0, 0, 1357, 1357, 57, 1357, 1357, 1357, 0, 
탑선태양광, 3, 2026-06-01 00:00:00, 0, 0, 0, 0, 0, 0, 0, 0, 0, 0, 0, 0, 0, 0, 0, 0, 0, 0, 0, 0, 0, 0, 0, 244, 244, 10, 244, 244, 244, 0, 
경상대태양광, 1, 2026-06-01 00:00:00, 0, 0, 0, 0, 0, 0, 29.88, 119.088, 216.072, 326.952, 362.448, 484.056, 537.984, 533.664, 458.496, 439.848, 357.264, 165.96, 106.128, 16.344, 0, 0, 0, 0, 4154.184, 173, 537.98, 16.344, 537.984, 0, 
고흥만 수상태양광, 1, 2026-06-01 00:00:00, 0, 0, 0, 0, 0, 309.708, 3942.036, 11992.68, 22904.364, 27603.66, 29088.528, 36109.248, 36318.996, 40769.232, 36503.712, 33175.464, 11856.6, 2882.376, 2100.504, 235.284, 0, 0, 0, 0, 295792.392, 12325, 40769.23, 235.28, 40769.232, 0, 
