발전구분, 호기, 일자, 1시 발전량(KWh), 2시 발전량(KWh),3시 발전량(KWh),4시 발전량(KWh),5시 발전량(KWh),6시 발전량(KWh),7시 발전량(KWh),8시 발전량(KWh),9시 발전량(KWh),10시 발전량(KWh),11시 발전량(KWh),12시 발전량(KWh),13시 발전량(KWh),14시 발전량(KWh),15시 발전량(KWh),16시 발전량(KWh),17시 발전량(KWh),18시 발전량(KWh),19시 발전량(KWh),20시 발전량(KWh),21시 발전량(KWh),22시 발전량(KWh),23시 발전량(KWh),24시 발전량(KWh),총량(KW),평균(KW),최대(시간별),최소(시간별),최대,최소
영동태양광, 1, 2026-08-31 00:00:00, 0, 0, 0, 0, 0, 0, 0, 1.44, 10.464, 14.304, 13.152, 14.208, 12.288, 12.192, 11.904, 19.2, 335.52, 329.664, 0, 0, 0, 0, 0, 0, 774.336, 32, 335.52, 1.44, 335.52, 0, 
삼천포태양광#5, 1, 2026-08-31 00:00:00, 0, 0, 0, 0, 0, 0, 56.194, 179.593, 203.651, 206.146, 274.572, 434.664, 540.041, 2350.18, 1752.823, 971.841, 2495.861, 2529.121, 2512.057, 1936.182, 0, 0, 0, 0, 16442.926, 685, 2529.121, 56.194, 2529.121, 0, 
삼천포태양광#5, 2, 2026-08-31 00:00:00, 0, 0, 0, 0, 0, 0, 88.608, 269.878, 278.146, 299.332, 392.08, 420.092, 360.437, 3164.603, 2433.365, 1622.849, 4235.828, 4269.941, 3918.741, 1936.905, 0, 0, 0, 0, 23690.805, 987, 4269.941, 88.608, 4269.941, 0, 
광양항세방태양광, 1, 2026-08-31 00:00:00, 0, 0, 0, 0, 0, 0, 40.8, 168, 446.4, 885.6, 1341.6, 1497.6, 1471.2, 1240.8, 986.4, 1257.6, 1036.8, 364.8, 86.4, 0, 0, 0, 0, 0, 10824, 451, 1497.6, 40.8, 1497.6, 0, 
두산엔진MG태양광, 1, 2026-08-31 00:00:00, 0, 0, 0, 0, 0, 0, 1.14, 7.14, 13.08, 20.52, 28.98, 18.78, 31.5, 44.4, 43.32, 31.8, 36.72, 18.96, 1.92, 0, 0, 0, 0, 0, 298.26, 12, 44.4, 1.14, 44.4, 0, 
삼천포태양광, 1, 2026-08-31 00:00:00, 0, 0, 0, 0, 0, 0, 0.24, 3.348, 7.224, 16.74, 27.132, 33.252, 33.156, 30.996, 17.688, 10.38, 14.712, 4.38, 0.24, 0, 0, 0, 0, 0, 199.488, 8, 33.252, 0.24, 33.252, 0, 
삼천포태양광, 2, 2026-08-31 00:00:00, 0, 0, 0, 0, 0, 0, 17.28, 83.904, 161.088, 331.488, 473.184, 567.648, 567.168, 523.776, 330.624, 195.84, 222.528, 95.424, 27.072, 0, 0, 0, 0, 0, 3597.024, 150, 567.648, 17.28, 567.648, 0, 
삼천포태양광, 3, 2026-08-31 00:00:00, 0, 0, 0, 0, 0, 0, 2.556, 28.404, 63.648, 137.268, 191.88, 216.756, 220.716, 197.388, 120.888, 66.816, 77.616, 20.556, 2.772, 0, 0, 0, 0, 0, 1347.264, 56, 220.716, 2.556, 220.716, 0, 
삼천포태양광, 4, 2026-08-31 00:00:00, 0, 0, 0, 0, 0, 0, 13.622, 81.129, 90.354, 94.955, 121.268, 103.684, 97.107, 616.713, 723.836, 364.574, 1162.072, 1190.289, 1166.778, 507.513, 0, 0, 0, 0, 6333.894, 264, 1190.289, 13.622, 1190.289, 0, 
구미태양광, 1, 2026-08-31 00:00:00, 0, 0, 0, 0, 0, 0, 0, 0, 11.137, 48.596, 170.665, 199.881, 313.489, 340.39, 411.766, 426.952, 342.488, 69.134, 17.356, 0, 0, 0, 0, 0, 2351.854, 98, 426.952, 11.137, 426.952, 0, 
삼천포태양광#6, 1, 2026-08-31 00:00:00, 0, 0, 0, 0, 0, 0, 0, 0, 0, 0, 0, 0, 0, 0, 0, 0, 0, 0, 0, 0, 0, 0, 0, 0, 0, 0, 0, 0, 0, 0, 
영흥태양광#5, 1, 2026-08-31 00:00:00, 0, 0, 0, 0, 0, 0, 0, 0, 0, 0, 0, 0, 0, 0, 0, 0, 0, 0, 0, 0, 0, 0, 0, 0, 0, 0, 0, 0, 0, 0, 
영흥태양광 #3, 1, 2026-08-31 00:00:00, 0, 0, 0, 0, 0, 0, 0, 2.16, 0, 51.84, 88.32, 282.72, 129.84, 100.08, 68.4, 40.56, 0.24, 0, 0, 0, 0, 0, 0, 0, 764.16, 32, 282.72, 0.24, 282.72, 0, 
영흥태양광 #3, 2, 2026-08-31 00:00:00, 0, 0, 0, 0, 0, 0, 0.192, 8.736, 9.408, 20.352, 46.272, 98.112, 51.936, 38.592, 29.184, 17.568, 4.896, 5.952, 2.208, 0, 0, 0, 0, 0, 333.408, 14, 98.112, 0.192, 98.112, 0, 
영흥태양광 #3, 3, 2026-08-31 00:00:00, 0, 0, 0, 0, 0, 0, 0, 4.44, 11.88, 45.6, 77.28, 175.32, 93.72, 63.84, 46.44, 33.96, 0.6, 0, 0, 0, 0, 0, 0, 0, 553.08, 23, 175.32, 0.6, 175.32, 0, 
영흥태양광, 1, 2026-08-31 00:00:00, 0, 0, 0, 0, 0, 0, 0, 0.998, 0.883, 11.558, 25.075, 69.773, 38.362, 23.194, 17.587, 11.981, 1.075, 0, 0, 0, 0, 0, 0, 0, 200.486, 8, 69.773, 0.883, 69.773, 0, 
예천태양광, 1, 2026-08-31 00:00:00, 0, 0, 0, 0, 0, 0, 0, 15.3, 146.88, 84.06, 136.8, 91.08, 92.34, 124.74, 167.04, 19.26, 182.52, 167.4, 25.2, 0, 0, 0, 0, 0, 1252.62, 52, 182.52, 15.3, 182.52, 0, 
여수태양광, 1, 2026-08-31 00:00:00, 0, 0, 0, 0, 0, 0, 0, 0, 0, 0, 0, 0, 0, 0, 0, 0, 0, 0, 0, 0, 0, 0, 0, 610, 610, 25, 610, 610, 610, 0, 
영흥태양광, 2, 2026-08-31 00:00:00, 0, 0, 0, 0, 0, 0, 0, 0, 0, 0, 5.785, 47.246, 20.248, 14.463, 8.678, 4.821, 0, 0, 0, 0, 0, 0, 0, 0, 101.241, 4, 47.246, 4.821, 47.246, 0, 
탑선태양광, 1, 2026-08-31 00:00:00, 0, 0, 0, 0, 0, 0, 0, 0, 0, 0, 0, 0, 0, 0, 0, 0, 0, 0, 0, 0, 0, 0, 0, 1208.4, 1208.4, 50, 1208.4, 1208.4, 1208.4, 0, 
탑선태양광, 3, 2026-08-31 00:00:00, 0, 0, 0, 0, 0, 0, 0, 0, 0, 0, 0, 0, 0, 0, 0, 0, 0, 0, 0, 0, 0, 0, 0, 220.8, 220.8, 9, 220.8, 220.8, 220.8, 0, 
경상대태양광, 1, 2026-08-31 00:00:00, 0, 0, 0, 0, 0, 0, 7.416, 88.344, 138.528, 297.072, 175.392, 343.008, 492.192, 435.96, 315.792, 322.056, 264.168, 183.456, 27.648, 0, 0, 0, 0, 0, 3091.032, 129, 492.192, 7.416, 492.192, 0, 
고흥만 수상태양광, 1, 2026-08-31 00:00:00, 0, 0, 0, 0, 0, 0, 1670.844, 7592.508, 15769.824, 30813.132, 44453.976, 39889.752, 36888.432, 31198.524, 35585.172, 34320.72, 17400.264, 9584.652, 2059.176, 0, 0, 0, 0, 0, 307226.976, 12801, 44453.976, 1670.844, 44453.976, 0, 
영동태양광, 1, 2026-08-30 00:00:00, 0, 0, 0, 0, 0, 0, 0, 2.304, 14.304, 14.976, 13.344, 13.536, 13.344, 12.576, 11.04, 58.656, 368.064, 679.008, 676.992, 219.648, 0, 0, 0, 0, 2097.792, 87, 679.008, 2.304, 679.008, 0, 
삼천포태양광#5, 1, 2026-08-30 00:00:00, 0, 0, 0, 0, 0, 0, 23.672, 184.865, 190.318, 213.036, 220.76, 285.785, 352.682, 285.693, 518.119, 930.841, 2492.871, 2533.308, 2418.67, 1490.592, 0, 0, 0, 0, 12141.212, 506, 2533.308, 23.672, 2533.308, 0, 
삼천포태양광#5, 2, 2026-08-30 00:00:00, 0, 0, 0, 0, 0, 0, 34.637, 281.135, 284.063, 304.306, 290.358, 347.806, 386.325, 328.92, 653.593, 1533.227, 4244.923, 3899.546, 3720.481, 1282.83, 0, 0, 0, 0, 17592.15, 733, 4244.923, 34.637, 4244.923, 0, 
광양항세방태양광, 1, 2026-08-30 00:00:00, 0, 0, 0, 0, 0, 0, 72, 367.2, 412.8, 1202.4, 1670.4, 1435.2, 1924.8, 1672.8, 1077.6, 1375.2, 458.4, 31.2, 0, 0, 0, 0, 0, 0, 11700, 488, 1924.8, 31.2, 1924.8, 0, 
두산엔진MG태양광, 1, 2026-08-30 00:00:00, 0, 0, 0, 0, 0, 0, 0.96, 3.6, 9.12, 23.4, 20.76, 35.76, 30.24, 21.18, 22.38, 47.52, 37.2, 4.98, 0.3, 0, 0, 0, 0, 0, 257.4, 11, 47.52, 0.3, 47.52, 0, 
삼천포태양광, 1, 2026-08-30 00:00:00, 0, 0, 0, 0, 0, 0, 0, 4.584, 9.864, 12.78, 22.668, 22.368, 28.944, 22.5, 26.268, 15.156, 12.888, 0.12, 0, 0, 0, 0, 0, 0, 178.14, 7, 28.944, 0.12, 28.944, 0, 
삼천포태양광, 2, 2026-08-30 00:00:00, 0, 0, 0, 0, 0, 0, 9.024, 128.544, 197.952, 230.976, 394.944, 377.664, 485.952, 364.128, 311.904, 213.888, 205.056, 27.36, 0.192, 0, 0, 0, 0, 0, 2947.584, 123, 485.952, 0.192, 485.952, 0, 
삼천포태양광, 3, 2026-08-30 00:00:00, 0, 0, 0, 0, 0, 0, 1.548, 52.056, 55.332, 82.08, 157.932, 140.904, 179.424, 116.172, 105.012, 73.368, 75.996, 1.98, 0, 0, 0, 0, 0, 0, 1041.804, 43, 179.424, 1.548, 179.424, 0, 
삼천포태양광, 4, 2026-08-30 00:00:00, 0, 0, 0, 0, 0, 0, 0.995, 83.023, 95.588, 98.322, 97.154, 89.145, 166.401, 105.547, 190.824, 403.413, 1179.094, 1175.754, 1120.353, 248.226, 0, 0, 0, 0, 5053.839, 211, 1179.094, 0.995, 1179.094, 0, 
구미태양광, 1, 2026-08-30 00:00:00, 0, 0, 0, 0, 0, 0, 0, 33.627, 185.418, 203.931, 221.359, 503.101, 502.739, 264.603, 294.253, 51.2, 11.643, 4.556, 18.296, 0, 0, 0, 0, 0, 2294.726, 96, 503.101, 4.556, 503.101, 0, 
삼천포태양광#6, 1, 2026-08-30 00:00:00, 0, 0, 0, 0, 0, 0, 0, 0, 0, 0, 0, 0, 0, 0, 0, 0, 0, 0, 0, 0, 0, 0, 0, 0, 0, 0, 0, 0, 0, 0, 
영흥태양광#5, 1, 2026-08-30 00:00:00, 0, 0, 0, 0, 0, 0, 0, 0, 0, 0, 0, 0, 0, 0, 0, 0, 0, 0, 0, 0, 0, 0, 0, 0, 0, 0, 0, 0, 0, 0, 
영흥태양광 #3, 1, 2026-08-30 00:00:00, 0, 0, 0, 0, 0, 0, 5.76, 132.24, 198.24, 459.84, 551.04, 694.56, 604.56, 670.56, 398.4, 409.68, 231.36, 121.92, 0, 0, 0, 0, 0, 0, 4478.16, 187, 694.56, 5.76, 694.56, 0, 
영흥태양광 #3, 2, 2026-08-30 00:00:00, 0, 0, 0, 0, 0, 0, 5.952, 54.72, 81.216, 172.896, 187.392, 254.4, 216.672, 248.736, 155.136, 152.736, 91.584, 59.904, 2.208, 0, 0, 0, 0, 0, 1683.552, 70, 254.4, 2.208, 254.4, 0, 
영흥태양광 #3, 3, 2026-08-30 00:00:00, 0, 0, 0, 0, 0, 0, 3.6, 78.36, 122.52, 255.72, 316.08, 399.48, 356.76, 382.44, 248.52, 257.28, 147.12, 84.72, 0, 0, 0, 0, 0, 0, 2652.6, 111, 399.48, 3.6, 399.48, 0, 
영흥태양광, 1, 2026-08-30 00:00:00, 0, 0, 0, 0, 0, 0, 0.499, 18.125, 41.779, 89.587, 135.168, 163.008, 148.954, 154.445, 108.979, 115.238, 62.246, 31.603, 0.269, 0, 0, 0, 0, 0, 1069.9, 45, 163.008, 0.269, 163.008, 0, 
예천태양광, 1, 2026-08-30 00:00:00, 0, 0, 0, 0, 0, 0, 28.26, 86.4, 74.52, 503.28, 616.86, 850.32, 477.36, 270.36, 202.68, 249.3, 187.56, 66.06, 24.12, 0, 0, 0, 0, 0, 3637.08, 152, 850.32, 24.12, 850.32, 0, 
여수태양광, 1, 2026-08-30 00:00:00, 0, 0, 0, 0, 0, 0, 0, 0, 0, 0, 0, 0, 0, 0, 0, 0, 0, 0, 0, 0, 0, 0, 0, 667, 667, 28, 667, 667, 667, 0, 
영흥태양광, 2, 2026-08-30 00:00:00, 0, 0, 0, 0, 0, 0, 0, 0, 5.785, 77.137, 95.457, 124.383, 107.992, 118.598, 68.459, 74.244, 38.568, 21.213, 0, 0, 0, 0, 0, 0, 731.836, 30, 124.383, 5.785, 124.383, 0, 
탑선태양광, 1, 2026-08-30 00:00:00, 0, 0, 0, 0, 0, 0, 0, 0, 0, 0, 0, 0, 0, 0, 0, 0, 0, 0, 0, 0, 0, 0, 0, 1197, 1197, 50, 1197, 1197, 1197, 0, 
탑선태양광, 3, 2026-08-30 00:00:00, 0, 0, 0, 0, 0, 0, 0, 0, 0, 0, 0, 0, 0, 0, 0, 0, 0, 0, 0, 0, 0, 0, 0, 194, 194, 8, 194, 194, 194, 0, 
경상대태양광, 1, 2026-08-30 00:00:00, 0, 0, 0, 0, 0, 0, 0, 64.296, 151.92, 166.608, 254.232, 343.584, 330.264, 405.36, 475.056, 245.88, 62.568, 0.432, 0, 0, 0, 0, 0, 0, 2500.2, 104, 475.056, 0.432, 475.056, 0, 
고흥만 수상태양광, 1, 2026-08-30 00:00:00, 0, 0, 0, 0, 0, 0, 1885.716, 7678.692, 16526.496, 6832.056, 24427.2, 26583.312, 36940.008, 40687.08, 31678.416, 27324.276, 15185.772, 5654.964, 890.82, 0, 0, 0, 0, 0, 242294.808, 10096, 40687.08, 890.82, 40687.08, 0, 
영동태양광, 1, 2026-08-29 00:00:00, 0, 0, 0, 0, 0, 0, 0, 8.256, 15.84, 15.456, 13.632, 13.92, 15.648, 12.96, 313.536, 302.88, 402.336, 676.608, 674.976, 406.08, 0, 0, 0, 0, 2872.128, 120, 676.608, 8.256, 676.608, 0, 
삼천포태양광#5, 1, 2026-08-29 00:00:00, 0, 0, 0, 0, 0, 0, 42.166, 172.726, 181.606, 224.603, 306.671, 528.879, 289.113, 201.585, 161.155, 280.493, 2510.571, 2462.571, 1723.057, 0.033, 0, 0, 0, 0, 9085.229, 379, 2510.571, 0.033, 2510.571, 0, 
삼천포태양광#5, 2, 2026-08-29 00:00:00, 0, 0, 0, 0, 0, 0, 78.134, 268.228, 271.818, 285.016, 280.359, 433.664, 310.234, 273.138, 257.503, 516.489, 4147.281, 3797.076, 3511.519, 0.056, 0, 0, 0, 0, 14430.515, 601, 4147.281, 0.056, 4147.281, 0, 
광양항세방태양광, 1, 2026-08-29 00:00:00, 0, 0, 0, 0, 0, 0, 28.8, 276, 674.4, 1257.6, 1716, 1185.6, 890.4, 1468.8, 852, 585.6, 777.6, 182.4, 24, 0, 0, 0, 0, 0, 9919.2, 413, 1716, 24, 1716, 0, 
두산엔진MG태양광, 1, 2026-08-29 00:00:00, 0, 0, 0, 0, 0, 0, 1.38, 4.68, 10.98, 25.02, 33.66, 29.94, 22.68, 7.8, 10.26, 6.84, 9.3, 6.78, 1.2, 0, 0, 0, 0, 0, 170.52, 7, 33.66, 1.2, 33.66, 0, 
삼천포태양광, 1, 2026-08-29 00:00:00, 0, 0, 0, 0, 0, 0, 0.024, 1.86, 8.256, 16.692, 25.296, 25.908, 22.332, 9.768, 6.6, 4.692, 9.216, 0.012, 0, 0, 0, 0, 0, 0, 130.656, 5, 25.908, 0.012, 25.908, 0, 
삼천포태양광, 2, 2026-08-29 00:00:00, 0, 0, 0, 0, 0, 0, 12.768, 56.64, 141.984, 335.136, 438.048, 489.696, 409.632, 219.648, 129.216, 82.368, 182.016, 9.024, 0, 0, 0, 0, 0, 0, 2506.176, 104, 489.696, 9.024, 489.696, 0, 
삼천포태양광, 3, 2026-08-29 00:00:00, 0, 0, 0, 0, 0, 0, 1.116, 13.176, 48.168, 130.428, 171.324, 185.436, 144.432, 69.372, 43.956, 24.516, 60.552, 0, 0, 0, 0, 0, 0, 0, 892.476, 37, 185.436, 1.116, 185.436, 0, 
삼천포태양광, 4, 2026-08-29 00:00:00, 0, 0, 0, 0, 0, 0, 5.813, 65.342, 82.217, 97.476, 100.65, 109.746, 100.317, 85.164, 56.222, 68.161, 1176.828, 1141.369, 326.28, 0.015, 0, 0, 0, 0, 3415.6, 142, 1176.828, 0.015, 1176.828, 0, 
구미태양광, 1, 2026-08-29 00:00:00, 0, 0, 0, 0, 0, 0, 8.967, 74.341, 119.104, 105.364, 194.023, 281.742, 344.657, 370.691, 140.582, 141.016, 24.298, 115.199, 35.652, 0, 0, 0, 0, 0, 1955.636, 81, 370.691, 8.967, 370.691, 0, 
삼천포태양광#6, 1, 2026-08-29 00:00:00, 0, 0, 0, 0, 0, 0, 0, 0, 0, 0, 0, 0, 0, 0, 0, 0, 0, 0, 0, 0, 0, 0, 0, 0, 0, 0, 0, 0, 0, 0, 
영흥태양광#5, 1, 2026-08-29 00:00:00, 0, 0, 0, 0, 0, 0, 0, 0, 0, 0, 0, 0, 0, 0, 0, 0, 0, 0, 0, 0, 0, 0, 0, 0, 0, 0, 0, 0, 0, 0, 
영흥태양광 #3, 1, 2026-08-29 00:00:00, 0, 0, 0, 0, 0, 0, 0, 202.56, 299.52, 1134.48, 1370.88, 1383.6, 1963.2, 2037.36, 1813.68, 1478.88, 948, 260.16, 7.68, 0, 0, 0, 0, 0, 12900, 538, 2037.36, 7.68, 2037.36, 0, 
영흥태양광 #3, 2, 2026-08-29 00:00:00, 0, 0, 0, 0, 0, 0, 3.84, 68.448, 142.56, 452.064, 506.4, 502.944, 679.872, 675.648, 608.928, 513.6, 362.208, 129.024, 8.352, 0, 0, 0, 0, 0, 4653.888, 194, 679.872, 3.84, 679.872, 0, 
영흥태양광 #3, 3, 2026-08-29 00:00:00, 0, 0, 0, 0, 0, 0, 0.24, 129, 158.88, 644.28, 791.16, 918.12, 1187.64, 1176.36, 1077.48, 879.36, 589.8, 172.08, 7.2, 0, 0, 0, 0, 0, 7731.6, 322, 1187.64, 0.24, 1187.64, 0, 
영흥태양광, 1, 2026-08-29 00:00:00, 0, 0, 0, 0, 0, 0, 0.154, 41.549, 66.893, 178.214, 261.35, 335.386, 450.701, 448.704, 403.277, 340.762, 240.23, 65.971, 2.65, 0, 0, 0, 0, 0, 2835.841, 118, 450.701, 0.154, 450.701, 0, 
예천태양광, 1, 2026-08-29 00:00:00, 0, 0, 0, 0, 0, 0, 8.46, 41.4, 169.02, 244.44, 374.58, 355.32, 412.56, 993.6, 856.44, 332.64, 308.52, 13.86, 2.7, 0, 0, 0, 0, 0, 4113.54, 171, 993.6, 2.7, 993.6, 0, 
여수태양광, 1, 2026-08-29 00:00:00, 0, 0, 0, 0, 0, 0, 0, 0, 0, 0, 0, 0, 0, 0, 0, 0, 0, 0, 0, 0, 0, 0, 0, 121, 121, 5, 121, 121, 121, 0, 
영흥태양광, 2, 2026-08-29 00:00:00, 0, 0, 0, 0, 0, 0, 0, 22.177, 57.853, 188.985, 242.981, 238.16, 336.509, 351.937, 315.297, 253.587, 161.023, 49.175, 1.928, 0, 0, 0, 0, 0, 2219.612, 92, 351.937, 1.928, 351.937, 0, 
탑선태양광, 1, 2026-08-29 00:00:00, 0, 0, 0, 0, 0, 0, 0, 0, 0, 0, 0, 0, 0, 0, 0, 0, 0, 0, 0, 0, 0, 0, 0, 1197, 1197, 50, 1197, 1197, 1197, 0, 
탑선태양광, 3, 2026-08-29 00:00:00, 0, 0, 0, 0, 0, 0, 0, 0, 0, 0, 0, 0, 0, 0, 0, 0, 0, 0, 0, 0, 0, 0, 0, 194, 194, 8, 194, 194, 194, 0, 
경상대태양광, 1, 2026-08-29 00:00:00, 0, 0, 0, 0, 0, 0, 2.952, 54.072, 133.56, 319.68, 359.064, 293.328, 68.4, 259.344, 202.536, 68.832, 128.088, 114.048, 6.192, 0, 0, 0, 0, 0, 2010.096, 84, 359.064, 2.952, 359.064, 0, 
고흥만 수상태양광, 1, 2026-08-29 00:00:00, 0, 0, 0, 0, 0, 0, 1408.68, 6871.284, 17200.092, 20116.824, 35919.912, 23351.412, 18068.316, 26799.192, 35123.76, 37549.68, 19925.304, 9076.2, 1728.216, 0, 0, 0, 0, 0, 253138.872, 10547, 37549.68, 1408.68, 37549.68, 0, 
영동태양광, 1, 2026-08-28 00:00:00, 0, 0, 0, 0, 0, 0, 0, 3.744, 13.152, 13.824, 12.096, 12.864, 5.856, 17.76, 9.984, 7.68, 275.424, 1.632, 0, 0, 0, 0, 0, 0, 374.016, 16, 275.424, 1.632, 275.424, 0, 
삼천포태양광#5, 1, 2026-08-28 00:00:00, 0, 0, 0, 0, 0, 0, 0, 0, 103.21, 131.617, 140.383, 109.569, 155.218, 184.696, 185.126, 337.755, 1218.844, 2.446, 0.132, 0, 0, 0, 0, 0, 2568.996, 107, 1218.844, 0.132, 1218.844, 0, 
삼천포태양광#5, 2, 2026-08-28 00:00:00, 0, 0, 0, 0, 0, 0, 0, 0, 183.484, 246.062, 253.402, 194.79, 250.109, 280.488, 290.635, 668.74, 2238.303, 17.938, 2.052, 0, 0, 0, 0, 0, 4626.003, 193, 2238.303, 2.052, 2238.303, 0, 
광양항세방태양광, 1, 2026-08-28 00:00:00, 0, 0, 0, 0, 0, 0, 0, 12, 14.4, 4.8, 36, 573.6, 170.4, 228, 223.2, 127.2, 160.8, 62.4, 24, 0, 0, 0, 0, 0, 1636.8, 68, 573.6, 4.8, 573.6, 0, 
두산엔진MG태양광, 1, 2026-08-28 00:00:00, 0, 0, 0, 0, 0, 0, 0.12, 2.58, 1.5, 4.08, 4.26, 4.2, 8.1, 4.98, 11.28, 12.24, 5.82, 1.44, 0.42, 0, 0, 0, 0, 0, 61.02, 3, 12.24, 0.12, 12.24, 0, 
삼천포태양광, 1, 2026-08-28 00:00:00, 0, 0, 0, 0, 0, 0, 0, 0, 4.44, 2.484, 1.752, 1.44, 4.764, 4.62, 7.152, 3.336, 0.444, 0, 0, 0, 0, 0, 0, 0, 30.432, 1, 7.152, 0.444, 7.152, 0, 
삼천포태양광, 2, 2026-08-28 00:00:00, 0, 0, 0, 0, 0, 0, 0, 0.96, 87.264, 63.072, 53.76, 48.384, 92.448, 82.848, 124.224, 83.04, 32.064, 10.08, 6.528, 0, 0, 0, 0, 0, 684.672, 29, 124.224, 0.96, 124.224, 0, 
삼천포태양광, 3, 2026-08-28 00:00:00, 0, 0, 0, 0, 0, 0, 0, 0, 29.304, 14.004, 10.98, 10.332, 24.408, 19.728, 37.476, 21.132, 4.5, 0, 0, 0, 0, 0, 0, 0, 171.864, 7, 37.476, 4.5, 37.476, 0, 
삼천포태양광, 4, 2026-08-28 00:00:00, 0, 0, 0, 0, 0, 0, 0, 0, 41.297, 57.441, 59.926, 40.489, 63.505, 81.489, 78.862, 76.377, 431.044, 0, 0, 0, 0, 0, 0, 0, 930.43, 39, 431.044, 40.489, 431.044, 0, 
구미태양광, 1, 2026-08-28 00:00:00, 0, 0, 0, 0, 0, 0, 0.289, 34.639, 53.224, 74.991, 126.77, 130.892, 46.282, 247.392, 160.541, 45.559, 7.015, 0, 0, 0, 0, 0, 0, 0, 927.594, 39, 247.392, 0.289, 247.392, 0, 
삼천포태양광#6, 1, 2026-08-28 00:00:00, 0, 0, 0, 0, 0, 0, 0, 0, 0, 0, 0, 0, 0, 0, 0, 0, 0, 0, 0, 0, 0, 0, 0, 0, 0, 0, 0, 0, 0, 0, 
영흥태양광#5, 1, 2026-08-28 00:00:00, 0, 0, 0, 0, 0, 0, 24.105, 192.842, 448.358, 814.758, 655.663, 1132.947, 1407.747, 1562.021, 1284.811, 1038.937, 834.042, 286.853, 53.032, 0, 0, 0, 0, 0, 9736.116, 406, 1562.021, 24.105, 1562.021, 0, 
영흥태양광 #3, 1, 2026-08-28 00:00:00, 0, 0, 0, 0, 0, 0, 0, 143.04, 392.88, 684.24, 532.08, 883.2, 1191.36, 1434, 1058.16, 918.72, 759.84, 255.12, 12.48, 0, 0, 0, 0, 0, 8265.12, 344, 1434, 12.48, 1434, 0, 
영흥태양광 #3, 2, 2026-08-28 00:00:00, 0, 0, 0, 0, 0, 0, 1.536, 40.704, 94.944, 180.384, 142.656, 251.424, 312.384, 352.128, 328.512, 317.952, 269.472, 101.088, 16.32, 0, 0, 0, 0, 0, 2409.504, 100, 352.128, 1.536, 352.128, 0, 
영흥태양광 #3, 3, 2026-08-28 00:00:00, 0, 0, 0, 0, 0, 0, 1.8, 100.8, 247.92, 408.6, 315.84, 506.88, 703.8, 795, 621.36, 521.88, 477.12, 183.6, 0.84, 0, 0, 0, 0, 0, 4885.44, 204, 795, 0.84, 795, 0, 
영흥태양광, 1, 2026-08-28 00:00:00, 0, 0, 0, 0, 0, 0, 0.307, 31.603, 114.662, 168.883, 134.246, 234.893, 269.261, 300.326, 249.485, 211.2, 187.507, 95.462, 13.133, 0, 0, 0, 0, 0, 2010.968, 84, 300.326, 0.307, 300.326, 0, 
예천태양광, 1, 2026-08-28 00:00:00, 0, 0, 0, 0, 0, 0, 3.78, 45.18, 62.1, 142.56, 440.1, 359.64, 201.78, 265.14, 98.46, 39.24, 0, 5.58, 0, 0, 0, 0, 0, 0, 1663.56, 69, 440.1, 3.78, 440.1, 0, 
여수태양광, 1, 2026-08-28 00:00:00, 0, 0, 0, 0, 0, 0, 0, 0, 0, 0, 0, 0, 0, 0, 0, 0, 0, 0, 0, 0, 0, 0, 0, 286, 286, 12, 286, 286, 286, 0, 
영흥태양광, 2, 2026-08-28 00:00:00, 0, 0, 0, 0, 0, 0, 0, 1.928, 56.888, 117.634, 94.493, 156.202, 204.413, 258.408, 185.128, 161.023, 136.918, 44.354, 0, 0, 0, 0, 0, 0, 1417.389, 59, 258.408, 1.928, 258.408, 0, 
탑선태양광, 1, 2026-08-28 00:00:00, 0, 0, 0, 0, 0, 0, 0, 0, 0, 0, 0, 0, 0, 0, 0, 0, 0, 0, 0, 0, 0, 0, 0, 1197, 1197, 50, 1197, 1197, 1197, 0, 
탑선태양광, 3, 2026-08-28 00:00:00, 0, 0, 0, 0, 0, 0, 0, 0, 0, 0, 0, 0, 0, 0, 0, 0, 0, 0, 0, 0, 0, 0, 0, 194, 194, 8, 194, 194, 194, 0, 
경상대태양광, 1, 2026-08-28 00:00:00, 0, 0, 0, 0, 0, 0, 0, 0.432, 17.784, 8.352, 31.392, 124.704, 138.24, 161.424, 121.68, 44.136, 9.216, 10.296, 9.288, 0, 0, 0, 0, 0, 676.944, 28, 161.424, 0.432, 161.424, 0, 
고흥만 수상태양광, 1, 2026-08-28 00:00:00, 0, 0, 0, 0, 0, 0, 78.624, 3510.78, 2074.8, 5350.8, 21016.968, 35664.216, 25798.668, 37961.028, 29520.288, 16784.376, 10996.776, 6220.536, 1874.964, 3.276, 0, 0, 0, 0, 196856.1, 8202, 37961.028, 3.276, 37961.028, 0, 
영동태양광, 1, 2026-08-27 00:00:00, 0, 0, 0, 0, 0, 0, 1.248, 12.768, 11.232, 11.136, 11.136, 12.384, 23.616, 14.592, 294.336, 325.824, 581.568, 675.744, 669.312, 640.896, 0.768, 0, 0, 0, 3286.56, 137, 675.744, 0.768, 675.744, 0, 
삼천포태양광#5, 1, 2026-08-27 00:00:00, 0, 0, 0, 0, 0, 0, 5.726, 85.209, 146.782, 190.469, 218.188, 280.907, 337.792, 320.148, 982.643, 1768.359, 2511.64, 2546.005, 2442.182, 1370.108, 0, 0, 0, 0, 13206.158, 550, 2546.005, 5.726, 2546.005, 0, 
삼천포태양광#5, 2, 2026-08-27 00:00:00, 0, 0, 0, 0, 0, 0, 22.102, 162.198, 253.431, 278.167, 281.938, 612.474, 630.085, 978.466, 2926.347, 3090.024, 4068.325, 4113.313, 3744.535, 1575.49, 0, 0, 0, 0, 22736.895, 947, 4113.313, 22.102, 4113.313, 0, 
광양항세방태양광, 1, 2026-08-27 00:00:00, 0, 0, 0, 0, 0, 0, 62.4, 312, 631.2, 1108.8, 566.4, 837.6, 784.8, 1569.6, 1413.6, 508.8, 268.8, 40.8, 31.2, 0, 0, 0, 0, 0, 8136, 339, 1569.6, 31.2, 1569.6, 0, 
두산엔진MG태양광, 1, 2026-08-27 00:00:00, 0, 0, 0, 0, 0, 0, 0.54, 4.56, 11.28, 17.82, 26.82, 7.32, 15.96, 24.84, 23.64, 16.74, 11.46, 6.78, 0.48, 0, 0, 0, 0, 0, 168.24, 7, 26.82, 0.48, 26.82, 0, 
삼천포태양광, 1, 2026-08-27 00:00:00, 0, 0, 0, 0, 0, 0, 0, 1.236, 2.22, 11.268, 16.332, 19.872, 27.576, 31.596, 27.072, 21.756, 8.616, 1.416, 0, 0, 0, 0, 0, 0, 168.96, 7, 31.596, 1.236, 31.596, 0, 
삼천포태양광, 2, 2026-08-27 00:00:00, 0, 0, 0, 0, 0, 0, 6.912, 38.016, 82.56, 244.416, 313.152, 315.936, 485.472, 559.68, 440.832, 353.76, 164.832, 55.2, 2.688, 0, 0, 0, 0, 0, 3063.456, 128, 559.68, 2.688, 559.68, 0, 
삼천포태양광, 3, 2026-08-27 00:00:00, 0, 0, 0, 0, 0, 0, 0, 9.828, 20.916, 95.616, 110.232, 120.744, 176.04, 209.376, 155.412, 135.828, 55.332, 10.872, 0, 0, 0, 0, 0, 0, 1100.196, 46, 209.376, 9.828, 209.376, 0, 
삼천포태양광, 4, 2026-08-27 00:00:00, 0, 0, 0, 0, 0, 0, 0.9, 25.369, 59.938, 89.067, 94.035, 92.555, 102.954, 99.875, 251.698, 711.992, 1176.818, 1190.09, 1130.859, 249.202, 0, 0, 0, 0, 5275.352, 220, 1190.09, 0.9, 1190.09, 0, 
구미태양광, 1, 2026-08-27 00:00:00, 0, 0, 0, 0, 0, 0, 0, 27.046, 66.314, 209.282, 344.657, 411.115, 428.977, 169.508, 186.502, 227.505, 117.441, 1.374, 2.676, 1.085, 0, 0, 0, 0, 2193.482, 91, 428.977, 1.085, 428.977, 0, 
삼천포태양광#6, 1, 2026-08-27 00:00:00, 0, 0, 0, 0, 0, 0, 0, 0, 0, 0, 0, 0, 0, 0, 0, 0, 0, 0, 0, 0, 0, 0, 0, 0, 0, 0, 0, 0, 0, 0, 
영흥태양광#5, 1, 2026-08-27 00:00:00, 0, 0, 0, 0, 0, 0, 2.411, 53.032, 236.232, 467.642, 592.989, 715.926, 1455.958, 1665.674, 2010.379, 1453.547, 1222.137, 554.421, 69.905, 0, 0, 0, 0, 0, 10500.253, 438, 2010.379, 2.411, 2010.379, 0, 
영흥태양광 #3, 1, 2026-08-27 00:00:00, 0, 0, 0, 0, 0, 0, 0, 8.16, 199.92, 390.96, 490.08, 592.8, 1171.44, 1422.96, 1775.52, 1175.28, 993.12, 349.44, 28.8, 0, 0, 0, 0, 0, 8598.48, 358, 1775.52, 8.16, 1775.52, 0, 
영흥태양광 #3, 2, 2026-08-27 00:00:00, 0, 0, 0, 0, 0, 0, 0.096, 5.76, 50.592, 99.648, 127.872, 155.328, 332.736, 390.432, 479.904, 335.424, 285.12, 136.608, 18.624, 0, 0, 0, 0, 0, 2418.144, 101, 479.904, 0.096, 479.904, 0, 
영흥태양광 #3, 3, 2026-08-27 00:00:00, 0, 0, 0, 0, 0, 0, 0, 8.64, 119.16, 233.4, 286.32, 353.76, 671.04, 824.88, 1039.8, 666.48, 615.96, 286.08, 39.96, 0, 0, 0, 0, 0, 5145.48, 214, 1039.8, 8.64, 1039.8, 0, 
영흥태양광, 1, 2026-08-27 00:00:00, 0, 0, 0, 0, 0, 0, 0, 0.845, 47.424, 97.075, 113.51, 155.136, 264, 311.616, 403.277, 251.942, 240.154, 109.862, 15.091, 0, 0, 0, 0, 0, 2009.932, 84, 403.277, 0.845, 403.277, 0, 
예천태양광, 1, 2026-08-27 00:00:00, 0, 0, 0, 0, 0, 0, 18.36, 85.5, 192.42, 265.5, 565.2, 46.62, 228.6, 643.5, 652.68, 560.88, 332.82, 208.26, 32.4, 0, 0, 0, 0, 0, 3832.74, 160, 652.68, 18.36, 652.68, 0, 
여수태양광, 1, 2026-08-27 00:00:00, 0, 0, 0, 0, 0, 0, 0, 0, 0, 0, 0, 0, 0, 0, 0, 0, 0, 0, 0, 0, 0, 0, 0, 0, 589, 25, 0, 0, 0, 0, 
영흥태양광, 2, 2026-08-27 00:00:00, 0, 0, 0, 0, 0, 0, 0, 0, 3.857, 53.996, 84.851, 101.242, 201.52, 234.303, 304.691, 205.377, 166.808, 69.423, 6.749, 0, 0, 0, 0, 0, 1432.817, 60, 304.691, 3.857, 304.691, 0, 
탑선태양광, 1, 2026-08-27 00:00:00, 0, 0, 0, 0, 0, 0, 0, 0, 0, 0, 0, 0, 0, 0, 0, 0, 0, 0, 0, 0, 0, 0, 0, 1197, 1197, 50, 1197, 1197, 1197, 0, 
탑선태양광, 3, 2026-08-27 00:00:00, 0, 0, 0, 0, 0, 0, 0, 0, 0, 0, 0, 0, 0, 0, 0, 0, 0, 0, 0, 0, 0, 0, 0, 194, 194, 8, 194, 194, 194, 0, 
경상대태양광, 1, 2026-08-27 00:00:00, 0, 0, 0, 0, 0, 0, 3.168, 50.76, 183.384, 287.712, 342.36, 345.816, 451.368, 473.4, 477.936, 414.792, 155.592, 49.104, 2.448, 0, 0, 0, 0, 0, 3237.84, 135, 477.936, 2.448, 477.936, 0, 
고흥만 수상태양광, 1, 2026-08-27 00:00:00, 0, 0, 0, 0, 0, 0, 1225.056, 6857.088, 22024.296, 26206.152, 14830.284, 34216.476, 24516.744, 47500.992, 42630.924, 27359.808, 11609.556, 13456.548, 1993.236, 0, 0, 0, 0, 0, 274427.16, 11434, 47500.992, 1225.056, 47500.992, 0, 
영동태양광, 1, 2026-08-26 00:00:00, 0, 0, 0, 0, 0, 0, 1.344, 10.272, 9.12, 9.024, 9.12, 12.96, 13.056, 18.912, 192.672, 21.216, 323.904, 676.8, 676.416, 393.6, 0, 0, 0, 0, 2368.416, 99, 676.8, 1.344, 676.8, 0, 
삼천포태양광#5, 1, 2026-08-26 00:00:00, 0, 0, 0, 0, 0, 0, 26.664, 187.987, 201.427, 219.361, 214.19, 179.266, 987.107, 2650.679, 2412.039, 1945.643, 2466.58, 2532.249, 2483.15, 1978.327, 0, 0, 0, 0, 18484.669, 770, 2650.679, 26.664, 2650.679, 0, 
삼천포태양광#5, 2, 2026-08-26 00:00:00, 0, 0, 0, 0, 0, 0, 47.636, 280.372, 283.365, 280.074, 307.655, 821.403, 2974.194, 4582.562, 4134.507, 3332.143, 4264.942, 4236.6, 3821.557, 2240.228, 0, 0, 0, 0, 31607.238, 1317, 4582.562, 47.636, 4582.562, 0, 
광양항세방태양광, 1, 2026-08-26 00:00:00, 0, 0, 0, 0, 0, 0, 45.6, 295.2, 703.2, 1176, 1569.6, 1665.6, 1598.4, 1701.6, 1653.6, 1442.4, 1008, 348, 67.2, 0, 0, 0, 0, 0, 13274.4, 553, 1701.6, 45.6, 1701.6, 0, 
두산엔진MG태양광, 1, 2026-08-26 00:00:00, 0, 0, 0, 0, 0, 0, 1.32, 4.2, 9.3, 21.84, 34.44, 45.18, 38.16, 53.76, 52.98, 47.16, 37.26, 20.22, 4.38, 0, 0, 0, 0, 0, 370.2, 15, 53.76, 1.32, 53.76, 0, 
삼천포태양광, 1, 2026-08-26 00:00:00, 0, 0, 0, 0, 0, 0, 0, 2.352, 11.208, 18.42, 25.944, 29.424, 23.052, 31.212, 29.148, 24.06, 13.824, 4.992, 0, 0, 0, 0, 0, 0, 213.636, 9, 31.212, 2.352, 31.212, 0, 
삼천포태양광, 2, 2026-08-26 00:00:00, 0, 0, 0, 0, 0, 0, 10.368, 100.704, 260.736, 390.432, 491.04, 557.952, 397.344, 545.856, 495.552, 392.736, 228.48, 110.016, 10.08, 0, 0, 0, 0, 0, 3991.296, 166, 557.952, 10.08, 557.952, 0, 
삼천포태양광, 3, 2026-08-26 00:00:00, 0, 0, 0, 0, 0, 0, 3.42, 44.496, 103.32, 154.548, 190.368, 208.188, 148.248, 207.396, 186.3, 147.06, 82.332, 31.86, 0, 0, 0, 0, 0, 0, 1507.536, 63, 208.188, 3.42, 208.188, 0, 
삼천포태양광, 4, 2026-08-26 00:00:00, 0, 0, 0, 0, 0, 0, 3.037, 84.473, 93.745, 92.821, 90.795, 77.499, 120.427, 1109.64, 1005.782, 774.47, 1172.934, 1196.143, 1140.101, 528.733, 0, 0, 0, 0, 7490.6, 312, 1196.143, 3.037, 1196.143, 0, 
구미태양광, 1, 2026-08-26 00:00:00, 0, 0, 0, 0, 0, 0, 0.072, 68.917, 226.059, 398.677, 517.709, 329.471, 547.503, 557.121, 340.318, 271.329, 157.431, 94.155, 55.394, 0, 0, 0, 0, 0, 3564.156, 149, 557.121, 0.072, 557.121, 0, 
삼천포태양광#6, 1, 2026-08-26 00:00:00, 0, 0, 0, 0, 0, 0, 0, 0, 0, 0, 0, 0, 0, 0, 0, 0, 0, 0, 0, 0, 0, 0, 0, 0, 0, 0, 0, 0, 0, 0, 
영흥태양광#5, 1, 2026-08-26 00:00:00, 0, 0, 0, 0, 0, 0, 67.495, 289.263, 605.042, 1043.758, 1311.326, 1173.926, 2256.253, 1231.779, 788.242, 1135.358, 1195.621, 448.358, 74.726, 0, 0, 0, 0, 0, 11621.147, 484, 2256.253, 67.495, 2256.253, 0, 
영흥태양광 #3, 1, 2026-08-26 00:00:00, 0, 0, 0, 0, 0, 0, 18.24, 282, 497.28, 800.4, 1053.12, 906.96, 1743.84, 1032.48, 630.96, 920.16, 889.92, 348.48, 45.36, 0, 0, 0, 0, 0, 9169.2, 382, 1743.84, 18.24, 1743.84, 0, 
영흥태양광 #3, 2, 2026-08-26 00:00:00, 0, 0, 0, 0, 0, 0, 12.288, 67.296, 137.856, 229.056, 293.088, 254.208, 509.376, 275.136, 172.704, 260.736, 273.888, 104.928, 14.88, 0, 0, 0, 0, 0, 2605.44, 109, 509.376, 12.288, 509.376, 0, 
영흥태양광 #3, 3, 2026-08-26 00:00:00, 0, 0, 0, 0, 0, 0, 12.24, 154.56, 271.2, 426.48, 594.72, 519.96, 1025.16, 584.16, 358.32, 501.6, 569.04, 236.52, 39.84, 0, 0, 0, 0, 0, 5293.8, 221, 1025.16, 12.24, 1025.16, 0, 
영흥태양광, 1, 2026-08-26 00:00:00, 0, 0, 0, 0, 0, 0, 1.766, 57.178, 102.528, 163.546, 225.83, 199.834, 406.464, 264.653, 133.363, 177.754, 221.338, 99.802, 16.589, 0, 0, 0, 0, 0, 2070.645, 86, 406.464, 1.766, 406.464, 0, 
예천태양광, 1, 2026-08-26 00:00:00, 0, 0, 0, 0, 0, 0, 50.22, 267.12, 642.96, 901.44, 624.78, 921.78, 1039.5, 896.94, 658.44, 274.32, 190.08, 254.7, 11.34, 0, 0, 0, 0, 0, 6733.62, 281, 1039.5, 11.34, 1039.5, 0, 
여수태양광, 1, 2026-08-26 00:00:00, 0, 0, 0, 0, 0, 0, 0, 0, 0, 0, 0, 0, 0, 0, 0, 0, 0, 0, 0, 0, 0, 0, 0, 853, 853, 36, 853, 853, 853, 0, 
영흥태양광, 2, 2026-08-26 00:00:00, 0, 0, 0, 0, 0, 0, 0.964, 60.745, 128.24, 215.019, 256.48, 215.019, 393.398, 212.126, 106.063, 155.238, 156.202, 62.674, 5.785, 0, 0, 0, 0, 0, 1967.953, 82, 393.398, 0.964, 393.398, 0, 
탑선태양광, 1, 2026-08-26 00:00:00, 0, 0, 0, 0, 0, 0, 0, 0, 0, 0, 0, 0, 0, 0, 0, 0, 0, 0, 0, 0, 0, 0, 0, 1197, 1197, 50, 1197, 1197, 1197, 0, 
탑선태양광, 3, 2026-08-26 00:00:00, 0, 0, 0, 0, 0, 0, 0, 0, 0, 0, 0, 0, 0, 0, 0, 0, 0, 0, 0, 0, 0, 0, 0, 194, 194, 8, 194, 194, 194, 0, 
경상대태양광, 1, 2026-08-26 00:00:00, 0, 0, 0, 0, 0, 0, 5.904, 68.904, 205.992, 328.176, 425.304, 460.8, 388.8, 494.064, 462.24, 394.632, 271.8, 134.856, 19.584, 0, 0, 0, 0, 0, 3661.056, 153, 494.064, 5.904, 494.064, 0, 
고흥만 수상태양광, 1, 2026-08-26 00:00:00, 0, 0, 0, 0, 0, 0, 1286.712, 9513.252, 21893.508, 33557.244, 38641.932, 40220.46, 44131.752, 44827.692, 41601.084, 34223.952, 23784.516, 9778.776, 2221.464, 0, 0, 0, 0, 0, 345682.344, 14403, 44827.692, 1286.712, 44827.692, 0, 
영동태양광, 1, 2026-08-25 00:00:00, 0, 0, 0, 0, 0, 0, 0.48, 12.288, 14.592, 14.592, 12.096, 11.616, 142.656, 699.456, 622.848, 595.392, 583.008, 679.392, 674.784, 668.928, 127.968, 0, 0, 0, 4860.096, 203, 699.456, 0.48, 699.456, 0, 
삼천포태양광#5, 1, 2026-08-25 00:00:00, 0, 0, 0, 0, 0, 0, 44.834, 192.41, 220.166, 605.674, 350.358, 927.548, 1312.45, 1645.332, 2378.076, 1931.679, 2496.405, 2523.713, 2496.531, 2214.467, 0, 0, 0, 0, 19339.643, 806, 2523.713, 44.834, 2523.713, 0, 
삼천포태양광#5, 2, 2026-08-25 00:00:00, 0, 0, 0, 0, 0, 0, 79.11, 289.073, 288.076, 284.704, 324.121, 544.922, 4203.198, 4352.116, 3959.695, 3230.798, 4260.834, 4286.796, 3877.561, 2410.203, 0, 0, 0, 0, 32391.207, 1350, 4352.116, 79.11, 4352.116, 0, 
광양항세방태양광, 1, 2026-08-25 00:00:00, 0, 0, 0, 0, 0, 0, 48, 307.2, 710.4, 1207.2, 1574.4, 1773.6, 1850.4, 1809.6, 1677.6, 1416, 775.2, 453.6, 91.2, 0, 0, 0, 0, 0, 13694.4, 571, 1850.4, 48, 1850.4, 0, 
두산엔진MG태양광, 1, 2026-08-25 00:00:00, 0, 0, 0, 0, 0, 0, 1.56, 4.14, 9.36, 22.26, 27.54, 27.54, 47.34, 24.6, 28.14, 46.92, 31.62, 21.06, 5.88, 0, 0, 0, 0, 0, 297.96, 12, 47.34, 1.56, 47.34, 0, 
삼천포태양광, 1, 2026-08-25 00:00:00, 0, 0, 0, 0, 0, 0, 0, 2.688, 11.364, 13.692, 26.592, 30.336, 30.768, 31.308, 28.68, 24.072, 16.596, 5.856, 0.168, 0, 0, 0, 0, 0, 222.12, 9, 31.308, 0.168, 31.308, 0, 
삼천포태양광, 2, 2026-08-25 00:00:00, 0, 0, 0, 0, 0, 0, 14.4, 105.024, 260.64, 382.368, 498.528, 501.216, 559.008, 565.248, 500.448, 397.056, 263.232, 118.176, 21.792, 0, 0, 0, 0, 0, 4187.136, 174, 565.248, 14.4, 565.248, 0, 
삼천포태양광, 3, 2026-08-25 00:00:00, 0, 0, 0, 0, 0, 0, 2.88, 40.536, 102.636, 153.864, 185.508, 155.772, 208.476, 209.052, 185.832, 147.276, 96.156, 35.82, 1.512, 0, 0, 0, 0, 0, 1525.32, 64, 209.052, 1.512, 209.052, 0, 
삼천포태양광, 4, 2026-08-25 00:00:00, 0, 0, 0, 0, 0, 0, 5.441, 86.036, 95.455, 94.656, 102.425, 88.568, 473.071, 1078.221, 1002.65, 772.822, 1172.641, 1195.083, 1161.996, 571.514, 0, 0, 0, 0, 7900.579, 329, 1195.083, 5.441, 1195.083, 0, 
구미태양광, 1, 2026-08-25 00:00:00, 0, 0, 0, 0, 0, 0, 3.037, 67.832, 238.353, 405.836, 531.593, 578.599, 582.721, 545.044, 501.004, 499.268, 380.019, 189.54, 43.968, 0.579, 0, 0, 0, 0, 4567.393, 190, 582.721, 0.579, 582.721, 0, 
삼천포태양광#6, 1, 2026-08-25 00:00:00, 0, 0, 0, 0, 0, 0, 5.799, 80.4, 187.638, 272.502, 416.623, 379.251, 459.905, 503.203, 477.291, 230.638, 0, 0, 0, 0, 0, 0, 0, 0, 3013.25, 126, 503.203, 5.799, 503.203, 0, 
영흥태양광#5, 1, 2026-08-25 00:00:00, 0, 0, 0, 0, 0, 0, 0, 113.295, 450.768, 1084.737, 1000.368, 947.337, 1817.537, 2352.674, 2287.589, 1887.442, 1234.189, 609.863, 48.211, 0, 0, 0, 0, 0, 13834.01, 576, 2352.674, 48.211, 2352.674, 0, 
영흥태양광 #3, 1, 2026-08-25 00:00:00, 0, 0, 0, 0, 0, 0, 0, 144, 632.16, 1412.4, 1856.64, 1991.28, 2063.28, 1924.32, 1882.08, 1562.16, 1043.52, 385.44, 16.56, 0, 0, 0, 0, 0, 14913.84, 621, 2063.28, 16.56, 2063.28, 0, 
영흥태양광 #3, 2, 2026-08-25 00:00:00, 0, 0, 0, 0, 0, 0, 0, 33.216, 199.968, 392.832, 482.208, 535.584, 527.424, 521.472, 495.072, 412.416, 281.76, 143.52, 11.52, 0, 0, 0, 0, 0, 4036.992, 168, 535.584, 11.52, 535.584, 0, 
영흥태양광 #3, 3, 2026-08-25 00:00:00, 0, 0, 0, 0, 0, 0, 0, 59.76, 256.56, 694.8, 999.48, 1068.36, 1162.08, 1092.36, 1044.24, 871.68, 619.68, 292.32, 25.08, 0, 0, 0, 0, 0, 8186.4, 341, 1162.08, 25.08, 1162.08, 0, 
영흥태양광, 1, 2026-08-25 00:00:00, 0, 0, 0, 0, 0, 0, 0, 8.294, 90.47, 248.64, 379.814, 439.45, 438.528, 428.39, 407.04, 338.189, 242.995, 111.936, 11.098, 0, 0, 0, 0, 0, 3144.844, 131, 439.45, 8.294, 439.45, 0, 
예천태양광, 1, 2026-08-25 00:00:00, 0, 0, 0, 0, 0, 0, 39.78, 294.3, 465.48, 443.88, 605.88, 804.06, 734.58, 423.18, 822.42, 640.62, 672.12, 276.84, 23.94, 0, 0, 0, 0, 0, 6247.08, 260, 822.42, 23.94, 822.42, 0, 
여수태양광, 1, 2026-08-25 00:00:00, 0, 0, 0, 0, 0, 0, 0, 0, 0, 0, 0, 0, 0, 0, 0, 0, 0, 0, 0, 0, 0, 0, 0, 596, 596, 25, 596, 596, 596, 0, 
영흥태양광, 2, 2026-08-25 00:00:00, 0, 0, 0, 0, 0, 0, 0, 25.069, 134.025, 330.724, 461.857, 499.461, 537.065, 503.318, 488.855, 396.291, 261.301, 128.24, 9.642, 0, 0, 0, 0, 0, 3775.848, 157, 537.065, 9.642, 537.065, 0, 
탑선태양광, 1, 2026-08-25 00:00:00, 0, 0, 0, 0, 0, 0, 0, 0, 0, 0, 0, 0, 0, 0, 0, 0, 0, 0, 0, 0, 0, 0, 0, 1197, 1197, 50, 1197, 1197, 1197, 0, 
탑선태양광, 3, 2026-08-25 00:00:00, 0, 0, 0, 0, 0, 0, 0, 0, 0, 0, 0, 0, 0, 0, 0, 0, 0, 0, 0, 0, 0, 0, 0, 194, 194, 8, 194, 194, 194, 0, 
경상대태양광, 1, 2026-08-25 00:00:00, 0, 0, 0, 0, 0, 0, 6.192, 68.328, 205.272, 340.344, 429.696, 484.488, 516.672, 482.04, 479.664, 402.624, 297.144, 158.76, 32.616, 0, 0, 0, 0, 0, 3903.84, 163, 516.672, 6.192, 516.672, 0, 
고흥만 수상태양광, 1, 2026-08-25 00:00:00, 0, 0, 0, 0, 0, 0, 1750.644, 9804.9, 22537.704, 33393.444, 41753.46, 45792.096, 47101.992, 46493.496, 41706.588, 34606.152, 24141.432, 11272.296, 1994.58, 0, 0, 0, 0, 0, 362348.784, 15098, 47101.992, 1750.644, 47101.992, 0, 
영동태양광, 1, 2026-08-24 00:00:00, 0, 0, 0, 0, 0, 0, 1.44, 10.176, 9.12, 10.56, 15.456, 16.512, 68.448, 705.6, 673.92, 603.36, 508.32, 683.808, 679.584, 673.056, 162.816, 0, 0, 0, 4822.176, 201, 705.6, 1.44, 705.6, 0, 
삼천포태양광#5, 1, 2026-08-24 00:00:00, 0, 0, 0, 0, 0, 0, 47.473, 193.704, 212.598, 227.298, 196.911, 212.121, 1533.437, 2516.765, 2297.49, 1986.688, 2512.855, 2532.019, 2515.839, 2171.027, 0, 0, 0, 0, 19156.225, 798, 2532.019, 47.473, 2532.019, 0, 
삼천포태양광#5, 2, 2026-08-24 00:00:00, 0, 0, 0, 0, 0, 0, 80.016, 337.034, 340.434, 342.064, 304.759, 463.946, 3784.94, 4126.075, 3676.177, 3231.153, 4263.249, 4278.782, 3884.405, 2369.615, 0, 0, 0, 0, 31482.649, 1312, 4278.782, 80.016, 4278.782, 0, 
광양항세방태양광, 1, 2026-08-24 00:00:00, 0, 0, 0, 0, 0, 0, 36, 309.6, 724.8, 1137.6, 1480.8, 1706.4, 1617.6, 1876.8, 1747.2, 1497.6, 1063.2, 501.6, 93.6, 0, 0, 0, 0, 0, 13792.8, 575, 1876.8, 36, 1876.8, 0, 
두산엔진MG태양광, 1, 2026-08-24 00:00:00, 0, 0, 0, 0, 0, 0, 1.5, 4.26, 9.9, 21.48, 33.96, 45.42, 51.72, 55.32, 54.3, 49.74, 40.2, 25.44, 5.94, 0, 0, 0, 0, 0, 399.18, 17, 55.32, 1.5, 55.32, 0, 
삼천포태양광, 1, 2026-08-24 00:00:00, 0, 0, 0, 0, 0, 0, 0, 2.688, 11.064, 19.104, 25.68, 30.396, 32.28, 32.04, 29.448, 24.372, 16.272, 5.58, 0.144, 0, 0, 0, 0, 0, 229.068, 10, 32.28, 0.144, 32.28, 0, 
삼천포태양광, 2, 2026-08-24 00:00:00, 0, 0, 0, 0, 0, 0, 14.88, 104.352, 249.6, 387.456, 478.656, 532.704, 587.328, 545.088, 483.648, 391.872, 261.312, 115.584, 21.408, 0, 0, 0, 0, 0, 4173.888, 174, 587.328, 14.88, 587.328, 0, 
삼천포태양광, 3, 2026-08-24 00:00:00, 0, 0, 0, 0, 0, 0, 3.204, 39.096, 93.78, 145.26, 175.752, 207.144, 207.972, 207.144, 186.624, 149.328, 94.968, 34.416, 1.188, 0, 0, 0, 0, 0, 1545.876, 64, 207.972, 1.188, 207.972, 0, 
삼천포태양광, 4, 2026-08-24 00:00:00, 0, 0, 0, 0, 0, 0, 6.466, 87.709, 96.842, 98.241, 97.333, 93.605, 288.444, 1052.36, 907.392, 765.49, 1173.696, 1193.427, 1161.491, 587.727, 0, 0, 0, 0, 7610.223, 317, 1193.427, 6.466, 1193.427, 0, 
구미태양광, 1, 2026-08-24 00:00:00, 0, 0, 0, 0, 0, 0, 4.05, 69.929, 218.177, 376.187, 497.243, 561.604, 547.792, 510.622, 553.867, 450.021, 238.57, 46.137, 6.725, 0, 0, 0, 0, 0, 4080.924, 170, 561.604, 4.05, 561.604, 0, 
삼천포태양광#6, 1, 2026-08-24 00:00:00, 0, 0, 0, 0, 0, 0, 6.27, 78.306, 181.333, 300.245, 388.95, 449.671, 450.027, 521.288, 473.309, 391.989, 275.537, 127.532, 20.216, 0, 0, 0, 0, 0, 3664.673, 153, 521.288, 6.27, 521.288, 0, 
영흥태양광#5, 1, 2026-08-24 00:00:00, 0, 0, 0, 0, 0, 0, 48.211, 404.968, 1096.789, 1711.474, 2130.905, 2326.158, 2516.589, 2424.989, 2227.326, 1872.979, 1287.221, 559.242, 84.368, 0, 0, 0, 0, 0, 18691.219, 779, 2516.589, 48.211, 2516.589, 0, 
영흥태양광 #3, 1, 2026-08-24 00:00:00, 0, 0, 0, 0, 0, 0, 6.24, 328.8, 885.6, 1390.32, 1734, 1888.08, 2080.8, 1981.92, 1842, 1566.96, 1069.92, 374.16, 44.16, 0, 0, 0, 0, 0, 15192.96, 633, 2080.8, 6.24, 2080.8, 0, 
영흥태양광 #3, 2, 2026-08-24 00:00:00, 0, 0, 0, 0, 0, 0, 7.488, 86.112, 232.224, 373.728, 462.144, 497.664, 544.224, 532.032, 490.944, 418.272, 293.664, 137.184, 22.56, 0, 0, 0, 0, 0, 4098.24, 171, 544.224, 7.488, 544.224, 0, 
영흥태양광 #3, 3, 2026-08-24 00:00:00, 0, 0, 0, 0, 0, 0, 2.16, 176.04, 485.52, 785.28, 970.44, 1054.2, 1128.6, 1118.52, 1031.4, 888.84, 621, 273.24, 44.88, 0, 0, 0, 0, 0, 8580.12, 358, 1128.6, 2.16, 1128.6, 0, 
영흥태양광, 1, 2026-08-24 00:00:00, 0, 0, 0, 0, 0, 0, 1.421, 55.142, 169.651, 279.322, 357.35, 418.598, 431.616, 434.304, 402.317, 344.909, 248.486, 111.898, 14.976, 0, 0, 0, 0, 0, 3269.99, 136, 434.304, 1.421, 434.304, 0, 
예천태양광, 1, 2026-08-24 00:00:00, 0, 0, 0, 0, 0, 0, 47.7, 299.34, 623.52, 919.62, 1156.86, 1120.86, 1212.66, 1161.54, 1078.56, 841.32, 594.18, 260.46, 33.3, 0, 0, 0, 0, 0, 9349.92, 390, 1212.66, 33.3, 1212.66, 0, 
여수태양광, 1, 2026-08-24 00:00:00, 0, 0, 0, 0, 0, 0, 0, 0, 0, 0, 0, 0, 0, 0, 0, 0, 0, 0, 0, 0, 0, 0, 0, 330, 330, 14, 330, 330, 330, 0, 
영흥태양광, 2, 2026-08-24 00:00:00, 0, 0, 0, 0, 0, 0, 0.964, 64.602, 219.84, 364.472, 459.928, 484.034, 532.244, 517.781, 480.177, 397.255, 268.051, 119.562, 19.284, 0, 0, 0, 0, 0, 3928.194, 164, 532.244, 0.964, 532.244, 0, 
탑선태양광, 1, 2026-08-24 00:00:00, 0, 0, 0, 0, 0, 0, 0, 0, 0, 0, 0, 0, 0, 0, 0, 0, 0, 0, 0, 0, 0, 0, 0, 1197, 1197, 50, 1197, 1197, 1197, 0, 
탑선태양광, 3, 2026-08-24 00:00:00, 0, 0, 0, 0, 0, 0, 0, 0, 0, 0, 0, 0, 0, 0, 0, 0, 0, 0, 0, 0, 0, 0, 0, 194, 194, 8, 194, 194, 194, 0, 
경상대태양광, 1, 2026-08-24 00:00:00, 0, 0, 0, 0, 0, 0, 6.696, 68.976, 199.224, 328.896, 419.76, 482.832, 512.064, 511.92, 453.888, 402.552, 297.288, 162.072, 30.6, 0, 0, 0, 0, 0, 3876.768, 162, 512.064, 6.696, 512.064, 0, 
고흥만 수상태양광, 1, 2026-08-24 00:00:00, 0, 0, 0, 0, 0, 0, 1483.272, 9100.308, 20044.668, 30817.164, 41033.16, 45181.164, 46618.152, 46106.256, 40879.44, 34369.776, 23785.44, 11413.836, 2157.876, 0.252, 0, 0, 0, 0, 352990.764, 14708, 46618.152, 0.252, 46618.152, 0, 
영동태양광, 1, 2026-08-23 00:00:00, 0, 0, 0, 0, 0, 0, 3.648, 13.92, 12.192, 12.384, 11.904, 11.712, 98.976, 675.648, 693.024, 500.256, 586.272, 682.56, 677.184, 669.408, 265.344, 0, 0, 0, 4914.432, 205, 693.024, 3.648, 693.024, 0, 
삼천포태양광#5, 1, 2026-08-23 00:00:00, 0, 0, 0, 0, 0, 0, 52.068, 193.187, 194.814, 196.193, 196.51, 210.082, 1701.432, 2626.585, 1818.06, 1965.123, 2477.828, 2449.728, 2526.718, 1905.538, 0, 0, 0, 0, 18513.866, 771, 2626.585, 52.068, 2626.585, 0, 
삼천포태양광#5, 2, 2026-08-23 00:00:00, 0, 0, 0, 0, 0, 0, 83.99, 290.701, 290.608, 294.581, 299.576, 485.374, 3273.087, 4391.978, 3004.592, 3272.185, 4179.097, 4257.098, 4037.829, 1581.89, 0, 0, 0, 0, 29742.586, 1239, 4391.978, 83.99, 4391.978, 0, 
광양항세방태양광, 1, 2026-08-23 00:00:00, 0, 0, 0, 0, 0, 0, 45.6, 254.4, 744, 1315.2, 1156.8, 1704, 1497.6, 1272, 1737.6, 900, 667.2, 564, 88.8, 0, 0, 0, 0, 0, 11947.2, 498, 1737.6, 45.6, 1737.6, 0, 
두산엔진MG태양광, 1, 2026-08-23 00:00:00, 0, 0, 0, 0, 0, 0, 1.92, 6, 13.2, 24.06, 29.28, 31.44, 52.86, 33.48, 43.08, 52.08, 42.78, 21.6, 5.94, 0.06, 0, 0, 0, 0, 357.78, 15, 52.86, 0.06, 52.86, 0, 
삼천포태양광, 1, 2026-08-23 00:00:00, 0, 0, 0, 0, 0, 0, 0, 3.012, 8.196, 16.62, 26.772, 31.344, 29.808, 31.152, 21.288, 24.696, 10.704, 4.284, 0.972, 0, 0, 0, 0, 0, 208.848, 9, 31.344, 0.972, 31.344, 0, 
삼천포태양광, 2, 2026-08-23 00:00:00, 0, 0, 0, 0, 0, 0, 15.648, 113.856, 229.536, 406.656, 485.76, 597.024, 561.504, 561.696, 382.176, 410.304, 190.848, 96.384, 44.832, 0.096, 0, 0, 0, 0, 4096.32, 171, 597.024, 0.096, 597.024, 0, 
삼천포태양광, 3, 2026-08-23 00:00:00, 0, 0, 0, 0, 0, 0, 3.168, 42.408, 90.648, 158.184, 174.384, 209.016, 199.188, 202.068, 137.052, 152.1, 61.92, 26.136, 6.876, 0, 0, 0, 0, 0, 1463.148, 61, 209.016, 3.168, 209.016, 0, 
삼천포태양광, 4, 2026-08-23 00:00:00, 0, 0, 0, 0, 0, 0, 7.29, 91.191, 96.122, 97.495, 99.384, 97.722, 87.278, 874.144, 774.128, 795.04, 1180.368, 1183.761, 1183.121, 377.413, 0, 0, 0, 0, 6944.457, 289, 1183.761, 7.29, 1183.761, 0, 
구미태양광, 1, 2026-08-23 00:00:00, 0, 0, 0, 0, 0, 0, 0.289, 16.271, 90.901, 200.098, 299.894, 529.135, 616.781, 561.894, 579.973, 484.154, 362.591, 195.18, 49.753, 1.302, 0, 0, 0, 0, 3988.216, 166, 616.781, 0.289, 616.781, 0, 
삼천포태양광#6, 1, 2026-08-23 00:00:00, 0, 0, 0, 0, 0, 0, 6.508, 85.555, 152.673, 305.267, 393.715, 446.382, 418.027, 516.141, 373.716, 377.13, 212.763, 90.309, 45.572, 0, 0, 0, 0, 0, 3423.758, 143, 516.141, 6.508, 516.141, 0, 
영흥태양광#5, 1, 2026-08-23 00:00:00, 0, 0, 0, 0, 0, 0, 40.979, 458, 1132.947, 1764.505, 2183.937, 2432.221, 2492.484, 2398.474, 2215.274, 1836.821, 1296.863, 547.189, 86.779, 0, 0, 0, 0, 0, 18886.473, 787, 2492.484, 40.979, 2492.484, 0, 
영흥태양광 #3, 1, 2026-08-23 00:00:00, 0, 0, 0, 0, 0, 0, 0, 370.56, 934.32, 1451.04, 1783.92, 1987.44, 2061.84, 2008.08, 1881.84, 1563.84, 1095.6, 374.64, 39.12, 0, 0, 0, 0, 0, 15552.24, 648, 2061.84, 39.12, 2061.84, 0, 
영흥태양광 #3, 2, 2026-08-23 00:00:00, 0, 0, 0, 0, 0, 0, 3.744, 93.408, 240.768, 385.44, 474.144, 524.064, 534.432, 512.064, 478.272, 403.008, 292.128, 134.112, 22.944, 0, 0, 0, 0, 0, 4098.528, 171, 534.432, 3.744, 534.432, 0, 
영흥태양광 #3, 3, 2026-08-23 00:00:00, 0, 0, 0, 0, 0, 0, 3.12, 188.76, 514.32, 833.28, 1025.76, 1129.44, 1151.04, 1113.72, 1038.36, 866.64, 627.84, 286.56, 50.28, 0, 0, 0, 0, 0, 8829.12, 368, 1151.04, 3.12, 1151.04, 0, 
영흥태양광, 1, 2026-08-23 00:00:00, 0, 0, 0, 0, 0, 0, 0, 52.57, 179.904, 290.842, 376.474, 427.277, 437.107, 431.962, 402.816, 336.576, 241.613, 113.626, 18.278, 0, 0, 0, 0, 0, 3309.045, 138, 437.107, 18.278, 437.107, 0, 
예천태양광, 1, 2026-08-23 00:00:00, 0, 0, 0, 0, 0, 0, 24.48, 125.46, 421.02, 633.42, 720.54, 766.8, 462.96, 735.66, 698.58, 787.86, 598.5, 211.86, 32.04, 0, 0, 0, 0, 0, 6219.18, 259, 787.86, 24.48, 787.86, 0, 
여수태양광, 1, 2026-08-23 00:00:00, 0, 0, 0, 0, 0, 0, 0, 0, 0, 0, 0, 0, 0, 0, 0, 0, 0, 0, 0, 0, 0, 0, 0, 707, 707, 29, 707, 707, 707, 0, 
영흥태양광, 2, 2026-08-23 00:00:00, 0, 0, 0, 0, 0, 0, 0.964, 76.173, 230.446, 381.827, 473.427, 522.602, 532.244, 517.781, 484.034, 395.326, 270.943, 121.491, 17.356, 0, 0, 0, 0, 0, 4024.614, 168, 532.244, 0.964, 532.244, 0, 
탑선태양광, 1, 2026-08-23 00:00:00, 0, 0, 0, 0, 0, 0, 0, 0, 0, 0, 0, 0, 0, 0, 0, 0, 0, 0, 0, 0, 0, 0, 0, 1197, 1197, 50, 1197, 1197, 1197, 0, 
탑선태양광, 3, 2026-08-23 00:00:00, 0, 0, 0, 0, 0, 0, 0, 0, 0, 0, 0, 0, 0, 0, 0, 0, 0, 0, 0, 0, 0, 0, 0, 194, 194, 8, 194, 194, 194, 0, 
경상대태양광, 1, 2026-08-23 00:00:00, 0, 0, 0, 0, 0, 0, 7.056, 52.992, 132.336, 293.904, 394.56, 399.888, 472.824, 487.8, 489.456, 359.784, 205.776, 158.112, 32.544, 0.072, 0, 0, 0, 0, 3487.104, 145, 489.456, 0.072, 489.456, 0, 
고흥만 수상태양광, 1, 2026-08-23 00:00:00, 0, 0, 0, 0, 0, 0, 938.952, 8001.252, 12501.216, 18086.124, 29284.92, 19227.18, 35243.712, 37403.688, 35757.96, 28858.452, 17576.664, 9251.424, 2741.34, 25.2, 0, 0, 0, 0, 254898.084, 10621, 37403.688, 25.2, 37403.688, 0, 
영동태양광, 1, 2026-08-22 00:00:00, 0, 0, 0, 0, 0, 0, 0, 0, 8.832, 13.344, 13.824, 12, 12.768, 13.248, 12.288, 112.608, 383.712, 677.376, 192.096, 0, 0, 0, 0, 0, 1452.096, 61, 677.376, 8.832, 677.376, 0, 
삼천포태양광#5, 1, 2026-08-22 00:00:00, 0, 0, 0, 0, 0, 0, 13.484, 176.437, 200.304, 204.227, 218.595, 217.967, 449.358, 2620.413, 2239.217, 2069.626, 2513.76, 2531.867, 2526.041, 2228.282, 0, 0, 0, 0, 18209.578, 759, 2620.413, 13.484, 2620.413, 0, 
삼천포태양광#5, 2, 2026-08-22 00:00:00, 0, 0, 0, 0, 0, 0, 29.503, 279.521, 305.962, 299.255, 332.383, 585.729, 1539.362, 3954.6, 3766.944, 3467.951, 4265.259, 4284.222, 3920.084, 2428.877, 0, 0, 0, 0, 29459.652, 1227, 4284.222, 29.503, 4284.222, 0, 
광양항세방태양광, 1, 2026-08-22 00:00:00, 0, 0, 0, 0, 0, 0, 24, 199.2, 614.4, 1000.8, 1600.8, 1831.2, 1574.4, 1173.6, 1176, 657.6, 453.6, 588, 76.8, 0, 0, 0, 0, 0, 10970.4, 457, 1831.2, 24, 1831.2, 0, 
두산엔진MG태양광, 1, 2026-08-22 00:00:00, 0, 0, 0, 0, 0, 0, 2.52, 7.5, 13.2, 16.62, 17.04, 19.2, 39.42, 55.44, 54.84, 48.06, 41.16, 25.26, 2.64, 0, 0, 0, 0, 0, 342.9, 14, 55.44, 2.52, 55.44, 0, 
삼천포태양광, 1, 2026-08-22 00:00:00, 0, 0, 0, 0, 0, 0, 0.012, 2.124, 8.652, 17.148, 23.4, 30.816, 32.652, 32.268, 26.28, 25.308, 15.84, 5.976, 0.264, 0, 0, 0, 0, 0, 220.74, 9, 32.652, 0.012, 32.652, 0, 
삼천포태양광, 2, 2026-08-22 00:00:00, 0, 0, 0, 0, 0, 0, 8.928, 67.392, 170.976, 363.456, 489.408, 560.448, 528.192, 591.84, 439.776, 408.192, 269.856, 111.648, 25.056, 0, 0, 0, 0, 0, 4035.168, 168, 591.84, 8.928, 591.84, 0, 
삼천포태양광, 3, 2026-08-22 00:00:00, 0, 0, 0, 0, 0, 0, 0.54, 15.768, 59.328, 136.62, 184.464, 198.72, 189.9, 208.116, 157.104, 151.992, 96.156, 31.824, 2.088, 0, 0, 0, 0, 0, 1432.62, 60, 208.116, 0.54, 208.116, 0, 
삼천포태양광, 4, 2026-08-22 00:00:00, 0, 0, 0, 0, 0, 0, 2.41, 71.628, 95.341, 97.33, 95.748, 94.107, 76.055, 457.293, 991.834, 851.305, 1175.003, 1191.967, 1168.839, 611.433, 0, 0, 0, 0, 6980.293, 291, 1191.967, 2.41, 1191.967, 0, 
구미태양광, 1, 2026-08-22 00:00:00, 0, 0, 0, 0, 0, 0, 1.085, 40.641, 146.946, 256.504, 409.597, 356.228, 328.748, 470.197, 382.623, 310.018, 200.821, 95.891, 4.556, 0, 0, 0, 0, 0, 3003.855, 125, 470.197, 1.085, 470.197, 0, 
삼천포태양광#6, 1, 2026-08-22 00:00:00, 0, 0, 0, 0, 0, 0, 0.691, 45.574, 118.777, 285.779, 373.761, 450.061, 375.145, 506.079, 427.773, 406.045, 280.609, 123.872, 26.012, 0, 0, 0, 0, 0, 3420.178, 143, 506.079, 0.691, 506.079, 0, 
영흥태양광#5, 1, 2026-08-22 00:00:00, 0, 0, 0, 0, 0, 0, 2.411, 161.505, 238.642, 467.642, 855.737, 699.053, 43.389, 120.526, 14.463, 9.642, 21.695, 48.211, 108.474, 2.411, 0, 0, 0, 0, 2793.801, 116, 855.737, 2.411, 855.737, 0, 
영흥태양광 #3, 1, 2026-08-22 00:00:00, 0, 0, 0, 0, 0, 0, 0, 122.4, 212.64, 382.08, 701.04, 606.96, 8.64, 60, 0, 0, 1.44, 6.72, 55.2, 0, 0, 0, 0, 0, 2157.12, 90, 701.04, 1.44, 701.04, 0, 
영흥태양광 #3, 2, 2026-08-22 00:00:00, 0, 0, 0, 0, 0, 0, 0.384, 30.24, 52.896, 100.704, 185.952, 155.04, 6.528, 25.44, 0.864, 0.48, 1.152, 4.32, 22.656, 0, 0, 0, 0, 0, 586.656, 24, 185.952, 0.384, 185.952, 0, 
영흥태양광 #3, 3, 2026-08-22 00:00:00, 0, 0, 0, 0, 0, 0, 0, 73.56, 121.92, 205.8, 375.72, 340.44, 9.36, 35.64, 1.2, 0, 0, 8.16, 53.16, 0, 0, 0, 0, 0, 1224.96, 51, 375.72, 1.2, 375.72, 0, 
영흥태양광, 1, 2026-08-22 00:00:00, 0, 0, 0, 0, 0, 0, 0, 27.84, 55.949, 86.131, 145.229, 145.19, 2.458, 16.666, 0.845, 0, 0.038, 0.461, 20.39, 0, 0, 0, 0, 0, 501.197, 21, 145.229, 0.038, 145.229, 0, 
예천태양광, 1, 2026-08-22 00:00:00, 0, 0, 0, 0, 0, 0, 7.2, 169.38, 347.94, 688.32, 621.36, 482.22, 577.8, 714.6, 759.96, 254.7, 142.56, 27.54, 0, 0, 0, 0, 0, 0, 4793.58, 200, 759.96, 7.2, 759.96, 0, 
여수태양광, 1, 2026-08-22 00:00:00, 0, 0, 0, 0, 0, 0, 0, 0, 0, 0, 0, 0, 0, 0, 0, 0, 0, 0, 0, 0, 0, 0, 0, 0, 662, 28, 0, 0, 0, 0, 
영흥태양광, 2, 2026-08-22 00:00:00, 0, 0, 0, 0, 0, 0, 0, 12.535, 28.926, 98.349, 184.164, 171.629, 4.821, 17.356, 0.964, 0, 0, 0, 18.32, 0, 0, 0, 0, 0, 537.064, 22, 184.164, 0.964, 184.164, 0, 
탑선태양광, 1, 2026-08-22 00:00:00, 0, 0, 0, 0, 0, 0, 0, 0, 0, 0, 0, 0, 0, 0, 0, 0, 0, 0, 0, 0, 0, 0, 0, 1197, 1197, 50, 1197, 1197, 1197, 0, 
탑선태양광, 3, 2026-08-22 00:00:00, 0, 0, 0, 0, 0, 0, 0, 0, 0, 0, 0, 0, 0, 0, 0, 0, 0, 0, 0, 0, 0, 0, 0, 194, 194, 8, 194, 194, 194, 0, 
경상대태양광, 1, 2026-08-22 00:00:00, 0, 0, 0, 0, 0, 0, 0, 40.248, 120.096, 205.632, 335.016, 440.712, 481.176, 362.952, 311.544, 259.704, 263.736, 178.416, 36.072, 0, 0, 0, 0, 0, 3035.304, 126, 481.176, 36.072, 481.176, 0, 
고흥만 수상태양광, 1, 2026-08-22 00:00:00, 0, 0, 0, 0, 0, 0, 1203.384, 9985.584, 18368.112, 29430.66, 26402.544, 36942.78, 32149.572, 42206.472, 31115.196, 26871.432, 24298.764, 15245.328, 2188.2, 2.1, 0, 0, 0, 0, 296410.128, 12350, 42206.472, 2.1, 42206.472, 0, 
영동태양광, 1, 2026-08-21 00:00:00, 0, 0, 0, 0, 0, 0, 0, 12.384, 13.728, 12, 12.192, 11.808, 11.232, 12.48, 12.384, 73.248, 418.752, 677.856, 45.984, 0, 0, 0, 0, 0, 1314.048, 55, 677.856, 11.232, 677.856, 0, 
삼천포태양광#5, 1, 2026-08-21 00:00:00, 0, 0, 0, 0, 0, 0, 47.629, 189.7, 198.095, 196.247, 200.988, 200.77, 173.189, 1290.307, 2371.339, 1735.701, 2502.199, 2530.437, 2493.677, 1593.461, 0, 0, 0, 0, 15723.739, 655, 2530.437, 47.629, 2530.437, 0, 
삼천포태양광#5, 2, 2026-08-21 00:00:00, 0, 0, 0, 0, 0, 0, 89.813, 283.537, 284.479, 284.592, 289.552, 346.123, 424.161, 2944.875, 3863.065, 2861.786, 4248.386, 4157.857, 3825.823, 1488.579, 0, 0, 0, 0, 25392.628, 1058, 4248.386, 89.813, 4248.386, 0, 
광양항세방태양광, 1, 2026-08-21 00:00:00, 0, 0, 0, 0, 0, 0, 40.8, 352.8, 835.2, 772.8, 1447.2, 1524, 1243.2, 938.4, 1365.6, 696, 427.2, 256.8, 14.4, 0, 0, 0, 0, 0, 9914.4, 413, 1524, 14.4, 1524, 0, 
두산엔진MG태양광, 1, 2026-08-21 00:00:00, 0, 0, 0, 0, 0, 0, 1.8, 5.82, 11.82, 22.2, 16.86, 28.98, 46.08, 51, 47.46, 39.96, 33, 10.2, 2.1, 0, 0, 0, 0, 0, 317.28, 13, 51, 1.8, 51, 0, 
삼천포태양광, 1, 2026-08-21 00:00:00, 0, 0, 0, 0, 0, 0, 0.048, 3.288, 10.872, 16.152, 20.556, 21.864, 28.368, 23.676, 27.816, 21.012, 10.248, 1.584, 0, 0, 0, 0, 0, 0, 185.484, 8, 28.368, 0.048, 28.368, 0, 
삼천포태양광, 2, 2026-08-21 00:00:00, 0, 0, 0, 0, 0, 0, 16.8, 98.784, 238.752, 357.792, 428.352, 428.448, 541.728, 436.512, 502.176, 358.272, 178.272, 61.536, 12.48, 0, 0, 0, 0, 0, 3659.904, 152, 541.728, 12.48, 541.728, 0, 
삼천포태양광, 3, 2026-08-21 00:00:00, 0, 0, 0, 0, 0, 0, 3.06, 31.68, 86.22, 128.016, 156.384, 161.82, 192.816, 151.74, 179.928, 122.22, 51.84, 12.636, 0.216, 0, 0, 0, 0, 0, 1278.576, 53, 192.816, 0.216, 192.816, 0, 
삼천포태양광, 4, 2026-08-21 00:00:00, 0, 0, 0, 0, 0, 0, 11.742, 89.227, 94.562, 94.002, 96.115, 98.193, 85.309, 89.55, 749.684, 658.597, 1166.574, 1193.855, 1148.688, 340.063, 0, 0, 0, 0, 5916.161, 247, 1193.855, 11.742, 1193.855, 0, 
구미태양광, 1, 2026-08-21 00:00:00, 0, 0, 0, 0, 0, 0, 1.302, 74.558, 117.513, 280.441, 291.722, 290.059, 237.051, 264.314, 309.222, 154.105, 108.257, 85.55, 4.917, 0, 0, 0, 0, 0, 2219.011, 92, 309.222, 1.302, 309.222, 0, 
삼천포태양광#6, 1, 2026-08-21 00:00:00, 0, 0, 0, 0, 0, 0, 0, 0, 0, 0, 0, 240.219, 369.47, 351.436, 457.64, 326.556, 184.64, 59.658, 7.925, 0, 0, 0, 0, 0, 1997.544, 83, 457.64, 7.925, 457.64, 0, 
영흥태양광#5, 1, 2026-08-21 00:00:00, 0, 0, 0, 0, 0, 0, 0, 38.568, 60.263, 91.6, 137.4, 161.505, 337.474, 477.284, 817.168, 330.242, 267.568, 115.705, 12.053, 0, 0, 0, 0, 0, 2846.83, 119, 817.168, 12.053, 817.168, 0, 
영흥태양광 #3, 1, 2026-08-21 00:00:00, 0, 0, 0, 0, 0, 0, 0, 0.24, 13.44, 24.48, 109.2, 123.36, 273.6, 393.84, 643.44, 247.92, 233.52, 78.96, 0, 0, 0, 0, 0, 0, 2142, 89, 643.44, 0.24, 643.44, 0, 
영흥태양광 #3, 2, 2026-08-21 00:00:00, 0, 0, 0, 0, 0, 0, 0, 2.88, 4.416, 15.456, 29.952, 36.384, 75.648, 103.872, 176.16, 77.376, 61.44, 24.768, 0.96, 0, 0, 0, 0, 0, 609.312, 25, 176.16, 0.96, 176.16, 0, 
영흥태양광 #3, 3, 2026-08-21 00:00:00, 0, 0, 0, 0, 0, 0, 0, 4.08, 17.04, 20.64, 70.56, 73.08, 148.8, 210, 342.48, 134.64, 134.64, 49.92, 0.48, 0, 0, 0, 0, 0, 1206.36, 50, 342.48, 0.48, 342.48, 0, 
영흥태양광, 1, 2026-08-21 00:00:00, 0, 0, 0, 0, 0, 0, 0, 0.115, 2.074, 8.064, 30.144, 34.368, 54.451, 85.978, 159.59, 71.77, 62.362, 22.694, 2.995, 0, 0, 0, 0, 0, 534.605, 22, 159.59, 0.115, 159.59, 0, 
예천태양광, 1, 2026-08-21 00:00:00, 0, 0, 0, 0, 0, 0, 25.38, 161.64, 390.6, 168.84, 208.98, 316.8, 286.38, 510.3, 442.8, 306.36, 277.2, 148.5, 31.14, 0, 0, 0, 0, 0, 3274.92, 136, 510.3, 25.38, 510.3, 0, 
여수태양광, 1, 2026-08-21 00:00:00, 0, 0, 0, 0, 0, 0, 0, 0, 0, 0, 0, 0, 0, 0, 0, 0, 0, 0, 0, 0, 0, 0, 0, 681, 681, 28, 681, 681, 681, 0, 
영흥태양광, 2, 2026-08-21 00:00:00, 0, 0, 0, 0, 0, 0, 0, 0, 0, 0.964, 12.535, 22.177, 69.423, 106.063, 174.522, 69.423, 62.674, 24.105, 0, 0, 0, 0, 0, 0, 541.886, 23, 174.522, 0.964, 174.522, 0, 
탑선태양광, 1, 2026-08-21 00:00:00, 0, 0, 0, 0, 0, 0, 0, 0, 0, 0, 0, 0, 0, 0, 0, 0, 0, 0, 0, 0, 0, 0, 0, 1197, 1197, 50, 1197, 1197, 1197, 0, 
탑선태양광, 3, 2026-08-21 00:00:00, 0, 0, 0, 0, 0, 0, 0, 0, 0, 0, 0, 0, 0, 0, 0, 0, 0, 0, 0, 0, 0, 0, 0, 194, 194, 8, 194, 194, 194, 0, 
경상대태양광, 1, 2026-08-21 00:00:00, 0, 0, 0, 0, 0, 0, 6.264, 38.88, 199.872, 212.904, 307.224, 257.112, 164.664, 407.88, 421.776, 250.488, 54.504, 54.792, 13.32, 0, 0, 0, 0, 0, 2389.68, 100, 421.776, 6.264, 421.776, 0, 
고흥만 수상태양광, 1, 2026-08-21 00:00:00, 0, 0, 0, 0, 0, 0, 1630.104, 9630.516, 23005.836, 25040.652, 34411.02, 30192.288, 35916.888, 31650.024, 26831.868, 28837.032, 15425.76, 6730.332, 1906.8, 1.428, 0, 0, 0, 0, 271210.548, 11300, 35916.888, 1.428, 35916.888, 0, 
영동태양광, 1, 2026-08-20 00:00:00, 0, 0, 0, 0, 0, 0, 5.376, 15.456, 13.344, 11.712, 11.424, 12, 11.712, 10.752, 10.272, 55.488, 424.8, 678.336, 445.056, 0, 0, 0, 0, 0, 1705.728, 71, 678.336, 5.376, 678.336, 0, 
삼천포태양광#5, 1, 2026-08-20 00:00:00, 0, 0, 0, 0, 0, 0, 67.387, 189.117, 190.956, 212.559, 194.054, 177.536, 2150.192, 2083.558, 2097.935, 1715.528, 2496.092, 2545.895, 2491.609, 1908.002, 0, 0, 0, 0, 18520.42, 772, 2545.895, 67.387, 2545.895, 0, 
삼천포태양광#5, 2, 2026-08-20 00:00:00, 0, 0, 0, 0, 0, 0, 122.13, 284.069, 284.401, 284.313, 339.811, 519.28, 4182.135, 3511.709, 3423.137, 2841.262, 4233.87, 4229.112, 3809.074, 2047.077, 0, 0, 0, 0, 30111.38, 1255, 4233.87, 122.13, 4233.87, 0, 
광양항세방태양광, 1, 2026-08-20 00:00:00, 0, 0, 0, 0, 0, 0, 64.8, 336, 811.2, 1298.4, 1557.6, 1730.4, 1094.4, 1540.8, 1610.4, 1286.4, 770.4, 487.2, 148.8, 0, 0, 0, 0, 0, 12736.8, 531, 1730.4, 64.8, 1730.4, 0, 
두산엔진MG태양광, 1, 2026-08-20 00:00:00, 0, 0, 0, 0, 0, 0, 2.28, 6.84, 9.12, 22.5, 35.46, 30.72, 51.3, 43.56, 31.44, 43.14, 33.72, 22.86, 1.2, 0, 0, 0, 0, 0, 334.14, 14, 51.3, 1.2, 51.3, 0, 
삼천포태양광, 1, 2026-08-20 00:00:00, 0, 0, 0, 0, 0, 0, 0.12, 2.916, 11.136, 18.852, 27.18, 30.804, 32.808, 25.344, 25.32, 23.472, 13.944, 5.82, 0, 0, 0, 0, 0, 0, 217.716, 9, 32.808, 0.12, 32.808, 0, 
삼천포태양광, 2, 2026-08-20 00:00:00, 0, 0, 0, 0, 0, 0, 22.464, 124.512, 285.888, 407.904, 540.48, 582.624, 619.2, 475.584, 445.056, 374.976, 237.12, 123.36, 8.832, 0, 0, 0, 0, 0, 4248, 177, 619.2, 8.832, 619.2, 0, 
삼천포태양광, 3, 2026-08-20 00:00:00, 0, 0, 0, 0, 0, 0, 4.68, 45.9, 106.992, 154.404, 193.14, 198.504, 219.168, 164.16, 165.168, 138.852, 81.972, 35.244, 0, 0, 0, 0, 0, 0, 1508.184, 63, 219.168, 4.68, 219.168, 0, 
삼천포태양광, 4, 2026-08-20 00:00:00, 0, 0, 0, 0, 0, 0, 15.779, 88.943, 94.555, 94.208, 90.646, 82.088, 247.785, 867.805, 912.88, 644.601, 1164.638, 1196.032, 1140.598, 499.777, 0, 0, 0, 0, 7140.335, 298, 1196.032, 15.779, 1196.032, 0, 
구미태양광, 1, 2026-08-20 00:00:00, 0, 0, 0, 0, 0, 0, 2.097, 53.803, 143.402, 301.412, 355.938, 332.942, 289.914, 294.036, 187.081, 207.402, 251.225, 183.971, 43.1, 4.845, 0, 0, 0, 0, 2651.168, 110, 355.938, 2.097, 355.938, 0, 
삼천포태양광#6, 1, 2026-08-20 00:00:00, 0, 0, 0, 0, 0, 0, 0, 0, 0, 0, 0, 0, 0, 0, 0, 0, 0, 0, 0, 0, 0, 0, 0, 0, 0, 0, 0, 0, 0, 0, 
영흥태양광#5, 1, 2026-08-20 00:00:00, 0, 0, 0, 0, 0, 0, 7.232, 98.832, 318.189, 506.211, 265.158, 241.053, 511.032, 778.6, 785.832, 687, 412.2, 460.411, 108.474, 0, 0, 0, 0, 0, 5180.224, 216, 785.832, 7.232, 785.832, 0, 
영흥태양광 #3, 1, 2026-08-20 00:00:00, 0, 0, 0, 0, 0, 0, 0, 37.92, 266.4, 437.28, 231.36, 178.56, 430.8, 672.48, 612.48, 572.4, 390.24, 381.6, 79.44, 0, 0, 0, 0, 0, 4290.96, 179, 672.48, 37.92, 672.48, 0, 
영흥태양광 #3, 2, 2026-08-20 00:00:00, 0, 0, 0, 0, 0, 0, 0.384, 15.744, 69.408, 110.112, 60.288, 54.24, 111.072, 176.832, 177.888, 152.736, 90.048, 109.344, 23.136, 0, 0, 0, 0, 0, 1151.232, 48, 177.888, 0.384, 177.888, 0, 
영흥태양광 #3, 3, 2026-08-20 00:00:00, 0, 0, 0, 0, 0, 0, 0, 37.2, 152.16, 255.84, 135.24, 111.12, 248.88, 386.16, 378.12, 331.92, 234.72, 265.56, 52.32, 0, 0, 0, 0, 0, 2589.24, 108, 386.16, 37.2, 386.16, 0, 
영흥태양광, 1, 2026-08-20 00:00:00, 0, 0, 0, 0, 0, 0, 0, 4.915, 64.205, 114.816, 58.944, 42.739, 102.451, 162.048, 155.021, 134.822, 99.61, 111.283, 20.966, 0, 0, 0, 0, 0, 1071.82, 45, 162.048, 4.915, 162.048, 0, 
예천태양광, 1, 2026-08-20 00:00:00, 0, 0, 0, 0, 0, 0, 90.54, 212.76, 311.58, 500.4, 300.06, 751.86, 563.04, 254.52, 213.66, 463.32, 423.36, 145.08, 63, 0, 0, 0, 0, 0, 4293.18, 179, 751.86, 63, 751.86, 0, 
여수태양광, 1, 2026-08-20 00:00:00, 0, 0, 0, 0, 0, 0, 0, 0, 0, 0, 0, 0, 0, 0, 0, 0, 0, 0, 0, 0, 0, 0, 0, 599, 599, 25, 599, 599, 599, 0, 
영흥태양광, 2, 2026-08-20 00:00:00, 0, 0, 0, 0, 0, 0, 0, 1.928, 41.461, 120.526, 60.745, 47.246, 113.777, 178.379, 161.987, 151.381, 105.099, 107.027, 23.141, 0, 0, 0, 0, 0, 1112.697, 46, 178.379, 1.928, 178.379, 0, 
탑선태양광, 1, 2026-08-20 00:00:00, 0, 0, 0, 0, 0, 0, 0, 0, 0, 0, 0, 0, 0, 0, 0, 0, 0, 0, 0, 0, 0, 0, 0, 1197, 1197, 50, 1197, 1197, 1197, 0, 
탑선태양광, 3, 2026-08-20 00:00:00, 0, 0, 0, 0, 0, 0, 0, 0, 0, 0, 0, 0, 0, 0, 0, 0, 0, 0, 0, 0, 0, 0, 0, 194, 194, 8, 194, 194, 194, 0, 
경상대태양광, 1, 2026-08-20 00:00:00, 0, 0, 0, 0, 0, 0, 3.384, 34.128, 119.376, 306.864, 437.184, 481.608, 510.408, 502.92, 436.464, 327.456, 229.608, 93.168, 6.48, 0, 0, 0, 0, 0, 3489.048, 145, 510.408, 3.384, 510.408, 0, 
고흥만 수상태양광, 1, 2026-08-20 00:00:00, 0, 0, 0, 0, 0, 0, 1833.888, 9117.444, 22993.404, 34229.748, 34201.188, 17431.596, 16638.048, 36660.372, 27958.644, 23299.416, 10827.096, 11944.632, 2522.94, 0, 0, 0, 0, 0, 249658.416, 10402, 36660.372, 1833.888, 36660.372, 0, 
영동태양광, 1, 2026-08-19 00:00:00, 0, 0, 0, 0, 0, 0, 2.976, 12.192, 11.424, 11.04, 10.176, 10.848, 11.328, 197.568, 460.896, 393.504, 418.656, 677.184, 674.4, 540.48, 0, 0, 0, 0, 3432.672, 143, 677.184, 2.976, 677.184, 0, 
삼천포태양광#5, 1, 2026-08-19 00:00:00, 0, 0, 0, 0, 0, 0, 69.822, 200.11, 194.117, 190.317, 255.93, 460.139, 596.006, 2569.294, 1945.62, 1011.323, 2404.602, 2361.798, 2265.836, 853.075, 0, 0, 0, 0, 15377.989, 641, 2569.294, 69.822, 2569.294, 0, 
삼천포태양광#5, 2, 2026-08-19 00:00:00, 0, 0, 0, 0, 0, 0, 120.516, 283.432, 285.112, 284.405, 608.872, 1153.467, 1336.793, 4380.176, 3088.973, 1767.471, 3724.656, 4027.661, 3831.705, 255.67, 0, 0, 0, 0, 25148.909, 1048, 4380.176, 120.516, 4380.176, 0, 
광양항세방태양광, 1, 2026-08-19 00:00:00, 0, 0, 0, 0, 0, 0, 67.2, 204, 415.2, 321.6, 1034.4, 1466.4, 1252.8, 1039.2, 1118.4, 998.4, 381.6, 93.6, 50.4, 0, 0, 0, 0, 0, 8443.2, 352, 1466.4, 50.4, 1466.4, 0, 
두산엔진MG태양광, 1, 2026-08-19 00:00:00, 0, 0, 0, 0, 0, 0, 2.46, 4.62, 10.5, 29.46, 36.42, 49.26, 48.24, 46.26, 32.76, 21.06, 5.64, 7.92, 0.9, 0, 0, 0, 0, 0, 295.5, 12, 49.26, 0.9, 49.26, 0, 
삼천포태양광, 1, 2026-08-19 00:00:00, 0, 0, 0, 0, 0, 0, 0.336, 3.396, 8.676, 11.28, 23.856, 33.06, 34.764, 32.172, 29.796, 19.044, 15.792, 2.544, 0, 0, 0, 0, 0, 0, 214.716, 9, 34.764, 0.336, 34.764, 0, 
삼천포태양광, 2, 2026-08-19 00:00:00, 0, 0, 0, 0, 0, 0, 23.808, 84.96, 174.048, 224.736, 476.64, 649.728, 655.872, 508.512, 527.232, 253.44, 255.744, 73.632, 12.768, 0, 0, 0, 0, 0, 3921.12, 163, 655.872, 12.768, 655.872, 0, 
삼천포태양광, 3, 2026-08-19 00:00:00, 0, 0, 0, 0, 0, 0, 5.112, 23.832, 52.308, 70.488, 169.632, 235.584, 232.992, 183.168, 194.292, 82.548, 93.42, 19.656, 0, 0, 0, 0, 0, 0, 1363.032, 57, 235.584, 5.112, 235.584, 0, 
삼천포태양광, 4, 2026-08-19 00:00:00, 0, 0, 0, 0, 0, 0, 19.718, 85.698, 94.604, 94.238, 89.439, 93.89, 71.609, 902.904, 804.024, 364.654, 1181.542, 1180.005, 1148.577, 641.423, 0, 0, 0, 0, 6772.325, 282, 1181.542, 19.718, 1181.542, 0, 
구미태양광, 1, 2026-08-19 00:00:00, 0, 0, 0, 0, 0, 0, 0, 33.482, 143.113, 279.862, 80.921, 100.447, 99.796, 146.078, 201.833, 206.895, 75.353, 77.161, 15.548, 2.097, 0, 0, 0, 0, 1462.586, 61, 279.862, 2.097, 279.862, 0, 
삼천포태양광#6, 1, 2026-08-19 00:00:00, 0, 0, 0, 0, 0, 0, 0, 0, 0, 0, 0, 0, 0, 0, 0, 0, 0, 0, 0, 0, 0, 0, 0, 0, 0, 0, 0, 0, 0, 0, 
영흥태양광#5, 1, 2026-08-19 00:00:00, 0, 0, 0, 0, 0, 0, 31.337, 110.884, 486.926, 658.074, 419.432, 0, 0, 0, 0, 0, 190.432, 559.242, 137.4, 0, 0, 0, 0, 0, 2593.727, 108, 658.074, 31.337, 658.074, 0, 
영흥태양광 #3, 1, 2026-08-19 00:00:00, 0, 0, 0, 0, 0, 0, 29.28, 130.08, 641.52, 824.88, 921.12, 835.92, 955.92, 889.92, 1086.96, 730.32, 453.6, 450.72, 98.16, 0, 0, 0, 0, 0, 8048.4, 335, 1086.96, 29.28, 1086.96, 0, 
영흥태양광 #3, 2, 2026-08-19 00:00:00, 0, 0, 0, 0, 0, 0, 4.224, 34.464, 163.776, 236.352, 276.384, 220.128, 257.76, 236.448, 281.856, 186.336, 114.432, 122.304, 27.072, 0, 0, 0, 0, 0, 2161.536, 90, 281.856, 4.224, 281.856, 0, 
영흥태양광 #3, 3, 2026-08-19 00:00:00, 0, 0, 0, 0, 0, 0, 19.56, 88.68, 285.36, 440.64, 547.32, 501.24, 539.4, 475.68, 602.28, 422.64, 282.72, 284.64, 68.04, 0, 0, 0, 0, 0, 4558.2, 190, 602.28, 19.56, 602.28, 0, 
영흥태양광, 1, 2026-08-19 00:00:00, 0, 0, 0, 0, 0, 0, 4.646, 31.949, 148.954, 215.731, 217.114, 200.064, 221.914, 191.347, 245.837, 176.179, 124.723, 109.44, 29.99, 0, 0, 0, 0, 0, 1917.888, 80, 245.837, 4.646, 245.837, 0, 
예천태양광, 1, 2026-08-19 00:00:00, 0, 0, 0, 0, 0, 0, 68.76, 285.3, 550.8, 700.92, 796.5, 899.46, 919.98, 881.46, 676.44, 313.56, 244.44, 168.3, 15.84, 0, 0, 0, 0, 0, 6521.76, 272, 919.98, 15.84, 919.98, 0, 
여수태양광, 1, 2026-08-19 00:00:00, 0, 0, 0, 0, 0, 0, 0, 0, 0, 0, 0, 0, 0, 0, 0, 0, 0, 0, 0, 0, 0, 0, 0, 187, 187, 8, 187, 187, 187, 0, 
영흥태양광, 2, 2026-08-19 00:00:00, 0, 0, 0, 0, 0, 0, 0, 4.821, 166.808, 216.947, 275.764, 217.912, 255.516, 243.945, 289.263, 196.699, 120.526, 124.383, 31.819, 0, 0, 0, 0, 0, 2144.403, 89, 289.263, 4.821, 289.263, 0, 
탑선태양광, 1, 2026-08-19 00:00:00, 0, 0, 0, 0, 0, 0, 0, 0, 0, 0, 0, 0, 0, 0, 0, 0, 0, 0, 0, 0, 0, 0, 0, 1197, 1197, 50, 1197, 1197, 1197, 0, 
탑선태양광, 3, 2026-08-19 00:00:00, 0, 0, 0, 0, 0, 0, 0, 0, 0, 0, 0, 0, 0, 0, 0, 0, 0, 0, 0, 0, 0, 0, 0, 194, 194, 8, 194, 194, 194, 0, 
경상대태양광, 1, 2026-08-19 00:00:00, 0, 0, 0, 0, 0, 0, 3.384, 40.68, 117.576, 218.664, 141.48, 134.784, 312.696, 319.176, 207.144, 118.944, 124.272, 77.112, 20.448, 0, 0, 0, 0, 0, 1836.36, 77, 319.176, 3.384, 319.176, 0, 
고흥만 수상태양광, 1, 2026-08-19 00:00:00, 0, 0, 0, 0, 0, 0, 566.916, 4665.78, 12359.508, 13074.768, 23963.436, 32336.556, 35857.332, 41146.392, 42777.84, 35473.872, 14841.54, 2101.008, 96.264, 0, 0, 0, 0, 0, 259261.212, 10803, 42777.84, 96.264, 42777.84, 0, 
영동태양광, 1, 2026-08-18 00:00:00, 0, 0, 0, 0, 0, 0, 6.336, 14.112, 12.576, 13.536, 13.344, 13.344, 136.512, 703.584, 658.464, 541.632, 557.376, 680.352, 675.84, 668.736, 109.728, 0, 0, 0, 4805.472, 200, 703.584, 6.336, 703.584, 0, 
삼천포태양광#5, 1, 2026-08-18 00:00:00, 0, 0, 0, 0, 0, 0, 15.187, 51.017, 0, 46.315, 218.288, 300.75, 207.808, 586.221, 337.086, 1763.36, 2517.696, 2541.534, 2514.59, 1570.239, 0, 0, 0, 0, 12670.091, 528, 2541.534, 15.187, 2541.534, 0, 
삼천포태양광#5, 2, 2026-08-18 00:00:00, 0, 0, 0, 0, 0, 0, 25.771, 74.923, 0, 73.145, 286.978, 293.946, 285.201, 621.317, 508.903, 2966.132, 4235.931, 4200.066, 3894.783, 2655.99, 0, 0, 0, 0, 20123.086, 838, 4235.931, 25.771, 4235.931, 0, 
광양항세방태양광, 1, 2026-08-18 00:00:00, 0, 0, 0, 0, 0, 0, 2.4, 2.4, 74.4, 1212, 1411.2, 1612.8, 1932, 1924.8, 1886.4, 1576.8, 1140, 588, 108, 0, 0, 0, 0, 0, 13471.2, 561, 1932, 2.4, 1932, 0, 
두산엔진MG태양광, 1, 2026-08-18 00:00:00, 0, 0, 0, 0, 0, 0, 0.66, 3.66, 3.36, 1.32, 1.62, 6.66, 19.92, 38.52, 52.14, 42, 35.28, 32.82, 7.32, 0.06, 0, 0, 0, 0, 245.34, 10, 52.14, 0.06, 52.14, 0, 
삼천포태양광, 1, 2026-08-18 00:00:00, 0, 0, 0, 0, 0, 0, 0.024, 0.048, 0, 2.772, 18.648, 23.664, 34.884, 30.9, 28.788, 24.54, 18.096, 5.412, 0.216, 0, 0, 0, 0, 0, 187.992, 8, 34.884, 0.024, 34.884, 0, 
삼천포태양광, 2, 2026-08-18 00:00:00, 0, 0, 0, 0, 0, 0, 7.68, 18.336, 1.44, 42.912, 387.744, 287.616, 443.136, 556.704, 505.344, 412.512, 289.92, 115.584, 25.728, 0, 0, 0, 0, 0, 3094.656, 129, 556.704, 1.44, 556.704, 0, 
삼천포태양광, 3, 2026-08-18 00:00:00, 0, 0, 0, 0, 0, 0, 1.188, 2.88, 0, 15.768, 141.444, 91.296, 131.4, 169.884, 174.996, 157.248, 103.896, 39.096, 1.764, 0, 0, 0, 0, 0, 1030.86, 43, 174.996, 1.188, 174.996, 0, 
삼천포태양광, 4, 2026-08-18 00:00:00, 0, 0, 0, 0, 0, 0, 2.946, 19.324, 0, 18.691, 98.19, 107.208, 102.439, 112.103, 158.651, 680.108, 1176.756, 1192.93, 1162.723, 557.682, 0, 0, 0, 0, 5389.751, 225, 1192.93, 2.946, 1192.93, 0, 
구미태양광, 1, 2026-08-18 00:00:00, 0, 0, 0, 0, 0, 0, 4.628, 77.378, 185.345, 347.333, 444.236, 327.88, 589.012, 376.765, 556.108, 389.493, 363.025, 210.077, 58.359, 1.085, 0, 0, 0, 0, 3930.724, 164, 589.012, 1.085, 589.012, 0, 
삼천포태양광#6, 1, 2026-08-18 00:00:00, 0, 0, 0, 0, 0, 0, 0, 0, 0, 0, 0, 0, 0, 0, 0, 0, 0, 0, 0, 0, 0, 0, 0, 0, 0, 0, 0, 0, 0, 0, 
영흥태양광#5, 1, 2026-08-18 00:00:00, 0, 0, 0, 0, 0, 0, 24.105, 127.758, 438.716, 901.537, 1318.558, 1480.063, 1554.789, 1513.811, 1381.232, 1145, 790.653, 335.063, 74.726, 0, 0, 0, 0, 0, 11086.011, 462, 1554.789, 24.105, 1554.789, 0, 
영흥태양광 #3, 1, 2026-08-18 00:00:00, 0, 0, 0, 0, 0, 0, 10.32, 181.92, 330.96, 975.36, 1797.12, 1963.92, 2105.52, 2058.72, 1887.6, 1581.36, 1087.44, 413.76, 74.64, 0, 0, 0, 0, 0, 14468.64, 603, 2105.52, 10.32, 2105.52, 0, 
영흥태양광 #3, 2, 2026-08-18 00:00:00, 0, 0, 0, 0, 0, 0, 2.304, 21.984, 132, 286.848, 470.304, 527.328, 549.408, 538.176, 496.128, 415.584, 292.32, 133.632, 30.624, 0, 0, 0, 0, 0, 3896.64, 162, 549.408, 2.304, 549.408, 0, 
영흥태양광 #3, 3, 2026-08-18 00:00:00, 0, 0, 0, 0, 0, 0, 1.44, 82.92, 252.24, 564.48, 981.48, 1127.16, 1167, 1140.96, 1041.24, 878.16, 624.24, 269.28, 64.32, 0, 0, 0, 0, 0, 8194.92, 341, 1167, 1.44, 1167, 0, 
영흥태양광, 1, 2026-08-18 00:00:00, 0, 0, 0, 0, 0, 0, 3.686, 56.909, 133.978, 239.232, 366.566, 439.296, 459.878, 445.402, 406.426, 350.477, 243.302, 107.827, 23.578, 0, 0, 0, 0, 0, 3276.557, 137, 459.878, 3.686, 459.878, 0, 
예천태양광, 1, 2026-08-18 00:00:00, 0, 0, 0, 0, 0, 0, 20.88, 157.5, 416.52, 476.1, 879.3, 1171.26, 1283.4, 1237.5, 1078.56, 928.08, 606.96, 297.54, 36, 0, 0, 0, 0, 0, 8589.6, 358, 1283.4, 20.88, 1283.4, 0, 
여수태양광, 1, 2026-08-18 00:00:00, 0, 0, 0, 0, 0, 0, 0, 0, 0, 0, 0, 0, 0, 0, 0, 0, 0, 0, 0, 0, 0, 0, 0, 217, 217, 9, 217, 217, 217, 0, 
영흥태양광, 2, 2026-08-18 00:00:00, 0, 0, 0, 0, 0, 0, 0, 31.819, 113.777, 260.337, 472.463, 525.495, 543.815, 533.208, 490.783, 406.897, 274.8, 123.419, 26.998, 0, 0, 0, 0, 0, 3803.811, 158, 543.815, 26.998, 543.815, 0, 
탑선태양광, 1, 2026-08-18 00:00:00, 0, 0, 0, 0, 0, 0, 0, 0, 0, 0, 0, 0, 0, 0, 0, 0, 0, 0, 0, 0, 0, 0, 0, 1197, 1197, 50, 1197, 1197, 1197, 0, 
탑선태양광, 3, 2026-08-18 00:00:00, 0, 0, 0, 0, 0, 0, 0, 0, 0, 0, 0, 0, 0, 0, 0, 0, 0, 0, 0, 0, 0, 0, 0, 194, 194, 8, 194, 194, 194, 0, 
경상대태양광, 1, 2026-08-18 00:00:00, 0, 0, 0, 0, 0, 0, 0, 0, 13.032, 7.56, 281.952, 425.232, 498.096, 480.24, 380.376, 425.52, 322.2, 159.192, 38.376, 0, 0, 0, 0, 0, 3031.776, 126, 498.096, 7.56, 498.096, 0, 
고흥만 수상태양광, 1, 2026-08-18 00:00:00, 0, 0, 0, 0, 0, 0, 190.092, 6451.368, 9480.828, 27907.068, 38591.28, 43250.592, 44095.38, 46832.016, 42204.708, 35566.524, 25822.356, 16016.532, 3855.936, 15.288, 0, 0, 0, 0, 340279.968, 14178, 46832.016, 15.288, 46832.016, 0, 
영동태양광, 1, 2026-08-17 00:00:00, 0, 0, 0, 0, 0, 0, 2.304, 14.496, 16.128, 14.208, 13.248, 14.592, 12.48, 13.728, 14.112, 214.56, 499.488, 677.28, 676.32, 367.008, 0, 0, 0, 0, 2549.952, 106, 677.28, 2.304, 677.28, 0, 
삼천포태양광#5, 1, 2026-08-17 00:00:00, 0, 0, 0, 0, 0, 0, 0, 0, 1.829, 138.128, 29.474, 190.525, 194.707, 188.222, 158.419, 114.784, 1363.72, 209.76, 39.586, 0, 0, 0, 0, 0, 2629.154, 110, 1363.72, 1.829, 1363.72, 0, 
삼천포태양광#5, 2, 2026-08-17 00:00:00, 0, 0, 0, 0, 0, 0, 0, 0, 2.98, 183.709, 44.504, 284.318, 284.893, 277.593, 238.906, 226.021, 1379.664, 268.424, 61.779, 0, 0, 0, 0, 0, 3252.791, 136, 1379.664, 2.98, 1379.664, 0, 
광양항세방태양광, 1, 2026-08-17 00:00:00, 0, 0, 0, 0, 0, 0, 0, 76.8, 52.8, 192, 456, 535.2, 1272, 1051.2, 523.2, 1142.4, 734.4, 388.8, 117.6, 0, 0, 0, 0, 0, 6542.4, 273, 1272, 52.8, 1272, 0, 
두산엔진MG태양광, 1, 2026-08-17 00:00:00, 0, 0, 0, 0, 0, 0, 0, 0, 0, 0.9, 5.58, 4.92, 13.92, 6.96, 6.96, 4.62, 9.3, 3.24, 1.02, 0, 0, 0, 0, 0, 57.42, 2, 13.92, 0.9, 13.92, 0, 
삼천포태양광, 1, 2026-08-17 00:00:00, 0, 0, 0, 0, 0, 0, 0, 0, 0, 0.504, 0.444, 6.324, 13.356, 6.492, 3.408, 0.696, 0, 2.808, 0.324, 0, 0, 0, 0, 0, 34.356, 1, 13.356, 0.324, 13.356, 0, 
삼천포태양광, 2, 2026-08-17 00:00:00, 0, 0, 0, 0, 0, 0, 0, 0, 6.336, 41.856, 19.392, 136.512, 244.32, 165.6, 83.136, 37.152, 11.712, 71.328, 19.008, 0.096, 0, 0, 0, 0, 836.448, 35, 244.32, 0.096, 244.32, 0, 
삼천포태양광, 3, 2026-08-17 00:00:00, 0, 0, 0, 0, 0, 0, 0, 0, 0.72, 11.592, 4.896, 47.556, 85.968, 55.728, 26.352, 10.188, 1.044, 20.484, 3.096, 0, 0, 0, 0, 0, 267.624, 11, 85.968, 0.72, 85.968, 0, 
삼천포태양광, 4, 2026-08-17 00:00:00, 0, 0, 0, 0, 0, 0, 0, 0, 0.455, 54.595, 11.758, 94.34, 94.4, 87.633, 69.324, 16.083, 680.68, 75.488, 17.243, 0, 0, 0, 0, 0, 1201.999, 50, 680.68, 0.455, 680.68, 0, 
구미태양광, 1, 2026-08-17 00:00:00, 0, 0, 0, 0, 0, 0, 0, 1.446, 26.685, 64.144, 185.707, 267.496, 392.096, 247.32, 353.118, 301.412, 239.076, 67.254, 43.679, 0.217, 0, 0, 0, 0, 2189.65, 91, 392.096, 0.217, 392.096, 0, 
삼천포태양광#6, 1, 2026-08-17 00:00:00, 0, 0, 0, 0, 0, 0, 0, 0, 0, 0, 0, 0, 0, 0, 0, 0, 0, 0, 0, 0, 0, 0, 0, 0, 0, 0, 0, 0, 0, 0, 
영흥태양광#5, 1, 2026-08-17 00:00:00, 0, 0, 0, 0, 0, 0, 21.695, 125.347, 229, 243.463, 175.968, 303.726, 337.474, 426.663, 609.863, 887.074, 530.316, 426.663, 89.189, 0, 0, 0, 0, 0, 4406.441, 184, 887.074, 21.695, 887.074, 0, 
영흥태양광 #3, 1, 2026-08-17 00:00:00, 0, 0, 0, 0, 0, 0, 3.6, 146.16, 318.48, 318.24, 267.36, 413.04, 524.88, 526.08, 581.76, 637.2, 756.24, 480.96, 91.44, 0, 0, 0, 0, 0, 5065.44, 211, 756.24, 3.6, 756.24, 0, 
영흥태양광 #3, 2, 2026-08-17 00:00:00, 0, 0, 0, 0, 0, 0, 2.88, 42.72, 80.544, 86.784, 62.688, 113.664, 114.336, 163.296, 247.008, 340.224, 204.96, 159.744, 28.992, 0.096, 0, 0, 0, 0, 1647.936, 69, 340.224, 0.096, 340.224, 0, 
영흥태양광 #3, 3, 2026-08-17 00:00:00, 0, 0, 0, 0, 0, 0, 1.8, 97.68, 184.68, 169.2, 160.56, 271.08, 272.88, 206.28, 394.2, 518.28, 468.96, 303.36, 67.2, 0, 0, 0, 0, 0, 3116.16, 130, 518.28, 1.8, 518.28, 0, 
영흥태양광, 1, 2026-08-17 00:00:00, 0, 0, 0, 0, 0, 0, 0.115, 33.062, 72.614, 81.6, 63.475, 76.416, 100.531, 50.15, 128.294, 262.349, 161.395, 128.486, 31.757, 0, 0, 0, 0, 0, 1190.244, 50, 262.349, 0.115, 262.349, 0, 
예천태양광, 1, 2026-08-17 00:00:00, 0, 0, 0, 0, 0, 0, 0.18, 5.22, 40.32, 67.86, 118.62, 135.9, 179.1, 107.1, 96.84, 153, 115.38, 60.66, 0, 0, 0, 0, 0, 0, 1080.18, 45, 179.1, 0.18, 179.1, 0, 
여수태양광, 1, 2026-08-17 00:00:00, 0, 0, 0, 0, 0, 0, 0, 0, 0, 0, 0, 0, 0, 0, 0, 0, 0, 0, 0, 0, 0, 0, 0, 167, 167, 7, 167, 167, 167, 0, 
영흥태양광, 2, 2026-08-17 00:00:00, 0, 0, 0, 0, 0, 0, 0, 8.678, 81.958, 88.707, 67.495, 107.992, 137.882, 138.846, 165.844, 185.128, 189.949, 155.238, 28.926, 0, 0, 0, 0, 0, 1356.643, 57, 189.949, 8.678, 189.949, 0, 
탑선태양광, 1, 2026-08-17 00:00:00, 0, 0, 0, 0, 0, 0, 0, 0, 0, 0, 0, 0, 0, 0, 0, 0, 0, 0, 0, 0, 0, 0, 0, 1197, 1197, 50, 1197, 1197, 1197, 0, 
탑선태양광, 3, 2026-08-17 00:00:00, 0, 0, 0, 0, 0, 0, 0, 0, 0, 0, 0, 0, 0, 0, 0, 0, 0, 0, 0, 0, 0, 0, 0, 194, 194, 8, 194, 194, 194, 0, 
경상대태양광, 1, 2026-08-17 00:00:00, 0, 0, 0, 0, 0, 0, 0, 0, 4.248, 68.832, 39.168, 138.024, 273.024, 288.432, 128.952, 115.848, 114.624, 47.016, 43.416, 0, 0, 0, 0, 0, 1261.584, 53, 288.432, 4.248, 288.432, 0, 
고흥만 수상태양광, 1, 2026-08-17 00:00:00, 0, 0, 0, 0, 0, 0, 44.436, 819.84, 13879.152, 11118.828, 8612.016, 12215.028, 17017.224, 18012.204, 30859.836, 30361.212, 19379.556, 12883.92, 3093.384, 7.644, 0, 0, 0, 0, 178304.28, 7429, 30859.836, 7.644, 30859.836, 0, 
영동태양광, 1, 2026-08-16 00:00:00, 0, 0, 0, 0, 0, 0, 0, 1.344, 4.224, 15.648, 16.128, 16.32, 16.608, 17.28, 17.28, 141.12, 447.648, 477.024, 1.824, 0, 0, 0, 0, 0, 1172.448, 49, 477.024, 1.344, 477.024, 0, 
삼천포태양광#5, 1, 2026-08-16 00:00:00, 0, 0, 0, 0, 0, 0, 0, 4.029, 44.258, 171.147, 150.618, 91.585, 2.913, 40.024, 77.67, 12.006, 481.291, 0.067, 0, 0, 0, 0, 0, 0, 1075.608, 45, 481.291, 0.067, 481.291, 0, 
삼천포태양광#5, 2, 2026-08-16 00:00:00, 0, 0, 0, 0, 0, 0, 0, 8.217, 76.439, 266.889, 229.447, 132.552, 6.215, 57.105, 91.486, 26.447, 771.175, 0.045, 0, 0, 0, 0, 0, 0, 1666.017, 69, 771.175, 0.045, 771.175, 0, 
광양항세방태양광, 1, 2026-08-16 00:00:00, 0, 0, 0, 0, 0, 0, 0, 2.4, 4.8, 182.4, 266.4, 132, 156, 213.6, 151.2, 237.6, 93.6, 141.6, 14.4, 0, 0, 0, 0, 0, 1596, 67, 266.4, 2.4, 266.4, 0, 
두산엔진MG태양광, 1, 2026-08-16 00:00:00, 0, 0, 0, 0, 0, 0, 0.12, 1.02, 2.4, 3.96, 6.54, 6.24, 3.96, 1.62, 1.74, 1.98, 0.06, 0.06, 0, 0, 0, 0, 0, 0, 29.7, 1, 6.54, 0.06, 6.54, 0, 
삼천포태양광, 1, 2026-08-16 00:00:00, 0, 0, 0, 0, 0, 0, 0, 0, 0.06, 3.528, 1.224, 0.432, 0, 0.036, 0.06, 0, 0.408, 0, 0, 0, 0, 0, 0, 0, 5.748, 0, 3.528, 0.036, 3.528, 0, 
삼천포태양광, 2, 2026-08-16 00:00:00, 0, 0, 0, 0, 0, 0, 0.864, 9.696, 20.544, 93.6, 59.808, 34.752, 6.816, 20.16, 27.072, 11.712, 34.464, 5.184, 0, 0, 0, 0, 0, 0, 324.672, 14, 93.6, 0.864, 93.6, 0, 
삼천포태양광, 3, 2026-08-16 00:00:00, 0, 0, 0, 0, 0, 0, 0, 0.972, 4.284, 32.04, 18.36, 8.748, 0.252, 4.284, 6.408, 2.304, 8.964, 0.216, 0, 0, 0, 0, 0, 0, 86.832, 4, 32.04, 0.216, 32.04, 0, 
삼천포태양광, 4, 2026-08-16 00:00:00, 0, 0, 0, 0, 0, 0, 0, 0.354, 7.991, 76.828, 52.927, 27.862, 0, 12.183, 24.101, 0.243, 162.261, 0, 0, 0, 0, 0, 0, 0, 364.75, 15, 162.261, 0.243, 162.261, 0, 
구미태양광, 1, 2026-08-16 00:00:00, 0, 0, 0, 0, 0, 0, 0, 0, 7.159, 36.953, 50.838, 74.124, 73.834, 98.205, 157.938, 80.849, 32.253, 13.595, 0.072, 0, 0, 0, 0, 0, 625.82, 26, 157.938, 0.072, 157.938, 0, 
삼천포태양광#6, 1, 2026-08-16 00:00:00, 0, 0, 0, 0, 0, 0, 0, 0, 0, 0, 0, 0, 0, 0, 0, 0, 0, 0, 0, 0, 0, 0, 0, 0, 0, 0, 0, 0, 0, 0, 
영흥태양광#5, 1, 2026-08-16 00:00:00, 0, 0, 0, 0, 0, 0, 12.053, 163.916, 349.526, 248.284, 289.263, 474.874, 552.011, 554.421, 494.158, 301.316, 216.947, 77.137, 12.053, 0, 0, 0, 0, 0, 3745.959, 156, 554.421, 12.053, 554.421, 0, 
영흥태양광 #3, 1, 2026-08-16 00:00:00, 0, 0, 0, 0, 0, 0, 2.64, 195.84, 501.84, 343.44, 395.28, 641.52, 774.24, 853.92, 694.8, 436.8, 321.84, 105.6, 7.44, 0, 0, 0, 0, 0, 5275.2, 220, 853.92, 2.64, 853.92, 0, 
영흥태양광 #3, 2, 2026-08-16 00:00:00, 0, 0, 0, 0, 0, 0, 1.824, 54.624, 124.704, 89.76, 103.872, 182.592, 191.136, 211.2, 176.448, 114.048, 79.68, 27.36, 2.4, 0, 0, 0, 0, 0, 1359.648, 57, 211.2, 1.824, 211.2, 0, 
영흥태양광 #3, 3, 2026-08-16 00:00:00, 0, 0, 0, 0, 0, 0, 1.44, 117.72, 325.44, 200.76, 232.92, 355.8, 424.68, 515.88, 397.08, 263.88, 190.32, 68.28, 10.32, 0, 0, 0, 0, 0, 3104.52, 129, 515.88, 1.44, 515.88, 0, 
영흥태양광, 1, 2026-08-16 00:00:00, 0, 0, 0, 0, 0, 0, 0.038, 56.218, 143.386, 88.09, 89.472, 127.334, 153.869, 184.512, 150.106, 80.371, 82.138, 30.182, 4.032, 0, 0, 0, 0, 0, 1189.748, 50, 184.512, 0.038, 184.512, 0, 
예천태양광, 1, 2026-08-16 00:00:00, 0, 0, 0, 0, 0, 0, 0, 0.54, 12.78, 57.6, 56.16, 111.06, 108.36, 92.52, 90.36, 103.14, 91.44, 4.32, 0, 0, 0, 0, 0, 0, 728.28, 30, 111.06, 0.54, 111.06, 0, 
여수태양광, 1, 2026-08-16 00:00:00, 0, 0, 0, 0, 0, 0, 0, 0, 0, 0, 0, 0, 0, 0, 0, 0, 0, 0, 0, 0, 0, 0, 0, 133, 133, 6, 133, 133, 133, 0, 
영흥태양광, 2, 2026-08-16 00:00:00, 0, 0, 0, 0, 0, 0, 0, 36.64, 131.133, 96.421, 100.278, 172.594, 203.448, 235.267, 184.164, 114.741, 87.743, 28.926, 2.893, 0, 0, 0, 0, 0, 1394.248, 58, 235.267, 2.893, 235.267, 0, 
탑선태양광, 1, 2026-08-16 00:00:00, 0, 0, 0, 0, 0, 0, 0, 0, 0, 0, 0, 0, 0, 0, 0, 0, 0, 0, 0, 0, 0, 0, 0, 1197, 1197, 50, 1197, 1197, 1197, 0, 
탑선태양광, 3, 2026-08-16 00:00:00, 0, 0, 0, 0, 0, 0, 0, 0, 0, 0, 0, 0, 0, 0, 0, 0, 0, 0, 0, 0, 0, 0, 0, 194, 194, 8, 194, 194, 194, 0, 
경상대태양광, 1, 2026-08-16 00:00:00, 0, 0, 0, 0, 0, 0, 0, 0, 6.408, 14.472, 18.288, 9.144, 8.496, 10.872, 50.544, 16.92, 8.28, 3.888, 0, 0, 0, 0, 0, 0, 147.312, 6, 50.544, 3.888, 50.544, 0, 
고흥만 수상태양광, 1, 2026-08-16 00:00:00, 0, 0, 0, 0, 0, 0, 203.868, 1672.44, 4286.772, 4844.028, 3129.756, 5024.88, 3289.944, 4706.184, 6074.712, 7843.416, 7303.296, 7645.932, 745.752, 0, 0, 0, 0, 0, 56770.98, 2365, 7843.416, 203.868, 7843.416, 0, 
영동태양광, 1, 2026-08-15 00:00:00, 0, 0, 0, 0, 0, 0, 7.872, 9.024, 15.648, 14.976, 14.592, 13.152, 14.496, 13.536, 13.92, 60, 387.264, 684.384, 136.8, 0, 0, 0, 0, 0, 1385.664, 58, 684.384, 7.872, 684.384, 0, 
삼천포태양광#5, 1, 2026-08-15 00:00:00, 0, 0, 0, 0, 0, 0, 32.442, 183.219, 192.309, 287.034, 311.785, 356.767, 325.133, 386.084, 1098.296, 483.237, 2482.777, 2518.808, 2480.755, 917.178, 0, 0, 0, 0, 12055.824, 502, 2518.808, 32.442, 2518.808, 0, 
삼천포태양광#5, 2, 2026-08-15 00:00:00, 0, 0, 0, 0, 0, 0, 76.243, 277.745, 284.451, 353.133, 284.766, 398.391, 407.873, 2604.109, 2126.872, 911.236, 4056.097, 3911.657, 3729.928, 78.446, 0, 0, 0, 0, 19500.947, 813, 4056.097, 76.243, 4056.097, 0, 
광양항세방태양광, 1, 2026-08-15 00:00:00, 0, 0, 0, 0, 0, 0, 69.6, 208.8, 525.6, 242.4, 268.8, 1099.2, 1336.8, 847.2, 441.6, 340.8, 192, 43.2, 2.4, 0, 0, 0, 0, 0, 5618.4, 234, 1336.8, 2.4, 1336.8, 0, 
두산엔진MG태양광, 1, 2026-08-15 00:00:00, 0, 0, 0, 0, 0, 0, 1.68, 6.78, 10.08, 20.94, 28.44, 34.86, 39.66, 49.08, 28.38, 29.04, 9.18, 3.84, 1.08, 0, 0, 0, 0, 0, 263.04, 11, 49.08, 1.08, 49.08, 0, 
삼천포태양광, 1, 2026-08-15 00:00:00, 0, 0, 0, 0, 0, 0, 0.096, 2.988, 6.996, 15.924, 20.088, 27.036, 25.98, 27.696, 13.248, 3.792, 0.804, 0.132, 0, 0, 0, 0, 0, 0, 144.78, 6, 27.696, 0.096, 27.696, 0, 
삼천포태양광, 2, 2026-08-15 00:00:00, 0, 0, 0, 0, 0, 0, 11.904, 71.808, 152.832, 289.824, 326.976, 536.448, 468.096, 480.576, 297.312, 108.576, 45.696, 20.832, 0.096, 0, 0, 0, 0, 0, 2810.976, 117, 536.448, 0.096, 536.448, 0, 
삼천포태양광, 3, 2026-08-15 00:00:00, 0, 0, 0, 0, 0, 0, 1.44, 21.204, 49.896, 101.592, 114.732, 182.412, 154.368, 165.132, 91.188, 27.972, 10.08, 3.672, 0, 0, 0, 0, 0, 0, 923.688, 38, 182.412, 1.44, 182.412, 0, 
삼천포태양광, 4, 2026-08-15 00:00:00, 0, 0, 0, 0, 0, 0, 14.291, 81.842, 94.384, 97.186, 94.601, 96.658, 99.377, 81.855, 339.121, 130.128, 1154.46, 1167.224, 1059.91, 0, 0, 0, 0, 0, 4511.037, 188, 1167.224, 14.291, 1167.224, 0, 
구미태양광, 1, 2026-08-15 00:00:00, 0, 0, 0, 0, 0, 0, 12.077, 63.71, 101.748, 196.916, 388.987, 366.063, 394.627, 391.952, 166.471, 209.354, 153.309, 120.478, 38.544, 1.157, 0, 0, 0, 0, 2605.393, 109, 394.627, 1.157, 394.627, 0, 
삼천포태양광#6, 1, 2026-08-15 00:00:00, 0, 0, 0, 0, 0, 0, 0, 0, 0, 0, 0, 0, 0, 0, 0, 0, 0, 0, 0, 0, 0, 0, 0, 0, 0, 0, 0, 0, 0, 0, 
영흥태양광#5, 1, 2026-08-15 00:00:00, 0, 0, 0, 0, 0, 0, 14.463, 53.032, 81.958, 134.989, 250.695, 392.916, 742.442, 718.337, 718.337, 498.979, 94.011, 4.821, 0, 0, 0, 0, 0, 0, 3704.98, 154, 742.442, 4.821, 742.442, 0, 
영흥태양광 #3, 1, 2026-08-15 00:00:00, 0, 0, 0, 0, 0, 0, 2.16, 46.56, 91.2, 162.48, 309.6, 516, 956.88, 833.04, 932.88, 694.08, 122.88, 6.24, 0, 0, 0, 0, 0, 0, 4674, 195, 956.88, 2.16, 956.88, 0, 
영흥태양광 #3, 2, 2026-08-15 00:00:00, 0, 0, 0, 0, 0, 0, 0.864, 8.832, 24.288, 45.12, 85.92, 135.168, 250.944, 240.96, 251.616, 177.024, 27.168, 0, 0, 0, 0, 0, 0, 0, 1247.904, 52, 251.616, 0.864, 251.616, 0, 
영흥태양광 #3, 3, 2026-08-15 00:00:00, 0, 0, 0, 0, 0, 0, 0, 33.84, 67.68, 109.8, 171.84, 288.6, 469.44, 415.8, 532.44, 424.8, 71.04, 5.64, 0, 0, 0, 0, 0, 0, 2590.92, 108, 532.44, 5.64, 532.44, 0, 
영흥태양광, 1, 2026-08-15 00:00:00, 0, 0, 0, 0, 0, 0, 0.269, 3.187, 21.504, 54.259, 67.507, 154.445, 257.818, 202.752, 284.045, 270.797, 47.846, 6.336, 0, 0, 0, 0, 0, 0, 1370.765, 57, 284.045, 0.269, 284.045, 0, 
예천태양광, 1, 2026-08-15 00:00:00, 0, 0, 0, 0, 0, 0, 40.86, 171.54, 420.48, 585.9, 468.9, 523.62, 316.98, 558.9, 384.3, 131.4, 184.5, 183.42, 42.84, 1.62, 0, 0, 0, 0, 4015.26, 167, 585.9, 1.62, 585.9, 0, 
여수태양광, 1, 2026-08-15 00:00:00, 0, 0, 0, 0, 0, 0, 0, 0, 0, 0, 0, 0, 0, 0, 0, 0, 0, 0, 0, 0, 0, 0, 0, 171, 171, 7, 171, 171, 171, 0, 
영흥태양광, 2, 2026-08-15 00:00:00, 0, 0, 0, 0, 0, 0, 0, 0, 1.928, 11.571, 62.674, 140.775, 264.194, 239.124, 252.623, 193.806, 35.676, 2.893, 0, 0, 0, 0, 0, 0, 1205.264, 50, 264.194, 1.928, 264.194, 0, 
탑선태양광, 1, 2026-08-15 00:00:00, 0, 0, 0, 0, 0, 0, 0, 0, 0, 0, 0, 0, 0, 0, 0, 0, 0, 0, 0, 0, 0, 0, 0, 1197, 1197, 50, 1197, 1197, 1197, 0, 
탑선태양광, 3, 2026-08-15 00:00:00, 0, 0, 0, 0, 0, 0, 0, 0, 0, 0, 0, 0, 0, 0, 0, 0, 0, 0, 0, 0, 0, 0, 0, 194, 194, 8, 194, 194, 194, 0, 
경상대태양광, 1, 2026-08-15 00:00:00, 0, 0, 0, 0, 0, 0, 7.344, 43.992, 108.648, 237.024, 330.696, 392.616, 306.216, 271.08, 233.64, 111.024, 60.408, 52.848, 6.552, 0, 0, 0, 0, 0, 2162.088, 90, 392.616, 6.552, 392.616, 0, 
고흥만 수상태양광, 1, 2026-08-15 00:00:00, 0, 0, 0, 0, 0, 0, 1605.324, 8155.98, 20039.628, 23344.524, 23640.624, 21705.432, 19912.452, 11424.42, 14186.676, 4866.876, 2102.016, 1091.412, 233.604, 0, 0, 0, 0, 0, 152308.968, 6346, 23640.624, 233.604, 23640.624, 0, 
영동태양광, 1, 2026-08-14 00:00:00, 0, 0, 0, 0, 0, 0, 0, 8.64, 12.384, 15.936, 12.864, 12.864, 15.936, 14.688, 13.248, 136.608, 385.344, 680.352, 43.2, 3.648, 0, 0, 0, 0, 1355.712, 56, 680.352, 3.648, 680.352, 0, 
삼천포태양광#5, 1, 2026-08-14 00:00:00, 0, 0, 0, 0, 0, 0, 86.602, 189.566, 190.887, 196.756, 208.874, 255.425, 772.596, 2631.703, 2165.201, 1501.381, 2490.932, 2532.477, 2533.263, 1925.564, 0, 0, 0, 0, 17681.227, 737, 2631.703, 86.602, 2631.703, 0, 
삼천포태양광#5, 2, 2026-08-14 00:00:00, 0, 0, 0, 0, 0, 0, 149.015, 285.136, 292.624, 291.042, 425.098, 569.694, 3226.064, 4260.308, 3560.503, 2550.836, 4227.635, 4293.111, 4007.895, 1912.513, 0, 0, 0, 0, 30051.474, 1252, 4293.111, 149.015, 4293.111, 0, 
광양항세방태양광, 1, 2026-08-14 00:00:00, 0, 0, 0, 0, 0, 0, 103.2, 252, 595.2, 916.8, 1272, 1768.8, 1828.8, 1800, 1454.4, 830.4, 993.6, 501.6, 88.8, 2.4, 0, 0, 0, 0, 12408, 517, 1828.8, 2.4, 1828.8, 0, 
두산엔진MG태양광, 1, 2026-08-14 00:00:00, 0, 0, 0, 0, 0, 0, 1.5, 3.3, 10.74, 19.38, 31.62, 47.88, 54.18, 58.2, 58.68, 37.5, 16.32, 10.56, 3.54, 0.06, 0, 0, 0, 0, 353.46, 15, 58.68, 0.06, 58.68, 0, 
삼천포태양광, 1, 2026-08-14 00:00:00, 0, 0, 0, 0, 0, 0, 0.048, 1.656, 8.748, 14.172, 26.676, 30.696, 33.084, 32.976, 25.14, 16.344, 12.972, 6.996, 0.66, 0, 0, 0, 0, 0, 210.168, 9, 33.084, 0.048, 33.084, 0, 
삼천포태양광, 2, 2026-08-14 00:00:00, 0, 0, 0, 0, 0, 0, 29.952, 120.384, 219.744, 258.912, 521.76, 606.912, 633.504, 623.04, 457.248, 319.968, 227.328, 122.112, 35.04, 0.096, 0, 0, 0, 0, 4176, 174, 633.504, 0.096, 633.504, 0, 
삼천포태양광, 3, 2026-08-14 00:00:00, 0, 0, 0, 0, 0, 0, 10.584, 45.864, 74.772, 90.108, 185.004, 209.196, 220.716, 210.636, 152.28, 102.168, 72.36, 35.028, 4.5, 0, 0, 0, 0, 0, 1413.216, 59, 220.716, 4.5, 220.716, 0, 
삼천포태양광, 4, 2026-08-14 00:00:00, 0, 0, 0, 0, 0, 0, 18.062, 91.85, 94.857, 93.93, 85.685, 106.889, 392.188, 1124.445, 787.599, 590.519, 1157.441, 1191.204, 1180.627, 456.115, 0, 0, 0, 0, 7371.411, 307, 1191.204, 18.062, 1191.204, 0, 
구미태양광, 1, 2026-08-14 00:00:00, 0, 0, 0, 0, 0, 0, 3.905, 72.027, 170.882, 405.113, 446.695, 490.952, 417.262, 631.028, 528.195, 367.437, 165.097, 98.277, 55.032, 1.302, 0, 0, 0, 0, 3853.204, 161, 631.028, 1.302, 631.028, 0, 
삼천포태양광#6, 1, 2026-08-14 00:00:00, 0, 0, 0, 0, 0, 0, 0, 0, 0, 0, 0, 0, 0, 0, 0, 0, 0, 0, 0, 0, 0, 0, 0, 0, 0, 0, 0, 0, 0, 0, 
영흥태양광#5, 1, 2026-08-14 00:00:00, 0, 0, 0, 0, 0, 0, 38.568, 286.853, 682.179, 911.179, 1198.032, 1022.063, 860.558, 554.421, 749.674, 846.095, 848.505, 233.821, 110.884, 2.411, 0, 0, 0, 0, 8345.243, 348, 1198.032, 2.411, 1198.032, 0, 
영흥태양광 #3, 1, 2026-08-14 00:00:00, 0, 0, 0, 0, 0, 0, 5.28, 383.28, 928.56, 1226.64, 1618.8, 1308, 1044.48, 783.84, 1014.48, 1184.16, 1143.12, 300.24, 146.16, 1.92, 0, 0, 0, 0, 11088.96, 462, 1618.8, 1.92, 1618.8, 0, 
영흥태양광 #3, 2, 2026-08-14 00:00:00, 0, 0, 0, 0, 0, 0, 8.928, 95.328, 235.68, 338.112, 438.528, 363.072, 309.888, 200.736, 270.432, 303.36, 307.296, 84.864, 36.768, 0.192, 0, 0, 0, 0, 2993.184, 125, 438.528, 0.192, 438.528, 0, 
영흥태양광 #3, 3, 2026-08-14 00:00:00, 0, 0, 0, 0, 0, 0, 7.8, 191.4, 507.84, 677.52, 873.12, 688.8, 591.12, 440.16, 573.84, 676.56, 645.96, 195, 99.12, 3.12, 0, 0, 0, 0, 6171.36, 257, 873.12, 3.12, 873.12, 0, 
영흥태양광, 1, 2026-08-14 00:00:00, 0, 0, 0, 0, 0, 0, 0.307, 69.504, 227.405, 334.925, 491.328, 408.307, 352.397, 263.808, 267.725, 368.986, 349.402, 114.24, 63.206, 3.149, 0, 0, 0, 0, 3314.689, 138, 491.328, 0.307, 491.328, 0, 
예천태양광, 1, 2026-08-14 00:00:00, 0, 0, 0, 0, 0, 0, 26.28, 123.66, 232.92, 268.2, 571.32, 544.86, 344.52, 560.88, 221.58, 254.88, 185.94, 121.86, 39.96, 0, 0, 0, 0, 0, 3496.86, 146, 571.32, 26.28, 571.32, 0, 
여수태양광, 1, 2026-08-14 00:00:00, 0, 0, 0, 0, 0, 0, 0, 0, 0, 0, 0, 0, 0, 0, 0, 0, 0, 0, 0, 0, 0, 0, 0, 134, 134, 6, 134, 134, 134, 0, 
영흥태양광, 2, 2026-08-14 00:00:00, 0, 0, 0, 0, 0, 0, 0.964, 72.316, 233.339, 333.617, 434.859, 372.185, 291.192, 213.091, 260.337, 303.726, 293.12, 87.743, 40.497, 1.928, 0, 0, 0, 0, 2938.914, 122, 434.859, 0.964, 434.859, 0, 
탑선태양광, 1, 2026-08-14 00:00:00, 0, 0, 0, 0, 0, 0, 0, 0, 0, 0, 0, 0, 0, 0, 0, 0, 0, 0, 0, 0, 0, 0, 0, 1197, 1197, 50, 1197, 1197, 1197, 0, 
탑선태양광, 3, 2026-08-14 00:00:00, 0, 0, 0, 0, 0, 0, 0, 0, 0, 0, 0, 0, 0, 0, 0, 0, 0, 0, 0, 0, 0, 0, 0, 194, 194, 8, 194, 194, 194, 0, 
경상대태양광, 1, 2026-08-14 00:00:00, 0, 0, 0, 0, 0, 0, 9.504, 69.912, 211.248, 352.44, 385.92, 379.944, 481.608, 528.552, 456.552, 265.824, 157.824, 112.032, 29.16, 0.936, 0, 0, 0, 0, 3441.456, 143, 528.552, 0.936, 528.552, 0, 
고흥만 수상태양광, 1, 2026-08-14 00:00:00, 0, 0, 0, 0, 0, 0, 2497.572, 7198.296, 15818.88, 31767.036, 36278.088, 29204.784, 20868.96, 16892.484, 37448.46, 29299.116, 25916.436, 11198.964, 2586.108, 122.052, 0, 0, 0, 0, 267097.236, 11129, 37448.46, 122.052, 37448.46, 0, 
영동태양광, 1, 2026-08-13 00:00:00, 0, 0, 0, 0, 0, 0, 4.128, 24.48, 92.256, 246.528, 197.568, 259.296, 424.416, 182.976, 85.152, 44.256, 347.136, 318.912, 0, 0, 0, 0, 0, 0, 2227.104, 93, 424.416, 4.128, 424.416, 0, 
삼천포태양광#5, 1, 2026-08-13 00:00:00, 0, 0, 0, 0, 0, 0, 46.947, 189.435, 192.83, 303.378, 385.55, 295.729, 1708.973, 2399.536, 1906.213, 2145.081, 2510.858, 2534.578, 2537.68, 2123.352, 0, 0, 0, 0, 19280.14, 803, 2537.68, 46.947, 2537.68, 0, 
삼천포태양광#5, 2, 2026-08-13 00:00:00, 0, 0, 0, 0, 0, 0, 92.69, 284.939, 285.574, 282.795, 525.674, 1095.734, 4485.693, 4128.829, 3209.619, 3698.068, 4274.144, 4277.205, 3914.028, 2390.162, 0, 0, 0, 0, 32945.154, 1373, 4485.693, 92.69, 4485.693, 0, 
광양항세방태양광, 1, 2026-08-13 00:00:00, 0, 0, 0, 0, 0, 0, 96, 367.2, 897.6, 1260, 1567.2, 1881.6, 1447.2, 1308, 1814.4, 1238.4, 1070.4, 434.4, 120, 2.4, 0, 0, 0, 0, 13504.8, 563, 1881.6, 2.4, 1881.6, 0, 
두산엔진MG태양광, 1, 2026-08-13 00:00:00, 0, 0, 0, 0, 0, 0.06, 1.8, 3.12, 9.3, 25.08, 37.74, 47.52, 21.66, 33.96, 40.74, 12.42, 28.8, 18.96, 5.22, 0.12, 0, 0, 0, 0, 286.5, 12, 47.52, 0.06, 47.52, 0, 
삼천포태양광, 1, 2026-08-13 00:00:00, 0, 0, 0, 0, 0, 0, 0, 1.764, 11.232, 18.072, 18.264, 27.84, 30.144, 28.44, 21.168, 26.484, 13.884, 6.216, 0.012, 0, 0, 0, 0, 0, 203.52, 8, 30.144, 0.012, 30.144, 0, 
삼천포태양광, 2, 2026-08-13 00:00:00, 0, 0, 0, 0, 0, 0, 14.208, 112.416, 289.152, 446.88, 545.664, 462.336, 605.568, 533.184, 402.624, 449.376, 251.808, 125.184, 20.064, 0.192, 0, 0, 0, 0, 4258.656, 177, 605.568, 0.192, 605.568, 0, 
삼천포태양광, 3, 2026-08-13 00:00:00, 0, 0, 0, 0, 0, 0, 5.148, 43.992, 106.02, 155.376, 186.408, 142.38, 205.704, 180.504, 132.84, 158.328, 86.796, 36.864, 2.52, 0, 0, 0, 0, 0, 1442.88, 60, 205.704, 2.52, 205.704, 0, 
삼천포태양광, 4, 2026-08-13 00:00:00, 0, 0, 0, 0, 0, 0, 8.09, 92.794, 94.476, 93.723, 87.144, 75.905, 551.655, 960.179, 816.417, 839.162, 1177.974, 1195.432, 1170.732, 520.214, 0, 0, 0, 0, 7683.897, 320, 1195.432, 8.09, 1195.432, 0, 
구미태양광, 1, 2026-08-13 00:00:00, 0, 0, 0, 0, 0, 0, 5.496, 64.289, 272.341, 354.637, 510.043, 362.881, 462.098, 409.524, 325.638, 316.165, 417.985, 109.341, 47.656, 3.616, 0, 0, 0, 0, 3661.71, 153, 510.043, 3.616, 510.043, 0, 
삼천포태양광#6, 1, 2026-08-13 00:00:00, 0, 0, 0, 0, 0, 0, 0, 0, 0, 0, 0, 0, 0, 0, 0, 0, 0, 0, 0, 0, 0, 0, 0, 0, 0, 0, 0, 0, 0, 0, 
영흥태양광#5, 1, 2026-08-13 00:00:00, 0, 0, 0, 0, 0, 0, 74.726, 286.853, 554.421, 993.137, 1050.989, 932.874, 730.389, 1024.474, 785.832, 1019.653, 624.326, 450.768, 106.063, 0, 0, 0, 0, 0, 8634.505, 360, 1050.989, 74.726, 1050.989, 0, 
영흥태양광 #3, 1, 2026-08-13 00:00:00, 0, 0, 0, 0, 0, 0, 56.4, 372.24, 762.96, 1322.16, 1407.84, 1267.68, 965.04, 1336.8, 1084.08, 1516.56, 902.4, 579.84, 119.52, 0, 0, 0, 0, 0, 11693.52, 487, 1516.56, 56.4, 1516.56, 0, 
영흥태양광 #3, 2, 2026-08-13 00:00:00, 0, 0, 0, 0, 0, 0, 17.664, 93.504, 187.008, 350.208, 395.328, 347.424, 265.344, 352.8, 286.08, 374.208, 225.216, 168.288, 38.016, 0, 0, 0, 0, 0, 3101.088, 129, 395.328, 17.664, 395.328, 0, 
영흥태양광 #3, 3, 2026-08-13 00:00:00, 0, 0, 0, 0, 0, 0, 36.36, 192.84, 418.32, 755.64, 791.64, 716.52, 510.96, 751.92, 607.44, 844.68, 507.84, 376.92, 76.08, 0, 0, 0, 0, 0, 6587.16, 274, 844.68, 36.36, 844.68, 0, 
영흥태양광, 1, 2026-08-13 00:00:00, 0, 0, 0, 0, 0, 0, 15.59, 90.547, 182.861, 351.322, 422.17, 401.203, 276.096, 411.379, 331.507, 454.848, 298.099, 202.522, 37.594, 0.653, 0, 0, 0, 0, 3476.391, 145, 454.848, 0.653, 454.848, 0, 
예천태양광, 1, 2026-08-13 00:00:00, 0, 0, 0, 0, 0, 0, 30.78, 122.76, 361.8, 589.5, 567.72, 720.9, 542.52, 571.86, 1105.92, 770.22, 445.86, 264.24, 13.86, 0, 0, 0, 0, 0, 6107.94, 254, 1105.92, 13.86, 1105.92, 0, 
여수태양광, 1, 2026-08-13 00:00:00, 0, 0, 0, 0, 0, 0, 0, 0, 0, 0, 0, 0, 0, 0, 0, 0, 0, 0, 0, 0, 0, 0, 0, 134, 134, 6, 134, 134, 134, 0, 
영흥태양광, 2, 2026-08-13 00:00:00, 0, 0, 0, 0, 0, 0, 4.821, 92.564, 200.556, 342.295, 384.72, 340.366, 272.872, 350.008, 290.227, 390.505, 235.267, 169.701, 36.64, 0, 0, 0, 0, 0, 3110.542, 130, 390.505, 4.821, 390.505, 0, 
탑선태양광, 1, 2026-08-13 00:00:00, 0, 0, 0, 0, 0, 0, 0, 0, 0, 0, 0, 0, 0, 0, 0, 0, 0, 0, 0, 0, 0, 0, 0, 1197, 1197, 50, 1197, 1197, 1197, 0, 
탑선태양광, 3, 2026-08-13 00:00:00, 0, 0, 0, 0, 0, 0, 0, 0, 0, 0, 0, 0, 0, 0, 0, 0, 0, 0, 0, 0, 0, 0, 0, 194, 194, 8, 194, 194, 194, 0, 
경상대태양광, 1, 2026-08-13 00:00:00, 0, 0, 0, 0, 0, 0, 5.976, 72.216, 229.032, 352.512, 408.528, 251.712, 306.792, 366.624, 250.056, 81.648, 135.072, 64.512, 23.328, 0.432, 0, 0, 0, 0, 2548.44, 106, 408.528, 0.432, 408.528, 0, 
고흥만 수상태양광, 1, 2026-08-13 00:00:00, 0, 0, 0, 0, 0, 3.444, 1783.908, 8313.48, 22177.68, 33814.62, 34377.504, 36842.316, 40588.212, 38573.304, 43669.5, 35063.028, 24140.172, 9669.996, 2759.316, 10.752, 0, 0, 0, 0, 331787.232, 13824, 43669.5, 3.444, 43669.5, 0, 
영동태양광, 1, 2026-08-12 00:00:00, 0, 0, 0, 0, 0, 0, 0.096, 31.008, 40.608, 97.728, 52.896, 36.576, 69.6, 82.56, 72.48, 31.296, 3.84, 0.48, 0.48, 0, 0, 0, 0, 0, 519.648, 22, 97.728, 0.096, 97.728, 0, 
삼천포태양광#5, 1, 2026-08-12 00:00:00, 0, 0, 0, 0, 0, 0, 46.094, 191.628, 193.666, 215.289, 265.535, 463.234, 1268.106, 1848.507, 908.273, 465.035, 2477.386, 2527.049, 2466.179, 1230.967, 0, 0, 0, 0, 14566.948, 607, 2527.049, 46.094, 2527.049, 0, 
삼천포태양광#5, 2, 2026-08-12 00:00:00, 0, 0, 0, 0, 0, 0, 86.28, 284.796, 284.315, 328.575, 605.169, 1440.479, 2989.619, 3065.632, 1506.13, 874.054, 4206.3, 4171.523, 3832.526, 661.623, 0, 0, 0, 0, 24337.021, 1014, 4206.3, 86.28, 4206.3, 0, 
광양항세방태양광, 1, 2026-08-12 00:00:00, 0, 0, 0, 0, 0, 0, 74.4, 393.6, 916.8, 1399.2, 1759.2, 1972.8, 1303.2, 1528.8, 1452, 520.8, 316.8, 242.4, 52.8, 0, 0, 0, 0, 0, 11932.8, 497, 1972.8, 52.8, 1972.8, 0, 
두산엔진MG태양광, 1, 2026-08-12 00:00:00, 0, 0, 0, 0, 0, 0.06, 1.74, 3.42, 10.92, 23.04, 33.96, 42.66, 34.56, 23.76, 18.12, 24.06, 11.82, 6.72, 4.8, 0.18, 0, 0, 0, 0, 239.82, 10, 42.66, 0.06, 42.66, 0, 
삼천포태양광, 1, 2026-08-12 00:00:00, 0, 0, 0, 0, 0, 0, 0, 1.98, 11.16, 19.776, 26.016, 23.112, 22.716, 29.004, 11.892, 3.996, 3.744, 1.236, 0, 0, 0, 0, 0, 0, 154.632, 6, 29.004, 1.236, 29.004, 0, 
삼천포태양광, 2, 2026-08-12 00:00:00, 0, 0, 0, 0, 0, 0, 13.824, 123.84, 305.088, 457.44, 560.352, 531.168, 415.968, 505.632, 233.28, 105.12, 98.496, 62.784, 11.616, 0, 0, 0, 0, 0, 3424.608, 143, 560.352, 11.616, 560.352, 0, 
삼천포태양광, 3, 2026-08-12 00:00:00, 0, 0, 0, 0, 0, 0, 5.328, 48.24, 112.608, 167.04, 201.204, 189.684, 144.54, 174.312, 70.308, 25.596, 25.56, 12.852, 0.036, 0, 0, 0, 0, 0, 1177.308, 49, 201.204, 0.036, 201.204, 0, 
삼천포태양광, 4, 2026-08-12 00:00:00, 0, 0, 0, 0, 0, 0, 6.73, 92.536, 94.059, 94.536, 91.208, 107.471, 290.818, 718.565, 357.428, 130.351, 1147.634, 1197.931, 1156.687, 113.834, 0, 0, 0, 0, 5599.788, 233, 1197.931, 6.73, 1197.931, 0, 
구미태양광, 1, 2026-08-12 00:00:00, 0, 0, 0, 0, 0, 0, 5.351, 73.762, 251.804, 366.352, 309.945, 323.035, 269.304, 209.788, 157.287, 127.059, 142.824, 99.217, 32.325, 6.147, 0, 0, 0, 0, 2374.2, 99, 366.352, 5.351, 366.352, 0, 
삼천포태양광#6, 1, 2026-08-12 00:00:00, 0, 0, 0, 0, 0, 0, 0, 0, 0, 0, 0, 0, 0, 0, 0, 0, 0, 0, 0, 0, 0, 0, 0, 0, 0, 0, 0, 0, 0, 0, 
영흥태양광#5, 1, 2026-08-12 00:00:00, 0, 0, 0, 0, 0, 0, 28.926, 310.958, 749.674, 1125.716, 1400.516, 1559.611, 1615.053, 1566.842, 1405.337, 1173.926, 850.916, 376.042, 33.747, 0, 0, 0, 0, 0, 12197.264, 508, 1615.053, 28.926, 1615.053, 0, 
영흥태양광 #3, 1, 2026-08-12 00:00:00, 0, 0, 0, 0, 0, 0, 16.32, 408.96, 1015.2, 1508.64, 1862.64, 2094.96, 2186.88, 2131.92, 1938, 1629.84, 1195.92, 458.16, 41.76, 0, 0, 0, 0, 0, 16489.2, 687, 2186.88, 16.32, 2186.88, 0, 
영흥태양광 #3, 2, 2026-08-12 00:00:00, 0, 0, 0, 0, 0, 0, 2.88, 96.192, 254.88, 394.56, 491.712, 547.872, 565.536, 546.912, 494.016, 416.352, 304.32, 146.784, 8.736, 0, 0, 0, 0, 0, 4270.752, 178, 565.536, 2.88, 565.536, 0, 
영흥태양광 #3, 3, 2026-08-12 00:00:00, 0, 0, 0, 0, 0, 0, 6.12, 185.52, 561.96, 848.88, 1050.48, 1165.8, 1217.64, 1198.44, 1084.92, 897, 687.24, 309.24, 28.08, 0, 0, 0, 0, 0, 9241.32, 385, 1217.64, 6.12, 1217.64, 0, 
영흥태양광, 1, 2026-08-12 00:00:00, 0, 0, 0, 0, 0, 0, 0, 71.232, 247.68, 408.307, 530.65, 610.061, 641.856, 636.442, 583.142, 486.874, 377.318, 132.864, 17.779, 0, 0, 0, 0, 0, 4744.205, 198, 641.856, 17.779, 641.856, 0, 
예천태양광, 1, 2026-08-12 00:00:00, 0, 0, 0, 0, 0, 0, 55.26, 351.72, 590.76, 999.54, 1212.66, 1256.76, 1281.96, 816.12, 642.96, 716.04, 484.56, 364.86, 72.36, 0, 0, 0, 0, 0, 8845.56, 369, 1281.96, 55.26, 1281.96, 0, 
여수태양광, 1, 2026-08-12 00:00:00, 0, 0, 0, 0, 0, 0, 0, 0, 0, 0, 0, 0, 0, 0, 0, 0, 0, 0, 0, 0, 0, 0, 0, 677, 677, 28, 677, 677, 677, 0, 
영흥태양광, 2, 2026-08-12 00:00:00, 0, 0, 0, 0, 0, 0, 1.928, 85.815, 252.623, 400.147, 499.461, 556.349, 577.562, 561.171, 509.103, 422.324, 303.726, 127.276, 13.499, 0, 0, 0, 0, 0, 4310.984, 180, 577.562, 1.928, 577.562, 0, 
탑선태양광, 1, 2026-08-12 00:00:00, 0, 0, 0, 0, 0, 0, 0, 0, 0, 0, 0, 0, 0, 0, 0, 0, 0, 0, 0, 0, 0, 0, 0, 1197, 1197, 50, 1197, 1197, 1197, 0, 
탑선태양광, 3, 2026-08-12 00:00:00, 0, 0, 0, 0, 0, 0, 0, 0, 0, 0, 0, 0, 0, 0, 0, 0, 0, 0, 0, 0, 0, 0, 0, 194, 194, 8, 194, 194, 194, 0, 
경상대태양광, 1, 2026-08-12 00:00:00, 0, 0, 0, 0, 0, 0, 6.624, 71.64, 224.928, 326.376, 462.96, 537.48, 398.088, 391.68, 198.864, 105.408, 139.104, 52.776, 11.664, 0, 0, 0, 0, 0, 2927.592, 122, 537.48, 6.624, 537.48, 0, 
고흥만 수상태양광, 1, 2026-08-12 00:00:00, 0, 0, 0, 0, 0, 3.024, 1744.764, 11144.532, 24434.256, 35685.972, 43682.772, 48588.036, 50028.804, 49354.62, 28473.648, 18914.196, 17156.664, 7557.228, 1159.032, 0, 0, 0, 0, 0, 337927.548, 14080, 50028.804, 3.024, 50028.804, 0, 
영동태양광, 1, 2026-08-11 00:00:00, 0, 0, 0, 0, 0, 0, 0.384, 40.992, 116.736, 225.984, 371.424, 386.496, 453.408, 386.304, 670.08, 491.328, 304.32, 110.496, 80.64, 0.096, 0, 0, 0, 0, 3638.688, 152, 670.08, 0.096, 670.08, 0, 
삼천포태양광#5, 1, 2026-08-11 00:00:00, 0, 0, 0, 0, 0, 0, 71.243, 199.225, 194.077, 189.194, 196.979, 389.949, 227.869, 511.322, 2169.846, 1705.741, 2504.29, 2529.967, 2548.83, 1971.444, 0, 0, 0, 0, 15409.976, 642, 2548.83, 71.243, 2548.83, 0, 
삼천포태양광#5, 2, 2026-08-11 00:00:00, 0, 0, 0, 0, 0, 0, 118.226, 284.64, 285.506, 282.332, 300.52, 969.503, 711.551, 2118.75, 3751.068, 2970.188, 4246.528, 4294.103, 4069.265, 1937.833, 0, 0, 0, 0, 26340.013, 1098, 4294.103, 118.226, 4294.103, 0, 
광양항세방태양광, 1, 2026-08-11 00:00:00, 0, 0, 0, 0, 0, 0, 55.2, 324, 717.6, 854.4, 1308, 1428, 1224, 1497.6, 1084.8, 1245.6, 1185.6, 504, 163.2, 4.8, 0, 0, 0, 0, 11596.8, 483, 1497.6, 4.8, 1497.6, 0, 
두산엔진MG태양광, 1, 2026-08-11 00:00:00, 0, 0, 0, 0, 0, 0, 1.92, 5.94, 14.4, 20.46, 34.98, 38.64, 36.66, 46.38, 43.38, 39.48, 43.26, 17.88, 5.7, 0.3, 0, 0, 0, 0, 349.38, 15, 46.38, 0.3, 46.38, 0, 
삼천포태양광, 1, 2026-08-11 00:00:00, 0, 0, 0, 0, 0, 0, 0.468, 4.212, 8.688, 13.836, 17.028, 31.476, 26.328, 14.496, 27.708, 20.508, 12.36, 4.356, 0.84, 0, 0, 0, 0, 0, 182.304, 8, 31.476, 0.468, 31.476, 0, 
삼천포태양광, 2, 2026-08-11 00:00:00, 0, 0, 0, 0, 0, 0, 25.632, 118.176, 193.344, 290.592, 321.888, 595.584, 505.632, 285.216, 450.24, 368.64, 231.552, 109.344, 40.512, 0.672, 0, 0, 0, 0, 3537.024, 147, 595.584, 0.672, 595.584, 0, 
삼천포태양광, 3, 2026-08-11 00:00:00, 0, 0, 0, 0, 0, 0, 7.812, 39.924, 67.536, 100.008, 112.716, 206.172, 170.82, 90.756, 164.232, 124.812, 73.728, 31.644, 9.396, 0, 0, 0, 0, 0, 1199.556, 50, 206.172, 7.812, 206.172, 0, 
삼천포태양광, 4, 2026-08-11 00:00:00, 0, 0, 0, 0, 0, 0, 25.515, 94.447, 94.753, 93.849, 88.317, 103.885, 82.58, 93.824, 734.574, 671.454, 1167.526, 1190.202, 1190.097, 494.171, 0, 0, 0, 0, 6125.194, 255, 1190.202, 25.515, 1190.202, 0, 
구미태양광, 1, 2026-08-11 00:00:00, 0, 0, 0, 0, 0, 0, 6.508, 99.507, 171.533, 370.401, 523.205, 645.057, 573.753, 535.137, 587.204, 552.059, 406.632, 228.518, 51.633, 3.399, 0, 0, 0, 0, 4754.546, 198, 645.057, 3.399, 645.057, 0, 
삼천포태양광#6, 1, 2026-08-11 00:00:00, 0, 0, 0, 0, 0, 0, 0, 0, 0, 0, 0, 0, 0, 0, 0, 0, 0, 0, 0, 0, 0, 0, 0, 0, 0, 0, 0, 0, 0, 0, 
영흥태양광#5, 1, 2026-08-11 00:00:00, 0, 0, 0, 0, 0, 0, 33.747, 161.505, 426.663, 617.095, 855.737, 1412.568, 1178.747, 1571.663, 1357.126, 1169.105, 884.663, 400.147, 74.726, 0, 0, 0, 0, 0, 10143.492, 423, 1571.663, 33.747, 1571.663, 0, 
영흥태양광 #3, 1, 2026-08-11 00:00:00, 0, 0, 0, 0, 0, 0, 16.8, 217.44, 589.44, 829.92, 1209.6, 1995.6, 1634.88, 2150.4, 1876.32, 1630.08, 1201.44, 485.28, 76.08, 0, 0, 0, 0, 0, 13913.28, 580, 2150.4, 16.8, 2150.4, 0, 
영흥태양광 #3, 2, 2026-08-11 00:00:00, 0, 0, 0, 0, 0, 0, 4.608, 49.824, 142.272, 218.592, 303.456, 499.968, 412.032, 550.944, 471.552, 416.64, 320.736, 153.408, 25.92, 0, 0, 0, 0, 0, 3569.952, 149, 550.944, 4.608, 550.944, 0, 
영흥태양광 #3, 3, 2026-08-11 00:00:00, 0, 0, 0, 0, 0, 0, 13.2, 119.16, 334.56, 470.76, 698.88, 1113.84, 909.6, 1161.6, 1033.44, 907.92, 681.48, 341.04, 65.16, 0, 0, 0, 0, 0, 7850.64, 327, 1161.6, 13.2, 1161.6, 0, 
영흥태양광, 1, 2026-08-11 00:00:00, 0, 0, 0, 0, 0, 0, 2.189, 61.286, 179.981, 263.309, 216.307, 336.307, 574.31, 614.323, 564.634, 486.605, 359.155, 183.168, 35.136, 0, 0, 0, 0, 0, 3876.71, 162, 614.323, 2.189, 614.323, 0, 
예천태양광, 1, 2026-08-11 00:00:00, 0, 0, 0, 0, 0, 0.54, 97.74, 296.28, 665.28, 927.36, 974.16, 950.76, 1386.9, 1233.54, 813.42, 930.42, 528.48, 334.44, 35.28, 0, 0, 0, 0, 0, 9174.6, 382, 1386.9, 0.54, 1386.9, 0, 
여수태양광, 1, 2026-08-11 00:00:00, 0, 0, 0, 0, 0, 0, 0, 0, 0, 0, 0, 0, 0, 0, 0, 0, 0, 0, 0, 0, 0, 0, 0, 488, 488, 20, 488, 488, 488, 0, 
영흥태양광, 2, 2026-08-11 00:00:00, 0, 0, 0, 0, 0, 0, 0, 32.783, 154.274, 225.625, 324.939, 528.387, 434.859, 565.027, 492.712, 421.36, 304.691, 146.56, 26.998, 0, 0, 0, 0, 0, 3658.215, 152, 565.027, 26.998, 565.027, 0, 
탑선태양광, 1, 2026-08-11 00:00:00, 0, 0, 0, 0, 0, 0, 0, 0, 0, 0, 0, 0, 0, 0, 0, 0, 0, 0, 0, 0, 0, 0, 0, 1197, 1197, 50, 1197, 1197, 1197, 0, 
탑선태양광, 3, 2026-08-11 00:00:00, 0, 0, 0, 0, 0, 0, 0, 0, 0, 0, 0, 0, 0, 0, 0, 0, 0, 0, 0, 0, 0, 0, 0, 194, 194, 8, 194, 194, 194, 0, 
경상대태양광, 1, 2026-08-11 00:00:00, 0, 0, 0, 0, 0, 0, 12.6, 104.04, 205.632, 229.392, 371.664, 501.552, 580.968, 541.584, 265.968, 331.632, 202.392, 124.056, 68.976, 1.512, 0, 0, 0, 0, 3541.968, 148, 580.968, 1.512, 580.968, 0, 
고흥만 수상태양광, 1, 2026-08-11 00:00:00, 0, 0, 0, 0, 0, 0, 715.176, 3302.376, 10454.556, 22995.42, 28338.912, 31316.964, 39150.3, 42307.524, 35757.708, 36170.064, 16818.06, 13547.52, 5845.224, 140.28, 0, 0, 0, 0, 286860.084, 11953, 42307.524, 140.28, 42307.524, 0, 
영동태양광, 1, 2026-08-10 00:00:00, 0, 0, 0, 0, 0, 0, 19.392, 57.408, 120.288, 136.896, 310.368, 373.536, 346.848, 364.992, 351.456, 500.928, 389.76, 249.984, 42.336, 0, 0, 0, 0, 0, 3264.192, 136, 500.928, 19.392, 500.928, 0, 
삼천포태양광#5, 1, 2026-08-10 00:00:00, 0, 0, 0, 0, 0, 0, 60.526, 188.765, 190.336, 196.146, 221.766, 202.066, 291.03, 189.49, 267.83, 1199.017, 2486.13, 2514.737, 2544.658, 1755.863, 0, 0, 0, 0, 12308.36, 513, 2544.658, 60.526, 2544.658, 0, 
삼천포태양광#5, 2, 2026-08-10 00:00:00, 0, 0, 0, 0, 0, 0, 117.147, 283.653, 284.488, 283.88, 308.921, 287.68, 388.962, 285.53, 2108.079, 2081.401, 4244.509, 4289.854, 3969.528, 2273.826, 0, 0, 0, 0, 21207.458, 884, 4289.854, 117.147, 4289.854, 0, 
광양항세방태양광, 1, 2026-08-10 00:00:00, 0, 0, 0, 0, 0, 0, 57.6, 237.6, 338.4, 688.8, 1039.2, 912, 892.8, 1324.8, 962.4, 996, 955.2, 482.4, 110.4, 0, 0, 0, 0, 0, 8997.6, 375, 1324.8, 57.6, 1324.8, 0, 
두산엔진MG태양광, 1, 2026-08-10 00:00:00, 0, 0, 0, 0, 0, 0, 1.08, 2.76, 5.7, 10.14, 25.62, 46.86, 48, 51, 42.72, 39.84, 38.82, 19.92, 7.02, 0.12, 0, 0, 0, 0, 339.6, 14, 51, 0.12, 51, 0, 
삼천포태양광, 1, 2026-08-10 00:00:00, 0, 0, 0, 0, 0, 0, 0.276, 3, 6.624, 12.732, 17.196, 13.356, 22.824, 18.552, 21.792, 14.004, 10.98, 6.9, 0.48, 0, 0, 0, 0, 0, 148.716, 6, 22.824, 0.276, 22.824, 0, 
삼천포태양광, 2, 2026-08-10 00:00:00, 0, 0, 0, 0, 0, 0, 21.888, 83.04, 146.208, 244.128, 368.352, 253.152, 412.704, 347.712, 393.024, 262.368, 203.616, 144.192, 31.392, 0.384, 0, 0, 0, 0, 2912.16, 121, 412.704, 0.384, 412.704, 0, 
삼천포태양광, 3, 2026-08-10 00:00:00, 0, 0, 0, 0, 0, 0, 5.004, 25.776, 47.772, 83.196, 124.704, 84.06, 137.448, 109.98, 127.296, 84.276, 63.54, 40.788, 3.744, 0, 0, 0, 0, 0, 937.584, 39, 137.448, 3.744, 137.448, 0, 
삼천포태양광, 4, 2026-08-10 00:00:00, 0, 0, 0, 0, 0, 0, 11.664, 87.75, 94.415, 93.638, 98.473, 93.775, 104.568, 94.331, 86.019, 427.455, 1169.841, 1191.145, 1181.446, 168.743, 0, 0, 0, 0, 4903.263, 204, 1191.145, 11.664, 1191.145, 0, 
구미태양광, 1, 2026-08-10 00:00:00, 0, 0, 0, 0, 0, 0, 1.519, 91.118, 188.166, 202.267, 289.625, 331.64, 389.782, 334.533, 414.225, 394.049, 248.332, 162.927, 64.94, 8.389, 0, 0, 0, 0, 3121.512, 130, 414.225, 1.519, 414.225, 0, 
삼천포태양광#6, 1, 2026-08-10 00:00:00, 0, 0, 0, 0, 0, 0, 0, 0, 0, 0, 0, 0, 0, 0, 0, 0, 0, 0, 0, 0, 0, 0, 0, 0, 0, 0, 0, 0, 0, 0, 
영흥태양광#5, 1, 2026-08-10 00:00:00, 0, 0, 0, 0, 0, 0, 67.495, 388.095, 691.821, 1026.884, 1178.747, 1212.495, 1226.958, 1079.916, 947.337, 730.389, 479.695, 243.463, 77.137, 0, 0, 0, 0, 0, 9350.432, 390, 1226.958, 67.495, 1226.958, 0, 
영흥태양광 #3, 1, 2026-08-10 00:00:00, 0, 0, 0, 0, 0, 0, 47.04, 515.28, 952.56, 1421.52, 1577.28, 1708.08, 1699.2, 1496.4, 1319.04, 1026.72, 672.48, 342.72, 105.6, 0, 0, 0, 0, 0, 12883.92, 537, 1708.08, 47.04, 1708.08, 0, 
영흥태양광 #3, 2, 2026-08-10 00:00:00, 0, 0, 0, 0, 0, 0, 14.88, 129.792, 250.752, 370.464, 418.272, 439.2, 435.456, 386.496, 341.76, 269.088, 170.592, 85.92, 24.288, 0, 0, 0, 0, 0, 3336.96, 139, 439.2, 14.88, 439.2, 0, 
영흥태양광 #3, 3, 2026-08-10 00:00:00, 0, 0, 0, 0, 0, 0, 36.48, 269.16, 528.48, 819.48, 895.8, 968.16, 957.24, 825.72, 735.12, 607.44, 378.36, 197.4, 67.08, 0.12, 0, 0, 0, 0, 7286.04, 304, 968.16, 0.12, 968.16, 0, 
영흥태양광, 1, 2026-08-10 00:00:00, 0, 0, 0, 0, 0, 0, 6.989, 106.714, 224.294, 404.314, 448.627, 516.173, 504.499, 431.77, 383.885, 340.646, 203.558, 107.443, 38.592, 0.653, 0, 0, 0, 0, 3718.157, 155, 516.173, 0.653, 516.173, 0, 
예천태양광, 1, 2026-08-10 00:00:00, 0, 0, 0, 0, 0, 0, 52.56, 329.4, 708.66, 618.3, 825.48, 1139.58, 937.08, 940.86, 553.5, 598.68, 506.88, 282.6, 79.02, 0.54, 0, 0, 0, 0, 7573.14, 316, 1139.58, 0.54, 1139.58, 0, 
여수태양광, 1, 2026-08-10 00:00:00, 0, 0, 0, 0, 0, 0, 0, 0, 0, 0, 0, 0, 0, 0, 0, 0, 0, 0, 0, 0, 0, 0, 0, 650, 650, 27, 650, 650, 650, 0, 
영흥태양광, 2, 2026-08-10 00:00:00, 0, 0, 0, 0, 0, 0, 3.857, 110.884, 240.088, 377.006, 426.181, 456.072, 450.286, 396.291, 348.08, 276.728, 178.379, 92.564, 28.926, 0.964, 0, 0, 0, 0, 3386.306, 141, 456.072, 0.964, 456.072, 0, 
탑선태양광, 1, 2026-08-10 00:00:00, 0, 0, 0, 0, 0, 0, 0, 0, 0, 0, 0, 0, 0, 0, 0, 0, 0, 0, 0, 0, 0, 0, 0, 1197, 1197, 50, 1197, 1197, 1197, 0, 
탑선태양광, 3, 2026-08-10 00:00:00, 0, 0, 0, 0, 0, 0, 0, 0, 0, 0, 0, 0, 0, 0, 0, 0, 0, 0, 0, 0, 0, 0, 0, 194, 194, 8, 194, 194, 194, 0, 
경상대태양광, 1, 2026-08-10 00:00:00, 0, 0, 0, 0, 0, 0, 2.592, 35.568, 94.248, 234.432, 367.416, 292.464, 253.8, 277.344, 284.976, 270.216, 325.584, 203.328, 62.928, 0.288, 0, 0, 0, 0, 2705.184, 113, 367.416, 0.288, 367.416, 0, 
고흥만 수상태양광, 1, 2026-08-10 00:00:00, 0, 0, 0, 0, 0, 0, 1006.488, 4138.848, 6383.496, 11640.72, 13977.684, 28585.956, 26557.356, 19375.104, 16836.372, 13908.384, 11345.292, 7889.364, 2700.348, 43.596, 0, 0, 0, 0, 164389.008, 6850, 28585.956, 43.596, 28585.956, 0, 
영동태양광, 1, 2026-08-09 00:00:00, 0, 0, 0, 0, 0, 0, 0, 2.112, 6.336, 22.08, 48.864, 40.224, 43.68, 42.912, 43.68, 29.376, 30.24, 10.176, 0, 0, 0, 0, 0, 0, 319.68, 13, 48.864, 2.112, 48.864, 0, 
삼천포태양광#5, 1, 2026-08-09 00:00:00, 0, 0, 0, 0, 0, 0, 34.188, 184.101, 189.176, 190.732, 191.217, 191.314, 201.187, 209.379, 200.204, 1459.377, 2411.278, 2546.665, 550.431, 0, 0, 0, 0, 0, 8559.249, 357, 2546.665, 34.188, 2546.665, 0, 
삼천포태양광#5, 2, 2026-08-09 00:00:00, 0, 0, 0, 0, 0, 0, 67.834, 290.71, 284.214, 284.176, 284.234, 284.483, 285.015, 282.762, 336.575, 2503.639, 4233.452, 4278.436, 1590.508, 0, 0, 0, 0, 0, 15006.038, 625, 4278.436, 67.834, 4278.436, 0, 
광양항세방태양광, 1, 2026-08-09 00:00:00, 0, 0, 0, 0, 0, 0, 28.8, 103.2, 187.2, 744, 844.8, 691.2, 712.8, 568.8, 914.4, 640.8, 607.2, 206.4, 79.2, 2.4, 0, 0, 0, 0, 6331.2, 264, 914.4, 2.4, 914.4, 0, 
두산엔진MG태양광, 1, 2026-08-09 00:00:00, 0, 0, 0, 0, 0, 0, 2.16, 6.48, 11.7, 12.3, 12, 16.5, 22.08, 23.16, 24.48, 24.72, 14.1, 5.76, 2.76, 0.18, 0, 0, 0, 0, 178.38, 7, 24.72, 0.18, 24.72, 0, 
삼천포태양광, 1, 2026-08-09 00:00:00, 0, 0, 0, 0, 0, 0, 0.06, 1.02, 3.048, 6.696, 8.1, 9.576, 10.992, 13.728, 16.296, 18.108, 8.304, 2.82, 0.036, 0, 0, 0, 0, 0, 98.784, 4, 18.108, 0.036, 18.108, 0, 
삼천포태양광, 2, 2026-08-09 00:00:00, 0, 0, 0, 0, 0, 0, 15.36, 51.84, 85.248, 150.048, 172.608, 204.096, 223.2, 270.24, 300.288, 337.152, 168.48, 82.464, 22.464, 0.288, 0, 0, 0, 0, 2083.776, 87, 337.152, 0.288, 337.152, 0, 
삼천포태양광, 3, 2026-08-09 00:00:00, 0, 0, 0, 0, 0, 0, 2.628, 14.256, 26.172, 48.96, 53.964, 62.46, 70.92, 85.14, 100.26, 107.172, 47.484, 18.504, 0.684, 0, 0, 0, 0, 0, 638.604, 27, 107.172, 0.684, 107.172, 0, 
삼천포태양광, 4, 2026-08-09 00:00:00, 0, 0, 0, 0, 0, 0, 6.281, 59.036, 89.13, 94.612, 94.182, 94.395, 94.91, 93.843, 49.877, 521.52, 1158.086, 760.267, 1.397, 0, 0, 0, 0, 0, 3117.536, 130, 1158.086, 1.397, 1158.086, 0, 
구미태양광, 1, 2026-08-09 00:00:00, 0, 0, 0, 0, 0, 0, 3.471, 50.259, 122.575, 164.012, 286.66, 222.154, 383.346, 326.94, 470.414, 438.523, 285.213, 45.993, 25.311, 1.157, 0, 0, 0, 0, 2826.028, 118, 470.414, 1.157, 470.414, 0, 
삼천포태양광#6, 1, 2026-08-09 00:00:00, 0, 0, 0, 0, 0, 0, 0, 0, 0, 0, 0, 0, 0, 0, 0, 0, 0, 0, 0, 0, 0, 0, 0, 0, 0, 0, 0, 0, 0, 0, 
영흥태양광#5, 1, 2026-08-09 00:00:00, 0, 0, 0, 0, 0, 0, 45.8, 241.053, 595.4, 609.863, 740.032, 819.579, 983.495, 1048.579, 1149.821, 1022.063, 506.211, 337.474, 69.905, 2.411, 0, 0, 0, 0, 8171.686, 340, 1149.821, 2.411, 1149.821, 0, 
영흥태양광 #3, 1, 2026-08-09 00:00:00, 0, 0, 0, 0, 0, 0, 33.12, 312, 846, 873.6, 990.96, 1095.84, 1350, 1456.56, 1567.92, 1438.8, 714.48, 435.6, 85.44, 0, 0, 0, 0, 0, 11200.32, 467, 1567.92, 33.12, 1567.92, 0, 
영흥태양광 #3, 2, 2026-08-09 00:00:00, 0, 0, 0, 0, 0, 0, 8.544, 78.72, 216, 229.536, 263.616, 288.96, 349.728, 373.44, 407.808, 370.752, 181.248, 129.216, 22.752, 0, 0, 0, 0, 0, 2920.32, 122, 407.808, 8.544, 407.808, 0, 
영흥태양광 #3, 3, 2026-08-09 00:00:00, 0, 0, 0, 0, 0, 0, 22.2, 173.52, 480.72, 494.52, 553.68, 594.12, 755.76, 809.76, 850.68, 797.64, 402.96, 292.68, 66.84, 0.72, 0, 0, 0, 0, 6295.8, 262, 850.68, 0.72, 850.68, 0, 
영흥태양광, 1, 2026-08-09 00:00:00, 0, 0, 0, 0, 0, 0, 1.766, 69.082, 214.387, 261.12, 284.659, 295.834, 393.523, 434.726, 437.107, 443.328, 236.122, 166.656, 39.168, 2.035, 0, 0, 0, 0, 3279.513, 137, 443.328, 1.766, 443.328, 0, 
예천태양광, 1, 2026-08-09 00:00:00, 0, 0, 0, 0, 0, 0, 51.48, 166.86, 302.94, 415.44, 566.1, 742.86, 1005.66, 675, 549.54, 572.58, 284.58, 201.96, 52.38, 0, 0, 0, 0, 0, 5587.38, 233, 1005.66, 51.48, 1005.66, 0, 
여수태양광, 1, 2026-08-09 00:00:00, 0, 0, 0, 0, 0, 0, 0, 0, 0, 0, 0, 0, 0, 0, 0, 0, 0, 0, 0, 0, 0, 0, 0, 241, 241, 10, 241, 241, 241, 0, 
영흥태양광, 2, 2026-08-09 00:00:00, 0, 0, 0, 0, 0, 0, 0, 59.781, 218.876, 242.017, 269.979, 292.156, 356.758, 390.505, 409.789, 383.756, 190.914, 127.276, 26.998, 0, 0, 0, 0, 0, 2968.805, 124, 409.789, 26.998, 409.789, 0, 
탑선태양광, 1, 2026-08-09 00:00:00, 0, 0, 0, 0, 0, 0, 0, 0, 0, 0, 0, 0, 0, 0, 0, 0, 0, 0, 0, 0, 0, 0, 0, 1197, 1197, 50, 1197, 1197, 1197, 0, 
탑선태양광, 3, 2026-08-09 00:00:00, 0, 0, 0, 0, 0, 0, 0, 0, 0, 0, 0, 0, 0, 0, 0, 0, 0, 0, 0, 0, 0, 0, 0, 194, 194, 8, 194, 194, 194, 0, 
경상대태양광, 1, 2026-08-09 00:00:00, 0, 0, 0, 0, 0, 0, 3.96, 34.704, 93.24, 130.752, 142.416, 233.136, 270, 411.552, 362.736, 198.072, 127.44, 63.792, 29.376, 1.368, 0, 0, 0, 0, 2102.544, 88, 411.552, 1.368, 411.552, 0, 
고흥만 수상태양광, 1, 2026-08-09 00:00:00, 0, 0, 0, 0, 0, 0, 526.596, 3346.98, 9280.32, 14563.752, 14583.576, 17886.624, 21584.724, 24546.144, 25378.248, 19500.936, 18433.296, 7971.768, 1146.936, 9.492, 0, 0, 0, 0, 178759.392, 7448, 25378.248, 9.492, 25378.248, 0, 
영동태양광, 1, 2026-08-08 00:00:00, 0, 0, 0, 0, 0, 0, 0, 0.384, 29.76, 4.992, 3.264, 87.264, 20.736, 31.488, 6.144, 20.16, 17.76, 7.776, 0.096, 0, 0, 0, 0, 0, 229.824, 10, 87.264, 0.096, 87.264, 0, 
삼천포태양광#5, 1, 2026-08-08 00:00:00, 0, 0, 0, 0, 0, 0, 49.499, 188.096, 190.635, 189.773, 196.817, 443.367, 336.375, 208.659, 1352.873, 1333.529, 2426.977, 2506.338, 2522.52, 1735.88, 0, 0, 0, 0, 13681.338, 570, 2522.52, 49.499, 2522.52, 0, 
삼천포태양광#5, 2, 2026-08-08 00:00:00, 0, 0, 0, 0, 0, 0, 94.109, 282.592, 284.936, 284.097, 290.759, 434.225, 304.884, 2435.487, 2577.831, 2307.234, 4242.023, 4280.676, 3966.645, 1370.568, 0, 0, 0, 0, 23156.066, 965, 4280.676, 94.109, 4280.676, 0, 
광양항세방태양광, 1, 2026-08-08 00:00:00, 0, 0, 0, 0, 0, 0, 45.6, 225.6, 530.4, 806.4, 1068, 864, 1063.2, 1159.2, 1281.6, 979.2, 643.2, 244.8, 50.4, 0, 0, 0, 0, 0, 8961.6, 373, 1281.6, 45.6, 1281.6, 0, 
두산엔진MG태양광, 1, 2026-08-08 00:00:00, 0, 0, 0, 0, 0, 0, 2.46, 8.04, 16.14, 18.12, 17.46, 19.26, 28.56, 25.38, 21.24, 18.36, 19.5, 9.6, 3.36, 0.12, 0, 0, 0, 0, 207.6, 9, 28.56, 0.12, 28.56, 0, 
삼천포태양광, 1, 2026-08-08 00:00:00, 0, 0, 0, 0, 0, 0, 0.156, 3.588, 8.712, 13.248, 19.44, 24.108, 22.956, 24.312, 20.508, 15.228, 8.352, 3.024, 0.264, 0, 0, 0, 0, 0, 163.896, 7, 24.312, 0.156, 24.312, 0, 
삼천포태양광, 2, 2026-08-08 00:00:00, 0, 0, 0, 0, 0, 0, 19.584, 92.16, 199.392, 277.344, 415.68, 456.576, 393.984, 437.76, 369.888, 296.16, 181.152, 86.976, 28.704, 0.096, 0, 0, 0, 0, 3255.456, 136, 456.576, 0.096, 456.576, 0, 
삼천포태양광, 3, 2026-08-08 00:00:00, 0, 0, 0, 0, 0, 0, 1.08, 23.616, 61.812, 89.64, 140.58, 150.912, 123.768, 145.656, 120.348, 93.744, 52.704, 19.944, 2.304, 0, 0, 0, 0, 0, 1026.108, 43, 150.912, 1.08, 150.912, 0, 
삼천포태양광, 4, 2026-08-08 00:00:00, 0, 0, 0, 0, 0, 0, 7.872, 84.775, 94.564, 94.304, 85.865, 105.432, 104.213, 87.254, 236.535, 495.9, 1163.833, 1192.93, 1180.371, 318.12, 0, 0, 0, 0, 5251.968, 219, 1192.93, 7.872, 1192.93, 0, 
구미태양광, 1, 2026-08-08 00:00:00, 0, 0, 0, 0, 0, 0, 3.76, 51.778, 191.131, 402.365, 462.387, 440.909, 434.69, 274.872, 69.929, 17.139, 22.924, 35.145, 30.011, 0.868, 0, 0, 0, 0, 2437.908, 102, 462.387, 0.868, 462.387, 0, 
삼천포태양광#6, 1, 2026-08-08 00:00:00, 0, 0, 0, 0, 0, 0, 0, 0, 0, 0, 0, 0, 0, 0, 0, 0, 0, 0, 0, 0, 0, 0, 0, 0, 0, 0, 0, 0, 0, 0, 
영흥태양광#5, 1, 2026-08-08 00:00:00, 0, 0, 0, 0, 0, 0, 21.695, 253.105, 641.2, 1002.779, 1263.116, 1441.495, 1455.958, 1417.389, 1282.4, 1099.2, 797.884, 9.642, 7.232, 2.411, 0, 0, 0, 0, 10695.506, 446, 1455.958, 2.411, 1455.958, 0, 
영흥태양광 #3, 1, 2026-08-08 00:00:00, 0, 0, 0, 0, 0, 0, 1.92, 290.64, 778.56, 1233.6, 1583.04, 1814.16, 1874.4, 1821.36, 1665.84, 1413.36, 1027.44, 2.64, 0, 0, 0, 0, 0, 0, 13506.96, 563, 1874.4, 1.92, 1874.4, 0, 
영흥태양광 #3, 2, 2026-08-08 00:00:00, 0, 0, 0, 0, 0, 0, 3.552, 83.616, 225.984, 361.536, 451.776, 513.696, 511.488, 499.008, 459.936, 396.864, 297.984, 1.152, 0, 0, 0, 0, 0, 0, 3806.592, 159, 513.696, 1.152, 513.696, 0, 
영흥태양광 #3, 3, 2026-08-08 00:00:00, 0, 0, 0, 0, 0, 0, 4.92, 160.56, 488.64, 766.8, 937.56, 960.36, 1104.72, 1076.52, 995.28, 856.08, 639.48, 14.76, 0, 0, 0, 0, 0, 0, 8005.68, 334, 1104.72, 4.92, 1104.72, 0, 
영흥태양광, 1, 2026-08-08 00:00:00, 0, 0, 0, 0, 0, 0, 0.307, 66.202, 224.986, 377.549, 495.36, 478.195, 593.395, 555.034, 534.566, 460.147, 345.254, 27.379, 0, 0, 0, 0, 0, 0, 4158.374, 173, 593.395, 0.307, 593.395, 0, 
예천태양광, 1, 2026-08-08 00:00:00, 0, 0, 0, 0, 0, 0, 47.88, 331.2, 671.58, 936.72, 1019.34, 1254.96, 1160.64, 768.24, 138.24, 79.92, 55.26, 50.22, 7.02, 0, 0, 0, 0, 0, 6521.22, 272, 1254.96, 7.02, 1254.96, 0, 
여수태양광, 1, 2026-08-08 00:00:00, 0, 0, 0, 0, 0, 0, 0, 0, 0, 0, 0, 0, 0, 0, 0, 0, 0, 0, 0, 0, 0, 0, 0, 331, 331, 14, 331, 331, 331, 0, 
영흥태양광, 2, 2026-08-08 00:00:00, 0, 0, 0, 0, 0, 0, 0, 29.891, 166.808, 269.015, 342.295, 384.72, 390.505, 377.971, 345.187, 296.977, 218.876, 7.714, 0, 0, 0, 0, 0, 0, 2829.959, 118, 390.505, 7.714, 390.505, 0, 
탑선태양광, 1, 2026-08-08 00:00:00, 0, 0, 0, 0, 0, 0, 0, 0, 0, 0, 0, 0, 0, 0, 0, 0, 0, 0, 0, 0, 0, 0, 0, 1197, 1197, 50, 1197, 1197, 1197, 0, 
탑선태양광, 3, 2026-08-08 00:00:00, 0, 0, 0, 0, 0, 0, 0, 0, 0, 0, 0, 0, 0, 0, 0, 0, 0, 0, 0, 0, 0, 0, 0, 194, 194, 8, 194, 194, 194, 0, 
경상대태양광, 1, 2026-08-08 00:00:00, 0, 0, 0, 0, 0, 0, 4.68, 48.672, 133.488, 214.272, 300.816, 300.816, 232.128, 266.76, 179.856, 79.2, 94.248, 72.144, 35.352, 0.288, 0, 0, 0, 0, 1962.72, 82, 300.816, 0.288, 300.816, 0, 
고흥만 수상태양광, 1, 2026-08-08 00:00:00, 0, 0, 0, 0, 0, 0, 1171.8, 6226.92, 15816.864, 25995.9, 35400.456, 30246.384, 31104.444, 33378.576, 28780.5, 23441.88, 13650.672, 6436.5, 1914.528, 14.364, 0, 0, 0, 0, 253579.788, 10566, 35400.456, 14.364, 35400.456, 0, 
영동태양광, 1, 2026-08-07 00:00:00, 0, 0, 0, 0, 0, 0, 4.224, 9.024, 9.408, 9.504, 466.848, 638.4, 703.872, 725.088, 691.68, 625.344, 480.768, 307.008, 100.416, 0.672, 0, 0, 0, 0, 4772.256, 199, 725.088, 0.672, 725.088, 0, 
삼천포태양광#5, 1, 2026-08-07 00:00:00, 0, 0, 0, 0, 0, 0, 36.053, 192.072, 214.628, 208.587, 202.023, 195.274, 1790.081, 2439.649, 2433.577, 2055.078, 2500.131, 2502.339, 2541.117, 2490.915, 14.409, 0, 0, 0, 19815.933, 826, 2541.117, 14.409, 2541.117, 0, 
삼천포태양광#5, 2, 2026-08-07 00:00:00, 0, 0, 0, 0, 0, 0, 68.035, 283.952, 283.474, 282.12, 347.131, 926.924, 4478.336, 4255.177, 4209.066, 3536.993, 4250.151, 4275.813, 4044.811, 3014.098, 24.309, 0, 0, 0, 34280.39, 1428, 4478.336, 24.309, 4478.336, 0, 
광양항세방태양광, 1, 2026-08-07 00:00:00, 0, 0, 0, 0, 0, 0, 60, 321.6, 804, 1274.4, 1586.4, 1732.8, 1850.4, 1831.2, 1684.8, 1471.2, 1094.4, 360, 112.8, 4.8, 0, 0, 0, 0, 14188.8, 591, 1850.4, 4.8, 1850.4, 0, 
두산엔진MG태양광, 1, 2026-08-07 00:00:00, 0, 0, 0, 0, 0, 0.06, 1.68, 2.82, 9.12, 23.22, 35.94, 46.62, 49.38, 53.76, 32.34, 51.24, 28.2, 10.2, 4.08, 0.6, 0, 0, 0, 0, 349.26, 15, 53.76, 0.06, 53.76, 0, 
삼천포태양광, 1, 2026-08-07 00:00:00, 0, 0, 0, 0, 0, 0, 0, 1.656, 10.212, 18.804, 22.872, 29.868, 30.924, 29.22, 28.908, 24.48, 17.808, 7.932, 1.008, 0, 0, 0, 0, 0, 223.692, 9, 30.924, 1.008, 30.924, 0, 
삼천포태양광, 2, 2026-08-07 00:00:00, 0, 0, 0, 0, 0, 0.096, 13.248, 119.424, 286.368, 433.152, 481.728, 610.848, 612.768, 544.704, 527.808, 430.272, 296.256, 145.344, 45.6, 1.536, 0, 0, 0, 0, 4549.152, 190, 612.768, 0.096, 612.768, 0, 
삼천포태양광, 3, 2026-08-07 00:00:00, 0, 0, 0, 0, 0, 0, 3.996, 44.352, 102.096, 151.848, 163.944, 211.032, 208.908, 187.488, 182.34, 148.716, 100.728, 43.128, 5.832, 0, 0, 0, 0, 0, 1554.408, 65, 211.032, 3.996, 211.032, 0, 
삼천포태양광, 4, 2026-08-07 00:00:00, 0, 0, 0, 0, 0, 0, 2.256, 90.248, 94.098, 93.205, 91.486, 69.986, 445.311, 1013.238, 1014.405, 816.568, 1176.406, 1192.777, 1184.184, 713.956, 6.766, 0, 0, 0, 8004.89, 334, 1192.777, 2.256, 1192.777, 0, 
구미태양광, 1, 2026-08-07 00:00:00, 0, 0, 0, 0, 0, 0, 3.688, 68.628, 241.029, 400.774, 508.018, 569.27, 598.702, 589.229, 554.59, 446.767, 356.661, 207.908, 53.369, 3.327, 0, 0, 0, 0, 4601.96, 192, 598.702, 3.327, 598.702, 0, 
삼천포태양광#6, 1, 2026-08-07 00:00:00, 0, 0, 0, 0, 0, 0, 0, 0, 0, 0, 0, 0, 0, 0, 0, 0, 0, 0, 0, 0, 0, 0, 0, 0, 0, 0, 0, 0, 0, 0, 
영흥태양광#5, 1, 2026-08-07 00:00:00, 0, 0, 0, 0, 0, 0, 26.516, 262.747, 653.253, 995.547, 1212.495, 1349.895, 1412.568, 1374, 1253.474, 1063.042, 749.674, 356.758, 74.726, 2.411, 0, 0, 0, 0, 10787.106, 449, 1412.568, 2.411, 1412.568, 0, 
영흥태양광 #3, 1, 2026-08-07 00:00:00, 0, 0, 0, 0, 0, 0, 12, 304.56, 788.88, 1228.08, 1509.36, 1719.6, 1806.48, 1752.24, 1633.92, 1368, 957.36, 387.36, 62.64, 0, 0, 0, 0, 0, 13530.48, 564, 1806.48, 12, 1806.48, 0, 
영흥태양광 #3, 2, 2026-08-07 00:00:00, 0, 0, 0, 0, 0, 0, 3.84, 84.192, 227.04, 355.584, 432.576, 477.12, 493.248, 477.408, 453.216, 381.792, 273.504, 139.2, 27.648, 0, 0, 0, 0, 0, 3826.368, 159, 493.248, 3.84, 493.248, 0, 
영흥태양광 #3, 3, 2026-08-07 00:00:00, 0, 0, 0, 0, 0, 0, 5.52, 161.28, 497.04, 758.4, 924.24, 1009.68, 1068.6, 1034.16, 973.56, 827.28, 590.4, 304.44, 70.92, 0.72, 0, 0, 0, 0, 8226.24, 343, 1068.6, 0.72, 1068.6, 0, 
영흥태양광, 1, 2026-08-07 00:00:00, 0, 0, 0, 0, 0, 0, 0.192, 69.466, 226.445, 370.214, 474.624, 543.667, 573.158, 566.362, 524.506, 450.547, 326.746, 170.227, 40.205, 1.267, 0, 0, 0, 0, 4337.626, 181, 573.158, 0.192, 573.158, 0, 
예천태양광, 1, 2026-08-07 00:00:00, 0, 0, 0, 0, 0, 0, 50.94, 339.66, 680.76, 949.86, 1123.38, 1217.88, 1250.64, 1218.42, 1107.9, 934.92, 656.1, 341.82, 49.5, 0, 0, 0, 0, 0, 9921.78, 413, 1250.64, 49.5, 1250.64, 0, 
여수태양광, 1, 2026-08-07 00:00:00, 0, 0, 0, 0, 0, 0, 0, 0, 0, 0, 0, 0, 0, 0, 0, 0, 0, 0, 0, 0, 0, 0, 0, 646, 646, 27, 646, 646, 646, 0, 
영흥태양광, 2, 2026-08-07 00:00:00, 0, 0, 0, 0, 0, 0, 0, 31.819, 169.701, 268.051, 325.903, 362.543, 360.615, 365.436, 339.402, 288.299, 203.448, 104.135, 20.248, 0, 0, 0, 0, 0, 2839.6, 118, 365.436, 20.248, 365.436, 0, 
탑선태양광, 1, 2026-08-07 00:00:00, 0, 0, 0, 0, 0, 0, 0, 0, 0, 0, 0, 0, 0, 0, 0, 0, 0, 0, 0, 0, 0, 0, 0, 1197, 1197, 50, 1197, 1197, 1197, 0, 
탑선태양광, 3, 2026-08-07 00:00:00, 0, 0, 0, 0, 0, 0, 0, 0, 0, 0, 0, 0, 0, 0, 0, 0, 0, 0, 0, 0, 0, 0, 0, 194, 194, 8, 194, 194, 194, 0, 
경상대태양광, 1, 2026-08-07 00:00:00, 0, 0, 0, 0, 0, 0, 5.76, 68.256, 213.84, 347.688, 442.944, 478.368, 509.832, 456.048, 479.16, 421.2, 327.96, 210.456, 85.248, 0.432, 0, 0, 0, 0, 4047.192, 169, 509.832, 0.432, 509.832, 0, 
고흥만 수상태양광, 1, 2026-08-07 00:00:00, 0, 0, 0, 0, 0, 6.636, 1760.892, 10785.096, 23285.724, 35012.544, 39863.628, 44145.948, 45727.836, 43873.536, 40373.76, 34827.576, 17048.976, 12083.988, 4406.724, 243.684, 0, 0, 0, 0, 353446.548, 14727, 45727.836, 6.636, 45727.836, 0, 
영동태양광, 1, 2026-08-06 00:00:00, 0, 0, 0, 0, 0, 0, 4.128, 8.352, 8.832, 8.928, 10.368, 11.712, 336.192, 712.32, 688.416, 607.104, 602.112, 679.584, 674.784, 669.6, 161.184, 0, 0, 0, 5183.616, 216, 712.32, 4.128, 712.32, 0, 
삼천포태양광#5, 1, 2026-08-06 00:00:00, 0, 0, 0, 0, 0, 0, 43.183, 188.984, 189.679, 199.429, 224.682, 158.453, 1991.948, 2714.593, 2490.586, 2061.816, 2481.327, 2467.415, 2529.541, 2408.152, 2.632, 0, 0, 0, 20152.42, 840, 2714.593, 2.632, 2714.593, 0, 
삼천포태양광#5, 2, 2026-08-06 00:00:00, 0, 0, 0, 0, 0, 0, 83.36, 283.364, 284.407, 282.945, 355.451, 956.495, 4585.491, 4716.03, 4275.317, 3545.437, 4274.444, 4291.842, 3931.304, 2808.556, 4.44, 0, 0, 0, 34678.883, 1445, 4716.03, 4.44, 4716.03, 0, 
광양항세방태양광, 1, 2026-08-06 00:00:00, 0, 0, 0, 0, 0, 0, 72, 333.6, 787.2, 1240.8, 1543.2, 1742.4, 1771.2, 1766.4, 1692, 1464, 1089.6, 597.6, 148.8, 0, 0, 0, 0, 0, 14248.8, 594, 1771.2, 72, 1771.2, 0, 
두산엔진MG태양광, 1, 2026-08-06 00:00:00, 0, 0, 0, 0, 0, 0.06, 1.74, 3.06, 9.54, 23.46, 36.06, 45.78, 52.38, 42.06, 28.56, 37.56, 39.78, 34.32, 13.32, 0.24, 0, 0, 0, 0, 367.92, 15, 52.38, 0.06, 52.38, 0, 
삼천포태양광, 1, 2026-08-06 00:00:00, 0, 0, 0, 0, 0, 0, 0, 1.776, 10.572, 18.768, 25.368, 29.592, 31.476, 31.608, 29.436, 24.648, 17.16, 7.236, 0.324, 0, 0, 0, 0, 0, 227.964, 9, 31.608, 0.324, 31.608, 0, 
삼천포태양광, 2, 2026-08-06 00:00:00, 0, 0, 0, 0, 0, 0.096, 16.032, 121.536, 289.536, 428.064, 536.544, 599.04, 621.984, 603.072, 539.52, 433.92, 290.304, 134.112, 28.992, 0, 0, 0, 0, 0, 4642.752, 193, 621.984, 0.096, 621.984, 0, 
삼천포태양광, 3, 2026-08-06 00:00:00, 0, 0, 0, 0, 0, 0, 4.788, 44.712, 100.26, 149.292, 184.32, 204.624, 211.896, 205.812, 185.076, 147.204, 98.208, 39.708, 1.908, 0, 0, 0, 0, 0, 1577.808, 66, 211.896, 1.908, 211.896, 0, 
삼천포태양광, 4, 2026-08-06 00:00:00, 0, 0, 0, 0, 0, 0, 4.385, 90.564, 94.258, 93.922, 90.186, 67.492, 426.146, 1109.097, 1017.09, 817.516, 1175.901, 1192.854, 1171.9, 666.372, 1.236, 0, 0, 0, 8018.919, 334, 1192.854, 1.236, 1192.854, 0, 
구미태양광, 1, 2026-08-06 00:00:00, 0, 0, 0, 0, 0, 0, 3.905, 69.423, 241.029, 404.896, 512.068, 579.033, 605.283, 601.378, 571.656, 419.865, 384.214, 87.647, 18.874, 2.169, 0, 0, 0, 0, 4501.44, 188, 605.283, 2.169, 605.283, 0, 
삼천포태양광#6, 1, 2026-08-06 00:00:00, 0, 0, 0, 0, 0, 0, 0, 0, 0, 0, 0, 0, 0, 0, 0, 0, 0, 0, 0, 0, 0, 0, 0, 0, 0, 0, 0, 0, 0, 0, 
영흥태양광#5, 1, 2026-08-06 00:00:00, 0, 0, 0, 0, 0, 0, 48.211, 286.853, 609.863, 1005.189, 1253.474, 1417.389, 1465.6, 1424.621, 1263.116, 925.642, 752.084, 368.811, 77.137, 2.411, 0, 0, 0, 0, 10900.401, 454, 1465.6, 2.411, 1465.6, 0, 
영흥태양광 #3, 1, 2026-08-06 00:00:00, 0, 0, 0, 0, 0, 0, 25.44, 342, 742.08, 1244.4, 1575.84, 1807.2, 1891.44, 1836, 1578, 1155.36, 947.52, 406.08, 77.52, 0, 0, 0, 0, 0, 13628.88, 568, 1891.44, 25.44, 1891.44, 0, 
영흥태양광 #3, 2, 2026-08-06 00:00:00, 0, 0, 0, 0, 0, 0, 11.712, 97.44, 213.888, 359.04, 445.44, 501.504, 515.712, 496.512, 448.032, 349.728, 271.392, 142.656, 30.24, 0, 0, 0, 0, 0, 3883.296, 162, 515.712, 11.712, 515.712, 0, 
영흥태양광 #3, 3, 2026-08-06 00:00:00, 0, 0, 0, 0, 0, 0, 26.04, 201.48, 451.56, 770.28, 959.04, 1079.16, 1113.36, 1071.96, 957.36, 790.56, 582.84, 311.76, 81, 0.96, 0, 0, 0, 0, 8397.36, 350, 1113.36, 0.96, 1113.36, 0, 
영흥태양광, 1, 2026-08-06 00:00:00, 0, 0, 0, 0, 0, 0, 9.523, 92.659, 218.074, 380.659, 494.669, 566.669, 599.347, 572.198, 533.53, 445.555, 323.443, 168.307, 43.661, 1.536, 0, 0, 0, 0, 4449.83, 185, 599.347, 1.536, 599.347, 0, 
예천태양광, 1, 2026-08-06 00:00:00, 0, 0, 0, 0, 0, 0, 61.56, 340.02, 647.82, 862.92, 1097.46, 1220.94, 1194.3, 1232.64, 1126.08, 947.16, 685.8, 349.56, 55.8, 0, 0, 0, 0, 0, 9822.06, 409, 1232.64, 55.8, 1232.64, 0, 
여수태양광, 1, 2026-08-06 00:00:00, 0, 0, 0, 0, 0, 0, 0, 0, 0, 0, 0, 0, 0, 0, 0, 0, 0, 0, 0, 0, 0, 0, 0, 590, 590, 25, 590, 590, 590, 0, 
영흥태양광, 2, 2026-08-06 00:00:00, 0, 0, 0, 0, 0, 0, 0.964, 50.139, 161.987, 336.509, 412.682, 448.358, 516.817, 499.461, 437.752, 315.297, 257.444, 131.133, 29.891, 0, 0, 0, 0, 0, 3598.434, 150, 516.817, 0.964, 516.817, 0, 
탑선태양광, 1, 2026-08-06 00:00:00, 0, 0, 0, 0, 0, 0, 0, 0, 0, 0, 0, 0, 0, 0, 0, 0, 0, 0, 0, 0, 0, 0, 0, 1197, 1197, 50, 1197, 1197, 1197, 0, 
탑선태양광, 3, 2026-08-06 00:00:00, 0, 0, 0, 0, 0, 0, 0, 0, 0, 0, 0, 0, 0, 0, 0, 0, 0, 0, 0, 0, 0, 0, 0, 194, 194, 8, 194, 194, 194, 0, 
경상대태양광, 1, 2026-08-06 00:00:00, 0, 0, 0, 0, 0, 0, 7.632, 70.2, 213.768, 345.024, 436.824, 497.088, 521.208, 520.272, 434.016, 242.64, 139.104, 176.544, 48.384, 0.432, 0, 0, 0, 0, 3653.136, 152, 521.208, 0.432, 521.208, 0, 
고흥만 수상태양광, 1, 2026-08-06 00:00:00, 0, 0, 0, 0, 0, 7.056, 1935.108, 10599.456, 20104.812, 30736.86, 38802.036, 44485.98, 44783.508, 41032.488, 39570.048, 31457.16, 25513.152, 13755.336, 3398.22, 25.116, 0, 0, 0, 0, 346206.336, 14425, 44783.508, 7.056, 44783.508, 0, 
영동태양광, 1, 2026-08-05 00:00:00, 0, 0, 0, 0, 0, 0, 5.088, 8.16, 8.352, 8.064, 9.6, 11.136, 80.736, 701.568, 679.584, 606.144, 601.44, 680.64, 676.032, 670.08, 263.904, 0, 0, 0, 5010.528, 209, 701.568, 5.088, 701.568, 0, 
삼천포태양광#5, 1, 2026-08-05 00:00:00, 0, 0, 0, 0, 0, 0, 46.628, 186.653, 189.429, 199.662, 196.882, 246.897, 300.927, 755.202, 2390.959, 2007.526, 2510.31, 2533.148, 2547.897, 2348.395, 0, 0, 0, 0, 16460.515, 686, 2547.897, 46.628, 2547.897, 0, 
삼천포태양광#5, 2, 2026-08-05 00:00:00, 0, 0, 0, 0, 0, 0, 104.028, 280.869, 287.301, 282.46, 344.91, 584.666, 677.776, 2825.727, 4121.497, 3450.841, 4271.213, 4295.291, 3987.72, 2775.589, 0, 0, 0, 0, 28289.888, 1179, 4295.291, 104.028, 4295.291, 0, 
광양항세방태양광, 1, 2026-08-05 00:00:00, 0, 0, 0, 0, 0, 0, 93.6, 280.8, 679.2, 1056, 787.2, 924, 1564.8, 1797.6, 1656, 1394.4, 1046.4, 597.6, 153.6, 0, 0, 0, 0, 0, 12031.2, 501, 1797.6, 93.6, 1797.6, 0, 
두산엔진MG태양광, 1, 2026-08-05 00:00:00, 0, 0, 0, 0, 0, 0.12, 1.92, 3.48, 10.32, 18.6, 22.5, 35.1, 21.3, 20.7, 33.3, 16.56, 43.92, 31.56, 11.4, 0.3, 0, 0, 0, 0, 271.08, 11, 43.92, 0.12, 43.92, 0, 
삼천포태양광, 1, 2026-08-05 00:00:00, 0, 0, 0, 0, 0, 0, 0.012, 2.712, 4.368, 11.028, 16.236, 22.944, 26.664, 30.936, 28.596, 24.192, 16.608, 6.312, 0.36, 0, 0, 0, 0, 0, 190.968, 8, 30.936, 0.012, 30.936, 0, 
삼천포태양광, 2, 2026-08-05 00:00:00, 0, 0, 0, 0, 0, 0.288, 20.64, 99.456, 214.272, 297.792, 353.472, 458.88, 495.168, 577.344, 522.912, 411.84, 279.264, 134.496, 31.68, 0.864, 0, 0, 0, 0, 3898.368, 162, 577.344, 0.288, 577.344, 0, 
삼천포태양광, 3, 2026-08-05 00:00:00, 0, 0, 0, 0, 0, 0, 3.816, 37.26, 78.264, 100.764, 115.704, 156.744, 175.392, 192.996, 180.288, 146.772, 95.472, 38.988, 2.556, 0, 0, 0, 0, 0, 1325.016, 55, 192.996, 2.556, 192.996, 0, 
삼천포태양광, 4, 2026-08-05 00:00:00, 0, 0, 0, 0, 0, 0, 3.792, 78.981, 94.301, 95.015, 94.481, 91.542, 106.857, 83.71, 811.671, 794.537, 1174.789, 1192.44, 1179.726, 646.2, 0, 0, 0, 0, 6448.042, 269, 1192.44, 3.792, 1192.44, 0, 
구미태양광, 1, 2026-08-05 00:00:00, 0, 0, 0, 0, 0, 0, 7.304, 54.092, 199.953, 399.545, 501.438, 550.323, 589.88, 561.894, 431.291, 398.822, 186.43, 129.879, 61.613, 4.194, 0, 0, 0, 0, 4076.658, 170, 589.88, 4.194, 589.88, 0, 
삼천포태양광#6, 1, 2026-08-05 00:00:00, 0, 0, 0, 0, 0, 0, 0, 0, 0, 0, 0, 0, 0, 0, 0, 0, 0, 0, 0, 0, 0, 0, 0, 0, 0, 0, 0, 0, 0, 0, 
영흥태양광#5, 1, 2026-08-05 00:00:00, 0, 0, 0, 0, 0, 0, 33.747, 262.747, 643.611, 990.726, 1251.063, 1395.695, 1439.084, 1405.337, 1265.526, 1034.116, 718.337, 339.884, 74.726, 2.411, 0, 0, 0, 0, 10857.01, 452, 1439.084, 2.411, 1439.084, 0, 
영흥태양광 #3, 1, 2026-08-05 00:00:00, 0, 0, 0, 0, 0, 0, 16.08, 312, 792.48, 1238.64, 1580.4, 1797.12, 1879.68, 1823.04, 1647.84, 1353.84, 924.48, 393.36, 77.28, 0, 0, 0, 0, 0, 13836.24, 577, 1879.68, 16.08, 1879.68, 0, 
영흥태양광 #3, 2, 2026-08-05 00:00:00, 0, 0, 0, 0, 0, 0, 5.568, 86.304, 223.872, 352.512, 442.08, 492.384, 504.288, 489.216, 456, 377.664, 264.48, 128.256, 26.976, 0, 0, 0, 0, 0, 3849.6, 160, 504.288, 5.568, 504.288, 0, 
영흥태양광 #3, 3, 2026-08-05 00:00:00, 0, 0, 0, 0, 0, 0, 11.52, 169.56, 469.56, 749.28, 948.72, 1053.72, 1075.8, 1019.16, 961.68, 819.24, 561.12, 281.4, 69.72, 0.6, 0, 0, 0, 0, 8191.08, 341, 1075.8, 0.6, 1075.8, 0, 
영흥태양광, 1, 2026-08-05 00:00:00, 0, 0, 0, 0, 0, 0, 0.806, 70.771, 221.837, 370.79, 487.987, 559.066, 579.84, 569.318, 525.197, 439.526, 311.578, 159.782, 40.704, 1.997, 0, 0, 0, 0, 4339.199, 181, 579.84, 0.806, 579.84, 0, 
예천태양광, 1, 2026-08-05 00:00:00, 0, 0, 0, 0, 0, 0, 63.72, 325.98, 658.62, 898.74, 958.86, 1170, 967.14, 985.86, 955.44, 736.38, 619.2, 352.8, 97.74, 0.18, 0, 0, 0, 0, 8790.66, 366, 1170, 0.18, 1170, 0, 
여수태양광, 1, 2026-08-05 00:00:00, 0, 0, 0, 0, 0, 0, 0, 0, 0, 0, 0, 0, 0, 0, 0, 0, 0, 0, 0, 0, 0, 0, 0, 567, 567, 24, 567, 567, 567, 0, 
영흥태양광, 2, 2026-08-05 00:00:00, 0, 0, 0, 0, 0, 0, 0, 39.533, 168.737, 266.122, 336.509, 376.042, 387.613, 377.006, 342.295, 283.478, 194.771, 97.385, 21.213, 0, 0, 0, 0, 0, 2890.704, 120, 387.613, 21.213, 387.613, 0, 
탑선태양광, 1, 2026-08-05 00:00:00, 0, 0, 0, 0, 0, 0, 0, 0, 0, 0, 0, 0, 0, 0, 0, 0, 0, 0, 0, 0, 0, 0, 0, 1197, 1197, 50, 1197, 1197, 1197, 0, 
탑선태양광, 3, 2026-08-05 00:00:00, 0, 0, 0, 0, 0, 0, 0, 0, 0, 0, 0, 0, 0, 0, 0, 0, 0, 0, 0, 0, 0, 0, 0, 194, 194, 8, 194, 194, 194, 0, 
경상대태양광, 1, 2026-08-05 00:00:00, 0, 0, 0, 0, 0, 0, 9.936, 66.816, 185.256, 328.608, 398.952, 290.52, 278.208, 204.768, 278.856, 268.272, 231.48, 139.032, 43.776, 0.072, 0, 0, 0, 0, 2724.552, 114, 398.952, 0.072, 398.952, 0, 
고흥만 수상태양광, 1, 2026-08-05 00:00:00, 0, 0, 0, 0, 0, 0, 1362.144, 6025.572, 19794.012, 22251.516, 19878.6, 29445.024, 38212.608, 30194.64, 41687.604, 34067.88, 25014.612, 13982.22, 3815.7, 131.964, 0, 0, 0, 0, 285864.096, 11911, 41687.604, 131.964, 41687.604, 0, 
영동태양광, 1, 2026-08-04 00:00:00, 0, 0, 0, 0, 0, 0, 0.768, 6.912, 8.256, 9.6, 9.312, 10.08, 10.176, 11.616, 330.432, 364.896, 479.808, 679.776, 674.976, 667.776, 239.616, 0, 0, 0, 3504, 146, 679.776, 0.768, 679.776, 0, 
삼천포태양광#5, 1, 2026-08-04 00:00:00, 0, 0, 0, 0, 0, 0, 85.744, 189.153, 191.046, 189.399, 197.26, 389.835, 329.677, 1153.234, 1748.328, 1422.825, 2482.843, 2509.411, 2502.722, 1490.21, 0, 0, 0, 0, 14881.687, 620, 2509.411, 85.744, 2509.411, 0, 
삼천포태양광#5, 2, 2026-08-04 00:00:00, 0, 0, 0, 0, 0, 0, 154.571, 284.067, 284.881, 283.482, 299.693, 690.504, 1899.034, 2501.612, 3072.556, 2494.894, 4241.493, 4230.469, 3828.822, 1230.257, 0, 0, 0, 0, 25496.335, 1062, 4241.493, 154.571, 4241.493, 0, 
광양항세방태양광, 1, 2026-08-04 00:00:00, 0, 0, 0, 0, 0, 0, 76.8, 345.6, 782.4, 1125.6, 1375.2, 1593.6, 1610.4, 1766.4, 1579.2, 1284, 964.8, 513.6, 93.6, 0, 0, 0, 0, 0, 13111.2, 546, 1766.4, 76.8, 1766.4, 0, 
두산엔진MG태양광, 1, 2026-08-04 00:00:00, 0, 0, 0, 0, 0, 0.06, 1.98, 7.2, 11.28, 22.92, 35.94, 32.34, 27.18, 24.66, 23.28, 23.16, 18.18, 7.98, 4.2, 0.06, 0, 0, 0, 0, 240.42, 10, 35.94, 0.06, 35.94, 0, 
삼천포태양광, 1, 2026-08-04 00:00:00, 0, 0, 0, 0, 0, 0, 0.276, 2.532, 10.308, 17.88, 22.356, 24.6, 26.268, 17.268, 22.224, 17.844, 7.428, 3.144, 0, 0, 0, 0, 0, 0, 172.128, 7, 26.268, 0.276, 26.268, 0, 
삼천포태양광, 2, 2026-08-04 00:00:00, 0, 0, 0, 0, 0, 0.192, 31.872, 121.056, 272.064, 405.408, 507.552, 515.904, 448.896, 369.024, 348.576, 314.112, 158.304, 88.224, 12, 0, 0, 0, 0, 0, 3593.184, 150, 515.904, 0.192, 515.904, 0, 
삼천포태양광, 3, 2026-08-04 00:00:00, 0, 0, 0, 0, 0, 0, 8.748, 42.552, 93.744, 139.176, 174.816, 174.852, 162.9, 119.268, 105.912, 97.38, 45.864, 20.556, 0.072, 0, 0, 0, 0, 0, 1185.84, 49, 174.852, 0.072, 174.852, 0, 
삼천포태양광, 4, 2026-08-04 00:00:00, 0, 0, 0, 0, 0, 0, 24.733, 90.813, 94.266, 93.784, 95.527, 106.973, 108.336, 118.994, 701.668, 566.257, 1165.281, 1198.512, 1146.64, 296.029, 0, 0, 0, 0, 5807.813, 242, 1198.512, 24.733, 1198.512, 0, 
구미태양광, 1, 2026-08-04 00:00:00, 0, 0, 0, 0, 0, 0, 0.94, 57.274, 166.399, 317.683, 471.427, 524.145, 442.211, 375.97, 383.201, 216.875, 258.457, 233.652, 78.39, 4.411, 0, 0, 0, 0, 3531.035, 147, 524.145, 0.94, 524.145, 0, 
삼천포태양광#6, 1, 2026-08-04 00:00:00, 0, 0, 0, 0, 0, 0, 0, 0, 0, 0, 0, 0, 0, 0, 0, 0, 0, 0, 0, 0, 0, 0, 0, 0, 0, 0, 0, 0, 0, 0, 
영흥태양광#5, 1, 2026-08-04 00:00:00, 0, 0, 0, 0, 0, 0, 43.389, 265.158, 619.505, 954.568, 1222.137, 1383.642, 1441.495, 1395.695, 1253.474, 1024.474, 718.337, 361.579, 98.832, 2.411, 0, 0, 0, 0, 10784.696, 449, 1441.495, 2.411, 1441.495, 0, 
영흥태양광 #3, 1, 2026-08-04 00:00:00, 0, 0, 0, 0, 0, 0, 21.84, 313.2, 756.96, 1187.52, 1536.48, 1778.88, 1872.96, 1815.84, 1608.48, 1340.88, 918.72, 424.32, 112.08, 0.24, 0, 0, 0, 0, 13688.4, 570, 1872.96, 0.24, 1872.96, 0, 
영흥태양광 #3, 2, 2026-08-04 00:00:00, 0, 0, 0, 0, 0, 0, 9.312, 85.632, 214.464, 336.48, 429.888, 491.712, 483.456, 487.488, 454.752, 372.576, 261.696, 136.608, 36.48, 0.384, 0, 0, 0, 0, 3800.928, 158, 491.712, 0.384, 491.712, 0, 
영흥태양광 #3, 3, 2026-08-04 00:00:00, 0, 0, 0, 0, 0, 0, 17.76, 179.88, 456.48, 722.76, 936.96, 716.4, 789.96, 1028.28, 977.4, 795.6, 558.24, 295.2, 88.2, 3, 0, 0, 0, 0, 7566.12, 315, 1028.28, 3, 1028.28, 0, 
영흥태양광, 1, 2026-08-04 00:00:00, 0, 0, 0, 0, 0, 0, 1.651, 79.68, 218.726, 363.341, 484.762, 556.685, 578.227, 557.837, 522.394, 429.158, 310.963, 163.315, 49.459, 3.763, 0, 0, 0, 0, 4319.961, 180, 578.227, 1.651, 578.227, 0, 
예천태양광, 1, 2026-08-04 00:00:00, 0, 0, 0, 0, 0, 0, 25.92, 91.62, 436.14, 742.32, 686.52, 453.42, 781.2, 646.02, 516.42, 349.02, 78.12, 167.58, 27.54, 0, 0, 0, 0, 0, 5001.84, 208, 781.2, 25.92, 781.2, 0, 
여수태양광, 1, 2026-08-04 00:00:00, 0, 0, 0, 0, 0, 0, 0, 0, 0, 0, 0, 0, 0, 0, 0, 0, 0, 0, 0, 0, 0, 0, 0, 122, 122, 5, 122, 122, 122, 0, 
영흥태양광, 2, 2026-08-04 00:00:00, 0, 0, 0, 0, 0, 0, 0.964, 43.389, 161.987, 255.516, 324.939, 369.293, 387.613, 377.006, 335.545, 280.585, 196.699, 103.171, 26.998, 0.964, 0, 0, 0, 0, 2864.669, 119, 387.613, 0.964, 387.613, 0, 
탑선태양광, 1, 2026-08-04 00:00:00, 0, 0, 0, 0, 0, 0, 0, 0, 0, 0, 0, 0, 0, 0, 0, 0, 0, 0, 0, 0, 0, 0, 0, 1197, 1197, 50, 1197, 1197, 1197, 0, 
탑선태양광, 3, 2026-08-04 00:00:00, 0, 0, 0, 0, 0, 0, 0, 0, 0, 0, 0, 0, 0, 0, 0, 0, 0, 0, 0, 0, 0, 0, 0, 194, 194, 8, 194, 194, 194, 0, 
경상대태양광, 1, 2026-08-04 00:00:00, 0, 0, 0, 0, 0, 0, 11.808, 75.24, 198.288, 321.552, 415.584, 452.088, 445.752, 288.504, 237.888, 271.224, 199.368, 60.192, 0, 0, 0, 0, 0, 0, 2977.488, 124, 452.088, 11.808, 452.088, 0, 
고흥만 수상태양광, 1, 2026-08-04 00:00:00, 0, 0, 0, 0, 0, 9.66, 2226.504, 10053.036, 21336.588, 31452.96, 38432.52, 42764.82, 42176.988, 41041.56, 40048.848, 32389.224, 21933.324, 7947.576, 1517.964, 136.164, 0, 0, 0, 0, 333467.736, 13894, 42764.82, 9.66, 42764.82, 0, 
영동태양광, 1, 2026-08-03 00:00:00, 0, 0, 0, 0, 0, 0, 0.288, 11.136, 12, 14.496, 15.936, 15.552, 17.76, 282.048, 120.384, 179.616, 435.264, 675.648, 671.232, 548.544, 0, 0, 0, 0, 2999.904, 125, 675.648, 0.288, 675.648, 0, 
삼천포태양광#5, 1, 2026-08-03 00:00:00, 0, 0, 0, 0, 0, 0, 58.203, 190.69, 196.246, 196.493, 191.414, 142.079, 1664.173, 2666.761, 2351.886, 1973.199, 2517.66, 2532.918, 2546.405, 2328.324, 0, 0, 0, 0, 19556.451, 815, 2666.761, 58.203, 2666.761, 0, 
삼천포태양광#5, 2, 2026-08-03 00:00:00, 0, 0, 0, 0, 0, 0, 122.275, 284.854, 285.04, 289.047, 291.054, 637.456, 4336.089, 4645.009, 4034.86, 3386.741, 4269.203, 4296.679, 3975.452, 2705.156, 0, 0, 0, 0, 33558.915, 1398, 4645.009, 122.275, 4645.009, 0, 
광양항세방태양광, 1, 2026-08-03 00:00:00, 0, 0, 0, 0, 0, 0, 79.2, 333.6, 794.4, 1161.6, 1452, 1629.6, 1704, 1704, 1593.6, 1281.6, 931.2, 523.2, 160.8, 2.4, 0, 0, 0, 0, 13351.2, 556, 1704, 2.4, 1704, 0, 
두산엔진MG태양광, 1, 2026-08-03 00:00:00, 0, 0, 0, 0, 0, 0.12, 2.04, 3.78, 10.14, 23.82, 35.04, 30.24, 52.32, 53.34, 54.6, 51.36, 42.3, 23.16, 6.06, 0.36, 0, 0, 0, 0, 388.68, 16, 54.6, 0.12, 54.6, 0, 
삼천포태양광, 1, 2026-08-03 00:00:00, 0, 0, 0, 0, 0, 0, 0, 2.028, 10.452, 18.3, 24.624, 28.428, 30.684, 31.044, 28.44, 23.628, 16.14, 7.116, 0.408, 0, 0, 0, 0, 0, 221.292, 9, 31.044, 0.408, 31.044, 0, 
삼천포태양광, 2, 2026-08-03 00:00:00, 0, 0, 0, 0, 0, 0.384, 21.408, 124.512, 285.792, 422.496, 525.504, 588.768, 615.936, 600.864, 522.624, 420.672, 277.536, 141.312, 32.352, 1.152, 0, 0, 0, 0, 4581.312, 191, 615.936, 0.384, 615.936, 0, 
삼천포태양광, 3, 2026-08-03 00:00:00, 0, 0, 0, 0, 0, 0, 5.976, 44.424, 101.052, 144.684, 178.776, 197.64, 208.692, 205.668, 178.164, 143.676, 94.104, 40.752, 2.844, 0, 0, 0, 0, 0, 1546.452, 64, 208.692, 2.844, 208.692, 0, 
삼천포태양광, 4, 2026-08-03 00:00:00, 0, 0, 0, 0, 0, 0, 14.122, 93.08, 94.169, 94.451, 91.7, 65.057, 283.889, 1097.302, 973.95, 775.363, 1173.705, 1191.451, 1177.135, 660.656, 0, 0, 0, 0, 7786.03, 324, 1191.451, 14.122, 1191.451, 0, 
구미태양광, 1, 2026-08-03 00:00:00, 0, 0, 0, 0, 0, 0, 8.533, 76.582, 230.687, 387.323, 499.991, 570.138, 518.07, 534.848, 561.46, 470.125, 382.84, 227.144, 71.086, 6.147, 0, 0, 0, 0, 4544.974, 189, 570.138, 6.147, 570.138, 0, 
삼천포태양광#6, 1, 2026-08-03 00:00:00, 0, 0, 0, 0, 0, 0, 0, 0, 0, 0, 0, 0, 0, 0, 0, 0, 0, 0, 0, 0, 0, 0, 0, 0, 0, 0, 0, 0, 0, 0, 
영흥태양광#5, 1, 2026-08-03 00:00:00, 0, 0, 0, 0, 0, 0, 50.621, 289.263, 667.716, 1031.705, 1301.684, 1458.368, 1542.737, 1489.705, 1330.611, 1099.2, 778.6, 380.863, 94.011, 2.411, 0, 0, 0, 0, 11517.495, 480, 1542.737, 2.411, 1542.737, 0, 
영흥태양광 #3, 1, 2026-08-03 00:00:00, 0, 0, 0, 0, 0, 0, 24.24, 348.24, 822.24, 1288.8, 1634.4, 1863.36, 1980.48, 1900.32, 1745.28, 1417.44, 1007.04, 438.72, 95.76, 0, 0, 0, 0, 0, 14566.32, 607, 1980.48, 24.24, 1980.48, 0, 
영흥태양광 #3, 2, 2026-08-03 00:00:00, 0, 0, 0, 0, 0, 0, 11.328, 92.448, 225.504, 355.392, 451.776, 516.576, 541.248, 515.424, 479.424, 394.176, 282.624, 145.536, 33.408, 0, 0, 0, 0, 0, 4044.864, 169, 541.248, 11.328, 541.248, 0, 
영흥태양광 #3, 3, 2026-08-03 00:00:00, 0, 0, 0, 0, 0, 0, 22.32, 193.92, 467.64, 716.4, 957.84, 1072.44, 1113.36, 1075.92, 1004.4, 838.08, 604.32, 314.64, 81.48, 1.8, 0, 0, 0, 0, 8464.56, 353, 1113.36, 1.8, 1113.36, 0, 
영흥태양광, 1, 2026-08-03 00:00:00, 0, 0, 0, 0, 0, 0, 5.491, 81.37, 228.096, 378.778, 497.011, 568.627, 601.574, 584.371, 533.875, 452.89, 330.355, 178.445, 47.002, 2.189, 0, 0, 0, 0, 4490.074, 187, 601.574, 2.189, 601.574, 0, 
예천태양광, 1, 2026-08-03 00:00:00, 0, 0, 0, 0, 0, 0, 71.1, 343.08, 663.66, 914.58, 1135.26, 1107.9, 1212.3, 1131.12, 1071.72, 916.56, 588.6, 347.22, 66.6, 0.18, 0, 0, 0, 0, 9569.88, 399, 1212.3, 0.18, 1212.3, 0, 
여수태양광, 1, 2026-08-03 00:00:00, 0, 0, 0, 0, 0, 0, 0, 0, 0, 0, 0, 0, 0, 0, 0, 0, 0, 0, 0, 0, 0, 0, 0, 392, 392, 16, 392, 392, 392, 0, 
영흥태양광, 2, 2026-08-03 00:00:00, 0, 0, 0, 0, 0, 0, 1.928, 72.316, 217.912, 350.973, 443.537, 499.461, 526.459, 510.067, 468.606, 386.648, 269.979, 134.989, 32.783, 0.964, 0, 0, 0, 0, 3916.622, 163, 526.459, 0.964, 526.459, 0, 
탑선태양광, 1, 2026-08-03 00:00:00, 0, 0, 0, 0, 0, 0, 0, 0, 0, 0, 0, 0, 0, 0, 0, 0, 0, 0, 0, 0, 0, 0, 0, 1197, 1197, 50, 1197, 1197, 1197, 0, 
탑선태양광, 3, 2026-08-03 00:00:00, 0, 0, 0, 0, 0, 0, 0, 0, 0, 0, 0, 0, 0, 0, 0, 0, 0, 0, 0, 0, 0, 0, 0, 194, 194, 8, 194, 194, 194, 0, 
경상대태양광, 1, 2026-08-03 00:00:00, 0, 0, 0, 0, 0, 0, 9.792, 72.144, 204.768, 334.08, 418.032, 472.032, 488.808, 428.328, 366.624, 406.152, 274.896, 165.096, 38.448, 0.864, 0, 0, 0, 0, 3680.064, 153, 488.808, 0.864, 488.808, 0, 
고흥만 수상태양광, 1, 2026-08-03 00:00:00, 0, 0, 0, 0, 0, 12.516, 1989.288, 9900.912, 20760.012, 30655.884, 37806.972, 42329.952, 43927.296, 42036.456, 38218.992, 32811.408, 23549.064, 12539.016, 3584.28, 119.364, 0, 0, 0, 0, 340241.412, 14177, 43927.296, 12.516, 43927.296, 0, 
영동태양광, 1, 2026-08-02 00:00:00, 0, 0, 0, 0, 0, 0, 1.824, 11.424, 12.384, 14.592, 16.416, 17.472, 80.064, 692.352, 677.184, 605.184, 600.672, 286.752, 602.496, 673.92, 644.928, 1.536, 0, 0, 4939.2, 206, 692.352, 1.536, 692.352, 0, 
삼천포태양광#5, 1, 2026-08-02 00:00:00, 0, 0, 0, 0, 0, 0, 47.443, 189.941, 190.379, 242.684, 350.677, 356.588, 1592.58, 2695.993, 2458.094, 2005.026, 2465.026, 2495.185, 2430.516, 2470.559, 6.941, 0, 0, 0, 19997.632, 833, 2695.993, 6.941, 2695.993, 0, 
삼천포태양광#5, 2, 2026-08-02 00:00:00, 0, 0, 0, 0, 0, 0, 95.354, 285.25, 292.544, 281.412, 322.209, 1062.514, 4505.611, 4593.68, 4162.535, 3431.515, 4273.707, 4298.874, 3999.207, 2691.291, 11.711, 0, 0, 0, 34307.414, 1429, 4593.68, 11.711, 4593.68, 0, 
광양항세방태양광, 1, 2026-08-02 00:00:00, 0, 0, 0, 0, 0, 0, 81.6, 360, 811.2, 1228.8, 1526.4, 1680, 1754.4, 1735.2, 1608, 1392, 1046.4, 602.4, 168, 4.8, 0, 0, 0, 0, 13999.2, 583, 1754.4, 4.8, 1754.4, 0, 
두산엔진MG태양광, 1, 2026-08-02 00:00:00, 0, 0, 0, 0, 0, 0.12, 1.92, 3.3, 10.08, 23.64, 36.3, 45.54, 52.26, 56.52, 55.8, 52.38, 44.22, 32.52, 13.14, 0.48, 0, 0, 0, 0, 428.22, 18, 56.52, 0.12, 56.52, 0, 
삼천포태양광, 1, 2026-08-02 00:00:00, 0, 0, 0, 0, 0, 0, 0, 1.836, 10.716, 18.888, 25.116, 29.052, 30.936, 31.44, 28.872, 24.156, 16.704, 7.044, 0.492, 0, 0, 0, 0, 0, 225.252, 9, 31.44, 0.492, 31.44, 0, 
삼천포태양광, 2, 2026-08-02 00:00:00, 0, 0, 0, 0, 0, 0.384, 18.144, 129.312, 295.776, 437.856, 537.312, 596.544, 619.296, 602.784, 536.16, 428.928, 288, 135.264, 35.904, 1.536, 0, 0, 0, 0, 4663.2, 194, 619.296, 0.384, 619.296, 0, 
삼천포태양광, 3, 2026-08-02 00:00:00, 0, 0, 0, 0, 0, 0, 5.148, 45.972, 101.772, 151.38, 185.76, 205.128, 212.472, 207.792, 183.996, 146.7, 96.804, 39.204, 3.024, 0, 0, 0, 0, 0, 1585.152, 66, 212.472, 3.024, 212.472, 0, 
삼천포태양광, 4, 2026-08-02 00:00:00, 0, 0, 0, 0, 0, 0, 9.075, 93.21, 94.269, 93.136, 90.507, 71.618, 436.842, 1106.967, 1001.867, 784.778, 1174.739, 1192.772, 1181.181, 649.943, 3.259, 0, 0, 0, 7984.163, 333, 1192.772, 3.259, 1192.772, 0, 
구미태양광, 1, 2026-08-02 00:00:00, 0, 0, 0, 0, 0, 0, 10.92, 79.547, 220.997, 375.97, 498.545, 585.469, 617.721, 602.607, 563.34, 488.493, 370.908, 215.429, 65.807, 6.291, 0, 0, 0, 0, 4702.044, 196, 617.721, 6.291, 617.721, 0, 
삼천포태양광#6, 1, 2026-08-02 00:00:00, 0, 0, 0, 0, 0, 0, 0, 0, 0, 0, 0, 0, 0, 0, 0, 0, 0, 0, 0, 0, 0, 0, 0, 0, 0, 0, 0, 0, 0, 0, 
영흥태양광#5, 1, 2026-08-02 00:00:00, 0, 0, 0, 0, 0, 0, 28.926, 166.326, 380.863, 609.863, 1157.053, 1463.189, 1525.863, 1494.526, 1371.589, 1142.589, 817.168, 397.737, 81.958, 2.411, 0, 0, 0, 0, 10640.061, 443, 1525.863, 2.411, 1525.863, 0, 
영흥태양광 #3, 1, 2026-08-02 00:00:00, 0, 0, 0, 0, 0, 0, 5.52, 148.8, 435.84, 1003.68, 1277.28, 1873.2, 1991.04, 1959.12, 1809.36, 1516.32, 1083.84, 471.6, 76.8, 0, 0, 0, 0, 0, 13652.4, 569, 1991.04, 5.52, 1991.04, 0, 
영흥태양광 #3, 2, 2026-08-02 00:00:00, 0, 0, 0, 0, 0, 0, 3.264, 48.192, 118.752, 230.4, 442.944, 509.856, 530.112, 525.6, 487.104, 408.96, 295.584, 154.464, 29.76, 0, 0, 0, 0, 0, 3784.992, 158, 530.112, 3.264, 530.112, 0, 
영흥태양광 #3, 3, 2026-08-02 00:00:00, 0, 0, 0, 0, 0, 0, 13.92, 126.24, 248.52, 435.96, 923.16, 1076.28, 1119.48, 1102.44, 1018.2, 855.84, 622.08, 326.64, 71.4, 0.6, 0, 0, 0, 0, 7940.76, 331, 1119.48, 0.6, 1119.48, 0, 
영흥태양광, 1, 2026-08-02 00:00:00, 0, 0, 0, 0, 0, 0, 2.65, 90.97, 203.443, 249.984, 425.587, 581.107, 610.867, 601.306, 556.454, 473.011, 344.947, 181.862, 41.549, 1.613, 0, 0, 0, 0, 4365.35, 182, 610.867, 1.613, 610.867, 0, 
예천태양광, 1, 2026-08-02 00:00:00, 0, 0, 0, 0, 0, 0, 59.22, 315, 721.44, 966.78, 1156.5, 1229.4, 1171.26, 1116.54, 897.48, 899.82, 692.28, 359.1, 67.14, 0.18, 0, 0, 0, 0, 9652.14, 402, 1229.4, 0.18, 1229.4, 0, 
여수태양광, 1, 2026-08-02 00:00:00, 0, 0, 0, 0, 0, 0, 0, 0, 0, 0, 0, 0, 0, 0, 0, 0, 0, 0, 0, 0, 0, 0, 0, 384, 384, 16, 384, 384, 384, 0, 
영흥태양광, 2, 2026-08-02 00:00:00, 0, 0, 0, 0, 0, 0, 0, 3.857, 86.779, 186.093, 258.408, 391.469, 404.004, 400.147, 371.221, 311.44, 224.661, 118.598, 23.141, 0, 0, 0, 0, 0, 2779.818, 116, 404.004, 3.857, 404.004, 0, 
탑선태양광, 1, 2026-08-02 00:00:00, 0, 0, 0, 0, 0, 0, 0, 0, 0, 0, 0, 0, 0, 0, 0, 0, 0, 0, 0, 0, 0, 0, 0, 1197, 1197, 50, 1197, 1197, 1197, 0, 
탑선태양광, 3, 2026-08-02 00:00:00, 0, 0, 0, 0, 0, 0, 0, 0, 0, 0, 0, 0, 0, 0, 0, 0, 0, 0, 0, 0, 0, 0, 0, 194, 194, 8, 194, 194, 194, 0, 
경상대태양광, 1, 2026-08-02 00:00:00, 0, 0, 0, 0, 0, 0, 8.712, 71.64, 210.024, 340.848, 430.2, 485.352, 511.92, 500.4, 465.984, 413.352, 298.944, 174.816, 50.328, 1.08, 0, 0, 0, 0, 3963.6, 165, 511.92, 1.08, 511.92, 0, 
고흥만 수상태양광, 1, 2026-08-02 00:00:00, 0, 0, 0, 0, 0, 11.928, 2062.452, 10165.176, 21606.648, 31770.648, 38754.744, 42937.02, 42984.06, 42506.1, 38907.12, 33097.68, 23974.272, 12962.628, 3541.776, 147.084, 0, 0, 0, 0, 345429.336, 14393, 42984.06, 11.928, 42984.06, 0, 
영동태양광, 1, 2026-08-01 00:00:00, 0, 0, 0, 0, 0, 0, 1.44, 10.944, 12.384, 14.304, 16.224, 17.184, 30.336, 693.6, 664.224, 584.544, 590.304, 684.48, 679.584, 673.92, 290.784, 0, 0, 0, 4964.256, 207, 693.6, 1.44, 693.6, 0, 
삼천포태양광#5, 1, 2026-08-01 00:00:00, 0, 0, 0, 0, 0, 0, 45.247, 195.412, 203.895, 190.447, 181.012, 142.586, 2110.451, 2669.755, 2465.17, 2036.801, 2519.411, 2524.452, 2527.798, 2474.146, 5.527, 0, 0, 0, 20292.11, 846, 2669.755, 5.527, 2669.755, 0, 
삼천포태양광#5, 2, 2026-08-01 00:00:00, 0, 0, 0, 0, 0, 0, 94.76, 283.87, 287.317, 284.041, 363.947, 1140.354, 4471.91, 4549.377, 4191.068, 3487.331, 4275.493, 4294.997, 4060.529, 2850.477, 9.324, 0, 0, 0, 34644.795, 1444, 4549.377, 9.324, 4549.377, 0, 
광양항세방태양광, 1, 2026-08-01 00:00:00, 0, 0, 0, 0, 0, 0, 79.2, 357.6, 816, 1262.4, 1569.6, 1749.6, 1812, 1797.6, 1699.2, 1471.2, 1008, 559.2, 168, 19.2, 0, 0, 0, 0, 14368.8, 599, 1812, 19.2, 1812, 0, 
두산엔진MG태양광, 1, 2026-08-01 00:00:00, 0, 0, 0, 0, 0, 0.06, 1.86, 2.94, 9.72, 23.64, 36.24, 45.78, 47.16, 54.54, 54.3, 40.92, 32.34, 30.78, 14.7, 0.96, 0, 0, 0, 0, 395.94, 16, 54.54, 0.06, 54.54, 0, 
삼천포태양광, 1, 2026-08-01 00:00:00, 0, 0, 0, 0, 0, 0, 0, 1.776, 10.704, 18.996, 25.32, 29.268, 31.008, 30.696, 28.812, 24.408, 16.872, 7.644, 0.672, 0, 0, 0, 0, 0, 226.176, 9, 31.008, 0.672, 31.008, 0, 
삼천포태양광, 2, 2026-08-01 00:00:00, 0, 0, 0, 0, 0, 0.288, 17.472, 129.12, 297.696, 440.352, 542.88, 601.632, 626.688, 607.296, 544.224, 439.584, 295.104, 149.088, 42.144, 2.592, 0, 0, 0, 0, 4736.16, 197, 626.688, 0.288, 626.688, 0, 
삼천포태양광, 3, 2026-08-01 00:00:00, 0, 0, 0, 0, 0, 0, 5.22, 45.936, 101.772, 151.2, 186.156, 205.056, 213.228, 206.748, 186.3, 150.228, 98.496, 43.668, 4.176, 0, 0, 0, 0, 0, 1598.184, 67, 213.228, 4.176, 213.228, 0, 
삼천포태양광, 4, 2026-08-01 00:00:00, 0, 0, 0, 0, 0, 0, 10.466, 93.261, 95.052, 94.304, 89.632, 70.356, 477.895, 1096.196, 1010.946, 803.811, 1175.407, 1194.262, 1190.912, 683.674, 2.595, 0, 0, 0, 8088.769, 337, 1194.262, 2.595, 1194.262, 0, 
구미태양광, 1, 2026-08-01 00:00:00, 0, 0, 0, 0, 0, 0, 8.678, 75.859, 219.045, 313.995, 392.602, 451.974, 533.329, 565.148, 458.916, 473.885, 351.021, 208.559, 86.562, 12.655, 0, 0, 0, 0, 4152.228, 173, 565.148, 8.678, 565.148, 0, 
삼천포태양광#6, 1, 2026-08-01 00:00:00, 0, 0, 0, 0, 0, 0, 0, 0, 0, 0, 0, 0, 0, 0, 0, 0, 0, 0, 0, 0, 0, 0, 0, 0, 0, 0, 0, 0, 0, 0, 
영흥태양광#5, 1, 2026-08-01 00:00:00, 0, 0, 0, 0, 0, 0, 7.232, 122.937, 385.684, 829.221, 875.021, 1393.284, 1487.295, 1439.084, 1306.505, 1079.916, 785.832, 392.916, 91.6, 2.411, 0, 0, 0, 0, 10198.938, 425, 1487.295, 2.411, 1487.295, 0, 
영흥태양광 #3, 1, 2026-08-01 00:00:00, 0, 0, 0, 0, 0, 0, 0, 114.48, 557.52, 1116.96, 1187.28, 1831.2, 1959.36, 1903.2, 1733.28, 1443.84, 1058.16, 480.48, 93.12, 0, 0, 0, 0, 0, 13478.88, 562, 1959.36, 93.12, 1959.36, 0, 
영흥태양광 #3, 2, 2026-08-01 00:00:00, 0, 0, 0, 0, 0, 0, 1.056, 41.184, 131.616, 290.976, 326.88, 498.144, 528, 506.016, 463.296, 385.248, 285.696, 153.888, 33.408, 0, 0, 0, 0, 0, 3645.408, 152, 528, 1.056, 528, 0, 
영흥태양광 #3, 3, 2026-08-01 00:00:00, 0, 0, 0, 0, 0, 0, 1.8, 80.28, 309.6, 584.28, 689.28, 1018.2, 1091.28, 1063.08, 969.24, 824.76, 605.76, 327.24, 85.56, 3.96, 0, 0, 0, 0, 7654.32, 319, 1091.28, 1.8, 1091.28, 0, 
영흥태양광, 1, 2026-08-01 00:00:00, 0, 0, 0, 0, 0, 0, 0.384, 32.947, 126.413, 289.92, 396.058, 528.038, 597.466, 581.453, 536.333, 453.197, 341.338, 180.864, 45.542, 2.496, 0, 0, 0, 0, 4112.449, 171, 597.466, 0.384, 597.466, 0, 
예천태양광, 1, 2026-08-01 00:00:00, 0, 0, 0, 0, 0, 0, 78.84, 210.6, 363.42, 808.56, 930.06, 831.96, 875.52, 760.5, 921.42, 954, 604.26, 347.94, 75.96, 1.98, 0, 0, 0, 0, 7765.02, 324, 954, 1.98, 954, 0, 
여수태양광, 1, 2026-08-01 00:00:00, 0, 0, 0, 0, 0, 0, 0, 0, 0, 0, 0, 0, 0, 0, 0, 0, 0, 0, 0, 0, 0, 0, 0, 427, 427, 18, 427, 427, 427, 0, 
영흥태양광, 2, 2026-08-01 00:00:00, 0, 0, 0, 0, 0, 0, 0, 6.749, 124.383, 306.619, 330.724, 484.998, 519.709, 507.175, 461.857, 383.756, 276.728, 143.667, 33.747, 0.964, 0, 0, 0, 0, 3581.076, 149, 519.709, 0.964, 519.709, 0, 
탑선태양광, 1, 2026-08-01 00:00:00, 0, 0, 0, 0, 0, 0, 0, 0, 0, 0, 0, 0, 0, 0, 0, 0, 0, 0, 0, 0, 0, 0, 0, 1197, 1197, 50, 1197, 1197, 1197, 0, 
탑선태양광, 3, 2026-08-01 00:00:00, 0, 0, 0, 0, 0, 0, 0, 0, 0, 0, 0, 0, 0, 0, 0, 0, 0, 0, 0, 0, 0, 0, 0, 194, 194, 8, 194, 194, 194, 0, 
경상대태양광, 1, 2026-08-01 00:00:00, 0, 0, 0, 0, 0, 0, 7.416, 70.56, 212.112, 342.504, 431.136, 484.344, 507.672, 470.448, 483.696, 419.4, 327.096, 203.04, 70.128, 3.24, 0, 0, 0, 0, 4032.792, 168, 507.672, 3.24, 507.672, 0, 
고흥만 수상태양광, 1, 2026-08-01 00:00:00, 0, 0, 0, 0, 0, 54.6, 2480.436, 10792.572, 22301.664, 31633.812, 39930.072, 44337.216, 45538.248, 44391.984, 40578.888, 31289.664, 23565.192, 11325.72, 3810.912, 155.736, 0, 0, 0, 0, 352186.716, 14674, 45538.248, 54.6, 45538.248, 0, 
