발전구분, 호기, 일자, 1시 발전량(KWh), 2시 발전량(KWh),3시 발전량(KWh),4시 발전량(KWh),5시 발전량(KWh),6시 발전량(KWh),7시 발전량(KWh),8시 발전량(KWh),9시 발전량(KWh),10시 발전량(KWh),11시 발전량(KWh),12시 발전량(KWh),13시 발전량(KWh),14시 발전량(KWh),15시 발전량(KWh),16시 발전량(KWh),17시 발전량(KWh),18시 발전량(KWh),19시 발전량(KWh),20시 발전량(KWh),21시 발전량(KWh),22시 발전량(KWh),23시 발전량(KWh),24시 발전량(KWh),총량(KW),평균(KW),최대(시간별),최소(시간별),최대,최소
영동태양광, 1, 2026-07-31 00:00:00, 0, 0, 0, 0, 0, 0, 3.456, 12.576, 13.536, 14.496, 15.456, 17.28, 73.632, 706.656, 671.904, 574.944, 573.216, 685.632, 680.352, 674.784, 291.36, 0, 0, 0, 5009.28, 209, 706.656, 3.456, 706.656, 0, 
삼천포태양광#5, 1, 2026-07-31 00:00:00, 0, 0, 0, 0, 0, 0, 51.307, 189.791, 191.552, 189.902, 204.023, 176.574, 2429.694, 2753.602, 2397.165, 1849.186, 2513.417, 2519.766, 2536.569, 2404.526, 0, 0, 0, 0, 20407.074, 850, 2753.602, 51.307, 2753.602, 0, 
삼천포태양광#5, 2, 2026-07-31 00:00:00, 0, 0, 0, 0, 0, 0, 98.125, 285.025, 284.683, 282.727, 405.697, 1438.156, 4673.361, 4711.092, 4095.569, 3179.438, 4267.302, 4294.365, 4011.397, 2756.104, 0, 0, 0, 0, 34783.041, 1449, 4711.092, 98.125, 4711.092, 0, 
광양항세방태양광, 1, 2026-07-31 00:00:00, 0, 0, 0, 0, 0, 0, 74.4, 352.8, 828, 1252.8, 1584, 1759.2, 1824, 1797.6, 1694.4, 1452, 1084.8, 660, 192, 7.2, 0, 0, 0, 0, 14563.2, 607, 1824, 7.2, 1824, 0, 
두산엔진MG태양광, 1, 2026-07-31 00:00:00, 0, 0, 0, 0, 0, 0.06, 1.8, 2.94, 9.66, 23.64, 36.72, 46.02, 52.02, 54.9, 52.86, 45.54, 40.98, 31.68, 11.4, 0.9, 0, 0, 0, 0, 411.12, 17, 54.9, 0.06, 54.9, 0, 
삼천포태양광, 1, 2026-07-31 00:00:00, 0, 0, 0, 0, 0, 0, 0, 1.752, 11.028, 19.416, 25.968, 30.072, 31.944, 31.728, 28.392, 22.896, 16.668, 7.632, 0.48, 0, 0, 0, 0, 0, 227.976, 9, 31.944, 0.48, 31.944, 0, 
삼천포태양광, 2, 2026-07-31 00:00:00, 0, 0, 0, 0, 0, 0.192, 18.528, 133.92, 305.856, 451.296, 553.728, 612.672, 640.704, 617.376, 537.504, 403.488, 286.464, 144.768, 38.88, 3.168, 0, 0, 0, 0, 4748.544, 198, 640.704, 0.192, 640.704, 0, 
삼천포태양광, 3, 2026-07-31 00:00:00, 0, 0, 0, 0, 0, 0, 5.472, 47.556, 108.36, 157.464, 192.132, 209.844, 218.232, 213.372, 184.356, 137.808, 96.408, 43.164, 3.06, 0, 0, 0, 0, 0, 1617.228, 67, 218.232, 3.06, 218.232, 0, 
삼천포태양광, 4, 2026-07-31 00:00:00, 0, 0, 0, 0, 0, 0, 11.904, 94.145, 94.181, 93.868, 89.608, 74.511, 593.921, 1128.281, 992.171, 719.048, 1172.345, 1192.357, 1180.538, 669.082, 0, 0, 0, 0, 8105.96, 338, 1192.357, 11.904, 1192.357, 0, 
구미태양광, 1, 2026-07-31 00:00:00, 0, 0, 0, 0, 0, 0, 4.701, 73.111, 223.456, 363.098, 508.38, 587.06, 588.361, 615.335, 572.669, 453.782, 379.079, 223.456, 70.797, 9.473, 0, 0, 0, 0, 4672.758, 195, 615.335, 4.701, 615.335, 0, 
삼천포태양광#6, 1, 2026-07-31 00:00:00, 0, 0, 0, 0, 0, 0, 0, 0, 0, 0, 0, 0, 0, 0, 0, 0, 0, 0, 0, 0, 0, 0, 0, 0, 0, 0, 0, 0, 0, 0, 
영흥태양광#5, 1, 2026-07-31 00:00:00, 0, 0, 0, 0, 0, 0, 45.8, 197.663, 277.211, 684.589, 1149.821, 1434.263, 1294.453, 1202.853, 1318.558, 1089.558, 785.832, 388.095, 113.295, 4.821, 0, 0, 0, 0, 9986.812, 416, 1434.263, 4.821, 1434.263, 0, 
영흥태양광 #3, 1, 2026-07-31 00:00:00, 0, 0, 0, 0, 0, 0, 6, 175.44, 288, 645.84, 1382.4, 1887.6, 1933.92, 1685.04, 1783.2, 1447.68, 1062.96, 484.56, 135.36, 0.48, 0, 0, 0, 0, 12918.48, 538, 1933.92, 0.48, 1933.92, 0, 
영흥태양광 #3, 2, 2026-07-31 00:00:00, 0, 0, 0, 0, 0, 0, 7.104, 66.912, 93.12, 240, 414.24, 502.272, 478.368, 450.816, 470.112, 386.016, 288.288, 148.32, 41.088, 0.384, 0, 0, 0, 0, 3587.04, 149, 502.272, 0.384, 502.272, 0, 
영흥태양광 #3, 3, 2026-07-31 00:00:00, 0, 0, 0, 0, 0, 0, 9.36, 129.96, 225.12, 583.8, 931.44, 1067.88, 1104, 990.6, 983.76, 825.96, 593.28, 309.96, 97.44, 5.04, 0, 0, 0, 0, 7857.6, 327, 1104, 5.04, 1104, 0, 
영흥태양광, 1, 2026-07-31 00:00:00, 0, 0, 0, 0, 0, 0, 3.763, 79.795, 145.958, 320.448, 482.342, 570.509, 429.734, 302.707, 311.462, 399.667, 333.312, 176.179, 54.605, 4.531, 0, 0, 0, 0, 3615.012, 151, 570.509, 3.763, 570.509, 0, 
예천태양광, 1, 2026-07-31 00:00:00, 0, 0, 0, 0, 0, 0, 50.58, 280.62, 606.42, 854.46, 970.02, 1112.04, 1209.42, 1123.56, 840.24, 979.92, 604.62, 371.88, 87.12, 5.22, 0, 0, 0, 0, 9096.12, 379, 1209.42, 5.22, 1209.42, 0, 
여수태양광, 1, 2026-07-31 00:00:00, 0, 0, 0, 0, 0, 0, 0, 0, 0, 0, 0, 0, 0, 0, 0, 0, 0, 0, 0, 0, 0, 0, 0, 487, 487, 20, 487, 487, 487, 0, 
영흥태양광, 2, 2026-07-31 00:00:00, 0, 0, 0, 0, 0, 0, 0, 9.642, 18.32, 148.488, 331.688, 499.461, 513.924, 448.358, 472.463, 387.613, 277.693, 139.811, 41.461, 1.928, 0, 0, 0, 0, 3290.85, 137, 513.924, 1.928, 513.924, 0, 
탑선태양광, 1, 2026-07-31 00:00:00, 0, 0, 0, 0, 0, 0, 0, 0, 0, 0, 0, 0, 0, 0, 0, 0, 0, 0, 0, 0, 0, 0, 0, 1132.8, 1132.8, 47, 1132.8, 1132.8, 1132.8, 0, 
탑선태양광, 3, 2026-07-31 00:00:00, 0, 0, 0, 0, 0, 0, 0, 0, 0, 0, 0, 0, 0, 0, 0, 0, 0, 0, 0, 0, 0, 0, 0, 146.4, 146.4, 6, 146.4, 146.4, 146.4, 0, 
경상대태양광, 1, 2026-07-31 00:00:00, 0, 0, 0, 0, 0, 0, 7.488, 72.576, 220.176, 352.008, 437.976, 493.056, 517.104, 514.944, 477.648, 418.608, 316.872, 156.888, 44.352, 0.432, 0, 0, 0, 0, 4030.128, 168, 517.104, 0.432, 517.104, 0, 
고흥만 수상태양광, 1, 2026-07-31 00:00:00, 0, 0, 0, 0, 0, 18.648, 2002.98, 11453.148, 23800.812, 34376.832, 41229.132, 44989.308, 46486.776, 45399.564, 41833.848, 35149.128, 25645.032, 14550.648, 4135.32, 256.452, 0, 0, 0, 0, 371327.628, 15472, 46486.776, 18.648, 46486.776, 0, 
영동태양광, 1, 2026-07-30 00:00:00, 0, 0, 0, 0, 0, 0, 1.92, 10.944, 12.384, 14.112, 15.36, 16.992, 120.576, 698.112, 667.488, 604.608, 603.936, 685.824, 680.736, 674.784, 343.2, 0, 0, 0, 5150.976, 215, 698.112, 1.92, 698.112, 0, 
삼천포태양광#5, 1, 2026-07-30 00:00:00, 0, 0, 0, 0, 0, 0, 39.322, 191.289, 198.768, 213.813, 228.927, 195.357, 2410.825, 2663.969, 2443.336, 2063.049, 2519.924, 2531.805, 2550.274, 2488.808, 10.675, 0, 0, 0, 20750.141, 865, 2663.969, 10.675, 2663.969, 0, 
삼천포태양광#5, 2, 2026-07-30 00:00:00, 0, 0, 0, 0, 0, 0, 79.368, 285.694, 284.857, 283.737, 425.623, 1620.502, 4646.287, 4667.165, 4238.073, 3559.52, 4275.07, 4299.954, 4038.868, 2960.876, 18.01, 0, 0, 0, 35683.604, 1487, 4667.165, 18.01, 4667.165, 0, 
광양항세방태양광, 1, 2026-07-30 00:00:00, 0, 0, 0, 0, 0, 0, 74.4, 369.6, 828, 1248, 1552.8, 1766.4, 1850.4, 1838.4, 1737.6, 1507.2, 1149.6, 679.2, 199.2, 7.2, 0, 0, 0, 0, 14808, 617, 1850.4, 7.2, 1850.4, 0, 
두산엔진MG태양광, 1, 2026-07-30 00:00:00, 0, 0, 0, 0, 0, 0.18, 1.86, 2.76, 9.9, 24.42, 37.56, 47.16, 48.66, 47.34, 35.7, 50.64, 46.08, 33.78, 15.12, 0.6, 0, 0, 0, 0, 401.76, 17, 50.64, 0.18, 50.64, 0, 
삼천포태양광, 1, 2026-07-30 00:00:00, 0, 0, 0, 0, 0, 0, 0, 1.752, 11.268, 19.872, 25.92, 30.252, 32.208, 31.56, 29.364, 24.888, 17.772, 8.064, 0.648, 0, 0, 0, 0, 0, 233.568, 10, 32.208, 0.648, 32.208, 0, 
삼천포태양광, 2, 2026-07-30 00:00:00, 0, 0, 0, 0, 0, 0.288, 16.8, 137.952, 311.232, 458.592, 558.144, 614.784, 634.272, 613.152, 548.928, 445.248, 304.32, 147.648, 43.104, 3.072, 0, 0, 0, 0, 4837.536, 202, 634.272, 0.288, 634.272, 0, 
삼천포태양광, 3, 2026-07-30 00:00:00, 0, 0, 0, 0, 0, 0, 5.22, 48.6, 109.944, 160.02, 194.688, 213.804, 216.72, 207.972, 186.444, 151.92, 102.564, 44.712, 4.212, 0, 0, 0, 0, 0, 1646.82, 69, 216.72, 4.212, 216.72, 0, 
삼천포태양광, 4, 2026-07-30 00:00:00, 0, 0, 0, 0, 0, 0, 10.166, 94.217, 94.238, 94.035, 89.577, 76.549, 629.336, 1129.626, 1024.919, 820.343, 1175.99, 1192.145, 1185.674, 728.236, 5.013, 0, 0, 0, 8350.064, 348, 1192.145, 5.013, 1192.145, 0, 
구미태양광, 1, 2026-07-30 00:00:00, 0, 0, 0, 0, 0, 0, 4.556, 74.341, 249.056, 432.087, 444.525, 451.395, 481.695, 498.69, 521.397, 487.698, 371.269, 211.596, 73.834, 8.606, 0, 0, 0, 0, 4310.745, 180, 521.397, 4.556, 521.397, 0, 
삼천포태양광#6, 1, 2026-07-30 00:00:00, 0, 0, 0, 0, 0, 0, 0, 0, 0, 0, 0, 0, 0, 0, 0, 0, 0, 0, 0, 0, 0, 0, 0, 0, 0, 0, 0, 0, 0, 0, 
영흥태양광#5, 1, 2026-07-30 00:00:00, 0, 0, 0, 0, 0, 0, 33.747, 144.632, 344.705, 947.337, 1340.253, 1504.168, 1564.432, 1525.863, 1405.337, 1176.337, 848.505, 417.021, 84.368, 0, 0, 0, 0, 0, 11336.705, 472, 1564.432, 33.747, 1564.432, 0, 
영흥태양광 #3, 1, 2026-07-30 00:00:00, 0, 0, 0, 0, 0, 0, 11.76, 264, 545.04, 1414.08, 1778.4, 2012.4, 2101.92, 2063.28, 1900.32, 1609.44, 1177.68, 525.12, 87.12, 0, 0, 0, 0, 0, 15490.56, 645, 2101.92, 11.76, 2101.92, 0, 
영흥태양광 #3, 2, 2026-07-30 00:00:00, 0, 0, 0, 0, 0, 0, 4.704, 49.824, 125.184, 358.272, 473.28, 527.136, 546.432, 534.24, 495.264, 416.928, 304.896, 159.264, 30.624, 0, 0, 0, 0, 0, 4026.048, 168, 546.432, 4.704, 546.432, 0, 
영흥태양광 #3, 3, 2026-07-30 00:00:00, 0, 0, 0, 0, 0, 0, 13.92, 141.48, 270.96, 794.4, 994.44, 1111.8, 1150.8, 1133.16, 1052.88, 889.68, 655.32, 346.2, 78, 0.36, 0, 0, 0, 0, 8633.4, 360, 1150.8, 0.36, 1150.8, 0, 
영흥태양광, 1, 2026-07-30 00:00:00, 0, 0, 0, 0, 0, 0, 1.459, 76.032, 194.496, 373.939, 520.358, 593.165, 589.44, 607.334, 554.88, 486.374, 359.27, 188.621, 42.317, 0.768, 0, 0, 0, 0, 4588.453, 191, 607.334, 0.768, 607.334, 0, 
예천태양광, 1, 2026-07-30 00:00:00, 0, 0, 0, 0, 0, 0.18, 62.1, 284.4, 739.08, 966.6, 1199.52, 1300.68, 1336.32, 1276.74, 990.54, 608.04, 666.72, 377.28, 74.16, 1.44, 0, 0, 0, 0, 9883.8, 412, 1336.32, 0.18, 1336.32, 0, 
여수태양광, 1, 2026-07-30 00:00:00, 0, 0, 0, 0, 0, 0, 0, 0, 0, 0, 0, 0, 0, 0, 0, 0, 0, 0, 0, 0, 0, 0, 0, 645, 645, 27, 645, 645, 645, 0, 
영흥태양광, 2, 2026-07-30 00:00:00, 0, 0, 0, 0, 0, 0, 0.964, 37.604, 144.632, 365.436, 475.356, 530.316, 553.457, 543.815, 500.425, 422.324, 301.798, 154.274, 31.819, 0, 0, 0, 0, 0, 4062.22, 169, 553.457, 0.964, 553.457, 0, 
탑선태양광, 1, 2026-07-30 00:00:00, 0, 0, 0, 0, 0, 0, 0, 0, 0, 0, 0, 0, 0, 0, 0, 0, 0, 0, 0, 0, 0, 0, 0, 1120, 1120, 47, 1120, 1120, 1120, 0, 
탑선태양광, 3, 2026-07-30 00:00:00, 0, 0, 0, 0, 0, 0, 0, 0, 0, 0, 0, 0, 0, 0, 0, 0, 0, 0, 0, 0, 0, 0, 0, 145, 145, 6, 145, 145, 145, 0, 
경상대태양광, 1, 2026-07-30 00:00:00, 0, 0, 0, 0, 0, 0, 7.776, 73.8, 222.984, 357.984, 439.056, 502.272, 525.816, 520.56, 491.688, 432.288, 337.104, 203.04, 57.024, 0.576, 0, 0, 0, 0, 4171.968, 174, 525.816, 0.576, 525.816, 0, 
고흥만 수상태양광, 1, 2026-07-30 00:00:00, 0, 0, 0, 0, 0, 17.808, 1973.328, 9725.94, 25106.928, 34720.896, 38516.352, 47361.468, 46853.688, 46010.916, 42924.756, 36440.292, 26419.428, 14501.592, 3985.38, 179.676, 0, 0, 0, 0, 374738.448, 15614, 47361.468, 17.808, 47361.468, 0, 
영동태양광, 1, 2026-07-29 00:00:00, 0, 0, 0, 0, 0, 0, 5.472, 11.424, 11.904, 12.768, 14.496, 15.648, 16.896, 564.864, 662.976, 541.536, 573.504, 684.288, 680.64, 674.88, 336.576, 0, 0, 0, 4807.872, 200, 684.28, 5.47, 684.288, 0, 
삼천포태양광#5, 1, 2026-07-29 00:00:00, 0, 0, 0, 0, 0, 0, 42.304, 188.557, 192.468, 200.446, 224.544, 263.189, 1271.405, 2715.466, 2425.209, 1988.82, 2515.748, 2534.426, 2538.773, 2409.135, 0, 0, 0, 0, 19510.49, 813, 2715.46, 42.304, 2715.466, 0, 
삼천포태양광#5, 2, 2026-07-29 00:00:00, 0, 0, 0, 0, 0, 0, 99.248, 283.735, 285.439, 309.486, 475.967, 886.483, 3475.093, 4665.041, 4148.401, 3407.59, 4274.97, 4298.847, 3980.519, 2823.719, 0, 0, 0, 0, 33414.538, 1392, 4665.04, 99.248, 4665.041, 0, 
광양항세방태양광, 1, 2026-07-29 00:00:00, 0, 0, 0, 0, 0, 0, 52.8, 237.6, 501.6, 1130.4, 1538.4, 1749.6, 1816.8, 1828.8, 1701.6, 1488, 1135.2, 672, 180, 14.4, 0, 0, 0, 0, 14047.2, 585, 1828.8, 14.4, 1828.8, 0, 
두산엔진MG태양광, 1, 2026-07-29 00:00:00, 0, 0, 0, 0, 0, 0.06, 1.68, 7.2, 14.4, 26.28, 38.46, 35.22, 48.84, 54.12, 51.18, 51.12, 43.98, 31.32, 9.06, 0.84, 0, 0, 0, 0, 413.76, 17, 54.12, 0.06, 54.12, 0, 
삼천포태양광, 1, 2026-07-29 00:00:00, 0, 0, 0, 0, 0, 0, 0.168, 3, 12.492, 17.952, 24.096, 30.444, 30.864, 30.468, 28.668, 23.976, 17.04, 7.596, 0.528, 0, 0, 0, 0, 0, 227.292, 9, 30.86, 0.168, 30.864, 0, 
삼천포태양광, 2, 2026-07-29 00:00:00, 0, 0, 0, 0, 0, 0, 18.816, 78.24, 303.168, 448.992, 487.2, 629.376, 619.392, 601.92, 536.448, 430.368, 294.912, 140.832, 34.56, 1.632, 0, 0, 0, 0, 4625.856, 193, 629.37, 1.632, 629.376, 0, 
삼천포태양광, 3, 2026-07-29 00:00:00, 0, 0, 0, 0, 0, 0, 3.924, 24.264, 104.94, 146.52, 173.7, 215.208, 212.184, 206.676, 182.016, 145.944, 98.568, 41.76, 3.348, 0, 0, 0, 0, 0, 1559.052, 65, 215.2, 3.348, 215.208, 0, 
삼천포태양광, 4, 2026-07-29 00:00:00, 0, 0, 0, 0, 0, 0, 11.048, 68.724, 94.301, 94.251, 82.481, 101.423, 137.765, 1098.958, 996.861, 779.606, 1175.17, 1192.368, 1176.061, 687.186, 0, 0, 0, 0, 7696.203, 321, 1192.36, 11.048, 1192.368, 0, 
구미태양광, 1, 2026-07-29 00:00:00, 0, 0, 0, 0, 0, 0, 10.775, 73.401, 140.437, 213.115, 457.47, 503.173, 474.319, 520.167, 498.183, 418.058, 374.957, 202.701, 79.475, 7.665, 0, 0, 0, 0, 3973.896, 166, 520.167, 7.665, 520.167, 0, 
삼천포태양광#6, 1, 2026-07-29 00:00:00, 0, 0, 0, 0, 0, 0, 0, 0, 0, 0, 0, 0, 0, 0, 0, 0, 0, 0, 0, 0, 0, 0, 0, 0, 0, 0, 0, 0, 0, 0, 
영흥태양광#5, 1, 2026-07-29 00:00:00, 0, 0, 0, 0, 0, 0, 38.568, 233.821, 380.863, 626.737, 1140.179, 1470.421, 1545.147, 1537.916, 1395.695, 1173.926, 838.863, 426.663, 86.779, 2.411, 0, 0, 0, 0, 10897.989, 454, 1545.14, 2.411, 1545.147, 0, 
영흥태양광 #3, 1, 2026-07-29 00:00:00, 0, 0, 0, 0, 0, 0, 17.52, 182.88, 630.72, 986.64, 1701.12, 1981.92, 2021.04, 2076.24, 1910.88, 1619.28, 1173.6, 543.12, 95.76, 0, 0, 0, 0, 0, 14940.72, 623, 2076.24, 17.52, 2076.24, 0, 
영흥태양광 #3, 2, 2026-07-29 00:00:00, 0, 0, 0, 0, 0, 0, 3.552, 48.384, 112.032, 260.064, 443.712, 515.712, 526.944, 541.92, 489.984, 421.536, 303.936, 164.064, 31.584, 0, 0, 0, 0, 0, 3863.424, 161, 541.92, 3.552, 541.92, 0, 
영흥태양광 #3, 3, 2026-07-29 00:00:00, 0, 0, 0, 0, 0, 0, 21, 143.04, 320.64, 609.72, 966, 1115.52, 1098.72, 1129.92, 1041.96, 881.16, 638.76, 345.48, 80.64, 2.04, 0, 0, 0, 0, 8394.6, 350, 1129.92, 2.04, 1129.92, 0, 
영흥태양광, 1, 2026-07-29 00:00:00, 0, 0, 0, 0, 0, 0, 6.797, 71.654, 146.304, 261.12, 508.378, 586.061, 583.872, 612.48, 566.054, 487.949, 360.883, 191.27, 43.968, 1.805, 0, 0, 0, 0, 4428.595, 185, 612.48, 1.805, 612.48, 0, 
예천태양광, 1, 2026-07-29 00:00:00, 0, 0, 0, 0, 0, 0.18, 75.96, 350.1, 668.7, 694.44, 817.56, 1206.72, 1271.34, 1256.04, 1175.4, 768.78, 628.56, 342, 107.46, 8.64, 0, 0, 0, 0, 9371.88, 390, 1271.34, 0.18, 1271.34, 0, 
여수태양광, 1, 2026-07-29 00:00:00, 0, 0, 0, 0, 0, 0, 0, 0, 0, 0, 0, 0, 0, 0, 0, 0, 0, 0, 0, 0, 0, 0, 0, 624, 624, 26, 624, 624, 624, 0, 
영흥태양광, 2, 2026-07-29 00:00:00, 0, 0, 0, 0, 0, 0, 0.964, 18.32, 131.133, 280.585, 446.429, 522.602, 535.137, 545.743, 505.246, 425.217, 300.834, 159.095, 34.712, 0, 0, 0, 0, 0, 3906.017, 163, 545.74, 0.964, 545.743, 0, 
탑선태양광, 1, 2026-07-29 00:00:00, 0, 0, 0, 0, 0, 0, 0, 0, 0, 0, 0, 0, 0, 0, 0, 0, 0, 0, 0, 0, 0, 0, 0, 1120, 1120, 47, 1120, 1120, 1120, 0, 
탑선태양광, 3, 2026-07-29 00:00:00, 0, 0, 0, 0, 0, 0, 0, 0, 0, 0, 0, 0, 0, 0, 0, 0, 0, 0, 0, 0, 0, 0, 0, 145, 145, 6, 145, 145, 145, 0, 
경상대태양광, 1, 2026-07-29 00:00:00, 0, 0, 0, 0, 0, 0, 7.992, 64.728, 102.816, 302.472, 442.008, 491.472, 510.624, 510.624, 474.984, 415.944, 320.688, 180.144, 41.616, 3.312, 0, 0, 0, 0, 3869.424, 161, 510.624, 3.312, 510.624, 0, 
고흥만 수상태양광, 1, 2026-07-29 00:00:00, 0, 0, 0, 0, 0, 2.1, 2454.816, 7991.76, 16469.796, 28855.596, 41912.304, 43062.432, 44622.9, 46415.46, 38930.808, 35400.624, 25784.892, 14555.772, 3668.364, 199.836, 0, 0, 0, 0, 350327.46, 14597, 46415.46, 2.1, 46415.46, 0, 
영동태양광, 1, 2026-07-28 00:00:00, 0, 0, 0, 0, 0, 0, 4.224, 10.752, 11.904, 13.056, 13.824, 15.744, 16.704, 274.56, 541.728, 372.48, 520.128, 681.984, 678.816, 674.688, 39.072, 0, 0, 0, 3869.664, 161, 681.98, 4.224, 681.984, 0, 
삼천포태양광#5, 1, 2026-07-28 00:00:00, 0, 0, 0, 0, 0, 0, 97.965, 190.992, 199.055, 202.978, 183.541, 142.072, 2313.596, 2760.315, 2490.199, 1634.289, 2510.769, 2532.433, 2549.076, 2126.961, 0, 0, 0, 0, 19934.241, 831, 2760.31, 97.965, 2760.315, 0, 
삼천포태양광#5, 2, 2026-07-28 00:00:00, 0, 0, 0, 0, 0, 0, 160.987, 284.854, 286.17, 284.598, 400.844, 1137.907, 4633.137, 4753.657, 4257.758, 2767.548, 4256.143, 4294.426, 4094.704, 2209.808, 0, 0, 0, 0, 33822.541, 1409, 4753.65, 160.987, 4753.657, 0, 
광양항세방태양광, 1, 2026-07-28 00:00:00, 0, 0, 0, 0, 0, 0, 108, 367.2, 624, 1264.8, 1588.8, 1754.4, 1840.8, 1833.6, 1687.2, 1521.6, 888, 489.6, 192, 4.8, 0, 0, 0, 0, 14164.8, 590, 1840.8, 4.8, 1840.8, 0, 
두산엔진MG태양광, 1, 2026-07-28 00:00:00, 0, 0, 0, 0, 0, 0.18, 2.22, 4.62, 9.36, 23.7, 35.82, 45.9, 49.32, 40.68, 31.2, 17.04, 19.5, 11.46, 3.6, 0.48, 0, 0, 0, 0, 295.08, 12, 49.32, 0.18, 49.32, 0, 
삼천포태양광, 1, 2026-07-28 00:00:00, 0, 0, 0, 0, 0, 0, 0.516, 4.404, 10.956, 19.524, 26.124, 29.544, 31.14, 30.768, 17.472, 14.388, 13.872, 4.452, 0.888, 0, 0, 0, 0, 0, 204.048, 9, 31.14, 0.516, 31.14, 0, 
삼천포태양광, 2, 2026-07-28 00:00:00, 0, 0, 0, 0, 0, 0.48, 34.944, 134.496, 277.728, 454.176, 555.84, 611.904, 640.704, 619.68, 548.64, 223.104, 107.232, 115.488, 46.848, 1.152, 0, 0, 0, 0, 4372.416, 182, 640.704, 0.48, 640.704, 0, 
삼천포태양광, 3, 2026-07-28 00:00:00, 0, 0, 0, 0, 0, 0, 5.364, 39.6, 92.304, 155.988, 189.936, 208.224, 217.836, 212.58, 186.624, 117.396, 84.384, 29.7, 6.192, 0, 0, 0, 0, 0, 1546.128, 64, 217.83, 5.364, 217.836, 0, 
삼천포태양광, 4, 2026-07-28 00:00:00, 0, 0, 0, 0, 0, 0, 30.736, 92.386, 94.543, 94.321, 90.246, 69.733, 526.02, 1137.187, 1023.274, 632.9, 1167.447, 1191.223, 1194.708, 537.414, 0, 0, 0, 0, 7882.138, 328, 1194.7, 30.736, 1194.708, 0, 
구미태양광, 1, 2026-07-28 00:00:00, 0, 0, 0, 0, 0, 0, 11.064, 76.221, 240.305, 311.609, 401.714, 239.221, 290.059, 342.054, 396.941, 257.878, 343.5, 146.367, 55.394, 7.304, 0, 0, 0, 0, 3119.631, 130, 401.714, 7.304, 401.714, 0, 
삼천포태양광#6, 1, 2026-07-28 00:00:00, 0, 0, 0, 0, 0, 0, 0, 0, 0, 0, 0, 0, 0, 0, 0, 0, 0, 0, 0, 0, 0, 0, 0, 0, 0, 0, 0, 0, 0, 0, 
영흥태양광#5, 1, 2026-07-28 00:00:00, 0, 0, 0, 0, 0, 0, 62.674, 168.737, 527.905, 715.926, 612.274, 928.053, 1530.684, 1470.421, 1075.095, 969.032, 696.642, 383.274, 120.526, 9.642, 0, 0, 0, 0, 9270.885, 386, 1530.68, 9.642, 1530.684, 0, 
영흥태양광 #3, 1, 2026-07-28 00:00:00, 0, 0, 0, 0, 0, 0, 72.96, 270.24, 918, 1345.2, 1130.88, 1566, 1994.16, 2003.04, 1422.72, 1285.2, 933.12, 495.12, 159.84, 3.36, 0, 0, 0, 0, 13599.84, 567, 2003.04, 3.36, 2003.04, 0, 
영흥태양광 #3, 2, 2026-07-28 00:00:00, 0, 0, 0, 0, 0, 0, 14.688, 60.768, 216.192, 349.728, 299.616, 396, 542.976, 521.568, 408.384, 377.088, 255.456, 145.92, 41.28, 0.672, 0, 0, 0, 0, 3630.336, 151, 542.97, 0.672, 542.976, 0, 
영흥태양광 #3, 3, 2026-07-28 00:00:00, 0, 0, 0, 0, 0, 0, 32.88, 143.88, 483.12, 715.32, 663.36, 869.76, 1065, 1060.56, 773.88, 730.44, 497.88, 297.12, 98.52, 8.52, 0, 0, 0, 0, 7440.24, 310, 1065, 8.52, 1065, 0, 
영흥태양광, 1, 2026-07-28 00:00:00, 0, 0, 0, 0, 0, 0, 7.258, 88.397, 229.286, 375.36, 352.205, 488.026, 574.464, 578.765, 375.014, 413.069, 241.421, 162.317, 54.221, 6.298, 0, 0, 0, 0, 3946.101, 164, 578.76, 6.298, 578.765, 0, 
예천태양광, 1, 2026-07-28 00:00:00, 0, 0, 0, 0, 0, 1.08, 158.4, 381.42, 334.98, 425.88, 653.58, 1015.92, 1081.08, 1039.5, 935.64, 503.82, 433.26, 275.94, 93.42, 2.88, 0, 0, 0, 0, 7336.8, 306, 1081.08, 1.08, 1081.08, 0, 
여수태양광, 1, 2026-07-28 00:00:00, 0, 0, 0, 0, 0, 0, 0, 0, 0, 0, 0, 0, 0, 0, 0, 0, 0, 0, 0, 0, 0, 0, 0, 451, 451, 19, 451, 451, 451, 0, 
영흥태양광, 2, 2026-07-28 00:00:00, 0, 0, 0, 0, 0, 0, 0, 0, 0, 0, 130.168, 397.255, 526.459, 537.065, 390.505, 349.044, 251.659, 142.703, 45.318, 3.857, 0, 0, 0, 0, 2774.033, 116, 537.06, 3.857, 537.065, 0, 
탑선태양광, 1, 2026-07-28 00:00:00, 0, 0, 0, 0, 0, 0, 0, 0, 0, 0, 0, 0, 0, 0, 0, 0, 0, 0, 0, 0, 0, 0, 0, 1120, 1120, 47, 1120, 1120, 1120, 0, 
탑선태양광, 3, 2026-07-28 00:00:00, 0, 0, 0, 0, 0, 0, 0, 0, 0, 0, 0, 0, 0, 0, 0, 0, 0, 0, 0, 0, 0, 0, 0, 145, 145, 6, 145, 145, 145, 0, 
경상대태양광, 1, 2026-07-28 00:00:00, 0, 0, 0, 0, 0, 0, 21.168, 95.256, 219.024, 341.856, 438.048, 486.72, 518.112, 508.392, 399.672, 205.632, 182.304, 141.984, 50.832, 1.224, 0, 0, 0, 0, 3610.224, 150, 518.112, 1.224, 518.112, 0, 
고흥만 수상태양광, 1, 2026-07-28 00:00:00, 0, 0, 0, 0, 0, 11.256, 3597.132, 12350.352, 17032.932, 32903.22, 41433.42, 44753.436, 47046.384, 46329.696, 42210.084, 35022.12, 24747.912, 16320.612, 4478.04, 145.32, 0, 0, 0, 0, 368381.916, 15349, 47046.384, 11.256, 47046.384, 0, 
영동태양광, 1, 2026-07-27 00:00:00, 0, 0, 0, 0, 0, 0, 7.488, 13.248, 13.632, 13.824, 14.976, 15.648, 102.432, 662.88, 400.128, 4.992, 339.744, 679.2, 678.24, 430.56, 0, 0, 0, 0, 3376.992, 141, 679.2, 4.992, 679.2, 0, 
삼천포태양광#5, 1, 2026-07-27 00:00:00, 0, 0, 0, 0, 0, 0, 54.255, 194.444, 234.745, 276.431, 333.906, 200.774, 1907.366, 2669.152, 2264.439, 2083.095, 2497.746, 2497.018, 2543.634, 2514.81, 13.093, 0, 0, 0, 20284.908, 845, 2669.15, 13.093, 2669.152, 0, 
삼천포태양광#5, 2, 2026-07-27 00:00:00, 0, 0, 0, 0, 0, 0, 110.73, 285.457, 276.325, 285.073, 370.624, 1037.413, 4625.456, 4508.925, 3801.368, 3538.24, 4277.173, 4293.821, 3977.633, 2825.181, 22.089, 0, 0, 0, 34235.508, 1426, 4625.45, 22.089, 4625.456, 0, 
광양항세방태양광, 1, 2026-07-27 00:00:00, 0, 0, 0, 0, 0, 4.8, 84, 422.4, 871.2, 1231.2, 1543.2, 1716, 1826.4, 1826.4, 1732.8, 1504.8, 1144.8, 667.2, 199.2, 7.2, 0, 0, 0, 0, 14781.6, 616, 1826.4, 4.8, 1826.4, 0, 
두산엔진MG태양광, 1, 2026-07-27 00:00:00, 0, 0, 0, 0, 0, 0.12, 1.98, 2.7, 10.14, 23.7, 37.74, 45.6, 53.64, 55.38, 55.86, 54.12, 47.16, 35.34, 16.68, 0.6, 0, 0, 0, 0, 440.76, 18, 55.86, 0.12, 55.86, 0, 
삼천포태양광, 1, 2026-07-27 00:00:00, 0, 0, 0, 0, 0, 0, 0, 1.752, 11.028, 17.88, 25.92, 29.772, 32.436, 31.248, 27.504, 25.14, 18.108, 7.98, 0.456, 0, 0, 0, 0, 0, 229.224, 10, 32.43, 0.456, 32.436, 0, 
삼천포태양광, 2, 2026-07-27 00:00:00, 0, 0, 0, 0, 0, 1.824, 22.08, 141.12, 310.848, 418.656, 557.088, 601.92, 640.128, 603.36, 506.208, 443.52, 305.664, 145.344, 34.848, 1.44, 0, 0, 0, 0, 4734.048, 197, 640.12, 1.44, 640.128, 0, 
삼천포태양광, 3, 2026-07-27 00:00:00, 0, 0, 0, 0, 0, 0, 2.268, 43.776, 104.328, 142.236, 186.768, 204.156, 219.06, 204.084, 170.784, 149.292, 104.652, 44.388, 2.916, 0, 0, 0, 0, 0, 1578.708, 66, 219.06, 2.268, 219.06, 0, 
삼천포태양광, 4, 2026-07-27 00:00:00, 0, 0, 0, 0, 0, 0, 11.135, 94.099, 91.434, 94.032, 96.606, 68.125, 495.178, 1090.659, 923.945, 809.481, 1175.906, 1191.233, 1177.614, 660.016, 6.148, 0, 0, 0, 7985.611, 333, 1191.23, 6.148, 1191.233, 0, 
구미태양광, 1, 2026-07-27 00:00:00, 0, 0, 0, 0, 0, 0, 4.411, 73.69, 247.609, 395.857, 375.536, 569.27, 576.574, 572.813, 503.318, 423.771, 302.352, 252.31, 80.271, 6.291, 0, 0, 0, 0, 4384.073, 183, 576.574, 4.411, 576.574, 0, 
삼천포태양광#6, 1, 2026-07-27 00:00:00, 0, 0, 0, 0, 0, 0, 0, 0, 0, 0, 0, 0, 0, 0, 0, 0, 0, 0, 0, 0, 0, 0, 0, 0, 0, 0, 0, 0, 0, 0, 
영흥태양광#5, 1, 2026-07-27 00:00:00, 0, 0, 0, 0, 0, 0, 113.295, 248.284, 433.895, 585.758, 838.863, 1019.653, 646.021, 638.789, 511.032, 648.432, 773.779, 407.379, 96.421, 0, 0, 0, 0, 0, 6961.601, 290, 1019.65, 96.421, 1019.653, 0, 
영흥태양광 #3, 1, 2026-07-27 00:00:00, 0, 0, 0, 0, 0, 0, 136.56, 348, 585.12, 713.04, 1088.64, 1389.12, 858.96, 933.12, 750.24, 1003.92, 1088.88, 506.88, 121.92, 0, 0, 0, 0, 0, 9524.4, 397, 1389.12, 121.92, 1389.12, 0, 
영흥태양광 #3, 2, 2026-07-27 00:00:00, 0, 0, 0, 0, 0, 0, 33.6, 83.232, 146.304, 224.928, 295.968, 379.776, 233.088, 222.528, 188.928, 239.808, 278.016, 159.36, 34.752, 0, 0, 0, 0, 0, 2520.288, 105, 379.77, 33.6, 379.776, 0, 
영흥태양광 #3, 3, 2026-07-27 00:00:00, 0, 0, 0, 0, 0, 0, 61.56, 153.48, 317.04, 480.36, 653.52, 770.04, 464.28, 526.8, 462, 588.48, 589.08, 296.16, 79.32, 0, 0, 0, 0, 0, 5442.12, 227, 770.04, 61.56, 770.04, 0, 
영흥태양광, 1, 2026-07-27 00:00:00, 0, 0, 0, 0, 0, 0, 34.445, 86.63, 135.053, 315.533, 320.064, 422.669, 285.158, 351.782, 363.187, 308.122, 296.525, 98.765, 40.013, 0.922, 0, 0, 0, 0, 3058.868, 127, 422.669, 0.922, 422.669, 0, 
예천태양광, 1, 2026-07-27 00:00:00, 0, 0, 0, 0, 0, 0, 71.46, 360.9, 675.9, 502.38, 457.02, 434.88, 1049.58, 1029.42, 759.96, 491.58, 549.9, 217.98, 116.1, 0.72, 0, 0, 0, 0, 6717.78, 280, 1049.58, 0.72, 1049.58, 0, 
여수태양광, 1, 2026-07-27 00:00:00, 0, 0, 0, 0, 0, 0, 0, 0, 0, 0, 0, 0, 0, 0, 0, 0, 0, 0, 0, 0, 0, 0, 0, 458, 458, 19, 458, 458, 458, 0, 
영흥태양광, 2, 2026-07-27 00:00:00, 0, 0, 0, 0, 0, 0, 6.749, 59.781, 161.023, 219.84, 292.156, 382.792, 234.303, 246.838, 208.269, 257.444, 279.621, 141.739, 34.712, 0, 0, 0, 0, 0, 2525.267, 105, 382.79, 6.749, 382.792, 0, 
탑선태양광, 1, 2026-07-27 00:00:00, 0, 0, 0, 0, 0, 0, 0, 0, 0, 0, 0, 0, 0, 0, 0, 0, 0, 0, 0, 0, 0, 0, 0, 1120, 1120, 47, 1120, 1120, 1120, 0, 
탑선태양광, 3, 2026-07-27 00:00:00, 0, 0, 0, 0, 0, 0, 0, 0, 0, 0, 0, 0, 0, 0, 0, 0, 0, 0, 0, 0, 0, 0, 0, 145, 145, 6, 145, 145, 145, 0, 
경상대태양광, 1, 2026-07-27 00:00:00, 0, 0, 0, 0, 0, 0, 9.072, 73.44, 218.88, 362.304, 431.784, 494.496, 527.328, 481.608, 445.536, 433.512, 337.392, 201.6, 54.432, 0.432, 0, 0, 0, 0, 4071.816, 170, 527.328, 0.432, 527.328, 0, 
고흥만 수상태양광, 1, 2026-07-27 00:00:00, 0, 0, 0, 0, 0, 118.272, 4135.992, 12291.384, 23207.436, 32365.116, 34326.096, 32023.908, 34839.168, 40327.98, 41171.424, 28783.776, 21037.548, 14602.644, 3732.624, 280.812, 0, 0, 0, 0, 323244.18, 13469, 41171.424, 118.272, 41171.424, 0, 
영동태양광, 1, 2026-07-26 00:00:00, 0, 0, 0, 0, 0, 0, 11.136, 12, 12.096, 13.152, 13.92, 15.072, 16.704, 574.176, 630.432, 339.936, 534.72, 674.016, 672.864, 436.32, 0, 0, 0, 0, 3956.544, 165, 674.01, 11.136, 674.016, 0, 
삼천포태양광#5, 1, 2026-07-26 00:00:00, 0, 0, 0, 0, 0, 0, 52.222, 200.039, 216.666, 218.597, 238.286, 165.97, 2107.228, 2769.318, 2543.108, 2111.388, 2505.674, 2510.404, 2529.103, 2470.171, 9.885, 0, 0, 0, 20648.059, 860, 2769.31, 9.885, 2769.318, 0, 
삼천포태양광#5, 2, 2026-07-26 00:00:00, 0, 0, 0, 0, 0, 0, 105.686, 290.187, 290.696, 290.111, 349.057, 1263.455, 4654.793, 4749.461, 4337.488, 3579.42, 4276.255, 4295.302, 3966.767, 2819.959, 16.678, 0, 0, 0, 35285.315, 1470, 4749.46, 16.678, 4749.461, 0, 
광양항세방태양광, 1, 2026-07-26 00:00:00, 0, 0, 0, 0, 0, 2.4, 79.2, 374.4, 859.2, 1279.2, 1555.2, 1699.2, 1449.6, 1699.2, 1644, 1531.2, 1022.4, 508.8, 146.4, 2.4, 0, 0, 0, 0, 13852.8, 577, 1699.2, 2.4, 1699.2, 0, 
두산엔진MG태양광, 1, 2026-07-26 00:00:00, 0, 0, 0, 0, 0, 0.3, 3.06, 3.6, 10.56, 26.22, 22.86, 46.2, 40.98, 49.26, 56.16, 53.58, 46.02, 34.2, 16.14, 0.54, 0, 0, 0, 0, 409.68, 17, 56.16, 0.3, 56.16, 0, 
삼천포태양광, 1, 2026-07-26 00:00:00, 0, 0, 0, 0, 0, 0, 0, 1.656, 10.452, 18.864, 25.272, 29.4, 31.74, 31.68, 30.12, 25.344, 18.036, 8.148, 0.456, 0, 0, 0, 0, 0, 231.168, 10, 31.74, 0.456, 31.74, 0, 
삼천포태양광, 2, 2026-07-26 00:00:00, 0, 0, 0, 0, 0, 0.48, 20.064, 139.68, 305.184, 448.128, 547.392, 613.92, 642.528, 618.432, 560.352, 448.8, 304.896, 146.016, 33.984, 1.536, 0, 0, 0, 0, 4831.392, 201, 642.52, 0.48, 642.528, 0, 
삼천포태양광, 3, 2026-07-26 00:00:00, 0, 0, 0, 0, 0, 0, 2.268, 42.84, 102.636, 152.568, 186.552, 206.604, 218.412, 209.088, 187.236, 153.18, 104.94, 44.712, 2.88, 0, 0, 0, 0, 0, 1613.916, 67, 218.41, 2.268, 218.412, 0, 
삼천포태양광, 4, 2026-07-26 00:00:00, 0, 0, 0, 0, 0, 0, 9.981, 93.517, 94.694, 94.357, 90.089, 71.768, 524.25, 1136.077, 1041.388, 825.687, 1175.784, 1191.822, 1175.01, 647.887, 4.642, 0, 0, 0, 8176.953, 341, 1191.82, 4.642, 1191.822, 0, 
구미태양광, 1, 2026-07-26 00:00:00, 0, 0, 0, 0, 0, 0, 5.713, 73.979, 236.762, 403.305, 422.18, 492.904, 541.428, 605.5, 519.589, 494.568, 324.698, 194.746, 62.409, 11.643, 0, 0, 0, 0, 4389.424, 183, 605.5, 5.713, 605.5, 0, 
삼천포태양광#6, 1, 2026-07-26 00:00:00, 0, 0, 0, 0, 0, 0, 0, 0, 0, 0, 0, 0, 0, 0, 0, 0, 0, 0, 0, 0, 0, 0, 0, 0, 0, 0, 0, 0, 0, 0, 
영흥태양광#5, 1, 2026-07-26 00:00:00, 0, 0, 0, 0, 0, 0, 53.032, 286.853, 626.737, 990.726, 1219.726, 1349.895, 1487.295, 1429.442, 1352.305, 1135.358, 800.295, 344.705, 86.779, 2.411, 0, 0, 0, 0, 11165.559, 465, 1487.29, 2.411, 1487.295, 0, 
영흥태양광 #3, 1, 2026-07-26 00:00:00, 0, 0, 0, 0, 0, 0, 45.36, 422.16, 905.04, 1342.56, 1634.4, 1897.2, 1961.52, 1906.32, 1814.16, 1548, 1170.24, 470.88, 102.72, 0, 0, 0, 0, 0, 15220.56, 634, 1961.52, 45.36, 1961.52, 0, 
영흥태양광 #3, 2, 2026-07-26 00:00:00, 0, 0, 0, 0, 0, 0, 12.672, 88.896, 222.72, 339.84, 452.736, 483.072, 521.664, 515.712, 493.92, 417.696, 304.608, 158.016, 31.104, 0, 0, 0, 0, 0, 4042.656, 168, 521.66, 12.672, 521.664, 0, 
영흥태양광 #3, 3, 2026-07-26 00:00:00, 0, 0, 0, 0, 0, 0, 29.76, 151.8, 383.16, 668.04, 929.64, 1012.32, 1017.24, 1058.52, 996.24, 851.88, 674.4, 355.56, 80.88, 1.2, 0, 0, 0, 0, 8210.64, 342, 1058.52, 1.2, 1058.52, 0, 
영흥태양광, 1, 2026-07-26 00:00:00, 0, 0, 0, 0, 0, 0, 1.498, 58.368, 126.682, 250.214, 515.904, 577.459, 568.666, 586.982, 520.128, 465.562, 344.064, 190.349, 42.816, 2.035, 0, 0, 0, 0, 4250.727, 177, 586.98, 1.498, 586.982, 0, 
예천태양광, 1, 2026-07-26 00:00:00, 0, 0, 0, 0, 0, 0.18, 87.48, 342, 568.62, 557.1, 587.7, 623.16, 499.68, 1065.42, 496.62, 570.78, 605.34, 219.42, 3.6, 0, 0, 0, 0, 0, 6227.1, 259, 1065.42, 0.18, 1065.42, 0, 
여수태양광, 1, 2026-07-26 00:00:00, 0, 0, 0, 0, 0, 0, 0, 0, 0, 0, 0, 0, 0, 0, 0, 0, 0, 0, 0, 0, 0, 0, 0, 658, 658, 27, 658, 658, 658, 0, 
영흥태양광, 2, 2026-07-26 00:00:00, 0, 0, 0, 0, 0, 0, 7.714, 92.564, 237.196, 363.507, 445.465, 507.175, 512.96, 501.389, 477.284, 405.933, 290.227, 129.204, 34.712, 0.964, 0, 0, 0, 0, 4006.294, 167, 512.96, 0.964, 512.96, 0, 
탑선태양광, 1, 2026-07-26 00:00:00, 0, 0, 0, 0, 0, 0, 0, 0, 0, 0, 0, 0, 0, 0, 0, 0, 0, 0, 0, 0, 0, 0, 0, 1120, 1120, 47, 1120, 1120, 1120, 0, 
탑선태양광, 3, 2026-07-26 00:00:00, 0, 0, 0, 0, 0, 0, 0, 0, 0, 0, 0, 0, 0, 0, 0, 0, 0, 0, 0, 0, 0, 0, 0, 145, 145, 6, 145, 145, 145, 0, 
경상대태양광, 1, 2026-07-26 00:00:00, 0, 0, 0, 0, 0, 0, 8.712, 72.36, 213.12, 346.32, 429.696, 475.776, 511.56, 390.816, 363.744, 430.488, 334.584, 193.608, 58.104, 0.432, 0, 0, 0, 0, 3829.32, 160, 511.56, 0.432, 511.56, 0, 
고흥만 수상태양광, 1, 2026-07-26 00:00:00, 0, 0, 0, 0, 0, 26.04, 2130.072, 11312.616, 23603.244, 33785.472, 39387.516, 45575.712, 46199.664, 45823.092, 42338.94, 35951.244, 26389.356, 14827.092, 3970.848, 156.576, 0, 0, 0, 0, 371477.484, 15478, 46199.664, 26.04, 46199.664, 0, 
영동태양광, 1, 2026-07-25 00:00:00, 0, 0, 0, 0, 0, 0, 2.4, 11.712, 12, 13.056, 13.536, 14.016, 14.208, 15.072, 427.584, 152.544, 457.44, 681.504, 678.816, 634.848, 0.768, 0, 0, 0, 3129.504, 130, 681.5, 0.768, 681.504, 0, 
삼천포태양광#5, 1, 2026-07-25 00:00:00, 0, 0, 0, 0, 0, 1.42, 130.363, 189.157, 198.135, 228.181, 275.928, 225.456, 571.23, 2723.529, 2566.986, 2129.105, 2518.801, 2532.385, 2547.766, 2455.478, 6.612, 0, 0, 0, 19300.532, 804, 2723.52, 1.42, 2723.529, 0, 
삼천포태양광#5, 2, 2026-07-25 00:00:00, 0, 0, 0, 0, 0, 4.732, 221.988, 284.186, 284.017, 312.395, 396.609, 422.339, 2997.588, 4682.758, 4343.403, 3604.999, 4274.546, 4291.135, 4060.254, 2724.767, 11.156, 0, 0, 0, 32916.872, 1372, 4682.75, 4.732, 4682.758, 0, 
광양항세방태양광, 1, 2026-07-25 00:00:00, 0, 0, 0, 0, 0, 2.4, 84, 357.6, 842.4, 1308, 1408.8, 1776, 1860, 1699.2, 1699.2, 1485.6, 1164, 698.4, 204, 9.6, 0, 0, 0, 0, 14599.2, 608, 1860, 2.4, 1860, 0, 
두산엔진MG태양광, 1, 2026-07-25 00:00:00, 0, 0, 0, 0, 0, 0.36, 3.78, 6.12, 13.5, 19.5, 30.06, 36.96, 41.34, 42.6, 54.3, 53.64, 45, 34.74, 13.32, 0.84, 0, 0, 0, 0, 396.06, 17, 54.3, 0.36, 54.3, 0, 
삼천포태양광, 1, 2026-07-25 00:00:00, 0, 0, 0, 0, 0, 0, 0.72, 2.292, 10.236, 13.08, 24.672, 25.788, 32.364, 32.664, 30.6, 25.944, 18.708, 6.54, 1.02, 0, 0, 0, 0, 0, 224.628, 9, 32.66, 0.72, 32.664, 0, 
삼천포태양광, 2, 2026-07-25 00:00:00, 0, 0, 0, 0, 0, 2.976, 45.504, 118.464, 295.872, 294.624, 541.344, 505.344, 647.424, 629.664, 558.72, 454.752, 318.912, 127.296, 49.728, 2.496, 0, 0, 0, 0, 4593.12, 191, 647.42, 2.496, 647.424, 0, 
삼천포태양광, 3, 2026-07-25 00:00:00, 0, 0, 0, 0, 0, 0, 7.56, 32.544, 98.568, 95.112, 178.704, 169.74, 221.22, 213.768, 192.384, 156.636, 107.316, 36.612, 6.624, 0, 0, 0, 0, 0, 1516.788, 63, 221.22, 6.624, 221.22, 0, 
삼천포태양광, 4, 2026-07-25 00:00:00, 0, 0, 0, 0, 0, 0.177, 46.762, 88.112, 92.239, 90.041, 100.208, 82.277, 83.839, 948.185, 1029.515, 832.68, 1176.629, 1191.369, 1184.94, 626.954, 3.105, 0, 0, 0, 7577.032, 316, 1191.36, 0.177, 1191.369, 0, 
구미태양광, 1, 2026-07-25 00:00:00, 0, 0, 0, 0, 0, 0, 16.271, 69.206, 242.33, 279.067, 347.333, 469.763, 538.319, 574.549, 547.864, 474.753, 387.54, 175.51, 75.859, 4.628, 0, 0, 0, 0, 4202.992, 175, 574.54, 4.628, 574.549, 0, 
삼천포태양광#6, 1, 2026-07-25 00:00:00, 0, 0, 0, 0, 0, 0, 0, 0, 0, 0, 0, 0, 0, 0, 0, 0, 0, 0, 0, 0, 0, 0, 0, 0, 0, 0, 0, 0, 0, 0, 
영흥태양광#5, 1, 2026-07-25 00:00:00, 0, 0, 0, 0, 0, 0, 28.926, 149.453, 472.463, 903.947, 920.821, 923.232, 1383.642, 1212.495, 1354.716, 903.947, 735.211, 385.684, 103.653, 4.821, 0, 0, 0, 0, 9483.011, 395, 1383.64, 4.821, 1383.642, 0, 
영흥태양광 #3, 1, 2026-07-25 00:00:00, 0, 0, 0, 0, 0, 0, 13.68, 188.88, 675.6, 1284.72, 1273.92, 1356.48, 1984.56, 1682.16, 1881.6, 1291.44, 1034.4, 513.12, 132.72, 0, 0, 0, 0, 0, 13313.28, 555, 1984.56, 13.68, 1984.56, 0, 
영흥태양광 #3, 2, 2026-07-25 00:00:00, 0, 0, 0, 0, 0, 0, 3.456, 49.44, 185.952, 330.624, 301.344, 376.608, 518.688, 443.232, 485.088, 336.576, 259.2, 146.4, 36.768, 0, 0, 0, 0, 0, 3473.376, 145, 518.68, 3.456, 518.688, 0, 
영흥태양광 #3, 3, 2026-07-25 00:00:00, 0, 0, 0, 0, 0, 0, 3.24, 83.16, 293.4, 741.12, 714.6, 748.68, 993.12, 940.08, 1030.08, 690.72, 577.44, 305.16, 91.32, 1.56, 0, 0, 0, 0, 7213.68, 301, 1030.08, 1.56, 1030.08, 0, 
영흥태양광, 1, 2026-07-25 00:00:00, 0, 0, 0, 0, 0, 0, 0.307, 50.112, 137.779, 270.605, 406.886, 417.024, 553.805, 500.275, 520.934, 366.451, 363.686, 181.286, 44.774, 2.65, 0, 0, 0, 0, 3816.574, 159, 553.8, 0.307, 553.805, 0, 
예천태양광, 1, 2026-07-25 00:00:00, 0, 0, 0, 0, 0, 1.44, 74.7, 284.22, 551.52, 735.3, 1104.66, 821.52, 1083.96, 709.02, 611.28, 449.46, 487.08, 268.92, 73.26, 0.36, 0, 0, 0, 0, 7256.7, 302, 1104.66, 0.36, 1104.66, 0, 
여수태양광, 1, 2026-07-25 00:00:00, 0, 0, 0, 0, 0, 0, 0, 0, 0, 0, 0, 0, 0, 0, 0, 0, 0, 0, 0, 0, 0, 0, 0, 810, 810, 34, 810, 810, 810, 0, 
영흥태양광, 2, 2026-07-25 00:00:00, 0, 0, 0, 0, 0, 0, 0, 17.356, 164.88, 336.509, 367.364, 351.937, 527.423, 442.573, 491.747, 346.152, 265.158, 143.667, 39.533, 0.964, 0, 0, 0, 0, 3495.263, 146, 527.42, 0.964, 527.423, 0, 
탑선태양광, 1, 2026-07-25 00:00:00, 0, 0, 0, 0, 0, 0, 0, 0, 0, 0, 0, 0, 0, 0, 0, 0, 0, 0, 0, 0, 0, 0, 0, 1120, 1120, 47, 1120, 1120, 1120, 0, 
탑선태양광, 3, 2026-07-25 00:00:00, 0, 0, 0, 0, 0, 0, 0, 0, 0, 0, 0, 0, 0, 0, 0, 0, 0, 0, 0, 0, 0, 0, 0, 145, 145, 6, 145, 145, 145, 0, 
경상대태양광, 1, 2026-07-25 00:00:00, 0, 0, 0, 0, 0, 0, 23.616, 75.6, 212.256, 332.784, 411.984, 442.152, 433.296, 551.088, 480.744, 432.576, 331.2, 169.416, 65.664, 0.936, 0, 0, 0, 0, 3963.312, 165, 551.088, 0.936, 551.088, 0, 
고흥만 수상태양광, 1, 2026-07-25 00:00:00, 0, 0, 0, 0, 0, 35.784, 1928.304, 11430.468, 21972.72, 30640.932, 41621.412, 46106.844, 47899.488, 46354.812, 42842.436, 35817.936, 26297.712, 13874.28, 3478.02, 376.908, 0, 0, 0, 0, 370678.056, 15445, 47899.488, 35.784, 47899.488, 0, 
영동태양광, 1, 2026-07-24 00:00:00, 0, 0, 0, 0, 0, 0, 5.568, 13.824, 14.688, 14.784, 14.4, 15.648, 16.704, 659.808, 694.272, 608.256, 609.024, 681.696, 678.144, 672.768, 65.568, 0, 0, 0, 4765.152, 199, 694.27, 5.568, 694.272, 0, 
삼천포태양광#5, 1, 2026-07-24 00:00:00, 0, 0, 0, 0, 0, 0, 103.863, 189.231, 193.201, 202.181, 211.357, 271.6, 191.714, 2183.074, 2503.621, 2108.91, 2493.475, 2468.933, 2482.443, 2567.638, 23.587, 0, 0, 0, 18194.828, 758, 2567.63, 23.587, 2567.638, 0, 
삼천포태양광#5, 2, 2026-07-24 00:00:00, 0, 0, 0, 0, 0, 0, 178.211, 284.239, 285.572, 282.217, 332.709, 836.809, 1098.95, 4456.321, 4229.823, 3546.528, 4269.309, 4293.465, 3998.769, 2808.312, 39.794, 0, 0, 0, 30941.028, 1289, 4456.32, 39.794, 4456.321, 0, 
광양항세방태양광, 1, 2026-07-24 00:00:00, 0, 0, 0, 0, 0, 0, 72, 321.6, 787.2, 1202.4, 1555.2, 1728, 1872, 1838.4, 1716, 1497.6, 1166.4, 681.6, 211.2, 12, 0, 0, 0, 0, 14661.6, 611, 1872, 12, 1872, 0, 
두산엔진MG태양광, 1, 2026-07-24 00:00:00, 0, 0, 0, 0, 0, 0.24, 2.04, 3.42, 10.68, 24.48, 36.54, 46.92, 53.76, 57.12, 57.06, 52.62, 46.26, 34.86, 16.2, 0.66, 0, 0, 0, 0, 442.86, 18, 57.12, 0.24, 57.12, 0, 
삼천포태양광, 1, 2026-07-24 00:00:00, 0, 0, 0, 0, 0, 0, 0.264, 3.096, 11.088, 19.548, 21.444, 30.864, 33.132, 32.532, 30.396, 25.584, 18.276, 8.196, 0.516, 0, 0, 0, 0, 0, 234.936, 10, 33.13, 0.264, 33.132, 0, 
삼천포태양광, 2, 2026-07-24 00:00:00, 0, 0, 0, 0, 0, 1.248, 33.696, 111.84, 241.632, 242.016, 255.936, 473.856, 612.864, 588.768, 551.712, 453.6, 307.872, 147.84, 38.016, 2.784, 0, 0, 0, 0, 4063.68, 169, 612.86, 1.248, 612.864, 0, 
삼천포태양광, 3, 2026-07-24 00:00:00, 0, 0, 0, 0, 0, 0, 5.832, 32.76, 84.708, 82.764, 71.496, 168.768, 193.032, 204.408, 188.712, 154.656, 105.552, 45.936, 3.636, 0, 0, 0, 0, 0, 1342.26, 56, 204.4, 3.636, 204.408, 0, 
삼천포태양광, 4, 2026-07-24 00:00:00, 0, 0, 0, 0, 0, 0, 33.823, 92.187, 96.515, 96.771, 95.174, 99.287, 74.056, 573.797, 1010.124, 816.314, 1175.216, 1191.842, 1178.468, 657.098, 11.075, 0, 0, 0, 7201.747, 300, 1191.84, 11.075, 1191.842, 0, 
구미태양광, 1, 2026-07-24 00:00:00, 0, 0, 0, 0, 0, 0, 10.92, 80.56, 237.991, 374.307, 476.489, 575.851, 603.331, 455.156, 454.071, 482.708, 342.56, 216.369, 67.398, 9.546, 0, 0, 0, 0, 4387.257, 183, 603.33, 9.546, 603.331, 0, 
삼천포태양광#6, 1, 2026-07-24 00:00:00, 0, 0, 0, 0, 0, 0, 0, 0, 0, 0, 0, 0, 0, 0, 0, 0, 0, 0, 0, 0, 0, 0, 0, 0, 0, 0, 0, 0, 0, 0, 
영흥태양광#5, 1, 2026-07-24 00:00:00, 0, 0, 0, 0, 0, 0, 50.621, 294.084, 462.821, 670.126, 1282.4, 1453.547, 1511.4, 1489.705, 1352.305, 1135.358, 812.347, 438.716, 96.421, 2.411, 0, 0, 0, 0, 11052.262, 461, 1511.4, 2.411, 1511.4, 0, 
영흥태양광 #3, 1, 2026-07-24 00:00:00, 0, 0, 0, 0, 0, 0, 35.52, 394.8, 627.84, 924, 1752, 1996.32, 2056.56, 2026.56, 1883.52, 1583.76, 1139.76, 574.08, 119.04, 0, 0, 0, 0, 0, 15113.76, 630, 2056.56, 35.52, 2056.56, 0, 
영흥태양광 #3, 2, 2026-07-24 00:00:00, 0, 0, 0, 0, 0, 0, 8.256, 99.168, 156.576, 242.016, 450.336, 510.048, 530.784, 513.984, 482.304, 404.448, 289.44, 162.432, 34.464, 0.096, 0, 0, 0, 0, 3884.352, 162, 530.78, 0.096, 530.784, 0, 
영흥태양광 #3, 3, 2026-07-24 00:00:00, 0, 0, 0, 0, 0, 0, 21.84, 170.28, 306.96, 559.92, 914.04, 1093.2, 1130.28, 1055.76, 1031.04, 865.68, 627.24, 350.28, 90, 2.4, 0, 0, 0, 0, 8218.92, 342, 1130.28, 2.4, 1130.28, 0, 
영흥태양광, 1, 2026-07-24 00:00:00, 0, 0, 0, 0, 0, 0, 1.958, 60.71, 169.037, 314.419, 490.56, 576.845, 605.568, 572.467, 552.461, 464.448, 337.459, 184.205, 46.81, 2.918, 0, 0, 0, 0, 4379.865, 182, 605.56, 1.958, 605.568, 0, 
예천태양광, 1, 2026-07-24 00:00:00, 0, 0, 0, 0, 0, 2.34, 85.68, 365.76, 690.12, 919.62, 695.88, 980.82, 1303.38, 1018.62, 876.6, 628.92, 699.12, 378.54, 77.22, 1.44, 0, 0, 0, 0, 8724.06, 364, 1303.38, 1.44, 1303.38, 0, 
여수태양광, 1, 2026-07-24 00:00:00, 0, 0, 0, 0, 0, 0, 0, 0, 0, 0, 0, 0, 0, 0, 0, 0, 0, 0, 0, 0, 0, 0, 0, 515, 515, 21, 515, 515, 515, 0, 
영흥태양광, 2, 2026-07-24 00:00:00, 0, 0, 0, 0, 0, 0, 0.964, 77.137, 176.451, 241.053, 468.606, 528.387, 544.779, 532.244, 495.604, 412.682, 295.048, 164.88, 38.568, 1.928, 0, 0, 0, 0, 3978.331, 166, 544.77, 0.964, 544.779, 0, 
탑선태양광, 1, 2026-07-24 00:00:00, 0, 0, 0, 0, 0, 0, 0, 0, 0, 0, 0, 0, 0, 0, 0, 0, 0, 0, 0, 0, 0, 0, 0, 1120, 1120, 47, 1120, 1120, 1120, 0, 
탑선태양광, 3, 2026-07-24 00:00:00, 0, 0, 0, 0, 0, 0, 0, 0, 0, 0, 0, 0, 0, 0, 0, 0, 0, 0, 0, 0, 0, 0, 0, 145, 145, 6, 145, 145, 145, 0, 
경상대태양광, 1, 2026-07-24 00:00:00, 0, 0, 0, 0, 0, 0, 16.344, 87.696, 217.656, 344.376, 407.736, 514.368, 520.344, 491.976, 492.984, 431.064, 332.424, 201.384, 60.12, 1.8, 0, 0, 0, 0, 4120.272, 172, 520.344, 1.8, 520.344, 0, 
고흥만 수상태양광, 1, 2026-07-24 00:00:00, 0, 0, 0, 0, 0, 70.392, 2118.312, 11395.272, 20512.548, 31300.92, 33402.264, 34833.624, 33853.26, 44648.856, 40972.932, 36134.532, 26429.676, 15000.048, 4219.824, 205.044, 0, 0, 0, 0, 335097.504, 13962, 44648.856, 70.392, 44648.856, 0, 
영동태양광, 1, 2026-07-23 00:00:00, 0, 0, 0, 0, 0, 0, 5.376, 11.904, 13.344, 13.824, 14.784, 10.944, 28.224, 444.672, 222.432, 99.264, 358.752, 674.592, 673.152, 340.512, 0, 0, 0, 0, 2911.776, 121, 674.59, 5.376, 674.592, 0, 
삼천포태양광#5, 1, 2026-07-23 00:00:00, 0, 0, 0, 0, 0, 0, 70.208, 185.009, 188.939, 191.926, 272.747, 360.545, 407.853, 544.238, 1850.883, 2047.597, 2388.765, 2438.464, 2540.298, 2157.557, 0, 0, 0, 0, 15645.029, 652, 2540.29, 70.2, 2540.298, 0, 
삼천포태양광#5, 2, 2026-07-23 00:00:00, 0, 0, 0, 0, 0, 0, 122.966, 282.111, 284.424, 287.779, 360.236, 701.54, 828.827, 2555.891, 3157.13, 3402.92, 4263.421, 4295.916, 4048.506, 1912.503, 0, 0, 0, 0, 26504.17, 1104, 4295.91, 122.966, 4295.916, 0, 
광양항세방태양광, 1, 2026-07-23 00:00:00, 0, 0, 0, 0, 0, 0, 64.8, 340.8, 801.6, 1317.6, 1617.6, 1747.2, 1862.4, 1473.6, 1600.8, 1380, 1003.2, 496.8, 184.8, 12, 0, 0, 0, 0, 13903.2, 579, 1862.4, 12, 1862.4, 0, 
두산엔진MG태양광, 1, 2026-07-23 00:00:00, 0, 0, 0, 0, 0, 0.18, 2.76, 6.84, 13.68, 16.14, 19.5, 31.38, 49.98, 55.26, 57.06, 53.52, 45.36, 30.36, 14.16, 0.72, 0, 0, 0, 0, 396.9, 17, 57.06, 0.18, 57.06, 0, 
삼천포태양광, 1, 2026-07-23 00:00:00, 0, 0, 0, 0, 0, 0, 0.072, 1.884, 2.916, 8.82, 23.472, 22.68, 25.728, 31.344, 28.608, 25.944, 13.884, 7.248, 0.72, 0, 0, 0, 0, 0, 193.32, 8, 31.34, 0.072, 31.344, 0, 
삼천포태양광, 2, 2026-07-23 00:00:00, 0, 0, 0, 0, 0, 0, 26.688, 72.096, 82.944, 162.72, 444.864, 485.952, 533.952, 615.552, 493.824, 468.096, 288.096, 143.424, 42.144, 2.88, 0, 0, 0, 0, 3863.232, 161, 615.55, 2.88, 615.552, 0, 
삼천포태양광, 3, 2026-07-23 00:00:00, 0, 0, 0, 0, 0, 0, 2.736, 16.884, 19.872, 51.876, 160.74, 178.704, 181.98, 207.648, 164.412, 157.5, 98.136, 42.804, 4.572, 0, 0, 0, 0, 0, 1287.864, 54, 207.64, 2.736, 207.648, 0, 
삼천포태양광, 4, 2026-07-23 00:00:00, 0, 0, 0, 0, 0, 0, 7.307, 76.862, 85.629, 92.446, 98.995, 110.611, 107.768, 92.207, 511.852, 746.667, 1166.366, 1191.636, 1185.396, 412.628, 0, 0, 0, 0, 5886.37, 245, 1191.63, 7.307, 1191.636, 0, 
구미태양광, 1, 2026-07-23 00:00:00, 0, 0, 0, 0, 0, 0, 10.63, 58.214, 168.568, 376.693, 406.921, 535.209, 578.165, 507.44, 395.857, 244.066, 271.69, 152.297, 45.776, 2.025, 0, 0, 0, 0, 3753.551, 156, 578.16, 2.025, 578.165, 0, 
삼천포태양광#6, 1, 2026-07-23 00:00:00, 0, 0, 0, 0, 0, 0, 0, 0, 0, 0, 0, 0, 0, 0, 0, 0, 0, 0, 0, 0, 0, 0, 0, 0, 0, 0, 0, 0, 0, 0, 
영흥태양광#5, 1, 2026-07-23 00:00:00, 0, 0, 0, 0, 0, 0, 19.284, 94.011, 284.442, 443.537, 1142.589, 814.758, 773.779, 899.126, 742.442, 520.674, 216.947, 332.653, 226.589, 28.926, 0, 0, 0, 0, 6539.757, 272, 1142.58, 19.284, 1142.589, 0, 
영흥태양광 #3, 1, 2026-07-23 00:00:00, 0, 0, 0, 0, 0, 0, 0.96, 91.68, 360.24, 584.4, 1585.2, 1099.2, 961.2, 1184.4, 1037.28, 709.44, 288.96, 477.36, 307.68, 33.36, 0, 0, 0, 0, 8721.36, 363, 1585.2, 0.96, 1585.2, 0, 
영흥태양광 #3, 2, 2026-07-23 00:00:00, 0, 0, 0, 0, 0, 0, 0.768, 24.864, 105.216, 177.888, 427.584, 286.848, 290.592, 326.208, 266.976, 193.152, 74.688, 116.928, 79.68, 8.16, 0, 0, 0, 0, 2379.552, 99, 427.58, 0.768, 427.584, 0, 
영흥태양광 #3, 3, 2026-07-23 00:00:00, 0, 0, 0, 0, 0, 0, 6.36, 51.84, 215.04, 372.24, 878.76, 516, 507.72, 673.32, 558.36, 345.24, 170.28, 305.04, 185.52, 24.84, 0, 0, 0, 0, 4810.56, 200, 878.76, 6.36, 878.76, 0, 
영흥태양광, 1, 2026-07-23 00:00:00, 0, 0, 0, 0, 0, 0, 0.806, 6.259, 97.421, 196.301, 417.446, 284.506, 274.445, 348.403, 273.869, 184.819, 82.253, 204.365, 97.69, 16.051, 0, 0, 0, 0, 2484.634, 104, 417.44, 0.806, 417.446, 0, 
예천태양광, 1, 2026-07-23 00:00:00, 0, 0, 0, 0, 0, 0, 26.64, 132.66, 363.06, 495.9, 739.98, 764.64, 833.94, 989.64, 831.06, 723.42, 226.8, 146.88, 95.4, 2.52, 0, 0, 0, 0, 6372.54, 266, 989.64, 2.52, 989.64, 0, 
여수태양광, 1, 2026-07-23 00:00:00, 0, 0, 0, 0, 0, 0, 0, 0, 0, 0, 0, 0, 0, 0, 0, 0, 0, 0, 0, 0, 0, 0, 0, 452, 452, 19, 452, 452, 452, 0, 
영흥태양광, 2, 2026-07-23 00:00:00, 0, 0, 0, 0, 0, 0, 0, 3.857, 67.495, 149.453, 424.253, 316.261, 275.764, 317.225, 285.406, 199.592, 72.316, 132.097, 91.6, 10.606, 0, 0, 0, 0, 2345.925, 98, 424.25, 3.857, 424.253, 0, 
탑선태양광, 1, 2026-07-23 00:00:00, 0, 0, 0, 0, 0, 0, 0, 0, 0, 0, 0, 0, 0, 0, 0, 0, 0, 0, 0, 0, 0, 0, 0, 1120, 1120, 47, 1120, 1120, 1120, 0, 
탑선태양광, 3, 2026-07-23 00:00:00, 0, 0, 0, 0, 0, 0, 0, 0, 0, 0, 0, 0, 0, 0, 0, 0, 0, 0, 0, 0, 0, 0, 0, 145, 145, 6, 145, 145, 145, 0, 
경상대태양광, 1, 2026-07-23 00:00:00, 0, 0, 0, 0, 0, 0, 19.152, 63.648, 141.912, 127.008, 384.264, 407.376, 538.344, 532.8, 497.664, 425.952, 335.016, 209.16, 62.856, 2.448, 0, 0, 0, 0, 3747.6, 156, 538.344, 2.448, 538.344, 0, 
고흥만 수상태양광, 1, 2026-07-23 00:00:00, 0, 0, 0, 0, 0, 43.512, 2680.944, 11272.884, 20272.14, 25238.22, 25683.84, 22767.108, 31982.496, 26855.64, 24103.296, 35282.52, 25898.376, 14516.796, 4362.036, 287.784, 0, 0, 0, 0, 271247.592, 11302, 35282.52, 43.512, 35282.52, 0, 
영동태양광, 1, 2026-07-22 00:00:00, 0, 0, 0, 0, 0, 0, 1.824, 13.248, 13.632, 13.056, 14.88, 14.304, 16.992, 540.384, 686.496, 279.168, 395.904, 679.68, 677.664, 417.984, 0, 0, 0, 0, 3765.216, 157, 686.49, 1.824, 686.496, 0, 
삼천포태양광#5, 1, 2026-07-22 00:00:00, 0, 0, 0, 0, 0, 0, 102.163, 189.285, 190.26, 294.237, 347.155, 368.548, 1190.514, 2827.539, 2123.294, 1855.557, 2478.099, 2508.792, 2515.783, 2225.948, 0, 0, 0, 0, 19217.174, 801, 2827.53, 102.163, 2827.539, 0, 
삼천포태양광#5, 2, 2026-07-22 00:00:00, 0, 0, 0, 0, 0, 0, 174.401, 284.83, 282.864, 328.72, 649.471, 949.634, 3395.012, 4821.622, 3438.979, 3120.104, 4237.407, 4293.291, 4010.333, 2351.755, 0, 0, 0, 0, 32338.423, 1347, 4821.62, 174.401, 4821.622, 0, 
광양항세방태양광, 1, 2026-07-22 00:00:00, 0, 0, 0, 0, 0, 2.4, 105.6, 316.8, 787.2, 1303.2, 1663.2, 1764, 1096.8, 1248, 1053.6, 952.8, 847.2, 667.2, 230.4, 9.6, 0, 0, 0, 0, 12048, 502, 1764, 2.4, 1764, 0, 
두산엔진MG태양광, 1, 2026-07-22 00:00:00, 0, 0, 0, 0, 0, 0.3, 2.34, 4.26, 11.28, 27.18, 39.42, 36.6, 40.2, 38.22, 47.82, 48.24, 45.36, 36, 15.96, 0.66, 0, 0, 0, 0, 393.84, 16, 48.24, 0.3, 48.24, 0, 
삼천포태양광, 1, 2026-07-22 00:00:00, 0, 0, 0, 0, 0, 0, 0.036, 2.1, 11.952, 18.972, 24.216, 30.864, 33.72, 32.856, 23.052, 23.388, 19.08, 8.328, 0.612, 0, 0, 0, 0, 0, 229.176, 10, 33.72, 0.036, 33.72, 0, 
삼천포태양광, 2, 2026-07-22 00:00:00, 0, 0, 0, 0, 0, 1.248, 28.8, 103.488, 106.176, 364.8, 528.864, 616.128, 662.112, 641.472, 493.728, 405.984, 325.056, 155.616, 39.552, 2.592, 0, 0, 0, 0, 4475.616, 186, 662.11, 1.248, 662.112, 0, 
삼천포태양광, 3, 2026-07-22 00:00:00, 0, 0, 0, 0, 0, 0, 7.74, 42.084, 49.212, 103.788, 184.14, 218.412, 230.148, 222.804, 178.704, 142.02, 110.376, 47.124, 3.996, 0, 0, 0, 0, 0, 1540.548, 64, 230.14, 3.996, 230.148, 0, 
삼천포태양광, 4, 2026-07-22 00:00:00, 0, 0, 0, 0, 0, 0, 22.756, 93.893, 94.379, 94.516, 104.334, 97.667, 213.618, 1146.031, 817.752, 694.507, 1162.965, 1190.684, 1180.884, 455.521, 0, 0, 0, 0, 7369.507, 307, 1190.68, 22.756, 1190.684, 0, 
구미태양광, 1, 2026-07-22 00:00:00, 0, 0, 0, 0, 0, 0, 9.184, 99.073, 246.235, 395.133, 486.179, 440.692, 535.209, 340.607, 313.127, 146.439, 277.403, 105.943, 23.069, 2.676, 0, 0, 0, 0, 3420.969, 143, 535.2, 2.676, 535.209, 0, 
삼천포태양광#6, 1, 2026-07-22 00:00:00, 0, 0, 0, 0, 0, 0, 0, 0, 0, 0, 0, 0, 0, 0, 0, 0, 0, 0, 0, 0, 0, 0, 0, 0, 0, 0, 0, 0, 0, 0, 
영흥태양광#5, 1, 2026-07-22 00:00:00, 0, 0, 0, 0, 0, 0, 4.821, 43.389, 125.347, 115.705, 60.263, 209.716, 192.842, 513.442, 330.242, 323.011, 291.674, 296.495, 50.621, 0, 0, 0, 0, 0, 2557.568, 107, 513.44, 4.821, 513.442, 0, 
영흥태양광 #3, 1, 2026-07-22 00:00:00, 0, 0, 0, 0, 0, 0, 0, 0, 139.2, 145.68, 44.88, 203.28, 194.4, 661.68, 496.32, 433.68, 335.52, 389.04, 52.56, 0, 0, 0, 0, 0, 3096.24, 129, 661.68, 44.88, 661.68, 0, 
영흥태양광 #3, 2, 2026-07-22 00:00:00, 0, 0, 0, 0, 0, 0, 0, 4.416, 38.688, 35.712, 14.4, 70.56, 70.656, 182.016, 116.256, 110.496, 99.648, 112.128, 12.096, 0, 0, 0, 0, 0, 867.072, 36, 182.01, 4.416, 182.016, 0, 
영흥태양광 #3, 3, 2026-07-22 00:00:00, 0, 0, 0, 0, 0, 0, 0, 7.44, 82.32, 83.52, 45.36, 176.76, 154.56, 403.8, 290.88, 237.36, 167.88, 202.8, 38.4, 0, 0, 0, 0, 0, 1891.08, 79, 403.8, 7.44, 403.8, 0, 
영흥태양광, 1, 2026-07-22 00:00:00, 0, 0, 0, 0, 0, 0, 0, 6.106, 33.6, 47.731, 21.734, 95.885, 80.755, 186.586, 174.451, 115.93, 103.142, 64.819, 23.155, 0.307, 0, 0, 0, 0, 954.201, 40, 186.58, 0.307, 186.586, 0, 
예천태양광, 1, 2026-07-22 00:00:00, 0, 0, 0, 0, 0, 3.06, 101.52, 243.18, 271.26, 326.34, 636.48, 792, 959.22, 1229.58, 961.38, 947.88, 502.02, 179.82, 152.64, 15.12, 0, 0, 0, 0, 7321.5, 305, 1229.58, 3.06, 1229.58, 0, 
여수태양광, 1, 2026-07-22 00:00:00, 0, 0, 0, 0, 0, 0, 0, 0, 0, 0, 0, 0, 0, 0, 0, 0, 0, 0, 0, 0, 0, 0, 0, 659, 659, 27, 659, 659, 659, 0, 
영흥태양광, 2, 2026-07-22 00:00:00, 0, 0, 0, 0, 0, 0, 0, 0, 17.356, 32.783, 16.392, 62.674, 62.674, 179.343, 136.918, 117.634, 96.421, 110.884, 16.392, 0, 0, 0, 0, 0, 849.471, 35, 179.34, 16.392, 179.343, 0, 
탑선태양광, 1, 2026-07-22 00:00:00, 0, 0, 0, 0, 0, 0, 0, 0, 0, 0, 0, 0, 0, 0, 0, 0, 0, 0, 0, 0, 0, 0, 0, 1120, 1120, 47, 1120, 1120, 1120, 0, 
탑선태양광, 3, 2026-07-22 00:00:00, 0, 0, 0, 0, 0, 0, 0, 0, 0, 0, 0, 0, 0, 0, 0, 0, 0, 0, 0, 0, 0, 0, 0, 145, 145, 6, 145, 145, 145, 0, 
경상대태양광, 1, 2026-07-22 00:00:00, 0, 0, 0, 0, 0, 0, 12.6, 79.488, 217.008, 244.584, 342.216, 465.48, 520.704, 456.84, 511.776, 440.568, 346.104, 205.056, 64.512, 2.88, 0, 0, 0, 0, 3909.816, 163, 520.704, 2.88, 520.704, 0, 
고흥만 수상태양광, 1, 2026-07-22 00:00:00, 0, 0, 0, 0, 0, 84, 2741.424, 11352.6, 23353.848, 33705.924, 40420.212, 46679.388, 44460.864, 44193.24, 31756.788, 25672.752, 27290.256, 14362.236, 3585.036, 220.164, 0, 0, 0, 0, 349878.732, 14578, 46679.388, 84, 46679.388, 0, 
영동태양광, 1, 2026-07-21 00:00:00, 0, 0, 0, 0, 0, 0, 19.104, 14.112, 14.016, 12.48, 11.52, 7.68, 12.288, 13.152, 10.272, 50.304, 440.832, 680.352, 658.272, 6.72, 0, 0, 0, 0, 1951.104, 81, 680.35, 6.72, 680.352, 0, 
삼천포태양광#5, 1, 2026-07-21 00:00:00, 0, 0, 0, 0, 0, 0.217, 134, 396.071, 644.037, 892.367, 187.323, 369.9, 471.496, 307.09, 294.495, 2101.945, 2513.706, 2529.036, 2546.032, 231.922, 0, 0, 0, 0, 13619.637, 567, 2546.03, 0.217, 2546.032, 0, 
삼천포태양광#5, 2, 2026-07-21 00:00:00, 0, 0, 0, 0, 0, 0.567, 192.006, 275.87, 286.819, 367.542, 282.46, 725.248, 855.202, 517.068, 826.731, 3650.537, 4273.147, 4286.492, 4101.82, 3112.035, 0, 0, 0, 0, 23753.544, 990, 4286.49, 0.567, 4286.492, 0, 
광양항세방태양광, 1, 2026-07-21 00:00:00, 0, 0, 0, 0, 0, 0, 60, 340.8, 511.2, 391.2, 700.8, 1149.6, 1749.6, 1826.4, 1689.6, 1560, 976.8, 597.6, 280.8, 14.4, 0, 0, 0, 0, 11848.8, 494, 1826.4, 14.4, 1826.4, 0, 
두산엔진MG태양광, 1, 2026-07-21 00:00:00, 0, 0, 0, 0, 0, 0.24, 2.22, 7.86, 15.3, 18.84, 27.84, 27.78, 28.26, 25.38, 18.66, 43.2, 46.44, 35.58, 15.96, 0.72, 0, 0, 0, 0, 314.28, 13, 46.44, 0.24, 46.44, 0, 
삼천포태양광, 1, 2026-07-21 00:00:00, 0, 0, 0, 0, 0, 0, 0.36, 2.82, 6.228, 9.444, 7.068, 20.268, 20.58, 14.844, 30.876, 26.316, 18.852, 8.568, 0.78, 0, 0, 0, 0, 0, 167.004, 7, 30.87, 0.36, 30.876, 0, 
삼천포태양광, 2, 2026-07-21 00:00:00, 0, 0, 0, 0, 0, 1.248, 41.376, 102.336, 146.208, 210.912, 159.84, 407.808, 413.856, 300.576, 527.712, 450.528, 315.36, 160.416, 45.408, 2.688, 0, 0, 0, 0, 3286.272, 137, 527.71, 1.248, 527.712, 0, 
삼천포태양광, 3, 2026-07-21 00:00:00, 0, 0, 0, 0, 0, 0.072, 12.924, 38.484, 52.344, 70.776, 52.416, 144.216, 136.008, 101.304, 190.764, 167.256, 116.712, 56.16, 11.016, 0.216, 0, 0, 0, 0, 1150.668, 48, 190.76, 0.072, 190.764, 0, 
삼천포태양광, 4, 2026-07-21 00:00:00, 0, 0, 0, 0, 0, 0, 22.035, 75.043, 88.4, 109.403, 85.792, 103.589, 153.716, 129.914, 67.038, 844.709, 1176.067, 1190.961, 1194.051, 46.003, 0, 0, 0, 0, 5286.721, 220, 1194.05, 22.035, 1194.051, 0, 
구미태양광, 1, 2026-07-21 00:00:00, 0, 0, 0, 0, 0, 0, 12.728, 97.699, 223.022, 332.58, 509.826, 573.247, 519.806, 496.448, 527.11, 469.329, 337.642, 150.489, 35.941, 6.436, 0, 0, 0, 0, 4292.303, 179, 573.24, 6.436, 573.247, 0, 
삼천포태양광#6, 1, 2026-07-21 00:00:00, 0, 0, 0, 0, 0, 0, 0, 0, 0, 0, 0, 0, 0, 0, 0, 0, 0, 0, 0, 0, 0, 0, 0, 0, 0, 0, 0, 0, 0, 0, 
영흥태양광#5, 1, 2026-07-21 00:00:00, 0, 0, 0, 0, 0, 0, 2.411, 9.642, 86.779, 192.842, 122.937, 0, 14.463, 154.274, 161.505, 257.926, 595.4, 385.684, 178.379, 19.284, 0, 0, 0, 0, 2181.526, 91, 595.4, 2.411, 595.4, 0, 
영흥태양광 #3, 1, 2026-07-21 00:00:00, 0, 0, 0, 0, 0, 0, 0, 0.24, 79.68, 224.88, 151.2, 0, 0.96, 172.56, 216.24, 389.04, 839.76, 584.88, 246, 34.56, 0, 0, 0, 0, 2940, 123, 839.76, 0.24, 839.76, 0, 
영흥태양광 #3, 2, 2026-07-21 00:00:00, 0, 0, 0, 0, 0, 0, 0, 0, 24.576, 69.696, 42.432, 0, 0.768, 52.8, 58.464, 91.968, 214.56, 141.984, 66.144, 6.432, 0, 0, 0, 0, 769.824, 32, 214.56, 0.768, 214.56, 0, 
영흥태양광 #3, 3, 2026-07-21 00:00:00, 0, 0, 0, 0, 0, 0, 0, 0.12, 46.2, 145.32, 90, 0, 3.84, 107.04, 137.4, 276.12, 546, 352.32, 151.8, 16.8, 0, 0, 0, 0, 1872.96, 78, 546, 0.12, 546, 0, 
영흥태양광, 1, 2026-07-21 00:00:00, 0, 0, 0, 0, 0, 0, 0, 0, 25.574, 55.718, 55.872, 0, 0, 57.37, 80.947, 205.901, 294.605, 203.558, 72.115, 8.448, 0, 0, 0, 0, 1060.108, 44, 294.6, 8.448, 294.605, 0, 
예천태양광, 1, 2026-07-21 00:00:00, 0, 0, 0, 0, 0, 0, 29.7, 158.94, 335.52, 236.52, 559.8, 690.12, 292.14, 439.56, 622.08, 500.76, 530.82, 168.84, 53.46, 0.36, 0, 0, 0, 0, 4618.62, 192, 690.12, 0.36, 690.12, 0, 
여수태양광, 1, 2026-07-21 00:00:00, 0, 0, 0, 0, 0, 0, 0, 0, 0, 0, 0, 0, 0, 0, 0, 0, 0, 0, 0, 0, 0, 0, 0, 384, 384, 16, 384, 384, 384, 0, 
영흥태양광, 2, 2026-07-21 00:00:00, 0, 0, 0, 0, 0, 0, 0, 0, 2.893, 47.246, 41.461, 0, 0, 31.819, 56.888, 101.242, 211.162, 168.737, 69.423, 14.463, 0, 0, 0, 0, 745.334, 31, 211.16, 2.893, 211.162, 0, 
탑선태양광, 1, 2026-07-21 00:00:00, 0, 0, 0, 0, 0, 0, 0, 0, 0, 0, 0, 0, 0, 0, 0, 0, 0, 0, 0, 0, 0, 0, 0, 1120, 1120, 47, 1120, 1120, 1120, 0, 
탑선태양광, 3, 2026-07-21 00:00:00, 0, 0, 0, 0, 0, 0, 0, 0, 0, 0, 0, 0, 0, 0, 0, 0, 0, 0, 0, 0, 0, 0, 0, 145, 145, 6, 145, 145, 145, 0, 
경상대태양광, 1, 2026-07-21 00:00:00, 0, 0, 0, 0, 0, 0, 10.368, 81.36, 225.648, 201.6, 246.744, 377.064, 437.976, 454.032, 497.088, 439.92, 340.92, 181.224, 77.112, 2.808, 0, 0, 0, 0, 3573.864, 149, 497.088, 2.808, 497.088, 0, 
고흥만 수상태양광, 1, 2026-07-21 00:00:00, 0, 0, 0, 0, 0, 51.492, 2550.156, 11353.944, 13574.736, 15913.548, 21438.144, 31591.896, 46674.936, 42901.992, 39810.204, 34514.088, 25235.196, 13858.068, 4290.972, 315.168, 0, 0, 0, 0, 304074.54, 12670, 46674.936, 51.492, 46674.936, 0, 
영동태양광, 1, 2026-07-20 00:00:00, 0, 0, 0, 0, 0, 0, 0.48, 8.544, 14.976, 10.752, 14.976, 15.36, 15.168, 14.976, 15.36, 94.944, 451.488, 683.52, 281.568, 0.096, 0, 0, 0, 0, 1622.208, 68, 683.52, 0.096, 683.52, 0, 
삼천포태양광#5, 1, 2026-07-20 00:00:00, 0, 0, 0, 0, 0, 0, 65.772, 180.361, 198.699, 215.307, 305.208, 238.324, 573.758, 329.924, 1470.488, 1465.078, 2513.773, 2528.652, 2545.298, 2209.09, 3.136, 0, 0, 0, 14842.868, 618, 2545.29, 3.136, 2545.298, 0, 
삼천포태양광#5, 2, 2026-07-20 00:00:00, 0, 0, 0, 0, 0, 0, 114.934, 277.135, 286.144, 292.24, 328.559, 351.684, 1053.984, 934.124, 4174.02, 2586.843, 4267.91, 4295.858, 4045.761, 2580.329, 0, 0, 0, 0, 25589.525, 1066, 4295.85, 114.934, 4295.858, 0, 
광양항세방태양광, 1, 2026-07-20 00:00:00, 0, 0, 0, 0, 0, 0, 4.8, 62.4, 422.4, 741.6, 304.8, 1149.6, 976.8, 1341.6, 1336.8, 1197.6, 1063.2, 564, 252, 19.2, 0, 0, 0, 0, 9436.8, 393, 1341.6, 4.8, 1341.6, 0, 
두산엔진MG태양광, 1, 2026-07-20 00:00:00, 0, 0, 0, 0, 0, 0.06, 2.22, 7.5, 10.86, 24.24, 31.32, 26.1, 30.3, 26.7, 18.84, 46.56, 48.18, 29.82, 5.16, 0.54, 0, 0, 0, 0, 308.4, 13, 48.18, 0.06, 48.18, 0, 
삼천포태양광, 1, 2026-07-20 00:00:00, 0, 0, 0, 0, 0, 0, 0.144, 1.608, 9.036, 16.344, 14.532, 14.928, 23.928, 17.652, 27.144, 16.692, 18.624, 6.24, 0.888, 0, 0, 0, 0, 0, 167.76, 7, 27.14, 0.144, 27.144, 0, 
삼천포태양광, 2, 2026-07-20 00:00:00, 0, 0, 0, 0, 0, 0.192, 21.6, 64.896, 200.544, 416.736, 304.416, 276, 550.176, 378.528, 547.584, 294.624, 302.976, 115.296, 44.832, 3.648, 0, 0, 0, 0, 3522.048, 147, 550.17, 0.192, 550.176, 0, 
삼천포태양광, 3, 2026-07-20 00:00:00, 0, 0, 0, 0, 0, 0, 4.608, 18.864, 74.052, 142.488, 100.908, 80.892, 175.716, 117.828, 191.592, 116.388, 107.856, 34.812, 10.512, 0.144, 0, 0, 0, 0, 1176.66, 49, 191.59, 0.144, 191.592, 0, 
삼천포태양광, 4, 2026-07-20 00:00:00, 0, 0, 0, 0, 0, 0, 9.302, 63.919, 94.366, 91.596, 99.89, 94.48, 129.538, 87.455, 297.596, 557.999, 1171.325, 1190.602, 1180.621, 569.78, 0, 0, 0, 0, 5638.469, 235, 1190.6, 9.302, 1190.602, 0, 
구미태양광, 1, 2026-07-20 00:00:00, 0, 0, 0, 0, 0, 0, 2.386, 67.688, 147.886, 259.397, 421.818, 262.289, 488.782, 533.329, 484.588, 324.264, 308.282, 212.464, 55.611, 8.027, 0, 0, 0, 0, 3576.811, 149, 533.32, 2.386, 533.329, 0, 
삼천포태양광#6, 1, 2026-07-20 00:00:00, 0, 0, 0, 0, 0, 0, 0, 0, 0, 0, 0, 0, 0, 0, 0, 0, 0, 0, 0, 0, 0, 0, 0, 0, 0, 0, 0, 0, 0, 0, 
영흥태양광#5, 1, 2026-07-20 00:00:00, 0, 0, 0, 0, 0, 0, 0, 12.053, 48.211, 65.084, 36.158, 108.474, 347.116, 385.684, 202.484, 219.358, 216.947, 180.789, 31.337, 0, 0, 0, 0, 0, 1853.695, 77, 385.68, 12.053, 385.684, 0, 
영흥태양광 #3, 1, 2026-07-20 00:00:00, 0, 0, 0, 0, 0, 0, 0, 0, 50.16, 43.68, 29.28, 123.36, 455.04, 544.8, 296.16, 292.08, 330.24, 258.72, 25.2, 0, 0, 0, 0, 0, 2448.72, 102, 544.8, 25.2, 544.8, 0, 
영흥태양광 #3, 2, 2026-07-20 00:00:00, 0, 0, 0, 0, 0, 0, 0, 0.864, 5.856, 14.784, 3.744, 30.72, 118.464, 145.632, 70.176, 70.56, 76.608, 58.944, 5.376, 0, 0, 0, 0, 0, 601.728, 25, 145.63, 0.864, 145.632, 0, 
영흥태양광 #3, 3, 2026-07-20 00:00:00, 0, 0, 0, 0, 0, 0, 0, 0.36, 33.6, 34.92, 28.08, 69, 257.28, 351.96, 166.68, 153.12, 201.6, 150.36, 28.08, 0, 0, 0, 0, 0, 1475.04, 61, 351.96, 0.36, 351.96, 0, 
영흥태양광, 1, 2026-07-20 00:00:00, 0, 0, 0, 0, 0, 0, 0, 0.23, 19.507, 31.258, 20.237, 23.923, 129.792, 164.275, 84.864, 69.197, 114.854, 93.312, 16.781, 0, 0, 0, 0, 0, 768.23, 32, 164.27, 0.23, 164.275, 0, 
예천태양광, 1, 2026-07-20 00:00:00, 0, 0, 0, 0, 0, 0, 4.86, 21.06, 60.66, 135.72, 166.86, 250.92, 252.36, 433.62, 372.24, 411.66, 282.24, 237.42, 38.52, 4.68, 0, 0, 0, 0, 2672.82, 111, 433.62, 4.68, 433.62, 0, 
여수태양광, 1, 2026-07-20 00:00:00, 0, 0, 0, 0, 0, 0, 0, 0, 0, 0, 0, 0, 0, 0, 0, 0, 0, 0, 0, 0, 0, 0, 0, 292, 292, 12, 292, 292, 292, 0, 
영흥태양광, 2, 2026-07-20 00:00:00, 0, 0, 0, 0, 0, 0, 0, 0.964, 0.964, 13.499, 11.571, 24.105, 121.491, 149.453, 84.851, 76.173, 88.707, 72.316, 9.642, 0, 0, 0, 0, 0, 653.736, 27, 149.45, 0.964, 149.453, 0, 
탑선태양광, 1, 2026-07-20 00:00:00, 0, 0, 0, 0, 0, 0, 0, 0, 0, 0, 0, 0, 0, 0, 0, 0, 0, 0, 0, 0, 0, 0, 0, 1120, 1120, 47, 1120, 1120, 1120, 0, 
탑선태양광, 3, 2026-07-20 00:00:00, 0, 0, 0, 0, 0, 0, 0, 0, 0, 0, 0, 0, 0, 0, 0, 0, 0, 0, 0, 0, 0, 0, 0, 145, 145, 6, 145, 145, 145, 0, 
경상대태양광, 1, 2026-07-20 00:00:00, 0, 0, 0, 0, 0, 0, 1.656, 29.232, 137.592, 298.872, 243, 261.288, 391.464, 418.248, 524.592, 444.888, 332.064, 210.888, 64.512, 1.8, 0, 0, 0, 0, 3360.096, 140, 524.592, 1.656, 524.592, 0, 
고흥만 수상태양광, 1, 2026-07-20 00:00:00, 0, 0, 0, 0, 0, 50.904, 2013.312, 8273.328, 11782.176, 22040.34, 24982.524, 33493.824, 22656.48, 30447.228, 25366.908, 26030.928, 18300.324, 12883.5, 4852.68, 223.776, 0, 0, 0, 0, 243398.232, 10142, 33493.824, 50.904, 33493.824, 0, 
영동태양광, 1, 2026-07-19 00:00:00, 0, 0, 0, 0, 0, 0, 0, 0.672, 12.192, 15.744, 15.648, 15.168, 15.264, 15.456, 15.168, 232.704, 461.088, 682.368, 458.4, 0, 0, 0, 0, 0, 1939.872, 81, 682.36, 0.672, 682.368, 0, 
삼천포태양광#5, 1, 2026-07-19 00:00:00, 0, 0, 0, 0, 0, 0, 1.192, 83.644, 165.544, 143.034, 192.207, 193.692, 205.284, 189.809, 196.847, 1938.127, 2501.168, 2542.802, 879.445, 0, 0, 0, 0, 0, 9232.795, 385, 2542.8, 1.192, 2542.802, 0, 
삼천포태양광#5, 2, 2026-07-19 00:00:00, 0, 0, 0, 0, 0, 0, 2.952, 132.367, 263.619, 245.995, 285.706, 283.945, 315.472, 285.502, 354.335, 3355.396, 4257.962, 4325.19, 1954.759, 0, 0, 0, 0, 0, 16063.2, 669, 4325.19, 2.952, 4325.19, 0, 
광양항세방태양광, 1, 2026-07-19 00:00:00, 0, 0, 0, 0, 0, 0, 12, 280.8, 199.2, 470.4, 626.4, 556.8, 475.2, 888, 1524, 1480.8, 988.8, 388.8, 153.6, 9.6, 0, 0, 0, 0, 8054.4, 336, 1524, 9.6, 1524, 0, 
두산엔진MG태양광, 1, 2026-07-19 00:00:00, 0, 0, 0, 0, 0, 0, 2.4, 6.42, 14.64, 15.3, 22.14, 14.64, 14.46, 23.28, 15.66, 15.06, 7.32, 6, 4.62, 0.3, 0, 0, 0, 0, 162.24, 7, 23.28, 0.3, 23.28, 0, 
삼천포태양광, 1, 2026-07-19 00:00:00, 0, 0, 0, 0, 0, 0, 0, 0.636, 1.452, 1.068, 5.82, 12.888, 16.992, 7.152, 19.44, 23.16, 13.44, 5.1, 1.152, 0, 0, 0, 0, 0, 108.3, 5, 23.16, 0.636, 23.16, 0, 
삼천포태양광, 2, 2026-07-19 00:00:00, 0, 0, 0, 0, 0, 0, 3.168, 32.832, 55.968, 45.024, 134.304, 257.184, 355.872, 156.288, 337.92, 395.232, 209.76, 117.024, 47.616, 1.728, 0, 0, 0, 0, 2149.92, 90, 395.23, 1.728, 395.232, 0, 
삼천포태양광, 3, 2026-07-19 00:00:00, 0, 0, 0, 0, 0, 0, 0.036, 8.316, 15.444, 14.436, 43.38, 83.844, 123.372, 51.156, 119.34, 158.544, 84.708, 39.852, 14.508, 0.144, 0, 0, 0, 0, 757.08, 32, 158.54, 0.036, 158.544, 0, 
삼천포태양광, 4, 2026-07-19 00:00:00, 0, 0, 0, 0, 0, 0, 0, 18.294, 60.39, 50.403, 88.583, 94.403, 95.076, 93.313, 47.515, 692.261, 1169.125, 918.808, 41.228, 0, 0, 0, 0, 0, 3369.399, 140, 1169.12, 18.294, 1169.125, 0, 
구미태양광, 1, 2026-07-19 00:00:00, 0, 0, 0, 0, 0, 0, 0.868, 21.695, 82.44, 42.449, 113.174, 100.953, 142.751, 130.241, 60.384, 22.563, 71.665, 67.688, 82.006, 39.267, 0, 0, 0, 0, 978.144, 41, 142.75, 0.868, 142.751, 0, 
삼천포태양광#6, 1, 2026-07-19 00:00:00, 0, 0, 0, 0, 0, 0, 0, 0, 0, 0, 0, 0, 0, 0, 0, 0, 0, 0, 0, 0, 0, 0, 0, 0, 0, 0, 0, 0, 0, 0, 
영흥태양광#5, 1, 2026-07-19 00:00:00, 0, 0, 0, 0, 0, 2.411, 62.674, 233.821, 284.442, 448.358, 660.484, 940.105, 1014.832, 1214.905, 1248.653, 559.242, 436.305, 291.674, 125.347, 9.642, 0, 0, 0, 0, 7532.895, 314, 1248.65, 2.411, 1248.653, 0, 
영흥태양광 #3, 1, 2026-07-19 00:00:00, 0, 0, 0, 0, 0, 0, 57.12, 314.88, 397.2, 610.32, 805.92, 1273.2, 1464.48, 1750.08, 1761.6, 798.24, 600.48, 397.68, 163.44, 11.28, 0, 0, 0, 0, 10405.92, 434, 1761.6, 11.28, 1761.6, 0, 
영흥태양광 #3, 2, 2026-07-19 00:00:00, 0, 0, 0, 0, 0, 0, 12.48, 70.272, 95.616, 157.824, 241.92, 341.376, 363.84, 447.36, 461.376, 204.288, 153.984, 104.352, 41.664, 2.208, 0, 0, 0, 0, 2698.56, 112, 461.37, 2.208, 461.376, 0, 
영흥태양광 #3, 3, 2026-07-19 00:00:00, 0, 0, 0, 0, 0, 0, 31.08, 144.96, 208.56, 359.28, 498.24, 751.68, 815.4, 869.4, 988.08, 458.04, 332.16, 226.56, 100.68, 9.12, 0, 0, 0, 0, 5793.24, 241, 988.08, 9.12, 988.08, 0, 
영흥태양광, 1, 2026-07-19 00:00:00, 0, 0, 0, 0, 0, 0, 8.64, 75.494, 119.424, 167.846, 257.702, 367.027, 439.718, 459.917, 564.211, 276.019, 184.512, 125.491, 56.064, 7.027, 0, 0, 0, 0, 3109.092, 130, 564.21, 7.027, 564.211, 0, 
예천태양광, 1, 2026-07-19 00:00:00, 0, 0, 0, 0, 0, 0, 0.18, 39.6, 140.04, 142.74, 355.68, 252.9, 272.52, 286.2, 309.96, 375.12, 350.82, 261.36, 67.5, 0, 0, 0, 0, 0, 2854.62, 119, 375.12, 0.18, 375.12, 0, 
여수태양광, 1, 2026-07-19 00:00:00, 0, 0, 0, 0, 0, 0, 0, 0, 0, 0, 0, 0, 0, 0, 0, 0, 0, 0, 0, 0, 0, 0, 0, 286, 286, 12, 286, 286, 286, 0, 
영흥태양광, 2, 2026-07-19 00:00:00, 0, 0, 0, 0, 0, 0, 3.857, 74.244, 110.884, 161.023, 219.84, 341.331, 393.398, 466.678, 480.177, 221.768, 164.88, 107.027, 47.246, 3.857, 0, 0, 0, 0, 2796.21, 117, 480.177, 3.857, 480.177, 0, 
탑선태양광, 1, 2026-07-19 00:00:00, 0, 0, 0, 0, 0, 0, 0, 0, 0, 0, 0, 0, 0, 0, 0, 0, 0, 0, 0, 0, 0, 0, 0, 1120, 1120, 47, 1120, 1120, 1120, 0, 
탑선태양광, 3, 2026-07-19 00:00:00, 0, 0, 0, 0, 0, 0, 0, 0, 0, 0, 0, 0, 0, 0, 0, 0, 0, 0, 0, 0, 0, 0, 0, 145, 145, 6, 145, 145, 145, 0, 
경상대태양광, 1, 2026-07-19 00:00:00, 0, 0, 0, 0, 0, 0, 1.008, 24.984, 61.848, 55.512, 157.176, 164.016, 153.792, 206.784, 368.568, 322.344, 253.44, 212.832, 24.12, 0.72, 0, 0, 0, 0, 2007.144, 84, 368.568, 0.72, 368.568, 0, 
고흥만 수상태양광, 1, 2026-07-19 00:00:00, 0, 0, 0, 0, 0, 23.352, 1600.872, 2505.384, 4085.34, 14779.128, 25341.288, 31017.84, 22628.172, 30912.588, 29665.44, 28860.3, 20465.424, 13617.408, 4507.02, 263.76, 0, 0, 0, 0, 230273.316, 9595, 31017.84, 23.352, 31017.84, 0, 
영동태양광, 1, 2026-07-18 00:00:00, 0, 0, 0, 0, 0, 0, 0, 0, 0, 9.12, 13.44, 14.016, 15.36, 15.072, 14.016, 20.16, 270.624, 38.016, 9.312, 0, 0, 0, 0, 0, 419.136, 17, 270.62, 9.12, 270.624, 0, 
삼천포태양광#5, 1, 2026-07-18 00:00:00, 0, 0, 0, 0, 0, 0, 48.66, 181.987, 187.712, 189.596, 215.421, 313.394, 300.358, 430.808, 197.758, 913.524, 2502.612, 2530.129, 2561.227, 847.446, 0, 0, 0, 0, 11420.632, 476, 2561.22, 48.66, 2561.227, 0, 
삼천포태양광#5, 2, 2026-07-18 00:00:00, 0, 0, 0, 0, 0, 0, 85.093, 280.703, 283.084, 283.545, 319.81, 386.05, 336.14, 488.349, 325.679, 1568.902, 4249.861, 4292.988, 4204.234, 2126.379, 0, 0, 0, 0, 19230.817, 801, 4292.98, 85.093, 4292.988, 0, 
광양항세방태양광, 1, 2026-07-18 00:00:00, 0, 0, 0, 0, 0, 0, 19.2, 208.8, 396, 876, 919.2, 1075.2, 736.8, 1120.8, 1404, 768, 765.6, 472.8, 170.4, 9.6, 0, 0, 0, 0, 8942.4, 373, 1404, 9.6, 1404, 0, 
두산엔진MG태양광, 1, 2026-07-18 00:00:00, 0, 0, 0, 0, 0, 0.06, 1.74, 6.36, 13.14, 13.2, 20.34, 27.12, 27.24, 33.18, 30.54, 35.52, 26.76, 7.26, 3, 0.3, 0, 0, 0, 0, 245.76, 10, 35.52, 0.06, 35.52, 0, 
삼천포태양광, 1, 2026-07-18 00:00:00, 0, 0, 0, 0, 0, 0, 0.048, 0.744, 4.236, 3.384, 16.752, 25.644, 19.224, 15.336, 13.428, 12.192, 10.272, 5.268, 1.164, 0, 0, 0, 0, 0, 127.692, 5, 25.64, 0.048, 25.644, 0, 
삼천포태양광, 2, 2026-07-18 00:00:00, 0, 0, 0, 0, 0, 0, 12.48, 53.184, 110.784, 119.712, 318.72, 523.68, 409.056, 369.12, 281.28, 228.096, 224.832, 129.12, 52.992, 0.288, 0, 0, 0, 0, 2833.344, 118, 523.68, 0.288, 523.68, 0, 
삼천포태양광, 3, 2026-07-18 00:00:00, 0, 0, 0, 0, 0, 0, 3.348, 14.724, 35.388, 38.988, 110.124, 179.676, 143.352, 112.644, 84.528, 75.96, 85.572, 47.304, 15.732, 0, 0, 0, 0, 0, 947.34, 39, 179.67, 3.348, 179.676, 0, 
삼천포태양광, 4, 2026-07-18 00:00:00, 0, 0, 0, 0, 0, 0, 12.294, 58.67, 84.051, 90.163, 89.954, 94.356, 99.566, 109.619, 71.228, 288.174, 1169.343, 1190.595, 557.266, 0, 0, 0, 0, 0, 3915.279, 163, 1190.59, 12.294, 1190.595, 0, 
구미태양광, 1, 2026-07-18 00:00:00, 0, 0, 0, 0, 0, 0, 5.134, 57.997, 91.624, 103.267, 236.256, 383.346, 337.498, 245.657, 516.841, 268.725, 218.249, 154.973, 28.131, 0, 0, 0, 0, 0, 2647.698, 110, 516.84, 5.134, 516.841, 0, 
삼천포태양광#6, 1, 2026-07-18 00:00:00, 0, 0, 0, 0, 0, 0, 0, 0, 0, 0, 0, 0, 0, 0, 0, 0, 0, 0, 0, 0, 0, 0, 0, 0, 0, 0, 0, 0, 0, 0, 
영흥태양광#5, 1, 2026-07-18 00:00:00, 0, 0, 0, 0, 0, 0, 0, 36.158, 89.189, 236.232, 482.105, 655.663, 901.537, 1347.484, 1345.074, 1135.358, 785.832, 419.432, 115.705, 7.232, 0, 0, 0, 0, 7557.001, 315, 1347.48, 7.232, 1347.484, 0, 
영흥태양광 #3, 1, 2026-07-18 00:00:00, 0, 0, 0, 0, 0, 0, 0, 3.36, 78.72, 320.64, 742.08, 1051.2, 1188.72, 1458.24, 2034.96, 1644, 1243.44, 648.96, 173.04, 0, 0, 0, 0, 0, 10587.36, 441, 2034.96, 3.36, 2034.96, 0, 
영흥태양광 #3, 2, 2026-07-18 00:00:00, 0, 0, 0, 0, 0, 0, 0, 7.584, 24.384, 77.952, 245.568, 318.336, 317.856, 421.824, 497.472, 409.632, 314.976, 172.224, 41.952, 0, 0, 0, 0, 0, 2849.76, 119, 497.47, 7.584, 497.472, 0, 
영흥태양광 #3, 3, 2026-07-18 00:00:00, 0, 0, 0, 0, 0, 0, 0, 3.96, 49.08, 169.92, 472.8, 693.12, 573.48, 799.32, 951.72, 813.36, 676.92, 373.68, 107.16, 2.76, 0, 0, 0, 0, 5687.28, 237, 951.72, 2.76, 951.72, 0, 
영흥태양광, 1, 2026-07-18 00:00:00, 0, 0, 0, 0, 0, 0, 0, 0, 14.669, 57.638, 192.96, 381.312, 307.046, 368.563, 517.286, 425.933, 363.571, 199.949, 62.4, 2.765, 0, 0, 0, 0, 2894.092, 121, 517.28, 2.765, 517.286, 0, 
예천태양광, 1, 2026-07-18 00:00:00, 0, 0, 0, 0, 0, 0, 0, 3.6, 0.36, 14.04, 13.32, 39.6, 100.98, 157.14, 53.64, 70.92, 293.4, 220.86, 69.66, 4.14, 0, 0, 0, 0, 1041.66, 43, 293.4, 0.36, 293.4, 0, 
여수태양광, 1, 2026-07-18 00:00:00, 0, 0, 0, 0, 0, 0, 0, 0, 0, 0, 0, 0, 0, 0, 0, 0, 0, 0, 0, 0, 0, 0, 0, 0, 419, 17, 0, 0, 0, 0, 
영흥태양광, 2, 2026-07-18 00:00:00, 0, 0, 0, 0, 0, 0, 0, 0.964, 6.749, 77.137, 185.128, 259.373, 311.44, 324.939, 555.385, 452.215, 323.011, 187.057, 55.924, 1.928, 0, 0, 0, 0, 2741.25, 114, 555.38, 0.964, 555.385, 0, 
탑선태양광, 1, 2026-07-18 00:00:00, 0, 0, 0, 0, 0, 0, 0, 0, 0, 0, 0, 0, 0, 0, 0, 0, 0, 0, 0, 0, 0, 0, 0, 1120, 1120, 47, 1120, 1120, 1120, 0, 
탑선태양광, 3, 2026-07-18 00:00:00, 0, 0, 0, 0, 0, 0, 0, 0, 0, 0, 0, 0, 0, 0, 0, 0, 0, 0, 0, 0, 0, 0, 0, 145, 145, 6, 145, 145, 145, 0, 
경상대태양광, 1, 2026-07-18 00:00:00, 0, 0, 0, 0, 0, 0, 13.68, 80.784, 124.92, 223.704, 247.968, 391.608, 337.536, 309.744, 279.648, 193.896, 167.616, 201.888, 96.408, 4.608, 0, 0, 0, 0, 2674.008, 111, 391.608, 4.608, 391.608, 0, 
고흥만 수상태양광, 1, 2026-07-18 00:00:00, 0, 0, 0, 0, 0, 27.72, 1786.428, 10408.272, 16795.968, 23274.552, 20789.244, 20765.052, 28387.716, 33817.14, 36174.936, 30243.696, 23037.672, 12058.62, 2878.932, 484.092, 0, 0, 0, 0, 260930.04, 10872, 36174.936, 27.72, 36174.936, 0, 
영동태양광, 1, 2026-07-17 00:00:00, 0, 0, 0, 0, 0, 0, 5.568, 8.16, 8.832, 9.12, 11.904, 15.552, 15.744, 276.96, 269.952, 164.544, 432.096, 679.968, 677.952, 519.072, 0, 0, 0, 0, 3095.424, 129, 679.96, 5.568, 679.968, 0, 
삼천포태양광#5, 1, 2026-07-17 00:00:00, 0, 0, 0, 0, 0, 0, 73.752, 180.785, 190.594, 199.927, 211.511, 265.233, 234.217, 148.94, 1081.322, 1390.494, 2490.439, 2529.823, 2524.148, 1969.399, 0, 0, 0, 0, 13490.584, 562, 2529.82, 73.752, 2529.823, 0, 
삼천포태양광#5, 2, 2026-07-17 00:00:00, 0, 0, 0, 0, 0, 0, 127.171, 287.353, 299.052, 283.394, 286.05, 490.496, 440.791, 500.359, 3156.233, 2369.308, 4233.511, 4294.378, 4089.57, 1799.496, 0, 0, 0, 0, 22657.162, 944, 4294.37, 127.171, 4294.378, 0, 
광양항세방태양광, 1, 2026-07-17 00:00:00, 0, 0, 0, 0, 0, 2.4, 62.4, 307.2, 585.6, 840, 1233.6, 1562.4, 744, 1226.4, 1231.2, 727.2, 636, 194.4, 33.6, 0, 0, 0, 0, 0, 9386.4, 391, 1562.4, 2.4, 1562.4, 0, 
두산엔진MG태양광, 1, 2026-07-17 00:00:00, 0, 0, 0, 0, 0, 0.12, 1.56, 7.98, 12.84, 24.24, 31.62, 45.84, 52.02, 50.16, 21.72, 20.76, 20.16, 9.6, 3.18, 0.42, 0, 0, 0, 0, 302.22, 13, 52.02, 0.12, 52.02, 0, 
삼천포태양광, 1, 2026-07-17 00:00:00, 0, 0, 0, 0, 0, 0, 0.18, 3.072, 7.02, 12.576, 17.22, 28.164, 21.72, 14.232, 25.236, 15.78, 10.68, 5.496, 1.716, 0, 0, 0, 0, 0, 163.092, 7, 28.16, 0.18, 28.164, 0, 
삼천포태양광, 2, 2026-07-17 00:00:00, 0, 0, 0, 0, 0, 0.192, 25.056, 92.448, 157.728, 260.736, 371.04, 554.112, 501.12, 268.224, 460.032, 318.72, 215.328, 130.464, 59.808, 0.96, 0, 0, 0, 0, 3415.968, 142, 554.11, 0.192, 554.112, 0, 
삼천포태양광, 3, 2026-07-17 00:00:00, 0, 0, 0, 0, 0, 0, 5.832, 28.944, 51.624, 88.524, 127.512, 187.668, 168.48, 86.832, 152.028, 105.552, 70.884, 40.428, 16.524, 0, 0, 0, 0, 0, 1130.832, 47, 187.66, 5.832, 187.668, 0, 
삼천포태양광, 4, 2026-07-17 00:00:00, 0, 0, 0, 0, 0, 0, 21.118, 82.566, 94.881, 92.583, 94.078, 92.783, 103.952, 70.861, 90.685, 514.79, 1156.369, 1190.629, 1183.049, 244.176, 0, 0, 0, 0, 5032.52, 210, 1190.62, 21.118, 1190.629, 0, 
구미태양광, 1, 2026-07-17 00:00:00, 0, 0, 0, 0, 0, 0, 4.484, 57.274, 132.049, 245.367, 255.636, 272.414, 505.921, 424.494, 334.967, 246.741, 73.907, 72.316, 0.506, 0, 0, 0, 0, 0, 2626.076, 109, 505.92, 0.506, 505.921, 0, 
삼천포태양광#6, 1, 2026-07-17 00:00:00, 0, 0, 0, 0, 0, 0, 0, 0, 0, 0, 0, 0, 0, 0, 0, 0, 0, 0, 0, 0, 0, 0, 0, 0, 0, 0, 0, 0, 0, 0, 
영흥태양광#5, 1, 2026-07-17 00:00:00, 0, 0, 0, 0, 0, 0, 84.368, 132.579, 486.926, 903.947, 1205.263, 829.221, 976.263, 993.137, 648.432, 308.547, 200.074, 120.526, 33.747, 0, 0, 0, 0, 0, 6923.03, 288, 1205.26, 33.747, 1205.263, 0, 
영흥태양광 #3, 1, 2026-07-17 00:00:00, 0, 0, 0, 0, 0, 0, 62.64, 177.12, 642.72, 1226.88, 1609.44, 1129.44, 1286.88, 1296.72, 914.88, 425.04, 274.8, 170.16, 28.56, 0, 0, 0, 0, 0, 9245.28, 385, 1609.44, 28.56, 1609.44, 0, 
영흥태양광 #3, 2, 2026-07-17 00:00:00, 0, 0, 0, 0, 0, 0, 28.032, 42.528, 175.488, 325.632, 425.952, 297.792, 348.288, 352.32, 233.28, 107.808, 68.256, 40.8, 2.88, 0, 0, 0, 0, 0, 2449.056, 102, 425.95, 2.88, 425.952, 0, 
영흥태양광 #3, 3, 2026-07-17 00:00:00, 0, 0, 0, 0, 0, 0, 37.56, 88.8, 423.6, 638.28, 851.4, 602.64, 726.48, 597.36, 491.16, 239.52, 152.52, 100.08, 24.12, 0, 0, 0, 0, 0, 4973.52, 207, 851.4, 24.12, 851.4, 0, 
영흥태양광, 1, 2026-07-17 00:00:00, 0, 0, 0, 0, 0, 0, 9.715, 39.667, 168.922, 318.797, 487.872, 362.842, 396.941, 386.419, 292.57, 133.21, 87.59, 54.605, 17.126, 0.154, 0, 0, 0, 0, 2756.43, 115, 487.87, 0.154, 487.872, 0, 
예천태양광, 1, 2026-07-17 00:00:00, 0, 0, 0, 0, 0, 10.08, 61.56, 152.28, 143.82, 401.94, 282.6, 559.26, 389.52, 175.86, 413.64, 406.26, 514.08, 192.6, 68.04, 0, 0, 0, 0, 0, 3771.54, 157, 559.26, 10.08, 559.26, 0, 
여수태양광, 1, 2026-07-17 00:00:00, 0, 0, 0, 0, 0, 0, 0, 0, 0, 0, 0, 0, 0, 0, 0, 0, 0, 0, 0, 0, 0, 0, 0, 357, 357, 15, 357, 357, 357, 0, 
영흥태양광, 2, 2026-07-17 00:00:00, 0, 0, 0, 0, 0, 0, 14.463, 45.318, 168.737, 326.867, 438.716, 317.225, 344.223, 351.937, 256.48, 115.705, 75.208, 46.282, 10.606, 0, 0, 0, 0, 0, 2511.767, 105, 438.71, 10.606, 438.716, 0, 
탑선태양광, 1, 2026-07-17 00:00:00, 0, 0, 0, 0, 0, 0, 0, 0, 0, 0, 0, 0, 0, 0, 0, 0, 0, 0, 0, 0, 0, 0, 0, 1120, 1120, 47, 1120, 1120, 1120, 0, 
탑선태양광, 3, 2026-07-17 00:00:00, 0, 0, 0, 0, 0, 0, 0, 0, 0, 0, 0, 0, 0, 0, 0, 0, 0, 0, 0, 0, 0, 0, 0, 145, 145, 6, 145, 145, 145, 0, 
경상대태양광, 1, 2026-07-17 00:00:00, 0, 0, 0, 0, 0, 0, 10.944, 47.304, 149.184, 237.456, 357.552, 478.296, 492.696, 250.488, 319.608, 283.968, 235.224, 122.4, 42.912, 2.304, 0, 0, 0, 0, 3030.336, 126, 492.696, 2.304, 492.696, 0, 
고흥만 수상태양광, 1, 2026-07-17 00:00:00, 0, 0, 0, 0, 0, 0, 1345.176, 10676.148, 16721.292, 22097.46, 23632.224, 8317.848, 21016.716, 20645.52, 15426.096, 22166.256, 13949.712, 9804.564, 3612.924, 334.32, 0, 0, 0, 0, 189746.256, 7906, 23632.224, 334.32, 23632.224, 0, 
영동태양광, 1, 2026-07-16 00:00:00, 0, 0, 0, 0, 0, 0, 8.448, 12.768, 13.728, 14.496, 13.536, 16.224, 30.72, 610.848, 491.808, 249.6, 421.056, 674.88, 672.288, 514.944, 0, 0, 0, 0, 3745.344, 156, 674.88, 8.448, 674.88, 0, 
삼천포태양광#5, 1, 2026-07-16 00:00:00, 0, 0, 0, 0, 0, 0.117, 125, 190.317, 188.464, 189.812, 190.11, 289.158, 318.781, 186.283, 636.152, 831.33, 2396.149, 2511.323, 2520.848, 1713.019, 0, 0, 0, 0, 12286.863, 512, 2520.84, 0.117, 2520.848, 0, 
삼천포태양광#5, 2, 2026-07-16 00:00:00, 0, 0, 0, 0, 0, 0.326, 201.714, 284.405, 282.866, 284.266, 284.547, 530.073, 506.001, 678.287, 2390.387, 1476.706, 4231.138, 4285.551, 4077.595, 1348.061, 0, 0, 0, 0, 20861.923, 869, 4285.55, 0.326, 4285.551, 0, 
광양항세방태양광, 1, 2026-07-16 00:00:00, 0, 0, 0, 0, 0, 7.2, 112.8, 254.4, 475.2, 573.6, 804, 1327.2, 1269.6, 912, 614.4, 614.4, 614.4, 309.6, 122.4, 4.8, 0, 0, 0, 0, 8016, 334, 1327.2, 4.8, 1327.2, 0, 
두산엔진MG태양광, 1, 2026-07-16 00:00:00, 0, 0, 0, 0, 0, 0.3, 3, 9.66, 13.14, 25.14, 18.06, 25.98, 29.7, 46.62, 49.44, 28.14, 15.06, 10.68, 4.68, 0.3, 0, 0, 0, 0, 279.9, 12, 49.44, 0.3, 49.44, 0, 
삼천포태양광, 1, 2026-07-16 00:00:00, 0, 0, 0, 0, 0, 0, 0.828, 3.924, 6.768, 6.036, 11.904, 24.252, 27.456, 23.928, 17.316, 9.168, 8.916, 3.168, 0.816, 0, 0, 0, 0, 0, 144.48, 6, 27.45, 0.816, 27.456, 0, 
삼천포태양광, 2, 2026-07-16 00:00:00, 0, 0, 0, 0, 0, 2.496, 46.752, 103.68, 175.488, 139.872, 235.968, 481.344, 553.44, 475.008, 345.888, 199.104, 192.288, 91.488, 44.64, 1.344, 0, 0, 0, 0, 3088.8, 129, 553.44, 1.344, 553.44, 0, 
삼천포태양광, 3, 2026-07-16 00:00:00, 0, 0, 0, 0, 0, 0.036, 13.104, 33.48, 54.792, 44.712, 78.264, 171, 188.028, 160.308, 117.684, 64.296, 63.252, 27.54, 11.736, 0, 0, 0, 0, 0, 1028.232, 43, 188.02, 0.036, 188.028, 0, 
삼천포태양광, 4, 2026-07-16 00:00:00, 0, 0, 0, 0, 0, 0.005, 45.798, 93.733, 93.989, 94.323, 94.304, 88.641, 111.762, 74.214, 101.398, 269.252, 1156.153, 1191.359, 1188.134, 39.864, 0, 0, 0, 0, 4642.929, 193, 1191.35, 0.005, 1191.359, 0, 
구미태양광, 1, 2026-07-16 00:00:00, 0, 0, 0, 0, 0, 0, 18.441, 100.808, 119.972, 174.86, 256.359, 516.913, 546.707, 469.836, 336.341, 203.497, 259.758, 119.61, 48.669, 3.833, 0, 0, 0, 0, 3175.604, 132, 546.7, 3.833, 546.707, 0, 
삼천포태양광#6, 1, 2026-07-16 00:00:00, 0, 0, 0, 0, 0, 0, 0, 0, 0, 0, 0, 0, 0, 0, 0, 0, 0, 0, 0, 0, 0, 0, 0, 0, 0, 0, 0, 0, 0, 0, 
영흥태양광#5, 1, 2026-07-16 00:00:00, 0, 0, 0, 0, 0, 2.411, 84.368, 231.411, 443.537, 658.074, 674.947, 740.032, 1050.989, 1063.042, 638.789, 371.221, 260.337, 245.874, 101.242, 14.463, 0, 0, 0, 0, 6580.737, 274, 1063.04, 2.411, 1063.042, 0, 
영흥태양광 #3, 1, 2026-07-16 00:00:00, 0, 0, 0, 0, 0, 0, 68.88, 285.6, 577.92, 843.6, 938.16, 1075.2, 1486.08, 1542.48, 937.44, 518.16, 370.08, 352.32, 138.96, 6.24, 0, 0, 0, 0, 9141.12, 381, 1542.48, 6.24, 1542.48, 0, 
영흥태양광 #3, 2, 2026-07-16 00:00:00, 0, 0, 0, 0, 0, 0, 21.024, 77.76, 150.816, 241.44, 240.192, 267.36, 363.168, 391.488, 228.192, 133.056, 90.912, 85.632, 31.776, 0.096, 0, 0, 0, 0, 2322.912, 97, 391.48, 0.096, 391.488, 0, 
영흥태양광 #3, 3, 2026-07-16 00:00:00, 0, 0, 0, 0, 0, 0, 44.16, 163.44, 325.44, 481.68, 534.96, 628.56, 811.56, 866.28, 540.36, 290.04, 204.72, 207.96, 85.68, 12.48, 0, 0, 0, 0, 5197.32, 217, 866.28, 12.48, 866.28, 0, 
영흥태양광, 1, 2026-07-16 00:00:00, 0, 0, 0, 0, 0, 0, 11.674, 97.92, 195.034, 232.896, 309.35, 365.261, 465.331, 498.854, 336.73, 132.71, 110.746, 117.427, 46.81, 8.678, 0, 0, 0, 0, 2929.421, 122, 498.85, 8.67, 498.854, 0, 
예천태양광, 1, 2026-07-16 00:00:00, 0, 0, 0, 0, 0, 7.02, 128.16, 385.38, 493.38, 511.74, 707.4, 877.5, 1163.88, 802.62, 682.38, 743.58, 345.78, 217.62, 63.18, 3.06, 0, 0, 0, 0, 7132.68, 297, 1163.88, 3.06, 1163.88, 0, 
여수태양광, 1, 2026-07-16 00:00:00, 0, 0, 0, 0, 0, 0, 0, 0, 0, 0, 0, 0, 0, 0, 0, 0, 0, 0, 0, 0, 0, 0, 0, 527, 527, 22, 527, 527, 527, 0, 
영흥태양광, 2, 2026-07-16 00:00:00, 0, 0, 0, 0, 0, 0, 7.714, 59.781, 157.166, 252.623, 252.623, 279.621, 409.789, 423.288, 260.337, 141.739, 101.242, 93.528, 38.568, 3.857, 0, 0, 0, 0, 2481.876, 103, 423.288, 3.857, 423.288, 0, 
탑선태양광, 1, 2026-07-16 00:00:00, 0, 0, 0, 0, 0, 0, 0, 0, 0, 0, 0, 0, 0, 0, 0, 0, 0, 0, 0, 0, 0, 0, 0, 1120, 1120, 47, 1120, 1120, 1120, 0, 
탑선태양광, 3, 2026-07-16 00:00:00, 0, 0, 0, 0, 0, 0, 0, 0, 0, 0, 0, 0, 0, 0, 0, 0, 0, 0, 0, 0, 0, 0, 0, 145, 145, 6, 145, 145, 145, 0, 
경상대태양광, 1, 2026-07-16 00:00:00, 0, 0, 0, 0, 0, 0, 25.92, 65.52, 167.544, 100.944, 198.432, 433.008, 449.784, 449.208, 350.208, 262.152, 242.856, 91.8, 44.712, 3.744, 0, 0, 0, 0, 2885.832, 120, 449.784, 3.744, 449.784, 0, 
고흥만 수상태양광, 1, 2026-07-16 00:00:00, 0, 0, 0, 0, 0, 121.296, 2963.772, 4890.564, 12366.984, 13810.104, 16600.752, 26622.288, 24097.752, 15762.6, 8415.12, 8492.988, 9381.456, 5097.036, 2989.812, 354.312, 0, 0, 0, 0, 151966.836, 6332, 26622.288, 121.296, 26622.288, 0, 
영동태양광, 1, 2026-07-15 00:00:00, 0, 0, 0, 0, 0, 0, 4.128, 10.368, 12.768, 15.168, 40.8, 24.672, 121.632, 728.352, 689.184, 608.544, 620.064, 685.728, 679.008, 674.112, 350.88, 0, 0, 0, 5265.408, 219, 728.35, 4.128, 728.352, 0, 
삼천포태양광#5, 1, 2026-07-15 00:00:00, 0, 0, 0, 0, 0, 0, 80.138, 188.797, 186.702, 196.555, 244.202, 499.403, 420.073, 615.218, 446.334, 1973.606, 2504.742, 2526.426, 2541.654, 1125.384, 0, 0, 0, 0, 13549.234, 565, 2541.65, 80.138, 2541.654, 0, 
삼천포태양광#5, 2, 2026-07-15 00:00:00, 0, 0, 0, 0, 0, 0, 140.646, 283.308, 282.128, 311.538, 373.339, 734.055, 653.705, 872.506, 1055.343, 3389.229, 4273.165, 4266.408, 3963.868, 3093.634, 0, 0, 0, 0, 23692.872, 987, 4273.165, 140.646, 4273.165, 0, 
광양항세방태양광, 1, 2026-07-15 00:00:00, 0, 0, 0, 0, 0, 0, 141.6, 369.6, 763.2, 1317.6, 1576.8, 1708.8, 1855.2, 1845.6, 1684.8, 1473.6, 1202.4, 765.6, 297.6, 12, 0, 0, 0, 0, 15014.4, 626, 1855.2, 12, 1855.2, 0, 
두산엔진MG태양광, 1, 2026-07-15 00:00:00, 0, 0, 0, 0, 0, 0.18, 4.62, 7.62, 12.9, 21.18, 37.38, 45, 42.36, 44.1, 41.34, 47.58, 38.1, 34.8, 19.56, 0.54, 0, 0, 0, 0, 397.26, 17, 47.58, 0.18, 47.58, 0, 
삼천포태양광, 1, 2026-07-15 00:00:00, 0, 0, 0, 0, 0, 0, 0.336, 2.448, 4.044, 11.364, 9.672, 22.824, 19.476, 30.96, 30.156, 25.524, 17.904, 7.896, 0.468, 0, 0, 0, 0, 0, 183.072, 8, 30.96, 0.336, 30.96, 0, 
삼천포태양광, 2, 2026-07-15 00:00:00, 0, 0, 0, 0, 0, 1.248, 30.72, 90.72, 95.424, 207.648, 205.44, 431.04, 383.136, 553.632, 542.016, 465.888, 315.072, 142.848, 31.872, 2.4, 0, 0, 0, 0, 3499.104, 146, 553.63, 1.248, 553.632, 0, 
삼천포태양광, 3, 2026-07-15 00:00:00, 0, 0, 0, 0, 0, 0, 7.992, 29.124, 30.024, 66.564, 65.7, 147.528, 126.612, 189.36, 185.76, 161.712, 111.42, 48.168, 6.228, 0, 0, 0, 0, 0, 1176.192, 49, 189.36, 6.228, 189.36, 0, 
삼천포태양광, 4, 2026-07-15 00:00:00, 0, 0, 0, 0, 0, 0, 13.128, 77.143, 69.833, 90.883, 98.364, 99.734, 122.326, 98.42, 94.044, 762.333, 1175.494, 1190.19, 1170.063, 290.83, 0, 0, 0, 0, 5352.785, 223, 1190.19, 13.128, 1190.19, 0, 
구미태양광, 1, 2026-07-15 00:00:00, 0, 0, 0, 0, 0, 0, 1.808, 40.352, 29.939, 83.308, 115.271, 494.712, 615.552, 633.92, 594.002, 517.926, 397.881, 234.159, 72.316, 5.496, 0, 0, 0, 0, 3836.642, 160, 633.92, 1.808, 633.92, 0, 
삼천포태양광#6, 1, 2026-07-15 00:00:00, 0, 0, 0, 0, 0, 0, 0, 0, 0, 0, 0, 0, 0, 0, 0, 0, 0, 0, 0, 0, 0, 0, 0, 0, 0, 0, 0, 0, 0, 0, 
영흥태양광#5, 1, 2026-07-15 00:00:00, 0, 0, 0, 0, 0, 0, 16.874, 79.547, 185.611, 564.063, 1145, 1971.811, 2191.168, 1844.053, 1349.895, 1282.4, 887.074, 269.979, 185.611, 9.642, 0, 0, 0, 0, 11982.728, 499, 2191.16, 9.642, 2191.168, 0, 
영흥태양광 #3, 1, 2026-07-15 00:00:00, 0, 0, 0, 0, 0, 0, 0, 0, 0, 0, 865.68, 2084.88, 2175.12, 1987.2, 1935.36, 1657.68, 1151.04, 362.4, 233.28, 9.36, 0, 0, 0, 0, 12462, 519, 2175.12, 9.36, 2175.12, 0, 
영흥태양광 #3, 2, 2026-07-15 00:00:00, 0, 0, 0, 0, 0, 0, 0, 5.28, 40.512, 153.6, 299.808, 527.136, 560.64, 525.12, 497.856, 425.76, 293.184, 91.2, 57.216, 0.672, 0, 0, 0, 0, 3477.984, 145, 560.64, 0.672, 560.64, 0, 
영흥태양광 #3, 3, 2026-07-15 00:00:00, 0, 0, 0, 0, 0, 0, 0, 0, 0, 153.24, 567.84, 1130.52, 1104, 1113.48, 1081.08, 913.92, 641.64, 215.88, 139.44, 8.64, 0, 0, 0, 0, 7069.68, 295, 1130.52, 8.64, 1130.52, 0, 
영흥태양광, 1, 2026-07-15 00:00:00, 0, 0, 0, 0, 0, 0, 0, 8.832, 35.213, 147.072, 235.738, 495.475, 545.818, 565.44, 599.232, 502.08, 366.912, 129.331, 76.032, 5.99, 0, 0, 0, 0, 3713.165, 155, 599.23, 5.99, 599.232, 0, 
예천태양광, 1, 2026-07-15 00:00:00, 0, 0, 0, 0, 0, 0, 0, 19.98, 185.4, 219.6, 426.06, 1192.14, 1318.86, 1311.12, 1206.18, 1011.78, 769.86, 417.78, 60.12, 1.44, 0, 0, 0, 0, 8140.32, 339, 1318.86, 1.44, 1318.86, 0, 
여수태양광, 1, 2026-07-15 00:00:00, 0, 0, 0, 0, 0, 0, 0, 0, 0, 0, 0, 0, 0, 0, 0, 0, 0, 0, 0, 0, 0, 0, 0, 403, 403, 17, 403, 403, 403, 0, 
영흥태양광, 2, 2026-07-15 00:00:00, 0, 0, 0, 0, 0, 0, 0, 0, 0, 0, 151.381, 550.564, 580.455, 533.208, 511.996, 439.68, 305.655, 95.457, 60.745, 2.893, 0, 0, 0, 0, 3232.034, 135, 580.455, 2.893, 580.455, 0, 
탑선태양광, 1, 2026-07-15 00:00:00, 0, 0, 0, 0, 0, 0, 0, 0, 0, 0, 0, 0, 0, 0, 0, 0, 0, 0, 0, 0, 0, 0, 0, 1120, 1120, 47, 1120, 1120, 1120, 0, 
탑선태양광, 3, 2026-07-15 00:00:00, 0, 0, 0, 0, 0, 0, 0, 0, 0, 0, 0, 0, 0, 0, 0, 0, 0, 0, 0, 0, 0, 0, 0, 145, 145, 6, 145, 145, 145, 0, 
경상대태양광, 1, 2026-07-15 00:00:00, 0, 0, 0, 0, 0, 0, 30.528, 135, 179.208, 360, 453.96, 513.36, 512.64, 526.248, 525.168, 460.728, 351.432, 217.224, 67.536, 1.584, 0, 0, 0, 0, 4334.616, 181, 526.248, 1.584, 526.248, 0, 
고흥만 수상태양광, 1, 2026-07-15 00:00:00, 0, 0, 0, 0, 0, 0, 1631.868, 2554.104, 8135.82, 23390.892, 37366.476, 39809.616, 40985.28, 44994.6, 41833.848, 35637, 26593.812, 14267.82, 2727.648, 165.312, 0, 0, 0, 0, 320094.096, 13337, 44994.6, 165.312, 44994.6, 0, 
영동태양광, 1, 2026-07-14 00:00:00, 0, 0, 0, 0, 0, 0.768, 21.696, 11.328, 12.384, 13.44, 13.632, 14.304, 17.568, 346.464, 663.264, 625.44, 583.392, 683.712, 678.624, 674.496, 166.848, 0, 0, 0, 4527.36, 189, 683.71, 0.768, 683.712, 0, 
삼천포태양광#5, 1, 2026-07-14 00:00:00, 0, 0, 0, 0, 0, 0, 22.595, 117.355, 168.727, 191.945, 190.598, 190.486, 189.083, 246.797, 176.316, 160.519, 2493.353, 274.464, 0.863, 0, 0, 0, 0, 0, 4423.101, 184, 2493.353, 0.863, 2493.353, 0, 
삼천포태양광#5, 2, 2026-07-14 00:00:00, 0, 0, 0, 0, 0, 0, 46.394, 205.697, 270.315, 282.914, 284.77, 282.302, 282.725, 281.569, 287.557, 340.961, 3924.191, 1633.879, 7.282, 0, 0, 0, 0, 0, 8130.556, 339, 3924.191, 7.282, 3924.191, 0, 
광양항세방태양광, 1, 2026-07-14 00:00:00, 0, 0, 0, 0, 0, 0, 12, 62.4, 446.4, 379.2, 501.6, 924, 1224, 1368, 849.6, 420, 336, 211.2, 69.6, 0, 0, 0, 0, 0, 6804, 284, 1368, 12, 1368, 0, 
두산엔진MG태양광, 1, 2026-07-14 00:00:00, 0, 0, 0, 0, 0, 0.24, 1.8, 6.78, 13.8, 12.9, 27.36, 18.06, 17.22, 19.56, 15.84, 8.4, 8.58, 3.72, 2.7, 0.24, 0, 0, 0, 0, 157.2, 7, 27.36, 0.24, 27.36, 0, 
삼천포태양광, 1, 2026-07-14 00:00:00, 0, 0, 0, 0, 0, 0, 0.024, 0.348, 1.668, 5.028, 8.58, 9.696, 4.188, 13.752, 2.436, 0.636, 0, 0, 0, 0, 0, 0, 0, 0, 46.356, 2, 13.75, 0.024, 13.752, 0, 
삼천포태양광, 2, 2026-07-14 00:00:00, 0, 0, 0, 0, 0, 0, 12.768, 39.744, 65.568, 133.152, 174.816, 201.984, 132.48, 301.632, 104.832, 45.024, 22.752, 19.392, 6.144, 0, 0, 0, 0, 0, 1260.288, 53, 301.63, 6.144, 301.632, 0, 
삼천포태양광, 3, 2026-07-14 00:00:00, 0, 0, 0, 0, 0, 0, 1.476, 10.08, 19.908, 42.984, 54.936, 65.304, 40.572, 107.424, 29.988, 12.024, 4.644, 3.96, 0.324, 0, 0, 0, 0, 0, 393.624, 16, 107.42, 0.324, 107.424, 0, 
삼천포태양광, 4, 2026-07-14 00:00:00, 0, 0, 0, 0, 0, 0, 0.787, 22.412, 60.983, 88.333, 94.209, 93.988, 93.12, 88.978, 74.904, 24.08, 819.895, 1.984, 0.143, 0, 0, 0, 0, 0, 1463.816, 61, 819.89, 0.143, 819.895, 0, 
구미태양광, 1, 2026-07-14 00:00:00, 0, 0, 0, 0, 0, 0, 10.124, 51.417, 246.958, 422.903, 434.401, 433.316, 551.769, 612.225, 502.884, 404.245, 310.669, 125.468, 60.094, 8.172, 0, 0, 0, 0, 4174.645, 174, 612.22, 8.172, 612.225, 0, 
삼천포태양광#6, 1, 2026-07-14 00:00:00, 0, 0, 0, 0, 0, 0, 0, 0, 0, 0, 0, 0, 0, 0, 0, 0, 0, 0, 0, 0, 0, 0, 0, 0, 0, 0, 0, 0, 0, 0, 
영흥태양광#5, 1, 2026-07-14 00:00:00, 0, 0, 0, 0, 0, 0, 16.874, 267.568, 564.063, 834.042, 1658.442, 1190.8, 761.726, 515.853, 212.126, 161.505, 28.926, 19.284, 9.642, 0, 0, 0, 0, 0, 6240.851, 260, 1658.44, 9.642, 1658.442, 0, 
영흥태양광 #3, 1, 2026-07-14 00:00:00, 0, 0, 0, 0, 0, 0, 0, 199.92, 490.8, 760.08, 1526.64, 1188.24, 680.4, 460.56, 165.6, 120.24, 0, 0, 0, 0, 0, 0, 0, 0, 5592.48, 233, 1526.64, 120.24, 1526.64, 0, 
영흥태양광 #3, 2, 2026-07-14 00:00:00, 0, 0, 0, 0, 0, 0, 0.192, 55.68, 130.56, 189.696, 387.168, 319.104, 172.416, 122.784, 44.736, 30.72, 0, 1.056, 0, 0, 0, 0, 0, 0, 1454.112, 61, 387.16, 0.192, 387.168, 0, 
영흥태양광 #3, 3, 2026-07-14 00:00:00, 0, 0, 0, 0, 0, 0, 0.24, 106.2, 228.84, 356.16, 781.32, 653.76, 351.24, 247.68, 80.52, 65.64, 0.24, 0.6, 0, 0, 0, 0, 0, 0, 2872.44, 120, 781.32, 0.24, 781.32, 0, 
영흥태양광, 1, 2026-07-14 00:00:00, 0, 0, 0, 0, 0, 0, 0, 38.976, 128.294, 217.536, 479.654, 405.043, 207.59, 130.637, 40.435, 37.901, 0.422, 0.154, 0, 0, 0, 0, 0, 0, 1686.642, 70, 479.65, 0.154, 479.654, 0, 
예천태양광, 1, 2026-07-14 00:00:00, 0, 0, 0, 0, 0, 0.36, 58.68, 334.08, 430.02, 556.74, 679.5, 534.78, 694.62, 761.76, 529.2, 616.86, 217.98, 114.3, 0, 0, 0, 0, 0, 0, 5528.88, 230, 761.76, 0.36, 761.76, 0, 
여수태양광, 1, 2026-07-14 00:00:00, 0, 0, 0, 0, 0, 0, 0, 0, 0, 0, 0, 0, 0, 0, 0, 0, 0, 0, 0, 0, 0, 0, 0, 303, 303, 13, 303, 303, 303, 0, 
영흥태양광, 2, 2026-07-14 00:00:00, 0, 0, 0, 0, 0, 0, 0, 27.962, 117.634, 211.162, 426.181, 316.261, 196.699, 130.168, 48.211, 34.712, 0.964, 0, 0, 0, 0, 0, 0, 0, 1509.954, 63, 426.181, 0.964, 426.181, 0, 
탑선태양광, 1, 2026-07-14 00:00:00, 0, 0, 0, 0, 0, 0, 0, 0, 0, 0, 0, 0, 0, 0, 0, 0, 0, 0, 0, 0, 0, 0, 0, 1120, 1120, 47, 1120, 1120, 1120, 0, 
탑선태양광, 3, 2026-07-14 00:00:00, 0, 0, 0, 0, 0, 0, 0, 0, 0, 0, 0, 0, 0, 0, 0, 0, 0, 0, 0, 0, 0, 0, 0, 145, 145, 6, 145, 145, 145, 0, 
경상대태양광, 1, 2026-07-14 00:00:00, 0, 0, 0, 0, 0, 0, 14.184, 59.184, 61.92, 146.736, 198.576, 295.704, 308.448, 340.92, 304.056, 292.608, 184.824, 60.408, 39.6, 0.072, 0, 0, 0, 0, 2307.24, 96, 340.92, 0.072, 340.92, 0, 
고흥만 수상태양광, 1, 2026-07-14 00:00:00, 0, 0, 0, 0, 0, 0.168, 1777.524, 4081.896, 11025.588, 10174.752, 16292.64, 25387.068, 31619.28, 44288.328, 39820.788, 19488.756, 14040.768, 6192.228, 484.176, 2.016, 0, 0, 0, 0, 224675.976, 9361, 44288.328, 0.168, 44288.328, 0, 
영동태양광, 1, 2026-07-13 00:00:00, 0, 0, 0, 0, 0, 0, 9.984, 62.304, 202.176, 390.432, 493.056, 22.176, 20.832, 18.144, 16.704, 369.504, 606.528, 684.672, 680.448, 675.744, 331.776, 0, 0, 0, 4584.48, 191, 684.67, 9.984, 684.672, 0, 
삼천포태양광#5, 1, 2026-07-13 00:00:00, 0, 0, 0, 0, 0, 0, 34.398, 187.293, 191.497, 363.339, 473.882, 453.875, 622.344, 412.687, 972.853, 2109.216, 2508.228, 2517.134, 2523.76, 1674.56, 0, 0, 0, 0, 15045.066, 627, 2523.76, 34.398, 2523.76, 0, 
삼천포태양광#5, 2, 2026-07-13 00:00:00, 0, 0, 0, 0, 0, 0, 62.354, 287.657, 286.114, 371.306, 585.005, 813.26, 1134.016, 1313.896, 3143.014, 3692.254, 4194.317, 4271.024, 4012.965, 1774.142, 0, 0, 0, 0, 25941.324, 1081, 4271.024, 62.354, 4271.024, 0, 
광양항세방태양광, 1, 2026-07-13 00:00:00, 0, 0, 0, 0, 0, 0, 60, 312, 727.2, 1216.8, 1401.6, 1497.6, 1032, 1651.2, 1140, 588, 1108.8, 554.4, 115.2, 0, 0, 0, 0, 0, 11404.8, 475, 1651.2, 60, 1651.2, 0, 
두산엔진MG태양광, 1, 2026-07-13 00:00:00, 0, 0, 0, 0, 0, 0.36, 3.12, 8.1, 12.36, 24.78, 36.6, 37.02, 45.42, 45.42, 54.84, 51.84, 39.12, 35.82, 17.88, 0.78, 0, 0, 0, 0, 413.46, 17, 54.84, 0.36, 54.84, 0, 
삼천포태양광, 1, 2026-07-13 00:00:00, 0, 0, 0, 0, 0, 0, 0.468, 2.916, 8.376, 15.612, 17.568, 22.932, 29.004, 19.944, 25.608, 26.52, 9.456, 8.484, 0.768, 0, 0, 0, 0, 0, 187.656, 8, 29, 0.468, 29.004, 0, 
삼천포태양광, 2, 2026-07-13 00:00:00, 0, 0, 0, 0, 0, 0.672, 24.384, 94.368, 201.408, 332.064, 376.608, 498.72, 549.984, 436.224, 435.552, 464.736, 155.616, 142.848, 43.392, 0.672, 0, 0, 0, 0, 3757.248, 157, 549.98, 0.672, 549.984, 0, 
삼천포태양광, 3, 2026-07-13 00:00:00, 0, 0, 0, 0, 0, 0, 6.66, 30.924, 67.284, 113.364, 127.836, 167.796, 192.888, 135.36, 151.596, 156.708, 38.484, 47.088, 10.152, 0, 0, 0, 0, 0, 1246.14, 52, 192.88, 6.66, 192.888, 0, 
삼천포태양광, 4, 2026-07-13 00:00:00, 0, 0, 0, 0, 0, 0, 7.408, 74.354, 94.485, 89.843, 120.808, 105.593, 145.456, 111.281, 417.613, 865.218, 1173.744, 1186.354, 1177.948, 368.93, 0, 0, 0, 0, 5939.035, 247, 1186.35, 7.408, 1186.354, 0, 
구미태양광, 1, 2026-07-13 00:00:00, 0, 0, 0, 0, 0, 0, 16.777, 90.973, 154.033, 384.069, 478.297, 519.589, 611.864, 563.557, 580.334, 480.972, 371.414, 225.625, 71.593, 8.244, 0, 0, 0, 0, 4557.341, 190, 611.86, 8.244, 611.864, 0, 
삼천포태양광#6, 1, 2026-07-13 00:00:00, 0, 0, 0, 0, 0, 0, 0, 0, 0, 0, 0, 0, 0, 0, 0, 0, 0, 0, 0, 0, 0, 0, 0, 0, 0, 0, 0, 0, 0, 0, 
영흥태양광#5, 1, 2026-07-13 00:00:00, 0, 0, 0, 0, 0, 2.411, 115.705, 486.926, 985.905, 843.684, 793.063, 621.916, 1552.379, 2195.989, 1856.105, 1699.421, 1214.905, 636.379, 183.2, 16.874, 0, 0, 0, 0, 13204.862, 550, 2195.98, 2.411, 2195.989, 0, 
영흥태양광 #3, 1, 2026-07-13 00:00:00, 0, 0, 0, 0, 0, 0, 69.12, 424.8, 872.88, 796.8, 808.8, 608.88, 1347.36, 2006.4, 1675.68, 1580.4, 1151.04, 570.96, 149.76, 1.68, 0, 0, 0, 0, 12064.56, 503, 2006.4, 1.68, 2006.4, 0, 
영흥태양광 #3, 2, 2026-07-13 00:00:00, 0, 0, 0, 0, 0, 0, 16.512, 102.624, 225.312, 197.952, 204.96, 150.912, 359.712, 517.92, 430.176, 401.952, 287.712, 153.12, 42.624, 0.864, 0, 0, 0, 0, 3092.352, 129, 517.92, 0.86, 517.92, 0, 
영흥태양광 #3, 3, 2026-07-13 00:00:00, 0, 0, 0, 0, 0, 0, 41.76, 234.48, 489.24, 461.52, 522.48, 373.32, 710.04, 1085.88, 886.92, 858.12, 627, 343.44, 106.56, 6.84, 0, 0, 0, 0, 6747.6, 281, 1085.88, 6.84, 1085.88, 0, 
영흥태양광, 1, 2026-07-13 00:00:00, 0, 0, 0, 0, 0, 0, 14.016, 96.845, 243.61, 269.069, 343.488, 231.322, 392.678, 597.504, 525.619, 468.787, 343.757, 184.09, 51.725, 4.8, 0, 0, 0, 0, 3767.31, 157, 597.5, 4.8, 597.504, 0, 
예천태양광, 1, 2026-07-13 00:00:00, 0, 0, 0, 0, 0, 4.86, 101.34, 247.68, 466.74, 777.78, 937.26, 1040.22, 1262.52, 970.2, 931.32, 934.02, 622.08, 341.82, 110.88, 3.06, 0, 0, 0, 0, 8751.78, 365, 1262.52, 3.06, 1262.52, 0, 
여수태양광, 1, 2026-07-13 00:00:00, 0, 0, 0, 0, 0, 0, 0, 0, 0, 0, 0, 0, 0, 0, 0, 0, 0, 0, 0, 0, 0, 0, 0, 421, 421, 18, 421, 421, 421, 0, 
영흥태양광, 2, 2026-07-13 00:00:00, 0, 0, 0, 0, 0, 0, 2.893, 83.886, 232.375, 227.554, 217.912, 170.665, 350.008, 460.893, 343.259, 316.261, 228.518, 127.276, 33.747, 0.964, 0, 0, 0, 0, 2796.211, 117, 460.89, 0.964, 460.893, 0, 
탑선태양광, 1, 2026-07-13 00:00:00, 0, 0, 0, 0, 0, 0, 0, 0, 0, 0, 0, 0, 0, 0, 0, 0, 0, 0, 0, 0, 0, 0, 0, 1120, 1120, 47, 1120, 1120, 1120, 0, 
탑선태양광, 3, 2026-07-13 00:00:00, 0, 0, 0, 0, 0, 0, 0, 0, 0, 0, 0, 0, 0, 0, 0, 0, 0, 0, 0, 0, 0, 0, 0, 145, 145, 6, 145, 145, 145, 0, 
경상대태양광, 1, 2026-07-13 00:00:00, 0, 0, 0, 0, 0, 0, 12.888, 75.816, 86.112, 222.192, 235.512, 358.2, 299.88, 371.016, 251.208, 452.808, 355.464, 201.384, 71.784, 0.36, 0, 0, 0, 0, 2994.624, 125, 452.808, 0.36, 452.808, 0, 
고흥만 수상태양광, 1, 2026-07-13 00:00:00, 0, 0, 0, 0, 0, 99.624, 2397.864, 7341.348, 15471.372, 20766.732, 33149.508, 40130.496, 41851.656, 39810.372, 35108.724, 28141.008, 23494.464, 15673.308, 5938.632, 275.184, 0, 0, 0, 0, 309650.292, 12902, 41851.656, 99.624, 41851.656, 0, 
영동태양광, 1, 2026-07-12 00:00:00, 0, 0, 0, 0, 0, 0, 4.032, 44.544, 198.336, 302.688, 349.44, 379.008, 486.048, 632.928, 673.152, 552, 380.736, 296.448, 72, 9.888, 0, 0, 0, 0, 4381.248, 183, 673.15, 4.032, 673.152, 0, 
삼천포태양광#5, 1, 2026-07-12 00:00:00, 0, 0, 0, 0, 0, 0.015, 92.892, 191.573, 205.159, 212.554, 193.024, 197.565, 206.357, 309.533, 222.742, 597.716, 2420.908, 2486.967, 2517.562, 800.98, 0, 0, 0, 0, 10655.547, 444, 2517.562, 0.015, 2517.562, 0, 
삼천포태양광#5, 2, 2026-07-12 00:00:00, 0, 0, 0, 0, 0, 0.041, 167.591, 285.216, 336.252, 283.854, 285.005, 284.204, 286.475, 367.257, 900.804, 1060.662, 4215.772, 4257.793, 3906.275, 1308.037, 0, 0, 0, 0, 17945.238, 748, 4257.793, 0.041, 4257.793, 0, 
광양항세방태양광, 1, 2026-07-12 00:00:00, 0, 0, 0, 0, 0, 4.8, 127.2, 508.8, 597.6, 535.2, 825.6, 1005.6, 772.8, 657.6, 496.8, 451.2, 588, 417.6, 50.4, 4.8, 0, 0, 0, 0, 7044, 294, 1005.6, 4.8, 1005.6, 0, 
두산엔진MG태양광, 1, 2026-07-12 00:00:00, 0, 0, 0, 0, 0, 0.18, 2.52, 4.26, 11.88, 26.88, 33.72, 49.32, 54.6, 41.52, 30.96, 31.32, 44.76, 14.7, 8.46, 1.32, 0, 0, 0, 0, 356.4, 15, 54.6, 0.18, 54.6, 0, 
삼천포태양광, 1, 2026-07-12 00:00:00, 0, 0, 0, 0, 0, 0, 0, 2.676, 11.76, 15.636, 13.176, 16.224, 15.96, 19.02, 9.096, 5.736, 7.512, 3.72, 0.132, 0, 0, 0, 0, 0, 120.648, 5, 19.02, 0.132, 19.02, 0, 
삼천포태양광, 2, 2026-07-12 00:00:00, 0, 0, 0, 0, 0, 0.96, 32.448, 156.768, 316.032, 371.712, 290.016, 346.656, 336.384, 390.816, 208.224, 165.024, 175.872, 105.6, 24.672, 0.192, 0, 0, 0, 0, 2921.376, 122, 390.81, 0.192, 390.816, 0, 
삼천포태양광, 3, 2026-07-12 00:00:00, 0, 0, 0, 0, 0, 0.036, 9, 52.38, 106.848, 127.62, 94.824, 117.936, 114.876, 130.284, 70.164, 57.096, 59.472, 31.032, 5.832, 0, 0, 0, 0, 0, 977.4, 41, 130.28, 0.036, 130.284, 0, 
삼천포태양광, 4, 2026-07-12 00:00:00, 0, 0, 0, 0, 0, 0, 27.581, 94.189, 97.381, 94.896, 94.906, 94.471, 95.112, 97.41, 82.246, 163.807, 1148.328, 1187.92, 525.594, 0, 0, 0, 0, 0, 3803.841, 158, 1187.92, 27.581, 1187.92, 0, 
구미태양광, 1, 2026-07-12 00:00:00, 0, 0, 0, 0, 0, 0, 13.306, 86.779, 251.514, 395.423, 395.35, 454.577, 576.501, 504.403, 570.572, 515.105, 334.605, 212.03, 78.752, 14.246, 0, 0, 0, 0, 4403.163, 183, 576.5, 13.306, 576.501, 0, 
삼천포태양광#6, 1, 2026-07-12 00:00:00, 0, 0, 0, 0, 0, 0, 0, 0, 0, 0, 0, 0, 0, 0, 0, 0, 0, 0, 0, 0, 0, 0, 0, 0, 0, 0, 0, 0, 0, 0, 
영흥태양광#5, 1, 2026-07-12 00:00:00, 0, 0, 0, 0, 0, 2.411, 86.779, 491.747, 947.337, 1185.979, 1713.884, 2193.579, 2258.663, 2198.4, 1991.095, 1617.463, 1190.8, 583.347, 185.611, 26.516, 0, 0, 0, 0, 16673.611, 695, 2258.66, 2.411, 2258.663, 0, 
영흥태양광 #3, 1, 2026-07-12 00:00:00, 0, 0, 0, 0, 0, 0, 56.16, 453.36, 852.72, 1066.32, 1537.2, 1977.12, 2060.4, 2008.32, 1829.28, 1506.24, 1138.8, 527.28, 157.68, 6.48, 0, 0, 0, 0, 15177.36, 632, 2060.4, 6.48, 2060.4, 0, 
영흥태양광 #3, 2, 2026-07-12 00:00:00, 0, 0, 0, 0, 0, 0, 6.624, 101.568, 215.904, 263.136, 387.168, 508.608, 523.968, 509.664, 462.144, 380.16, 285.12, 139.872, 40.704, 2.112, 0, 0, 0, 0, 3826.752, 159, 523.96, 2.112, 523.968, 0, 
영흥태양광 #3, 3, 2026-07-12 00:00:00, 0, 0, 0, 0, 0, 0, 12.12, 222.6, 462.36, 555.84, 844.44, 1094.04, 1142.28, 1110.36, 1008, 828.72, 627.12, 335.04, 106.32, 16.56, 0, 0, 0, 0, 8365.8, 349, 1142.28, 12.12, 1142.28, 0, 
영흥태양광, 1, 2026-07-12 00:00:00, 0, 0, 0, 0, 0, 0, 1.382, 94.195, 215.117, 297.216, 458.688, 577.382, 603.955, 586.637, 540.211, 455.923, 336.691, 191.002, 57.331, 9.139, 0, 0, 0, 0, 4424.869, 184, 603.95, 1.382, 603.955, 0, 
예천태양광, 1, 2026-07-12 00:00:00, 0, 0, 0, 0, 0, 3.42, 96.3, 390.42, 707.76, 924.3, 972.72, 970.38, 1112.22, 1036.26, 708.66, 472.68, 505.26, 257.58, 67.86, 17.82, 0, 0, 0, 0, 8243.64, 343, 1112.22, 3.42, 1112.22, 0, 
여수태양광, 1, 2026-07-12 00:00:00, 0, 0, 0, 0, 0, 0, 0, 0, 0, 0, 0, 0, 0, 0, 0, 0, 0, 0, 0, 0, 0, 0, 0, 715, 715, 30, 715, 715, 715, 0, 
영흥태양광, 2, 2026-07-12 00:00:00, 0, 0, 0, 0, 0, 0, 0.964, 82.922, 228.518, 287.335, 415.575, 530.316, 546.707, 533.208, 484.998, 393.398, 292.156, 145.596, 46.282, 4.821, 0, 0, 0, 0, 3992.796, 166, 546.7, 0.964, 546.707, 0, 
탑선태양광, 1, 2026-07-12 00:00:00, 0, 0, 0, 0, 0, 0, 0, 0, 0, 0, 0, 0, 0, 0, 0, 0, 0, 0, 0, 0, 0, 0, 0, 1120, 1120, 47, 1120, 1120, 1120, 0, 
탑선태양광, 3, 2026-07-12 00:00:00, 0, 0, 0, 0, 0, 0, 0, 0, 0, 0, 0, 0, 0, 0, 0, 0, 0, 0, 0, 0, 0, 0, 0, 145, 145, 6, 145, 145, 145, 0, 
경상대태양광, 1, 2026-07-12 00:00:00, 0, 0, 0, 0, 0, 0, 14.328, 86.832, 194.04, 121.104, 115.704, 216, 246.168, 327.528, 372.456, 228.24, 176.688, 180.288, 65.376, 14.544, 0, 0, 0, 0, 2359.296, 98, 372.456, 14.328, 372.456, 0, 
고흥만 수상태양광, 1, 2026-07-12 00:00:00, 0, 0, 0, 0, 0, 141.54, 3488.94, 7388.64, 10567.788, 9141.804, 15746.556, 17242.008, 29053.92, 31486.476, 28310.856, 25037.88, 17758.356, 11625.18, 3639.804, 126.084, 0, 0, 0, 0, 210755.832, 8781, 31486.476, 126.084, 31486.476, 0, 
영동태양광, 1, 2026-07-11 00:00:00, 0, 0, 0, 0, 0, 0, 15.84, 98.208, 184.704, 299.712, 349.344, 363.072, 407.904, 320.928, 495.456, 538.176, 405.408, 245.472, 117.504, 10.368, 0, 0, 0, 0, 3852.096, 161, 538.17, 10.368, 538.176, 0, 
삼천포태양광#5, 1, 2026-07-11 00:00:00, 0, 0, 0, 0, 0, 0, 77.868, 190.915, 191.912, 199.887, 187.064, 154.046, 2203.076, 2684.715, 2452.248, 2047.475, 2510.76, 2520.462, 2531.832, 2332.743, 0, 0, 0, 0, 20285.003, 845, 2684.71, 77.868, 2684.715, 0, 
삼천포태양광#5, 2, 2026-07-11 00:00:00, 0, 0, 0, 0, 0, 0, 147.521, 284.741, 285.268, 284.073, 381.935, 1246.615, 4527.821, 4657.35, 4221.781, 3521.851, 4271.424, 4280.966, 3978.8, 2872.204, 0, 0, 0, 0, 34962.35, 1457, 4657.35, 147.521, 4657.35, 0, 
광양항세방태양광, 1, 2026-07-11 00:00:00, 0, 0, 0, 0, 0, 2.4, 112.8, 434.4, 856.8, 1180.8, 1502.4, 1732.8, 1814.4, 1812, 1687.2, 1492.8, 1176, 624, 240, 14.4, 0, 0, 0, 0, 14683.2, 612, 1814.4, 2.4, 1814.4, 0, 
두산엔진MG태양광, 1, 2026-07-11 00:00:00, 0, 0, 0, 0, 0, 0.3, 2.28, 4.38, 12.3, 25.08, 37.86, 47.28, 52.2, 55.68, 48.42, 46.26, 45.72, 36.18, 19.26, 0.78, 0, 0, 0, 0, 433.98, 18, 55.68, 0.3, 55.68, 0, 
삼천포태양광, 1, 2026-07-11 00:00:00, 0, 0, 0, 0, 0, 0, 0, 2.124, 11.34, 19.332, 25.92, 29.844, 30.888, 30.864, 29.124, 24.924, 17.748, 8.172, 0.588, 0, 0, 0, 0, 0, 230.868, 10, 30.88, 0.588, 30.888, 0, 
삼천포태양광, 2, 2026-07-11 00:00:00, 0, 0, 0, 0, 0, 1.536, 29.472, 162.432, 330.144, 466.656, 573.12, 631.584, 644.256, 625.248, 562.656, 460.704, 314.976, 148.608, 36.384, 3.36, 0, 0, 0, 0, 4991.136, 208, 644.25, 1.536, 644.256, 0, 
삼천포태양광, 3, 2026-07-11 00:00:00, 0, 0, 0, 0, 0, 0.036, 8.892, 53.46, 111.456, 159.156, 196.02, 214.308, 217.404, 211.644, 194.58, 158.832, 110.268, 51.624, 7.596, 0, 0, 0, 0, 0, 1695.276, 71, 217.4, 0.036, 217.404, 0, 
삼천포태양광, 4, 2026-07-11 00:00:00, 0, 0, 0, 0, 0, 0, 23.754, 94.2, 94.524, 94.296, 88.554, 72.924, 611.039, 1115.839, 1021.77, 817.922, 1174.968, 1192.348, 1177.44, 616.814, 0, 0, 0, 0, 8196.392, 342, 1192.34, 23.754, 1192.348, 0, 
구미태양광, 1, 2026-07-11 00:00:00, 0, 0, 0, 0, 0, 0, 23.43, 94.734, 248.26, 396.869, 497.822, 559.869, 553.577, 569.776, 552.131, 423.264, 312.26, 230.687, 70.002, 11.209, 0, 0, 0, 0, 4543.89, 189, 569.77, 11.209, 569.776, 0, 
삼천포태양광#6, 1, 2026-07-11 00:00:00, 0, 0, 0, 0, 0, 0, 0, 0, 0, 0, 0, 0, 0, 0, 0, 0, 0, 0, 0, 0, 0, 0, 0, 0, 0, 0, 0, 0, 0, 0, 
영흥태양광#5, 1, 2026-07-11 00:00:00, 0, 0, 0, 0, 0, 4.821, 127.758, 455.589, 1005.189, 1496.937, 1533.095, 1697.011, 2034.484, 1969.4, 2027.253, 1607.821, 1188.389, 592.989, 142.221, 31.337, 0, 0, 0, 0, 15914.294, 663, 2034.48, 4.821, 2034.484, 0, 
영흥태양광 #3, 1, 2026-07-11 00:00:00, 0, 0, 0, 0, 0, 0, 77.76, 414.72, 922.8, 1345.2, 1375.68, 1552.08, 1846.8, 1793.52, 1874.4, 1511.04, 1138.08, 535.92, 116.88, 11.52, 0, 0, 0, 0, 14516.4, 605, 1874.4, 11.52, 1874.4, 0, 
영흥태양광 #3, 2, 2026-07-11 00:00:00, 0, 0, 0, 0, 0, 0, 16.512, 93.504, 224.064, 345.6, 364.032, 405.792, 472.8, 455.328, 471.552, 377.376, 281.184, 137.76, 28.32, 1.152, 0, 0, 0, 0, 3674.976, 153, 472.8, 1.152, 472.8, 0, 
영흥태양광 #3, 3, 2026-07-11 00:00:00, 0, 0, 0, 0, 0, 0, 40.68, 202.92, 505.44, 749.76, 766.08, 853.56, 1032.24, 996.48, 1027.08, 821.64, 615, 319.32, 79.08, 16.08, 0, 0, 0, 0, 8025.36, 334, 1032.24, 16.08, 1032.24, 0, 
영흥태양광, 1, 2026-07-11 00:00:00, 0, 0, 0, 0, 0, 0, 11.827, 90.317, 239.693, 373.594, 415.411, 451.238, 560.64, 517.632, 549.158, 444.134, 343.642, 177.37, 43.085, 10.176, 0, 0, 0, 0, 4227.917, 176, 560.64, 10.176, 560.64, 0, 
예천태양광, 1, 2026-07-11 00:00:00, 0, 0, 0, 0, 0, 0, 87.84, 399.42, 604.62, 918.54, 1036.98, 963.36, 999.9, 1075.68, 1027.62, 818.64, 621.36, 387.9, 107.46, 5.76, 0, 0, 0, 0, 9055.08, 377, 1075.68, 5.76, 1075.68, 0, 
여수태양광, 1, 2026-07-11 00:00:00, 0, 0, 0, 0, 0, 0, 0, 0, 0, 0, 0, 0, 0, 0, 0, 0, 0, 0, 0, 0, 0, 0, 0, 915, 915, 38, 915, 915, 915, 0, 
영흥태양광, 2, 2026-07-11 00:00:00, 0, 0, 0, 0, 0, 0, 6.749, 99.314, 242.981, 366.4, 379.899, 425.217, 489.819, 471.499, 491.747, 393.398, 296.013, 148.488, 33.747, 5.785, 0, 0, 0, 0, 3851.056, 160, 491.747, 5.785, 491.747, 0, 
탑선태양광, 1, 2026-07-11 00:00:00, 0, 0, 0, 0, 0, 0, 0, 0, 0, 0, 0, 0, 0, 0, 0, 0, 0, 0, 0, 0, 0, 0, 0, 1120, 1120, 47, 1120, 1120, 1120, 0, 
탑선태양광, 3, 2026-07-11 00:00:00, 0, 0, 0, 0, 0, 0, 0, 0, 0, 0, 0, 0, 0, 0, 0, 0, 0, 0, 0, 0, 0, 0, 0, 145, 145, 6, 145, 145, 145, 0, 
경상대태양광, 1, 2026-07-11 00:00:00, 0, 0, 0, 0, 0, 0, 11.664, 70.344, 223.416, 358.272, 452.088, 486.648, 542.088, 539.28, 511.056, 445.032, 346.752, 213.408, 66.888, 1.872, 0, 0, 0, 0, 4268.808, 178, 542.088, 1.872, 542.088, 0, 
고흥만 수상태양광, 1, 2026-07-11 00:00:00, 0, 0, 0, 0, 0, 112.644, 2853.984, 12007.716, 24718.512, 34438.152, 41764.968, 46395.468, 47953.752, 46609.08, 43148.784, 36043.056, 26736.444, 15120.084, 4572.204, 331.044, 0, 0, 0, 0, 382805.892, 15950, 47953.752, 112.644, 47953.752, 0, 
영동태양광, 1, 2026-07-10 00:00:00, 0, 0, 0, 0, 0, 0, 20.256, 8.448, 8.064, 11.232, 11.232, 10.272, 25.824, 6.912, 7.488, 141.216, 413.952, 675.072, 673.344, 230.592, 0, 0, 0, 0, 2243.904, 93, 675.07, 6.912, 675.072, 0, 
삼천포태양광#5, 1, 2026-07-10 00:00:00, 0, 0, 0, 0, 0, 0, 130.425, 153.045, 177.813, 196.485, 211.373, 228.782, 213.724, 411.16, 394.988, 1889.913, 2504.038, 2528.547, 2557.894, 1808.359, 0, 0, 0, 0, 13406.546, 559, 2557.894, 130.425, 2557.894, 0, 
삼천포태양광#5, 2, 2026-07-10 00:00:00, 0, 0, 0, 0, 0, 0, 233.851, 265.647, 275.281, 287.144, 342.404, 370.045, 313.08, 692.18, 1656.958, 3245.625, 4249.749, 4293.425, 4057.875, 2388.056, 0, 0, 0, 0, 22671.32, 945, 4293.42, 233.851, 4293.425, 0, 
광양항세방태양광, 1, 2026-07-10 00:00:00, 0, 0, 0, 0, 0, 2.4, 24, 81.6, 163.2, 314.4, 883.2, 1279.2, 1183.2, 1370.4, 1377.6, 1068, 760.8, 621.6, 201.6, 14.4, 0, 0, 0, 0, 9345.6, 389, 1377.6, 2.4, 1377.6, 0, 
두산엔진MG태양광, 1, 2026-07-10 00:00:00, 0, 0, 0, 0, 0, 0.24, 3.72, 7.38, 11.82, 24.72, 32.58, 43.14, 37.32, 34.92, 33.6, 46.38, 42.72, 31.02, 16.26, 0.96, 0, 0, 0, 0, 366.78, 15, 46.38, 0.24, 46.38, 0, 
삼천포태양광, 1, 2026-07-10 00:00:00, 0, 0, 0, 0, 0, 0, 1.104, 1.092, 4.788, 12.636, 20.016, 19.74, 17.172, 25.812, 27.516, 24.588, 15.864, 7.272, 1.152, 0, 0, 0, 0, 0, 178.752, 7, 27.51, 1.092, 27.516, 0, 
삼천포태양광, 2, 2026-07-10 00:00:00, 0, 0, 0, 0, 0, 0.768, 49.344, 55.008, 113.856, 246.72, 392.64, 403.776, 362.304, 511.968, 496.32, 435.072, 283.968, 133.92, 49.44, 5.952, 0, 0, 0, 0, 3541.056, 148, 511.96, 0.768, 511.968, 0, 
삼천포태양광, 3, 2026-07-10 00:00:00, 0, 0, 0, 0, 0, 0, 13.284, 14.112, 33.372, 79.884, 128.124, 117.216, 113.472, 174.816, 167.652, 145.476, 90.936, 44.964, 12.06, 0.396, 0, 0, 0, 0, 1135.764, 47, 174.81, 0.396, 174.816, 0, 
삼천포태양광, 4, 2026-07-10 00:00:00, 0, 0, 0, 0, 0, 0, 52.476, 54.396, 80.978, 94.122, 88.263, 99.157, 101.236, 112.42, 81.766, 718.477, 1162.485, 1190.9, 1150.983, 0, 0, 0, 0, 0, 4987.659, 208, 1190.9, 52.476, 1190.9, 0, 
구미태양광, 1, 2026-07-10 00:00:00, 0, 0, 0, 0, 0, 0, 13.306, 97.626, 140.799, 336.051, 364.472, 348.056, 485.456, 408.512, 323.758, 406.198, 268.075, 141.884, 68.483, 2.459, 0, 0, 0, 0, 3405.135, 142, 485.45, 2.459, 485.456, 0, 
삼천포태양광#6, 1, 2026-07-10 00:00:00, 0, 0, 0, 0, 0, 0, 0, 0, 0, 0, 0, 0, 0, 0, 0, 0, 0, 0, 0, 0, 0, 0, 0, 0, 0, 0, 0, 0, 0, 0, 
영흥태양광#5, 1, 2026-07-10 00:00:00, 0, 0, 0, 0, 0, 0, 40.979, 301.316, 327.832, 286.853, 462.821, 670.126, 699.053, 1407.747, 568.884, 484.516, 303.726, 269.979, 163.916, 26.516, 0, 0, 0, 0, 6014.264, 251, 1407.74, 26.516, 1407.747, 0, 
영흥태양광 #3, 1, 2026-07-10 00:00:00, 0, 0, 0, 0, 0, 0, 0.24, 226.56, 302.64, 255.36, 437.76, 609.84, 615.6, 1275.36, 520.32, 438.72, 281.76, 249.36, 147.36, 18.96, 0, 0, 0, 0, 5379.84, 224, 1275.36, 0.24, 1275.36, 0, 
영흥태양광 #3, 2, 2026-07-10 00:00:00, 0, 0, 0, 0, 0, 0, 0.576, 64.32, 72.768, 63.936, 106.752, 159.936, 170.592, 343.968, 134.976, 112.8, 66.816, 56.928, 31.776, 4.512, 0, 0, 0, 0, 1390.656, 58, 343.96, 0.576, 343.968, 0, 
영흥태양광 #3, 3, 2026-07-10 00:00:00, 0, 0, 0, 0, 0, 0, 3.6, 132.48, 188.28, 151.2, 255.24, 360.6, 338.28, 747, 323.88, 254.04, 153.12, 135.12, 86.88, 12.24, 0, 0, 0, 0, 3141.96, 131, 747, 3.6, 747, 0, 
영흥태양광, 1, 2026-07-10 00:00:00, 0, 0, 0, 0, 0, 0, 0.269, 89.702, 129.715, 110.208, 136.243, 199.45, 152.41, 385.306, 147.84, 140.467, 81.792, 71.808, 48.346, 8.41, 0, 0, 0, 0, 1701.966, 71, 385.306, 0.269, 385.306, 0, 
예천태양광, 1, 2026-07-10 00:00:00, 0, 0, 0, 0, 0, 0, 92.16, 208.26, 457.74, 648.72, 828, 1014.12, 684.9, 484.38, 655.38, 687.6, 652.86, 266.22, 94.68, 16.02, 0, 0, 0, 0, 6791.04, 283, 1014.12, 16.02, 1014.12, 0, 
여수태양광, 1, 2026-07-10 00:00:00, 0, 0, 0, 0, 0, 0, 0, 0, 0, 0, 0, 0, 0, 0, 0, 0, 0, 0, 0, 0, 0, 0, 0, 695, 695, 29, 695, 695, 695, 0, 
영흥태양광, 2, 2026-07-10 00:00:00, 0, 0, 0, 0, 0, 0, 0, 49.175, 81.958, 69.423, 116.669, 167.773, 156.202, 356.758, 134.989, 123.419, 76.173, 64.602, 39.533, 6.749, 0, 0, 0, 0, 1443.423, 60, 356.75, 6.749, 356.758, 0, 
탑선태양광, 1, 2026-07-10 00:00:00, 0, 0, 0, 0, 0, 0, 0, 0, 0, 0, 0, 0, 0, 0, 0, 0, 0, 0, 0, 0, 0, 0, 0, 1120, 1120, 47, 1120, 1120, 1120, 0, 
탑선태양광, 3, 2026-07-10 00:00:00, 0, 0, 0, 0, 0, 0, 0, 0, 0, 0, 0, 0, 0, 0, 0, 0, 0, 0, 0, 0, 0, 0, 0, 145, 145, 6, 145, 145, 145, 0, 
경상대태양광, 1, 2026-07-10 00:00:00, 0, 0, 0, 0, 0, 0, 38.52, 80.424, 162.144, 206.856, 337.968, 516.6, 554.328, 413.424, 487.656, 456.264, 323.208, 211.536, 71.496, 5.976, 0, 0, 0, 0, 3866.4, 161, 554.328, 5.976, 554.328, 0, 
고흥만 수상태양광, 1, 2026-07-10 00:00:00, 0, 0, 0, 0, 0, 44.772, 2890.104, 3965.22, 10820.964, 13297.536, 8885.016, 13840.008, 15465.324, 38049.312, 33259.044, 22770.972, 10817.352, 5636.904, 3763.2, 685.776, 0, 0, 0, 0, 184191.504, 7675, 38049.312, 44.772, 38049.312, 0, 
영동태양광, 1, 2026-07-09 00:00:00, 0, 0, 0, 0, 0, 1.92, 2.88, 0, 0.576, 11.04, 11.328, 9.696, 9.792, 9.504, 10.752, 138.912, 470.496, 310.368, 21.408, 3.072, 0, 0, 0, 0, 1011.744, 42, 470.49, 0.576, 470.496, 0, 
삼천포태양광#5, 1, 2026-07-09 00:00:00, 0, 0, 0, 0, 0, 0, 82.977, 191.541, 252.404, 333.799, 243.409, 603.158, 482.071, 229.634, 326.649, 1375.512, 2491.269, 2531.19, 2558.259, 1068.073, 0, 0, 0, 0, 12769.945, 532, 2558.25, 82.977, 2558.259, 0, 
삼천포태양광#5, 2, 2026-07-09 00:00:00, 0, 0, 0, 0, 0, 0, 143.509, 284.368, 316.528, 335.243, 322.678, 1101.419, 605.436, 415.157, 2239.82, 2352.086, 4224.361, 4199.318, 4012.728, 1076.895, 0, 0, 0, 0, 21629.546, 901, 4224.36, 143.509, 4224.361, 0, 
광양항세방태양광, 1, 2026-07-09 00:00:00, 0, 0, 0, 0, 0, 0, 9.6, 76.8, 544.8, 612, 1080, 1161.6, 544.8, 708, 1164, 907.2, 482.4, 312, 158.4, 14.4, 0, 0, 0, 0, 7776, 324, 1164, 9.6, 1164, 0, 
두산엔진MG태양광, 1, 2026-07-09 00:00:00, 0, 0, 0, 0, 0, 0.48, 3.54, 9.18, 14.76, 19.86, 27.84, 27.24, 30.72, 31.5, 37.26, 29.52, 37.5, 10.26, 4.44, 0.54, 0, 0, 0, 0, 284.64, 12, 37.5, 0.48, 37.5, 0, 
삼천포태양광, 1, 2026-07-09 00:00:00, 0, 0, 0, 0, 0, 0, 0.348, 4.488, 10.236, 13.116, 9.9, 33.816, 19.776, 15.18, 19.404, 14.964, 5.652, 4.248, 0.312, 0, 0, 0, 0, 0, 151.44, 6, 33.81, 0.31, 33.816, 0, 
삼천포태양광, 2, 2026-07-09 00:00:00, 0, 0, 0, 0, 0, 1.728, 32.064, 159.168, 245.76, 308.736, 232.224, 659.712, 419.136, 284.256, 362.592, 347.136, 131.616, 110.976, 31.872, 4.992, 0, 0, 0, 0, 3331.968, 139, 659.71, 1.728, 659.712, 0, 
삼천포태양광, 3, 2026-07-09 00:00:00, 0, 0, 0, 0, 0, 0.072, 7.956, 51.516, 82.152, 110.7, 87.804, 229.032, 131.616, 98.136, 124.956, 121.68, 42.084, 33.48, 7.344, 0.18, 0, 0, 0, 0, 1128.708, 47, 229.03, 0.07, 229.032, 0, 
삼천포태양광, 4, 2026-07-09 00:00:00, 0, 0, 0, 0, 0, 0, 24.283, 94.507, 97.804, 98.607, 98.856, 112.399, 129.316, 89.425, 86.644, 487.746, 1152.65, 1188.956, 1068.029, 0, 0, 0, 0, 0, 4729.222, 197, 1188.95, 24.283, 1188.956, 0, 
구미태양광, 1, 2026-07-09 00:00:00, 0, 0, 0, 0, 0, 0, 0, 14.319, 106.232, 154.322, 127.637, 191.348, 90.829, 63.204, 144.342, 359.554, 365.773, 162.566, 44.33, 20.248, 0, 0, 0, 0, 1844.704, 77, 365.77, 14.319, 365.773, 0, 
삼천포태양광#6, 1, 2026-07-09 00:00:00, 0, 0, 0, 0, 0, 0, 0, 0, 0, 0, 0, 0, 0, 0, 0, 0, 0, 0, 0, 0, 0, 0, 0, 0, 0, 0, 0, 0, 0, 0, 
영흥태양광#5, 1, 2026-07-09 00:00:00, 0, 0, 0, 0, 0, 0, 14.463, 57.853, 103.653, 79.547, 125.347, 57.853, 48.211, 527.905, 759.316, 1470.421, 1145, 291.674, 19.284, 7.232, 0, 0, 0, 0, 4707.759, 196, 1470.421, 7.232, 1470.421, 0, 
영흥태양광 #3, 1, 2026-07-09 00:00:00, 0, 0, 0, 0, 0, 0, 0, 4.08, 64.32, 17.28, 45.36, 42.24, 6.24, 375.84, 664.8, 1333.44, 1122, 336.24, 0.96, 0, 0, 0, 0, 0, 4012.8, 167, 1333.44, 0.96, 1333.44, 0, 
영흥태양광 #3, 2, 2026-07-09 00:00:00, 0, 0, 0, 0, 0, 0, 0, 1.728, 16.32, 11.904, 20.928, 10.272, 0.288, 110.496, 176.352, 353.088, 284.256, 72.48, 0, 0, 0, 0, 0, 0, 1058.112, 44, 353.08, 0.288, 353.088, 0, 
영흥태양광 #3, 3, 2026-07-09 00:00:00, 0, 0, 0, 0, 0, 0, 0, 11.28, 66, 33.84, 40.08, 25.92, 3.96, 204.96, 361.32, 699.84, 592.68, 184.56, 2.88, 0, 0, 0, 0, 0, 2227.32, 93, 699.84, 2.88, 699.84, 0, 
영흥태양광, 1, 2026-07-09 00:00:00, 0, 0, 0, 0, 0, 0, 0, 0, 0, 0, 0, 0, 0, 0, 0, 337.728, 316.032, 144.499, 6.374, 0, 0, 0, 0, 0, 804.633, 34, 337.72, 6.374, 337.728, 0, 
예천태양광, 1, 2026-07-09 00:00:00, 0, 0, 0, 0, 0, 0, 0, 2.52, 32.22, 105.84, 18.36, 118.08, 81.54, 254.88, 126.54, 229.5, 279, 238.68, 84.24, 15.66, 0, 0, 0, 0, 1587.06, 66, 279, 2.52, 279, 0, 
여수태양광, 1, 2026-07-09 00:00:00, 0, 0, 0, 0, 0, 0, 0, 0, 0, 0, 0, 0, 0, 0, 0, 0, 0, 0, 0, 0, 0, 0, 0, 633, 633, 26, 633, 633, 633, 0, 
영흥태양광, 2, 2026-07-09 00:00:00, 0, 0, 0, 0, 0, 0, 0, 0, 0.964, 0.964, 2.893, 9.642, 0, 101.242, 181.272, 360.615, 294.084, 92.564, 0.964, 0, 0, 0, 0, 0, 1045.204, 44, 360.615, 0.964, 360.615, 0, 
탑선태양광, 1, 2026-07-09 00:00:00, 0, 0, 0, 0, 0, 0, 0, 0, 0, 0, 0, 0, 0, 0, 0, 0, 0, 0, 0, 0, 0, 0, 0, 1120, 1120, 47, 1120, 1120, 1120, 0, 
탑선태양광, 3, 2026-07-09 00:00:00, 0, 0, 0, 0, 0, 0, 0, 0, 0, 0, 0, 0, 0, 0, 0, 0, 0, 0, 0, 0, 0, 0, 0, 145, 145, 6, 145, 145, 145, 0, 
경상대태양광, 1, 2026-07-09 00:00:00, 0, 0, 0, 0, 0, 0, 15.624, 79.488, 176.76, 290.952, 476.784, 268.128, 332.568, 266.112, 254.016, 313.92, 234, 81.288, 32.616, 9.936, 0, 0, 0, 0, 2832.192, 118, 476.784, 9.936, 476.784, 0, 
고흥만 수상태양광, 1, 2026-07-09 00:00:00, 0, 0, 0, 0, 0, 15.708, 1689.156, 6449.436, 12932.052, 17989.692, 21644.196, 17799.348, 28461.048, 27642.384, 24958.584, 12889.716, 17087.196, 12173.616, 3694.404, 639.744, 0, 0, 0, 0, 206066.28, 8586, 28461.048, 15.708, 28461.048, 0, 
영동태양광, 1, 2026-07-08 00:00:00, 0, 0, 0, 0, 0, 0, 10.368, 10.176, 9.6, 8.832, 9.024, 8.352, 5.76, 4.224, 9.024, 5.28, 343.872, 18.432, 17.76, 11.136, 0, 0, 0, 0, 471.84, 20, 343.87, 4.224, 343.872, 0, 
삼천포태양광#5, 1, 2026-07-08 00:00:00, 0, 0, 0, 0, 0, 0.217, 78.728, 125.971, 193.017, 252.407, 626.603, 692.424, 542.009, 202.693, 190.627, 90.299, 2483.797, 2507.954, 21.806, 0.23, 0, 0, 0, 0, 8008.782, 334, 2507.95, 0.217, 2507.954, 0, 
삼천포태양광#5, 2, 2026-07-08 00:00:00, 0, 0, 0, 0, 0, 0.735, 163.786, 213.917, 283.947, 359.246, 901.303, 933.622, 585.772, 287.176, 287.226, 215.459, 3970.405, 4004.416, 1937.845, 0.389, 0, 0, 0, 0, 14145.244, 589, 4004.41, 0.389, 4004.416, 0, 
광양항세방태양광, 1, 2026-07-08 00:00:00, 0, 0, 0, 0, 0, 0, 7.2, 57.6, 516, 1190.4, 1701.6, 1872, 1972.8, 1557.6, 1008, 324, 72, 50.4, 0, 0, 0, 0, 0, 0, 10329.6, 430, 1972.8, 7.2, 1972.8, 0, 
두산엔진MG태양광, 1, 2026-07-08 00:00:00, 0, 0, 0, 0, 0, 0.3, 6.42, 13.26, 19.68, 19.86, 23.04, 25.38, 29.22, 28.32, 26.64, 11.46, 5.52, 4.62, 1.5, 0.36, 0, 0, 0, 0, 215.58, 9, 29.22, 0.3, 29.22, 0, 
삼천포태양광, 1, 2026-07-08 00:00:00, 0, 0, 0, 0, 0, 0, 0.024, 1.596, 6.348, 11.088, 20.604, 23.904, 18.72, 9.216, 3.984, 0.564, 0.156, 0, 0, 0, 0, 0, 0, 0, 96.204, 4, 23.9, 0.024, 23.904, 0, 
삼천포태양광, 2, 2026-07-08 00:00:00, 0, 0, 0, 0, 0, 1.152, 24.288, 56.544, 154.944, 269.28, 410.4, 474.528, 401.664, 195.456, 110.688, 36.384, 32.352, 20.736, 15.552, 2.4, 0, 0, 0, 0, 2206.368, 92, 474.52, 1.152, 474.528, 0, 
삼천포태양광, 3, 2026-07-08 00:00:00, 0, 0, 0, 0, 0, 0.108, 5.076, 17.676, 49.716, 90.648, 138.852, 161.892, 130.86, 63.72, 33.408, 8.82, 8.604, 3.996, 1.764, 0.144, 0, 0, 0, 0, 715.284, 30, 161.89, 0.108, 161.892, 0, 
삼천포태양광, 4, 2026-07-08 00:00:00, 0, 0, 0, 0, 0, 0, 19.062, 46.008, 94.068, 95.403, 145.375, 147.754, 132.667, 95.611, 77.219, 9.69, 1139.511, 1070.814, 1.357, 0.108, 0, 0, 0, 0, 3074.647, 128, 1139.51, 0.108, 1139.511, 0, 
구미태양광, 1, 2026-07-08 00:00:00, 0, 0, 0, 0, 0, 0, 15.114, 82.729, 181.585, 257.517, 381.466, 266.05, 330.845, 499.268, 306.908, 78.39, 121.707, 125.323, 54.526, 4.339, 0, 0, 0, 0, 2705.767, 113, 499.26, 4.339, 499.268, 0, 
삼천포태양광#6, 1, 2026-07-08 00:00:00, 0, 0, 0, 0, 0, 0, 0, 0, 0, 0, 0, 0, 0, 0, 0, 0, 0, 0, 0, 0, 0, 0, 0, 0, 0, 0, 0, 0, 0, 0, 
영흥태양광#5, 1, 2026-07-08 00:00:00, 0, 0, 0, 0, 0, 0, 0, 69.905, 178.379, 699.053, 323.011, 824.4, 684.589, 552.011, 1142.589, 1463.189, 1055.811, 629.147, 209.716, 24.105, 0, 0, 0, 0, 7855.905, 327, 1463.18, 24.105, 1463.189, 0, 
영흥태양광 #3, 1, 2026-07-08 00:00:00, 0, 0, 0, 0, 0, 0, 0, 14.16, 135.36, 589.2, 294.24, 605.04, 620.88, 518.88, 1052.88, 1234.32, 989.28, 598.56, 174.72, 12.24, 0, 0, 0, 0, 6839.76, 285, 1234.32, 12.24, 1234.32, 0, 
영흥태양광 #3, 2, 2026-07-08 00:00:00, 0, 0, 0, 0, 0, 0, 0, 5.76, 33.6, 165.6, 74.592, 206.784, 154.656, 128.544, 266.688, 348.864, 266.112, 159.744, 43.488, 1.344, 0, 0, 0, 0, 1855.776, 77, 348.86, 1.344, 348.864, 0, 
영흥태양광 #3, 3, 2026-07-08 00:00:00, 0, 0, 0, 0, 0, 0, 0, 17.16, 99.6, 317.64, 164.88, 328.68, 360.96, 330.6, 593.04, 595.92, 524.4, 324.72, 106.92, 11.64, 0, 0, 0, 0, 3776.16, 157, 595.92, 11.64, 595.92, 0, 
영흥태양광, 1, 2026-07-08 00:00:00, 0, 0, 0, 0, 0, 0, 0, 0, 0, 0, 0, 0, 0, 0, 0, 0, 0, 0, 0, 0, 0, 0, 0, 0, 0, 0, 0, 0, 0, 0, 
예천태양광, 1, 2026-07-08 00:00:00, 0, 0, 0, 0, 0, 0, 24.48, 209.7, 209.34, 393.12, 457.02, 435.42, 210.96, 402.84, 160.38, 5.4, 130.14, 28.62, 4.14, 0, 0, 0, 0, 0, 2671.56, 111, 457.02, 4.14, 457.02, 0, 
여수태양광, 1, 2026-07-08 00:00:00, 0, 0, 0, 0, 0, 0, 0, 0, 0, 0, 0, 0, 0, 0, 0, 0, 0, 0, 0, 0, 0, 0, 0, 0, 620, 26, 0, 0, 0, 0, 
영흥태양광, 2, 2026-07-08 00:00:00, 0, 0, 0, 0, 0, 0, 0, 0.964, 16.392, 164.88, 80.029, 172.594, 168.737, 136.918, 280.585, 346.152, 269.979, 169.701, 49.175, 3.857, 0, 0, 0, 0, 1859.963, 77, 346.15, 0.964, 346.152, 0, 
탑선태양광, 1, 2026-07-08 00:00:00, 0, 0, 0, 0, 0, 0, 0, 0, 0, 0, 0, 0, 0, 0, 0, 0, 0, 0, 0, 0, 0, 0, 0, 1120, 1120, 47, 1120, 1120, 1120, 0, 
탑선태양광, 3, 2026-07-08 00:00:00, 0, 0, 0, 0, 0, 0, 0, 0, 0, 0, 0, 0, 0, 0, 0, 0, 0, 0, 0, 0, 0, 0, 0, 145, 145, 6, 145, 145, 145, 0, 
경상대태양광, 1, 2026-07-08 00:00:00, 0, 0, 0, 0, 0, 0, 16.56, 58.536, 129.312, 195.912, 342.936, 390.96, 547.92, 500.76, 306.72, 160.2, 60.192, 79.704, 3.024, 0, 0, 0, 0, 0, 2792.736, 116, 547.92, 3.024, 547.92, 0, 
고흥만 수상태양광, 1, 2026-07-08 00:00:00, 0, 0, 0, 0, 0, 80.388, 3614.352, 13674.528, 14564.592, 27668.676, 14151.06, 10578.456, 9132.984, 4549.692, 1874.208, 1617.672, 2923.704, 1049.748, 124.068, 0, 0, 0, 0, 0, 105604.128, 4400, 27668.676, 80.388, 27668.676, 0, 
영동태양광, 1, 2026-07-07 00:00:00, 0, 0, 0, 0, 0, 0, 2.688, 13.632, 14.4, 14.88, 14.112, 16.128, 15.36, 15.744, 547.104, 252.384, 480.096, 676.608, 673.056, 658.272, 4.416, 0, 0, 0, 3398.88, 142, 676.6, 2.688, 676.608, 0, 
삼천포태양광#5, 1, 2026-07-07 00:00:00, 0, 0, 0, 0, 0, 0, 28.809, 133.003, 189.324, 190.055, 189.417, 190.6, 190.41, 190.649, 206.316, 764.219, 2478.987, 2208.218, 86.272, 0.082, 0, 0, 0, 0, 7046.361, 294, 2478.98, 0.082, 2478.987, 0, 
삼천포태양광#5, 2, 2026-07-07 00:00:00, 0, 0, 0, 0, 0, 0, 57.318, 227.366, 282.526, 284.069, 284.52, 283.421, 283.536, 289.638, 352.88, 1265.048, 4204.763, 4294.965, 848.353, 0.139, 0, 0, 0, 0, 12958.542, 540, 4294.96, 0.139, 4294.965, 0, 
광양항세방태양광, 1, 2026-07-07 00:00:00, 0, 0, 0, 0, 0, 0, 74.4, 192, 280.8, 595.2, 564, 362.4, 1020, 1828.8, 1168.8, 686.4, 926.4, 712.8, 249.6, 4.8, 0, 0, 0, 0, 8666.4, 361, 1828.8, 4.8, 1828.8, 0, 
두산엔진MG태양광, 1, 2026-07-07 00:00:00, 0, 0, 0, 0, 0, 0.54, 3.36, 4.08, 8.64, 12.72, 14.16, 18.18, 19.32, 33.96, 33.96, 22.2, 19.5, 14.16, 6.78, 0.66, 0, 0, 0, 0, 212.22, 9, 33.96, 0.54, 33.96, 0, 
삼천포태양광, 1, 2026-07-07 00:00:00, 0, 0, 0, 0, 0, 0, 0, 1.452, 7.14, 5.148, 11.22, 8.796, 11.784, 19.884, 18.948, 8.328, 4.524, 1.032, 0.168, 0, 0, 0, 0, 0, 98.424, 4, 19.88, 0.168, 19.884, 0, 
삼천포태양광, 2, 2026-07-07 00:00:00, 0, 0, 0, 0, 0, 2.112, 14.496, 53.088, 158.016, 104.544, 197.376, 181.728, 181.92, 290.4, 399.36, 184.704, 120, 57.504, 26.304, 1.536, 0, 0, 0, 0, 1973.088, 82, 399.36, 1.536, 399.36, 0, 
삼천포태양광, 3, 2026-07-07 00:00:00, 0, 0, 0, 0, 0, 0, 1.368, 15.012, 47.88, 28.836, 59.652, 53.46, 59.04, 87.156, 94.428, 57.924, 36.972, 16.812, 4.788, 0.108, 0, 0, 0, 0, 563.436, 23, 94.42, 0.108, 94.428, 0, 
삼천포태양광, 4, 2026-07-07 00:00:00, 0, 0, 0, 0, 0, 0, 2.241, 35.383, 91.23, 94.108, 94.127, 94.043, 93.782, 91.641, 84.748, 190.293, 1146.057, 555.056, 13.958, 0.039, 0, 0, 0, 0, 2586.706, 108, 1146.05, 0.039, 1146.057, 0, 
구미태양광, 1, 2026-07-07 00:00:00, 0, 0, 0, 0, 0, 0, 6.508, 0, 0, 0.217, 111.222, 331.206, 354.058, 385.082, 519.806, 305.534, 222.805, 160.83, 108.184, 18.585, 0, 0, 0, 0, 2524.037, 105, 519.8, 0.217, 519.806, 0, 
삼천포태양광#6, 1, 2026-07-07 00:00:00, 0, 0, 0, 0, 0, 0, 0, 0, 0, 0, 0, 0, 0, 0, 0, 0, 0, 0, 0, 0, 0, 0, 0, 0, 0, 0, 0, 0, 0, 0, 
영흥태양광#5, 1, 2026-07-07 00:00:00, 0, 0, 0, 0, 0, 0, 19.284, 197.663, 1060.632, 1590.947, 1728.347, 1981.453, 1405.337, 1783.789, 1287.221, 944.926, 911.179, 424.253, 125.347, 21.695, 0, 0, 0, 0, 13482.073, 562, 1981.45, 19.284, 1981.453, 0, 
영흥태양광 #3, 1, 2026-07-07 00:00:00, 0, 0, 0, 0, 0, 0, 0, 143.76, 954, 1427.28, 1598.4, 1811.28, 1277.04, 1699.44, 1183.68, 940.08, 846.96, 406.56, 102.48, 12.24, 0, 0, 0, 0, 12403.2, 517, 1811.28, 12.24, 1811.28, 0, 
영흥태양광 #3, 2, 2026-07-07 00:00:00, 0, 0, 0, 0, 0, 0, 0, 36.576, 239.04, 368.256, 414.624, 476.16, 345.408, 435.648, 316.8, 240, 216.768, 105.696, 23.712, 1.824, 0, 0, 0, 0, 3220.512, 134, 476.16, 1.824, 476.16, 0, 
영흥태양광 #3, 3, 2026-07-07 00:00:00, 0, 0, 0, 0, 0, 0, 0, 84.24, 518.04, 782.76, 905.04, 1020.96, 728.88, 940.2, 651, 554.4, 468.84, 239.4, 61.68, 8.88, 0, 0, 0, 0, 6964.32, 290, 1020.96, 8.88, 1020.96, 0, 
영흥태양광, 1, 2026-07-07 00:00:00, 0, 0, 0, 0, 0, 0, 0, 0, 0, 0, 0, 0, 0, 0, 0, 0, 0, 0, 0, 0, 0, 0, 0, 0, 0, 0, 0, 0, 0, 0, 
예천태양광, 1, 2026-07-07 00:00:00, 0, 0, 0, 0, 0, 0, 0, 0, 12.78, 141.84, 522.18, 560.34, 675.9, 936, 471.78, 813.78, 651.42, 328.5, 147.24, 1.26, 0, 0, 0, 0, 5263.02, 219, 936, 1.26, 936, 0, 
여수태양광, 1, 2026-07-07 00:00:00, 0, 0, 0, 0, 0, 0, 0, 0, 0, 0, 0, 0, 0, 0, 0, 0, 0, 0, 0, 0, 0, 0, 0, 651, 651, 27, 651, 651, 651, 0, 
영흥태양광, 2, 2026-07-07 00:00:00, 0, 0, 0, 0, 0, 0, 0, 35.676, 249.731, 393.398, 441.608, 506.211, 348.08, 458.964, 315.297, 267.086, 219.84, 118.598, 26.034, 3.857, 0, 0, 0, 0, 3384.38, 141, 506.21, 3.857, 506.211, 0, 
탑선태양광, 1, 2026-07-07 00:00:00, 0, 0, 0, 0, 0, 0, 0, 0, 0, 0, 0, 0, 0, 0, 0, 0, 0, 0, 0, 0, 0, 0, 0, 1120, 1120, 47, 1120, 1120, 1120, 0, 
탑선태양광, 3, 2026-07-07 00:00:00, 0, 0, 0, 0, 0, 0, 0, 0, 0, 0, 0, 0, 0, 0, 0, 0, 0, 0, 0, 0, 0, 0, 0, 145, 145, 6, 145, 145, 145, 0, 
경상대태양광, 1, 2026-07-07 00:00:00, 0, 0, 0, 0, 0, 0.576, 9.936, 63.36, 98.424, 127.152, 123.984, 225.288, 345.024, 320.688, 480.672, 379.368, 276.048, 224.136, 61.488, 2.592, 0, 0, 0, 0, 2738.736, 114, 480.672, 0.576, 480.672, 0, 
고흥만 수상태양광, 1, 2026-07-07 00:00:00, 0, 0, 0, 0, 0, 276.36, 1676.556, 4152.624, 13941.9, 10191.048, 16356.48, 15708.504, 24245.256, 22898.232, 23141.664, 20573.784, 18616.836, 17914.008, 3268.02, 124.74, 0, 0, 0, 0, 193086.012, 8045, 24245.256, 124.74, 24245.256, 0, 
영동태양광, 1, 2026-07-06 00:00:00, 0, 0, 0, 0, 0, 0, 6.24, 14.688, 15.264, 15.36, 14.976, 15.936, 133.44, 413.664, 442.464, 370.848, 613.536, 682.368, 677.568, 639.552, 0, 0, 0, 0, 4055.904, 169, 682.36, 6.24, 682.368, 0, 
삼천포태양광#5, 1, 2026-07-06 00:00:00, 0, 0, 0, 0, 0, 0, 0, 13.654, 152.885, 189.384, 206.235, 372.836, 199.727, 198.658, 240.806, 1341.555, 2486.155, 2544.79, 1280.338, 2.633, 0, 0, 0, 0, 9229.656, 385, 2544.79, 2.633, 2544.79, 0, 
삼천포태양광#5, 2, 2026-07-06 00:00:00, 0, 0, 0, 0, 0, 0, 0, 28.117, 236.217, 282.723, 430.926, 395.383, 285.356, 283.862, 341.438, 2101.737, 4217.651, 4296.23, 2485.553, 14.745, 0, 0, 0, 0, 15399.938, 642, 4296.23, 14.745, 4296.23, 0, 
광양항세방태양광, 1, 2026-07-06 00:00:00, 0, 0, 0, 0, 0, 0, 7.2, 88.8, 571.2, 669.6, 626.4, 1132.8, 976.8, 772.8, 1017.6, 554.4, 614.4, 648, 230.4, 21.6, 0, 0, 0, 0, 7932, 331, 1132.8, 7.2, 1132.8, 0, 
두산엔진MG태양광, 1, 2026-07-06 00:00:00, 0, 0, 0, 0, 0, 0.12, 2.04, 6.06, 10.38, 13.2, 22.62, 28.5, 28.38, 28.98, 29.64, 21.48, 25.98, 27.48, 17.88, 0.84, 0, 0, 0, 0, 263.58, 11, 29.64, 0.12, 29.64, 0, 
삼천포태양광, 1, 2026-07-06 00:00:00, 0, 0, 0, 0, 0, 0, 0, 0.192, 4.2, 8.22, 18.3, 29.028, 16.908, 8.976, 19.752, 21.348, 7.716, 4.704, 0.504, 0, 0, 0, 0, 0, 139.848, 6, 29.02, 0.192, 29.028, 0, 
삼천포태양광, 2, 2026-07-06 00:00:00, 0, 0, 0, 0, 0, 0.576, 1.152, 11.424, 93.12, 136.032, 250.848, 307.968, 283.104, 154.176, 317.664, 409.824, 164.16, 145.728, 58.56, 7.488, 0, 0, 0, 0, 2341.824, 98, 409.82, 0.576, 409.824, 0, 
삼천포태양광, 3, 2026-07-06 00:00:00, 0, 0, 0, 0, 0, 0, 0, 2.232, 28.476, 43.632, 102.492, 156.708, 93.96, 53.568, 119.376, 148.752, 55.044, 43.344, 15.192, 0.684, 0, 0, 0, 0, 863.46, 36, 156.7, 0.684, 156.708, 0, 
삼천포태양광, 4, 2026-07-06 00:00:00, 0, 0, 0, 0, 0, 0, 0, 5.438, 66.962, 93.773, 81.712, 122.573, 94.685, 93.664, 58.116, 379.212, 1149.971, 1123.861, 55.213, 0.262, 0, 0, 0, 0, 3325.442, 139, 1149.97, 0.26, 1149.971, 0, 
구미태양광, 1, 2026-07-06 00:00:00, 0, 0, 0, 0, 0, 0, 27.263, 89.744, 118.526, 101.965, 179.705, 401.931, 516.19, 480.538, 503.535, 312.766, 200.242, 184.839, 69.568, 9.401, 0, 0, 0, 0, 3196.213, 133, 516.19, 9.401, 516.19, 0, 
삼천포태양광#6, 1, 2026-07-06 00:00:00, 0, 0, 0, 0, 0, 0, 0, 0, 0, 0, 0, 0, 0, 0, 0, 0, 0, 0, 0, 0, 0, 0, 0, 0, 0, 0, 0, 0, 0, 0, 
영흥태양광#5, 1, 2026-07-06 00:00:00, 0, 0, 0, 0, 0, 0, 16.874, 31.337, 12.053, 462.821, 368.811, 788.242, 566.474, 631.558, 417.021, 1055.811, 1070.274, 655.663, 188.021, 14.463, 0, 0, 0, 0, 6279.423, 262, 1070.27, 12.053, 1070.274, 0, 
영흥태양광 #3, 1, 2026-07-06 00:00:00, 0, 0, 0, 0, 0, 0, 0, 0.24, 0.24, 301.44, 276.96, 616.32, 499.44, 520.08, 332.16, 988.32, 980.4, 580.08, 152.4, 0.96, 0, 0, 0, 0, 5249.04, 219, 988.32, 0.24, 988.32, 0, 
영흥태양광 #3, 2, 2026-07-06 00:00:00, 0, 0, 0, 0, 0, 0, 0, 0, 0.192, 101.952, 81.12, 178.176, 136.512, 152.64, 102.72, 303.264, 254.016, 158.016, 38.592, 0, 0, 0, 0, 0, 1507.2, 63, 303.26, 0.192, 303.264, 0, 
영흥태양광 #3, 3, 2026-07-06 00:00:00, 0, 0, 0, 0, 0, 0, 0, 1.68, 0.72, 201.6, 160.68, 332.88, 271.2, 290.76, 193.56, 575.28, 552.24, 350.88, 102.72, 3.6, 0, 0, 0, 0, 3037.8, 127, 575.28, 0.72, 575.28, 0, 
영흥태양광, 1, 2026-07-06 00:00:00, 0, 0, 0, 0, 0, 0, 0, 0, 0, 0, 0, 0, 0, 0, 0, 0, 0, 0, 0, 0, 0, 0, 0, 0, 0, 0, 0, 0, 0, 0, 
예천태양광, 1, 2026-07-06 00:00:00, 0, 0, 0, 0, 0, 6.12, 136.44, 159.48, 375.12, 254.16, 346.68, 582.84, 658.62, 829.08, 465.3, 810, 205.02, 346.5, 104.04, 7.02, 0, 0, 0, 0, 5286.42, 220, 829.08, 6.12, 829.08, 0, 
여수태양광, 1, 2026-07-06 00:00:00, 0, 0, 0, 0, 0, 0, 0, 0, 0, 0, 0, 0, 0, 0, 0, 0, 0, 0, 0, 0, 0, 0, 0, 270, 270, 11, 270, 270, 270, 0, 
영흥태양광, 2, 2026-07-06 00:00:00, 0, 0, 0, 0, 0, 0, 0, 0, 0, 94.493, 77.137, 171.629, 143.667, 145.596, 88.707, 261.301, 253.587, 168.737, 47.246, 1.928, 0, 0, 0, 0, 1454.028, 61, 261.3, 1.928, 261.301, 0, 
탑선태양광, 1, 2026-07-06 00:00:00, 0, 0, 0, 0, 0, 0, 0, 0, 0, 0, 0, 0, 0, 0, 0, 0, 0, 0, 0, 0, 0, 0, 0, 1120, 1120, 47, 1120, 1120, 1120, 0, 
탑선태양광, 3, 2026-07-06 00:00:00, 0, 0, 0, 0, 0, 0, 0, 0, 0, 0, 0, 0, 0, 0, 0, 0, 0, 0, 0, 0, 0, 0, 0, 145, 145, 6, 145, 145, 145, 0, 
경상대태양광, 1, 2026-07-06 00:00:00, 0, 0, 0, 0, 0, 0, 3.096, 12.384, 42.552, 78.336, 303.048, 375.552, 385.56, 331.488, 316.44, 391.968, 231.264, 221.4, 68.76, 3.096, 0, 0, 0, 0, 2764.944, 115, 391.968, 3.096, 391.968, 0, 
고흥만 수상태양광, 1, 2026-07-06 00:00:00, 0, 0, 0, 0, 0, 0, 1040.088, 3106.32, 10306.968, 20214.936, 20887.02, 28380.492, 25214.28, 8695.26, 9830.016, 19092.444, 9832.788, 8269.716, 6794.676, 444.192, 0, 0, 0, 0, 172109.196, 7171, 28380.492, 444.192, 28380.492, 0, 
영동태양광, 1, 2026-07-05 00:00:00, 0, 0, 0, 0, 0, 0, 10.272, 14.496, 14.688, 14.496, 14.4, 14.88, 15.072, 417.312, 275.424, 220.512, 432.384, 684.768, 680.352, 675.552, 76.128, 0, 0, 0, 3560.736, 148, 684.76, 10.272, 684.768, 0, 
삼천포태양광#5, 1, 2026-07-05 00:00:00, 0, 0, 0, 0, 0, 0, 6.563, 48.204, 131.615, 139.647, 107.672, 200.707, 192.799, 197.548, 188.349, 276.535, 2347.71, 382.462, 90.085, 0, 0, 0, 0, 0, 4309.896, 180, 2347.71, 6.563, 2347.71, 0, 
삼천포태양광#5, 2, 2026-07-05 00:00:00, 0, 0, 0, 0, 0, 0, 14.412, 87.816, 235.127, 230.942, 183.221, 284.844, 284.672, 287.879, 295.666, 566.553, 4059.702, 887.747, 181.206, 0.784, 0, 0, 0, 0, 7600.571, 317, 4059.7, 0.784, 4059.702, 0, 
광양항세방태양광, 1, 2026-07-05 00:00:00, 0, 0, 0, 0, 0, 0, 28.8, 19.2, 122.4, 194.4, 432, 525.6, 741.6, 715.2, 792, 475.2, 86.4, 158.4, 24, 0, 0, 0, 0, 0, 4315.2, 180, 792, 19.2, 792, 0, 
두산엔진MG태양광, 1, 2026-07-05 00:00:00, 0, 0, 0, 0, 0, 0.12, 1.44, 9.18, 12, 16.62, 12.42, 14.1, 20.52, 13.92, 17.88, 20.88, 12.48, 7.2, 1.98, 0.72, 0, 0, 0, 0, 161.46, 7, 20.88, 0.12, 20.88, 0, 
삼천포태양광, 1, 2026-07-05 00:00:00, 0, 0, 0, 0, 0, 0, 0, 0, 0.576, 0.732, 2.16, 5.976, 8.1, 11.688, 10.008, 2.064, 0.348, 1.788, 0.324, 0, 0, 0, 0, 0, 43.764, 2, 11.688, 0.324, 11.688, 0, 
삼천포태양광, 2, 2026-07-05 00:00:00, 0, 0, 0, 0, 0, 0, 7.584, 15.36, 38.784, 47.04, 54.72, 141.408, 165.888, 232.992, 239.04, 67.968, 31.392, 66.816, 30.336, 2.4, 0, 0, 0, 0, 1141.728, 48, 239.04, 2.4, 239.04, 0, 
삼천포태양광, 3, 2026-07-05 00:00:00, 0, 0, 0, 0, 0, 0, 1.044, 3.132, 10.116, 13.104, 18.072, 48.096, 55.62, 78.516, 73.908, 20.088, 7.236, 19.008, 7.632, 0.18, 0, 0, 0, 0, 355.752, 15, 78.516, 0.18, 78.516, 0, 
삼천포태양광, 4, 2026-07-05 00:00:00, 0, 0, 0, 0, 0, 0, 0.865, 9.86, 47.098, 49.579, 40.571, 94.665, 94.289, 94.788, 86.065, 68.143, 813.06, 147.151, 34.021, 0, 0, 0, 0, 0, 1580.155, 66, 813.06, 0.865, 813.06, 0, 
구미태양광, 1, 2026-07-05 00:00:00, 0, 0, 0, 0, 0, 0, 0.723, 30.734, 108.98, 161.409, 218.611, 125.974, 131.325, 207.112, 392.53, 300.689, 218.032, 176.306, 76.293, 5.785, 0, 0, 0, 0, 2154.503, 90, 392.53, 0.723, 392.53, 0, 
삼천포태양광#6, 1, 2026-07-05 00:00:00, 0, 0, 0, 0, 0, 0, 0, 0, 0, 0, 0, 0, 0, 0, 0, 0, 0, 0, 0, 0, 0, 0, 0, 0, 0, 0, 0, 0, 0, 0, 
영흥태양광#5, 1, 2026-07-05 00:00:00, 0, 0, 0, 0, 0, 0, 16.874, 110.884, 236.232, 154.274, 310.958, 443.537, 552.011, 482.105, 860.558, 185.611, 197.663, 183.2, 53.032, 0, 0, 0, 0, 0, 3786.939, 158, 860.558, 16.874, 860.558, 0, 
영흥태양광 #3, 1, 2026-07-05 00:00:00, 0, 0, 0, 0, 0, 0, 0, 78.24, 198.96, 114.72, 298.56, 381.6, 453.12, 389.28, 680.16, 147.6, 134.64, 126, 8.88, 0, 0, 0, 0, 0, 3011.76, 125, 680.16, 8.88, 680.16, 0, 
영흥태양광 #3, 2, 2026-07-05 00:00:00, 0, 0, 0, 0, 0, 0, 0.768, 19.776, 51.552, 30.816, 67.392, 106.752, 125.952, 110.88, 216.48, 36.576, 41.76, 39.744, 3.648, 0, 0, 0, 0, 0, 852.096, 36, 216.48, 0.768, 216.48, 0, 
영흥태양광 #3, 3, 2026-07-05 00:00:00, 0, 0, 0, 0, 0, 0, 0.96, 59.88, 127.32, 66.72, 173.76, 246, 280.68, 274.68, 458.16, 100.56, 91.56, 67.92, 22.56, 0, 0, 0, 0, 0, 1970.76, 82, 458.16, 0.96, 458.16, 0, 
영흥태양광, 1, 2026-07-05 00:00:00, 0, 0, 0, 0, 0, 0, 0, 0, 0, 0, 0, 0, 0, 0, 0, 0, 0, 0, 0, 0, 0, 0, 0, 0, 0, 0, 0, 0, 0, 0, 
예천태양광, 1, 2026-07-05 00:00:00, 0, 0, 0, 0, 0, 0, 12.78, 40.32, 43.92, 360.18, 422.82, 194.76, 102.24, 84.24, 127.44, 102.06, 358.92, 274.14, 83.52, 7.56, 0, 0, 0, 0, 2214.9, 92, 422.82, 7.56, 422.82, 0, 
여수태양광, 1, 2026-07-05 00:00:00, 0, 0, 0, 0, 0, 0, 0, 0, 0, 0, 0, 0, 0, 0, 0, 0, 0, 0, 0, 0, 0, 0, 0, 225, 225, 9, 225, 225, 225, 0, 
영흥태양광, 2, 2026-07-05 00:00:00, 0, 0, 0, 0, 0, 0, 0.964, 1.928, 53.996, 31.819, 79.065, 104.135, 127.276, 113.777, 195.735, 37.604, 40.497, 35.676, 3.857, 0, 0, 0, 0, 0, 826.329, 34, 195.73, 0.964, 195.735, 0, 
탑선태양광, 1, 2026-07-05 00:00:00, 0, 0, 0, 0, 0, 0, 0, 0, 0, 0, 0, 0, 0, 0, 0, 0, 0, 0, 0, 0, 0, 0, 0, 1120, 1120, 47, 1120, 1120, 1120, 0, 
탑선태양광, 3, 2026-07-05 00:00:00, 0, 0, 0, 0, 0, 0, 0, 0, 0, 0, 0, 0, 0, 0, 0, 0, 0, 0, 0, 0, 0, 0, 0, 145, 145, 6, 145, 145, 145, 0, 
경상대태양광, 1, 2026-07-05 00:00:00, 0, 0, 0, 0, 0, 0, 6.552, 59.4, 67.032, 48.888, 94.176, 133.848, 117.288, 88.2, 293.4, 221.256, 109.584, 22.392, 39.816, 0.504, 0, 0, 0, 0, 1302.336, 54, 293.4, 0.504, 293.4, 0, 
고흥만 수상태양광, 1, 2026-07-05 00:00:00, 0, 0, 0, 0, 0, 0, 269.136, 3706.416, 5185.404, 7421.4, 8769.768, 17490.06, 17499.3, 19513.62, 10285.884, 3933.048, 6427.428, 2113.272, 1819.692, 715.512, 0, 0, 0, 0, 105149.94, 4381, 19513.62, 269.136, 19513.62, 0, 
영동태양광, 1, 2026-07-04 00:00:00, 0, 0, 0, 0, 0, 0, 11.232, 10.368, 9.024, 10.272, 14.976, 15.456, 232.8, 630.144, 448.704, 255.84, 582.912, 685.536, 682.56, 678.912, 194.208, 0, 0, 0, 4462.944, 186, 685.536, 9.024, 685.536, 0, 
삼천포태양광#5, 1, 2026-07-04 00:00:00, 0, 0, 0, 0, 0, 0, 62.413, 178.451, 190.289, 191.798, 193.94, 537.777, 512.156, 537.442, 642.232, 1316.78, 2490.412, 2529.309, 2541.758, 1638.93, 0, 0, 0, 0, 13563.687, 565, 2541.75, 62.413, 2541.758, 0, 
삼천포태양광#5, 2, 2026-07-04 00:00:00, 0, 0, 0, 0, 0, 0, 119.86, 276.926, 284.471, 284.596, 285.259, 672.409, 625.738, 848.381, 2613.622, 2296.309, 4228.248, 4288.605, 4095.174, 1569.429, 0, 0, 0, 0, 22489.027, 937, 4288.6, 119.86, 4288.605, 0, 
광양항세방태양광, 1, 2026-07-04 00:00:00, 0, 0, 0, 0, 0, 0, 0, 28.8, 163.2, 393.6, 1046.4, 1800, 1908, 1941.6, 828, 547.2, 412.8, 283.2, 134.4, 4.8, 0, 0, 0, 0, 9492, 396, 1941.6, 4.8, 1941.6, 0, 
두산엔진MG태양광, 1, 2026-07-04 00:00:00, 0, 0, 0, 0, 0, 0.06, 1.44, 4.02, 9.36, 17.22, 21.36, 30.18, 25.62, 46.68, 43.2, 28.44, 13.62, 9.96, 4.74, 0.72, 0, 0, 0, 0, 256.62, 11, 46.68, 0.06, 46.68, 0, 
삼천포태양광, 1, 2026-07-04 00:00:00, 0, 0, 0, 0, 0, 0, 0, 1.128, 3.576, 5.304, 9.096, 25.224, 33.288, 31.824, 27.792, 15.696, 7.176, 4.224, 1.38, 0, 0, 0, 0, 0, 165.708, 7, 33.28, 1.128, 33.288, 0, 
삼천포태양광, 2, 2026-07-04 00:00:00, 0, 0, 0, 0, 0, 0.768, 14.784, 56.928, 96.48, 125.28, 197.088, 513.312, 667.68, 614.208, 511.296, 313.056, 168.48, 111.744, 55.104, 1.92, 0, 0, 0, 0, 3448.128, 144, 667.68, 0.768, 667.68, 0, 
삼천포태양광, 3, 2026-07-04 00:00:00, 0, 0, 0, 0, 0, 0, 2.664, 16.272, 30.24, 39.78, 63.864, 189.036, 218.7, 180.9, 168.12, 104.22, 54.252, 34.308, 14.652, 0.036, 0, 0, 0, 0, 1117.044, 47, 218.7, 0.036, 218.7, 0, 
삼천포태양광, 4, 2026-07-04 00:00:00, 0, 0, 0, 0, 0, 0, 15.855, 74.774, 89.832, 94.133, 94.353, 113.43, 101.33, 117.496, 108.235, 482.751, 1153.595, 1189.863, 1192.819, 144.305, 0, 0, 0, 0, 4972.771, 207, 1192.81, 15.855, 1192.819, 0, 
구미태양광, 1, 2026-07-04 00:00:00, 0, 0, 0, 0, 0, 0, 6.364, 51.2, 126.553, 148.03, 358.831, 347.767, 452.841, 489.723, 446.044, 403.884, 337.715, 221.937, 72.822, 15.403, 0, 0, 0, 0, 3479.114, 145, 489.72, 6.364, 489.723, 0, 
삼천포태양광#6, 1, 2026-07-04 00:00:00, 0, 0, 0, 0, 0, 0, 0, 0, 0, 0, 0, 0, 0, 0, 0, 0, 0, 0, 0, 0, 0, 0, 0, 0, 0, 0, 0, 0, 0, 0, 
영흥태양광#5, 1, 2026-07-04 00:00:00, 0, 0, 0, 0, 0, 0, 79.547, 323.011, 891.895, 1429.442, 1844.053, 1812.716, 1713.884, 1605.411, 1535.505, 1132.947, 1084.737, 614.684, 282.032, 40.979, 0, 0, 0, 0, 14390.843, 600, 1844.05, 40.979, 1844.053, 0, 
영흥태양광 #3, 1, 2026-07-04 00:00:00, 0, 0, 0, 0, 0, 0, 23.04, 267.12, 782.4, 1201.2, 1505.76, 1529.28, 1545.84, 1486.56, 1411.68, 1058.64, 961.92, 521.28, 225.6, 20.64, 0, 0, 0, 0, 12540.96, 523, 1545.84, 20.64, 1545.84, 0, 
영흥태양광 #3, 2, 2026-07-04 00:00:00, 0, 0, 0, 0, 0, 0, 9.984, 68.64, 196.704, 335.328, 425.664, 450.048, 401.952, 403.008, 392.064, 293.088, 266.592, 148.224, 64.032, 2.976, 0, 0, 0, 0, 3458.304, 144, 450.04, 2.97, 450.048, 0, 
영흥태양광 #3, 3, 2026-07-04 00:00:00, 0, 0, 0, 0, 0, 0, 22.44, 142.56, 346.92, 688.68, 917.52, 922.8, 898.44, 858, 835.68, 625.44, 543.72, 326.16, 143.28, 12.84, 0, 0, 0, 0, 7284.48, 304, 922.8, 12.84, 922.8, 0, 
영흥태양광, 1, 2026-07-04 00:00:00, 0, 0, 0, 0, 0, 0, 0, 0, 0, 0, 0, 0, 0, 0, 0, 0, 0, 0, 0, 0, 0, 0, 0, 0, 0, 0, 0, 0, 0, 0, 
예천태양광, 1, 2026-07-04 00:00:00, 0, 0, 0, 0, 0, 14.94, 127.8, 400.14, 531.9, 689.4, 832.32, 936.72, 929.88, 853.2, 719.1, 472.5, 614.88, 343.26, 110.34, 10.62, 0, 0, 0, 0, 7587, 316, 936.72, 10.62, 936.72, 0, 
여수태양광, 1, 2026-07-04 00:00:00, 0, 0, 0, 0, 0, 0, 0, 0, 0, 0, 0, 0, 0, 0, 0, 0, 0, 0, 0, 0, 0, 0, 0, 477, 477, 20, 477, 477, 477, 0, 
영흥태양광, 2, 2026-07-04 00:00:00, 0, 0, 0, 0, 0, 0, 0.964, 68.459, 215.019, 359.651, 440.644, 435.823, 426.181, 415.575, 401.112, 307.583, 263.229, 150.417, 68.459, 6.749, 0, 0, 0, 0, 3559.865, 148, 440.64, 0.964, 440.644, 0, 
탑선태양광, 1, 2026-07-04 00:00:00, 0, 0, 0, 0, 0, 0, 0, 0, 0, 0, 0, 0, 0, 0, 0, 0, 0, 0, 0, 0, 0, 0, 0, 1120, 1120, 47, 1120, 1120, 1120, 0, 
탑선태양광, 3, 2026-07-04 00:00:00, 0, 0, 0, 0, 0, 0, 0, 0, 0, 0, 0, 0, 0, 0, 0, 0, 0, 0, 0, 0, 0, 0, 0, 145, 145, 6, 145, 145, 145, 0, 
경상대태양광, 1, 2026-07-04 00:00:00, 0, 0, 0, 0, 0, 0, 7.776, 33.48, 90.504, 130.752, 149.184, 326.448, 493.056, 459.648, 347.04, 360.936, 182.304, 109.008, 56.736, 4.536, 0, 0, 0, 0, 2751.408, 115, 493.056, 4.536, 493.056, 0, 
고흥만 수상태양광, 1, 2026-07-04 00:00:00, 0, 0, 0, 0, 0, 11.004, 903.756, 2829.036, 7945.308, 17388.252, 26076.036, 26245.212, 28926.072, 14433.384, 12328.848, 14893.62, 6509.496, 4186.644, 416.472, 10.92, 0, 0, 0, 0, 163104.06, 6796, 28926.072, 10.92, 28926.072, 0, 
영동태양광, 1, 2026-07-03 00:00:00, 0, 0, 0, 0, 0, 0, 17.184, 13.824, 11.328, 11.328, 11.616, 11.424, 11.616, 332.736, 384.96, 385.056, 568.704, 681.696, 679.872, 678.048, 154.944, 0, 0, 0, 3954.336, 165, 681.69, 11.328, 681.696, 0, 
삼천포태양광#5, 1, 2026-07-03 00:00:00, 0, 0, 0, 0, 0, 0.607, 111.475, 188.219, 192.066, 224.668, 242.392, 584.167, 377.11, 174.724, 252.245, 813.692, 2497.041, 2522.305, 2556.246, 857.082, 0, 0, 0, 0, 11594.039, 483, 2556.24, 0.607, 2556.246, 0, 
삼천포태양광#5, 2, 2026-07-03 00:00:00, 0, 0, 0, 0, 0, 1.213, 184.059, 284.359, 304.133, 273.025, 309.803, 955.047, 609.614, 674.98, 1204.567, 1442.043, 4200.238, 4246.19, 4000.997, 731.694, 0, 0, 0, 0, 19421.962, 809, 4246.19, 1.213, 4246.19, 0, 
광양항세방태양광, 1, 2026-07-03 00:00:00, 0, 0, 0, 0, 0, 4.8, 170.4, 412.8, 772.8, 897.6, 396, 1780.8, 801.6, 564, 636, 456, 393.6, 336, 146.4, 28.8, 0, 0, 0, 0, 7797.6, 325, 1780.8, 4.8, 1780.8, 0, 
두산엔진MG태양광, 1, 2026-07-03 00:00:00, 0, 0, 0, 0, 0, 0.78, 3.78, 8.16, 14.88, 24.84, 29.34, 42.6, 30.42, 44.82, 30.72, 25.68, 12.72, 8.64, 6.24, 1.08, 0, 0, 0, 0, 284.7, 12, 44.82, 0.78, 44.82, 0, 
삼천포태양광, 1, 2026-07-03 00:00:00, 0, 0, 0, 0, 0, 0, 0.504, 2.904, 11.604, 14.736, 17.772, 28.476, 20.076, 10.572, 8.892, 9.612, 4.884, 2.244, 0.54, 0, 0, 0, 0, 0, 132.816, 6, 28.47, 0.504, 28.476, 0, 
삼천포태양광, 2, 2026-07-03 00:00:00, 0, 0, 0, 0, 0, 1.632, 40.032, 85.824, 252.48, 358.464, 377.856, 556.704, 425.28, 229.536, 177.408, 204.192, 121.152, 67.872, 33.408, 2.592, 0, 0, 0, 0, 2934.432, 122, 556.7, 1.632, 556.704, 0, 
삼천포태양광, 3, 2026-07-03 00:00:00, 0, 0, 0, 0, 0, 0.252, 11.556, 25.884, 80.676, 114.336, 117.54, 187.74, 139.608, 71.712, 54.756, 67.104, 37.836, 20.484, 8.028, 0, 0, 0, 0, 0, 937.512, 39, 187.74, 0.252, 187.74, 0, 
삼천포태양광, 4, 2026-07-03 00:00:00, 0, 0, 0, 0, 0, 0.084, 38.674, 92.519, 95.106, 89.635, 100.318, 107.522, 121.404, 86.057, 88.9, 266.057, 1155.32, 1186.361, 865.054, 0, 0, 0, 0, 0, 4293.011, 179, 1186.36, 0.084, 1186.361, 0, 
구미태양광, 1, 2026-07-03 00:00:00, 0, 0, 0, 0, 0, 0, 16.85, 84.537, 171.027, 309.801, 390.288, 349.285, 405.836, 557.627, 338.727, 166.833, 178.186, 92.853, 76.582, 8.606, 0, 0, 0, 0, 3147.038, 131, 557.62, 8.606, 557.627, 0, 
삼천포태양광#6, 1, 2026-07-03 00:00:00, 0, 0, 0, 0, 0, 0, 0, 0, 0, 0, 0, 0, 0, 0, 0, 0, 0, 0, 0, 0, 0, 0, 0, 0, 0, 0, 0, 0, 0, 0, 
영흥태양광#5, 1, 2026-07-03 00:00:00, 0, 0, 0, 0, 0, 7.232, 173.558, 337.474, 1005.189, 1569.253, 1725.937, 1050.989, 1957.347, 1935.653, 1909.137, 1622.284, 1084.737, 547.189, 178.379, 24.105, 0, 0, 0, 0, 15128.463, 630, 1957.34, 7.232, 1957.347, 0, 
영흥태양광 #3, 1, 2026-07-03 00:00:00, 0, 0, 0, 0, 0, 0, 87.12, 272.4, 827.76, 1376.64, 1445.04, 1022.16, 1713.84, 1711.2, 1696.08, 1430.16, 966.24, 468.96, 146.88, 9.84, 0, 0, 0, 0, 13174.32, 549, 1713.84, 9.84, 1713.84, 0, 
영흥태양광 #3, 2, 2026-07-03 00:00:00, 0, 0, 0, 0, 0, 0.576, 31.2, 71.04, 237.984, 365.376, 429.6, 259.296, 464.448, 469.824, 457.056, 388.32, 261.696, 130.464, 37.248, 0.576, 0, 0, 0, 0, 3604.704, 150, 469.82, 0.576, 469.824, 0, 
영흥태양광 #3, 3, 2026-07-03 00:00:00, 0, 0, 0, 0, 0, 0, 0, 0, 0, 0, 462.24, 645.36, 973.32, 989.28, 963.72, 808.44, 546.36, 287.16, 91.68, 4.32, 0, 0, 0, 0, 5771.88, 240, 989.28, 4.32, 989.28, 0, 
영흥태양광, 1, 2026-07-03 00:00:00, 0, 0, 0, 0, 0, 0, 0, 0, 0, 0, 0, 0, 0, 0, 0, 0, 0, 0, 0, 0, 0, 0, 0, 0, 0, 0, 0, 0, 0, 0, 
예천태양광, 1, 2026-07-03 00:00:00, 0, 0, 0, 0, 0, 1.8, 93.6, 226.44, 343.44, 585.18, 681.48, 388.44, 469.62, 654.12, 547.74, 670.5, 570.78, 295.92, 95.76, 9.72, 0, 0, 0, 0, 5634.54, 235, 681.48, 1.8, 681.48, 0, 
여수태양광, 1, 2026-07-03 00:00:00, 0, 0, 0, 0, 0, 0, 0, 0, 0, 0, 0, 0, 0, 0, 0, 0, 0, 0, 0, 0, 0, 0, 0, 423, 423, 18, 423, 423, 423, 0, 
영흥태양광, 2, 2026-07-03 00:00:00, 0, 0, 0, 0, 0, 0, 25.069, 71.352, 226.589, 389.541, 446.429, 299.869, 459.928, 474.392, 469.571, 394.362, 266.122, 136.918, 41.461, 3.857, 0, 0, 0, 0, 3705.46, 154, 474.39, 3.857, 474.392, 0, 
탑선태양광, 1, 2026-07-03 00:00:00, 0, 0, 0, 0, 0, 0, 0, 0, 0, 0, 0, 0, 0, 0, 0, 0, 0, 0, 0, 0, 0, 0, 0, 1120, 1120, 47, 1120, 1120, 1120, 0, 
탑선태양광, 3, 2026-07-03 00:00:00, 0, 0, 0, 0, 0, 0, 0, 0, 0, 0, 0, 0, 0, 0, 0, 0, 0, 0, 0, 0, 0, 0, 0, 145, 145, 6, 145, 145, 145, 0, 
경상대태양광, 1, 2026-07-03 00:00:00, 0, 0, 0, 0, 0, 0, 6.048, 54.504, 127.584, 160.056, 250.416, 357.408, 502.632, 403.488, 290.664, 220.896, 129.024, 119.808, 59.688, 10.8, 0, 0, 0, 0, 2693.016, 112, 502.632, 6.048, 502.632, 0, 
고흥만 수상태양광, 1, 2026-07-03 00:00:00, 0, 0, 0, 0, 0, 70.308, 1781.388, 10068.828, 15799.896, 21775.992, 19108.404, 24638.376, 14174.412, 14333.76, 9912.252, 6408.612, 3755.976, 4488.456, 1735.608, 255.108, 0, 0, 0, 0, 148307.376, 6179, 24638.376, 70.308, 24638.376, 0, 
영동태양광, 1, 2026-07-02 00:00:00, 0, 0, 0, 0, 0, 0, 11.616, 17.28, 15.456, 13.152, 12.384, 11.616, 180.96, 579.648, 125.76, 79.968, 391.872, 682.08, 679.968, 519.072, 0, 0, 0, 0, 3320.832, 138, 682.08, 11.616, 682.08, 0, 
삼천포태양광#5, 1, 2026-07-02 00:00:00, 0, 0, 0, 0, 0, 4.029, 148.627, 190.201, 191.546, 193.717, 186.144, 207.64, 214.302, 1778.87, 2108.635, 1961.441, 2469.794, 2426.281, 2424.764, 2497.376, 7.106, 0, 0, 0, 17010.473, 709, 2497.37, 4.029, 2497.376, 0, 
삼천포태양광#5, 2, 2026-07-02 00:00:00, 0, 0, 0, 0, 0, 7.79, 235.583, 285.698, 286.366, 283.125, 308.225, 353.876, 875.706, 4211.147, 3798.726, 3367.311, 4283.642, 4274.214, 4131.454, 2472.702, 11.988, 0, 0, 0, 29187.553, 1216, 4283.64, 7.79, 4283.642, 0, 
광양항세방태양광, 1, 2026-07-02 00:00:00, 0, 0, 0, 0, 0, 4.8, 134.4, 336, 523.2, 974.4, 1024.8, 684, 1072.8, 1269.6, 1317.6, 631.2, 674.4, 535.2, 254.4, 9.6, 0, 0, 0, 0, 9446.4, 394, 1317.6, 4.8, 1317.6, 0, 
두산엔진MG태양광, 1, 2026-07-02 00:00:00, 0, 0, 0, 0, 0, 0.24, 3.06, 9.12, 15.96, 22.86, 26.16, 27.18, 16.8, 33.84, 33.12, 41.4, 39.96, 26.46, 5.34, 0.84, 0, 0, 0, 0, 302.34, 13, 41.4, 0.24, 41.4, 0, 
삼천포태양광, 1, 2026-07-02 00:00:00, 0, 0, 0, 0, 0, 0, 0.384, 2.568, 9.384, 19.2, 19.32, 22.032, 32.736, 33.048, 31.464, 22.932, 13.728, 7.308, 1.116, 0, 0, 0, 0, 0, 215.22, 9, 33.04, 0.384, 33.048, 0, 
삼천포태양광, 2, 2026-07-02 00:00:00, 0, 0, 0, 0, 0, 2.976, 45.6, 160.608, 218.688, 420.384, 385.056, 447.84, 593.472, 615.744, 508.8, 417.12, 251.328, 149.472, 51.168, 4.128, 0, 0, 0, 0, 4272.384, 178, 615.74, 2.976, 615.744, 0, 
삼천포태양광, 3, 2026-07-02 00:00:00, 0, 0, 0, 0, 0, 0.396, 13.752, 61.308, 78.444, 145.728, 131.724, 145.836, 183.852, 211.608, 194.508, 138.168, 88.056, 50.688, 13.536, 0.396, 0, 0, 0, 0, 1458, 61, 211.6, 0.396, 211.608, 0, 
삼천포태양광, 4, 2026-07-02 00:00:00, 0, 0, 0, 0, 0, 0.501, 50.349, 94.517, 93.679, 94.581, 84.392, 94.58, 85.544, 587.576, 965.911, 784.208, 1178.853, 1186.88, 1201.686, 549.45, 3.337, 0, 0, 0, 7056.044, 294, 1201.68, 0.501, 1201.686, 0, 
구미태양광, 1, 2026-07-02 00:00:00, 0, 0, 0, 0, 0, 0, 22.273, 112.379, 206.462, 354.564, 536.945, 391.807, 540.85, 236.545, 406.704, 436.498, 271.184, 103.918, 79.837, 23.647, 0, 0, 0, 0, 3723.613, 155, 540.85, 22.273, 540.85, 0, 
삼천포태양광#6, 1, 2026-07-02 00:00:00, 0, 0, 0, 0, 0, 0, 0, 0, 0, 0, 0, 0, 0, 0, 0, 0, 0, 0, 0, 0, 0, 0, 0, 0, 0, 0, 0, 0, 0, 0, 
영흥태양광#5, 1, 2026-07-02 00:00:00, 0, 0, 0, 0, 0, 0, 101.242, 342.295, 619.505, 1323.379, 1672.905, 1921.189, 1694.6, 1586.126, 1646.389, 1631.926, 1234.189, 498.979, 175.968, 36.158, 0, 0, 0, 0, 14484.85, 604, 1921.18, 36.158, 1921.189, 0, 
영흥태양광 #3, 1, 2026-07-02 00:00:00, 0, 0, 0, 0, 0, 0, 42.96, 275.04, 518.4, 1027.2, 1447.2, 1609.92, 1559.52, 1332, 1483.44, 1471.92, 1090.8, 439.2, 85.44, 6.96, 0, 0, 0, 0, 12390, 516, 1609.92, 6.96, 1609.92, 0, 
영흥태양광 #3, 2, 2026-07-02 00:00:00, 0, 0, 0, 0, 0, 0, 12.288, 72.96, 142.176, 309.6, 393.792, 475.008, 399.648, 382.56, 401.184, 389.184, 295.968, 119.424, 36.096, 0, 0, 0, 0, 0, 3429.888, 143, 475, 12.288, 475.008, 0, 
영흥태양광 #3, 3, 2026-07-02 00:00:00, 0, 0, 0, 0, 0, 0, 0, 0, 0, 0, 0, 711.6, 907.8, 770.88, 846.48, 832.56, 620.88, 263.4, 53.52, 0, 0, 0, 0, 0, 5007.12, 209, 907.8, 53.52, 907.8, 0, 
영흥태양광, 1, 2026-07-02 00:00:00, 0, 0, 0, 0, 0, 0, 10.099, 82.176, 129.792, 240.768, 361.997, 528.653, 605.146, 459.149, 494.63, 470.438, 350.362, 155.942, 31.987, 0, 0, 0, 0, 0, 3921.139, 163, 605.14, 10.099, 605.146, 0, 
예천태양광, 1, 2026-07-02 00:00:00, 0, 0, 0, 0, 0, 7.02, 121.5, 419.76, 735.66, 1042.02, 677.34, 763.92, 775.98, 969.84, 961.56, 941.04, 707.58, 282.6, 75.24, 1.98, 0, 0, 0, 0, 8483.04, 353, 1042.02, 1.98, 1042.02, 0, 
여수태양광, 1, 2026-07-02 00:00:00, 0, 0, 0, 0, 0, 0, 0, 0, 0, 0, 0, 0, 0, 0, 0, 0, 0, 0, 0, 0, 0, 0, 0, 509, 509, 21, 509, 509, 509, 0, 
영흥태양광, 2, 2026-07-02 00:00:00, 0, 0, 0, 0, 0, 0, 5.785, 76.173, 147.524, 284.442, 416.539, 440.644, 440.644, 362.543, 407.861, 402.076, 295.048, 129.204, 26.998, 0, 0, 0, 0, 0, 3435.481, 143, 440.64, 5.785, 440.644, 0, 
탑선태양광, 1, 2026-07-02 00:00:00, 0, 0, 0, 0, 0, 0, 0, 0, 0, 0, 0, 0, 0, 0, 0, 0, 0, 0, 0, 0, 0, 0, 0, 1120, 1120, 47, 1120, 1120, 1120, 0, 
탑선태양광, 3, 2026-07-02 00:00:00, 0, 0, 0, 0, 0, 0, 0, 0, 0, 0, 0, 0, 0, 0, 0, 0, 0, 0, 0, 0, 0, 0, 0, 145, 145, 6, 145, 145, 145, 0, 
경상대태양광, 1, 2026-07-02 00:00:00, 0, 0, 0, 0, 0, 0, 22.392, 82.944, 199.008, 381.6, 421.992, 253.296, 325.224, 367.344, 385.992, 370.944, 326.592, 169.776, 54.36, 5.544, 0, 0, 0, 0, 3367.008, 140, 421.992, 5.544, 421.992, 0, 
고흥만 수상태양광, 1, 2026-07-02 00:00:00, 0, 0, 0, 0, 0, 80.136, 2186.436, 7659.204, 17445.708, 15904.644, 15574.272, 29309.448, 39078.144, 37717.176, 33592.776, 37106.244, 24476.172, 15620.892, 5108.796, 478.548, 0, 0, 0, 0, 281338.596, 11722, 39078.144, 80.136, 39078.144, 0, 
영동태양광, 1, 2026-07-01 00:00:00, 0, 0, 0, 0, 0, 0, 0, 3.648, 9.216, 15.84, 15.456, 13.728, 12.768, 12.768, 177.888, 587.52, 602.112, 683.136, 682.08, 679.008, 263.424, 0, 0, 0, 3758.592, 157, 683.13, 3.648, 683.136, 0, 
삼천포태양광#5, 1, 2026-07-01 00:00:00, 0, 0, 0, 0, 0, 0, 0, 0, 74.363, 194.88, 196.684, 202.933, 188.396, 182.326, 184.287, 551.788, 1999.032, 181.714, 165.975, 0, 0, 0, 0, 0, 4122.378, 172, 1999.03, 74.363, 1999.032, 0, 
삼천포태양광#5, 2, 2026-07-01 00:00:00, 0, 0, 0, 0, 0, 0, 0, 0, 123.071, 282.767, 284.852, 283.677, 284.656, 279.478, 299.823, 1007.823, 3781.83, 345.059, 317.64, 10.807, 0, 0, 0, 0, 7301.483, 304, 3781.83, 10.807, 3781.83, 0, 
광양항세방태양광, 1, 2026-07-01 00:00:00, 0, 0, 0, 0, 0, 0, 0, 9.6, 79.2, 192, 379.2, 357.6, 283.2, 777.6, 993.6, 460.8, 112.8, 247.2, 247.2, 14.4, 0, 0, 0, 0, 4154.4, 173, 993.6, 9.6, 993.6, 0, 
두산엔진MG태양광, 1, 2026-07-01 00:00:00, 0, 0, 0, 0, 0, 0, 0.96, 1.56, 2.76, 5.22, 10.92, 10.62, 19.56, 12.24, 11.28, 15.36, 5.34, 2.94, 4.92, 1.08, 0, 0, 0, 0, 104.76, 4, 19.56, 0.96, 19.56, 0, 
삼천포태양광, 1, 2026-07-01 00:00:00, 0, 0, 0, 0, 0, 0, 0, 0, 0, 0, 0, 0, 0, 1.788, 6.516, 5.34, 1.512, 1.14, 0.912, 0, 0, 0, 0, 0, 17.208, 1, 6.51, 0.912, 6.516, 0, 
삼천포태양광, 2, 2026-07-01 00:00:00, 0, 0, 0, 0, 0, 0, 0, 0, 0, 0, 0, 0, 0, 0, 134.88, 141.024, 60.384, 57.792, 50.208, 4.8, 0, 0, 0, 0, 449.088, 19, 141.02, 4.8, 141.024, 0, 
삼천포태양광, 3, 2026-07-01 00:00:00, 0, 0, 0, 0, 0, 0, 0, 0, 1.26, 5.904, 12.6, 23.832, 9.756, 10.512, 49.284, 46.188, 16.74, 17.64, 14.292, 0.324, 0, 0, 0, 0, 208.332, 9, 49.28, 0.324, 49.284, 0, 
삼천포태양광, 4, 2026-07-01 00:00:00, 0, 0, 0, 0, 0, 0, 0, 0, 21.357, 86.105, 94.367, 94.277, 93.444, 84.14, 84.906, 163.509, 724.323, 63.355, 63.393, 2.689, 0, 0, 0, 0, 1575.865, 66, 724.32, 2.689, 724.323, 0, 
구미태양광, 1, 2026-07-01 00:00:00, 0, 0, 0, 0, 0, 0, 1.446, 9.329, 37.893, 44.185, 90.178, 162.349, 261.855, 232.785, 152.514, 90.612, 89.238, 52.14, 14.391, 0, 0, 0, 0, 0, 1238.915, 52, 261.85, 1.446, 261.855, 0, 
삼천포태양광#6, 1, 2026-07-01 00:00:00, 0, 0, 0, 0, 0, 0, 0, 0, 0, 0, 0, 0, 0, 0, 0, 0, 0, 0, 0, 0, 0, 0, 0, 0, 0, 0, 0, 0, 0, 0, 
영흥태양광#5, 1, 2026-07-01 00:00:00, 0, 0, 0, 0, 0, 0, 81.958, 209.716, 674.947, 923.232, 1704.242, 2046.537, 2215.274, 2150.189, 1913.958, 1598.179, 1128.126, 626.737, 185.611, 16.874, 0, 0, 0, 0, 15475.58, 645, 2215.27, 16.874, 2215.274, 0, 
영흥태양광 #3, 1, 2026-07-01 00:00:00, 0, 0, 0, 0, 0, 0, 34.08, 177.12, 553.92, 793.2, 1479.36, 1801.44, 1950.24, 1903.2, 1710.72, 1416.72, 1002.96, 516.48, 142.56, 0.48, 0, 0, 0, 0, 13482.48, 562, 1950.24, 0.48, 1950.24, 0, 
영흥태양광 #3, 2, 2026-07-01 00:00:00, 0, 0, 0, 0, 0, 0, 10.848, 41.376, 149.28, 218.688, 401.28, 480, 514.848, 499.776, 448.896, 378.72, 271.872, 147.36, 39.456, 0, 0, 0, 0, 0, 3602.4, 150, 514.84, 10.848, 514.848, 0, 
영흥태양광 #3, 3, 2026-07-01 00:00:00, 0, 0, 0, 0, 0, 0, 0, 0, 0, 0, 0, 0, 0, 0, 0, 0, 0, 0, 0, 0, 0, 0, 0, 0, 0, 0, 0, 0, 0, 0, 
영흥태양광, 1, 2026-07-01 00:00:00, 0, 0, 0, 0, 0, 0, 13.786, 67.123, 172.339, 232.973, 458.803, 560.64, 598.502, 586.867, 535.757, 457.69, 328.858, 181.248, 57.178, 3.917, 0, 0, 0, 0, 4255.681, 177, 598.5, 3.917, 598.502, 0, 
예천태양광, 1, 2026-07-01 00:00:00, 0, 0, 0, 0, 0, 0, 0, 12.78, 137.7, 307.44, 208.08, 451.8, 470.16, 918.36, 877.32, 797.76, 773.82, 451.98, 86.58, 24.84, 0, 0, 0, 0, 5518.62, 230, 918.36, 12.78, 918.36, 0, 
여수태양광, 1, 2026-07-01 00:00:00, 0, 0, 0, 0, 0, 0, 0, 0, 0, 0, 0, 0, 0, 0, 0, 0, 0, 0, 0, 0, 0, 0, 0, 338, 338, 14, 338, 338, 338, 0, 
영흥태양광, 2, 2026-07-01 00:00:00, 0, 0, 0, 0, 0, 0, 0, 0, 0, 2.893, 414.611, 492.712, 534.173, 521.638, 466.678, 387.613, 273.836, 150.417, 44.354, 1.928, 0, 0, 0, 0, 3290.853, 137, 534.17, 1.928, 534.173, 0, 
탑선태양광, 1, 2026-07-01 00:00:00, 0, 0, 0, 0, 0, 0, 0, 0, 0, 0, 0, 0, 0, 0, 0, 0, 0, 0, 0, 0, 0, 0, 0, 1120, 1120, 47, 1120, 1120, 1120, 0, 
탑선태양광, 3, 2026-07-01 00:00:00, 0, 0, 0, 0, 0, 0, 0, 0, 0, 0, 0, 0, 0, 0, 0, 0, 0, 0, 0, 0, 0, 0, 0, 145, 145, 6, 145, 145, 145, 0, 
경상대태양광, 1, 2026-07-01 00:00:00, 0, 0, 0, 0, 0, 0, 0.288, 2.088, 18.072, 71.712, 127.296, 143.424, 92.448, 116.928, 171.648, 89.28, 49.104, 40.248, 18.072, 1.224, 0, 0, 0, 0, 941.832, 39, 171.648, 0.288, 171.648, 0, 
고흥만 수상태양광, 1, 2026-07-01 00:00:00, 0, 0, 0, 0, 0, 0, 1.68, 647.64, 8417.388, 16086.336, 8371.86, 4434.192, 6564.348, 8419.404, 8883.756, 13020.252, 8354.22, 3917.592, 2077.068, 291.396, 0, 0, 0, 0, 89487.132, 3729, 16086.336, 1.68, 16086.336, 0, 
