발전구분, 호기, 일자, 1시 발전량(KWh), 2시 발전량(KWh),3시 발전량(KWh),4시 발전량(KWh),5시 발전량(KWh),6시 발전량(KWh),7시 발전량(KWh),8시 발전량(KWh),9시 발전량(KWh),10시 발전량(KWh),11시 발전량(KWh),12시 발전량(KWh),13시 발전량(KWh),14시 발전량(KWh),15시 발전량(KWh),16시 발전량(KWh),17시 발전량(KWh),18시 발전량(KWh),19시 발전량(KWh),20시 발전량(KWh),21시 발전량(KWh),22시 발전량(KWh),23시 발전량(KWh),24시 발전량(KWh),총량(KW),평균(KW),최대(시간별),최소(시간별),최대,최소
영동태양광, 1, 2026-02-28 00:00:00, 0, 0, 0, 0, 0, 0, 0, 8.736, 20.64, 20.736, 21.6, 21.216, 20.64, 20.544, 20.448, 13.344, 416.544, 364.608, 0, 0, 0, 0, 0, 0, 949.056, 40, 416.54, 8.736, 416.544, 0, 
삼천포태양광#5, 1, 2026-02-28 00:00:00, 0, 0, 0, 0, 0, 0, 0, 98.112, 1014.813, 2061.324, 267.075, 490.165, 686.175, 1233.108, 2607.126, 2031.94, 1225.809, 2521.812, 2510.7, 2518.952, 829.178, 0, 0, 0, 20096.289, 837, 2607.12, 98.112, 2607.126, 0, 
삼천포태양광#5, 2, 2026-02-28 00:00:00, 0, 0, 0, 0, 0, 0, 0, 144.178, 1735.091, 3461.792, 730.231, 1097.212, 1513.216, 2710.501, 4405.392, 3448.926, 2131.241, 4176.003, 3806.09, 3823.463, 766.486, 0, 0, 0, 33949.822, 1415, 4405.39, 144.17, 4405.392, 0, 
광양항세방태양광, 1, 2026-02-28 00:00:00, 0, 0, 0, 0, 0, 0, 0, 72, 340.8, 876, 1339.2, 1660.8, 1848, 1862.4, 1672.8, 1312.8, 748.8, 242.4, 4.8, 0, 0, 0, 0, 0, 11980.8, 499, 1862.4, 4.8, 1862.4, 0, 
두산엔진MG태양광, 1, 2026-02-28 00:00:00, 0, 0, 0, 0, 0, 0, 0, 1.74, 4.74, 14.04, 29.04, 42.12, 47.46, 29.58, 22.26, 23.1, 32.46, 11.04, 0.18, 0, 0, 0, 0, 0, 257.76, 11, 47.46, 0.18, 47.46, 0, 
삼천포태양광, 1, 2026-02-28 00:00:00, 0, 0, 0, 0, 0, 0, 0, 1.032, 6.276, 7.62, 29.388, 30.492, 43.68, 29.232, 32.892, 25.008, 14.472, 3.192, 0, 0, 0, 0, 0, 0, 223.284, 9, 43.68, 1.032, 43.68, 0, 
삼천포태양광, 2, 2026-02-28 00:00:00, 0, 0, 0, 0, 0, 0, 0, 26.688, 200.832, 462.624, 589.536, 686.496, 775.2, 620.832, 564.288, 407.136, 227.136, 81.312, 2.208, 0, 0, 0, 0, 0, 4644.288, 194, 775.2, 2.208, 775.2, 0, 
삼천포태양광, 3, 2026-02-28 00:00:00, 0, 0, 0, 0, 0, 0, 0, 11.052, 88.884, 160.488, 209.088, 239.796, 255.168, 194.796, 187.596, 134.604, 67.572, 22.968, 0.18, 0, 0, 0, 0, 0, 1572.192, 66, 255.16, 0.18, 255.168, 0, 
삼천포태양광, 4, 2026-02-28 00:00:00, 0, 0, 0, 0, 0, 0, 0, 18.446, 85.04, 105.557, 94.246, 110.823, 574.738, 977.896, 1050.475, 849.989, 1147.085, 1186.258, 1176.682, 489.697, 0, 0, 0, 0, 7866.932, 328, 1186.25, 18.446, 1186.258, 0, 
구미태양광, 1, 2026-02-28 00:00:00, 0, 0, 0, 0, 0, 0, 0, 5.641, 139.497, 358.759, 526.676, 630.377, 670.874, 670.223, 638.548, 492.326, 178.186, 51.127, 6.075, 0, 0, 0, 0, 0, 4368.309, 182, 670.87, 5.641, 670.874, 0, 
삼천포태양광#6, 1, 2026-02-28 00:00:00, 0, 0, 0, 0, 0, 0, 0, 0, 0, 0, 0, 0, 0, 0, 0, 0, 0, 0, 0, 0, 0, 0, 0, 0, 0, 0, 0, 0, 0, 0, 
영흥태양광#5, 1, 2026-02-28 00:00:00, 0, 0, 0, 0, 0, 0, 0, 108.474, 744.853, 1506.579, 2121.263, 2485.253, 2682.916, 2637.116, 2388.832, 1911.547, 1229.368, 419.432, 12.053, 0, 0, 0, 0, 0, 18247.686, 760, 2682.91, 12.05, 2682.916, 0, 
영흥태양광 #3, 1, 2026-02-28 00:00:00, 0, 0, 0, 0, 0, 0, 0, 0, 0, 0, 0, 0, 0, 0, 0, 0, 0, 0, 0, 0, 0, 0, 0, 0, 0, 0, 0, 0, 0, 0, 
영흥태양광 #3, 2, 2026-02-28 00:00:00, 0, 0, 0, 0, 0, 0, 0, 17.952, 152.352, 323.424, 459.264, 538.176, 579.744, 577.44, 524.352, 419.04, 272.64, 96.96, 1.728, 0, 0, 0, 0, 0, 3963.072, 165, 579.74, 1.728, 579.744, 0, 
영흥태양광 #3, 3, 2026-02-28 00:00:00, 0, 0, 0, 0, 0, 0, 0, 23.4, 200.88, 450.36, 636.84, 741.6, 794.52, 787.92, 722.4, 585.6, 380.88, 134.4, 4.2, 0, 0, 0, 0, 0, 5463, 228, 794.52, 4.2, 794.52, 0, 
영흥태양광, 1, 2026-02-28 00:00:00, 0, 0, 0, 0, 0, 0, 0, 6.451, 118.925, 322.56, 503.462, 617.51, 665.088, 654.144, 578.611, 467.482, 310.963, 97.152, 1.92, 0, 0, 0, 0, 0, 4344.268, 181, 665.08, 1.92, 665.088, 0, 
예천태양광, 1, 2026-02-28 00:00:00, 0, 0, 0, 0, 0, 0, 0, 104.22, 527.04, 931.14, 1210.14, 1376.46, 1441.08, 1397.7, 1244.52, 978.48, 599.58, 167.4, 0.54, 0, 0, 0, 0, 0, 9978.3, 416, 1441.08, 0.54, 1441.08, 0, 
여수태양광, 1, 2026-02-28 00:00:00, 0, 0, 0, 0, 0, 0, 0, 0, 0, 0, 0, 0, 0, 0, 0, 0, 0, 0, 0, 0, 0, 0, 0, 257, 257, 11, 257, 257, 257, 0, 
영흥태양광, 2, 2026-02-28 00:00:00, 0, 0, 0, 0, 0, 0, 0, 14.463, 134.989, 309.512, 458.964, 539.958, 579.491, 577.562, 517.781, 391.469, 237.196, 73.28, 1.928, 0, 0, 0, 0, 0, 3836.593, 160, 579.49, 1.92, 579.491, 0, 
탑선태양광, 1, 2026-02-28 00:00:00, 0, 0, 0, 0, 0, 0, 0, 0, 0, 0, 0, 0, 0, 0, 0, 0, 0, 0, 0, 0, 0, 0, 0, 696, 696, 29, 696, 696, 696, 0, 
탑선태양광, 3, 2026-02-28 00:00:00, 0, 0, 0, 0, 0, 0, 0, 0, 0, 0, 0, 0, 0, 0, 0, 0, 0, 0, 0, 0, 0, 0, 0, 192.6, 192.6, 8, 192.6, 192.6, 192.6, 0, 
경상대태양광, 1, 2026-02-28 00:00:00, 0, 0, 0, 0, 0, 0, 0, 9.432, 134.064, 310.608, 447.408, 542.088, 579.096, 572.688, 524.016, 425.16, 280.512, 99.36, 4.248, 0, 0, 0, 0, 0, 3928.68, 164, 579.09, 4.248, 579.096, 0, 
고흥만 수상태양광, 1, 2026-02-28 00:00:00, 0, 0, 0, 0, 0, 0, 0, 2122.848, 14355.096, 25242.252, 35322.252, 42250.908, 47733.336, 47400.36, 42340.536, 28296.576, 18851.196, 7035.504, 248.892, 0, 0, 0, 0, 0, 311199.756, 12967, 47733.33, 248.89, 47733.336, 0, 
영동태양광, 1, 2026-02-27 00:00:00, 0, 0, 0, 0, 0, 0, 0, 0, 13.248, 20.736, 21.792, 24.192, 22.752, 22.56, 22.176, 201.312, 549.312, 687.36, 684.576, 79.488, 0, 0, 0, 0, 2349.504, 98, 687.36, 13.248, 687.36, 0, 
삼천포태양광#5, 1, 2026-02-27 00:00:00, 0, 0, 0, 0, 0, 0, 0, 0, 12.481, 128.704, 188.615, 189.849, 189.402, 189.327, 243.566, 955.337, 2366.048, 1641.75, 2.665, 0, 0, 0, 0, 0, 6107.744, 254, 2366.04, 2.665, 2366.048, 0, 
삼천포태양광#5, 2, 2026-02-27 00:00:00, 0, 0, 0, 0, 0, 0, 0, 0, 24.724, 218.705, 283.093, 284.266, 282.751, 282.639, 328.015, 1765.907, 4226.595, 2886.259, 1.776, 0, 0, 0, 0, 0, 10584.73, 441, 4226.59, 1.77, 4226.595, 0, 
광양항세방태양광, 1, 2026-02-27 00:00:00, 0, 0, 0, 0, 0, 0, 0, 0, 21.6, 100.8, 280.8, 696, 921.6, 1087.2, 1046.4, 703.2, 201.6, 108, 0, 0, 0, 0, 0, 0, 5167.2, 215, 1087.2, 21.6, 1087.2, 0, 
두산엔진MG태양광, 1, 2026-02-27 00:00:00, 0, 0, 0, 0, 0, 0, 0, 0.24, 1.2, 3.36, 5.94, 11.64, 15.6, 14.64, 11.52, 8.76, 6.3, 2.22, 0.12, 0, 0, 0, 0, 0, 81.54, 3, 15.6, 0.12, 15.6, 0, 
삼천포태양광, 1, 2026-02-27 00:00:00, 0, 0, 0, 0, 0, 0, 0, 0, 0, 0.336, 2.256, 7.332, 15.264, 16.44, 16.896, 11.052, 5.412, 0.132, 0, 0, 0, 0, 0, 0, 75.12, 3, 16.89, 0.132, 16.896, 0, 
삼천포태양광, 2, 2026-02-27 00:00:00, 0, 0, 0, 0, 0, 0, 0, 0, 6.72, 36.672, 71.52, 148.512, 286.752, 309.6, 294.912, 210.624, 123.936, 26.688, 1.344, 0, 0, 0, 0, 0, 1517.28, 63, 309.6, 1.344, 309.6, 0, 
삼천포태양광, 3, 2026-02-27 00:00:00, 0, 0, 0, 0, 0, 0, 0, 0, 0.828, 9.612, 20.988, 46.692, 91.548, 96.804, 90.936, 63.72, 35.892, 5.832, 0.036, 0, 0, 0, 0, 0, 462.888, 19, 96.8, 0.036, 96.804, 0, 
삼천포태양광, 4, 2026-02-27 00:00:00, 0, 0, 0, 0, 0, 0, 0, 0, 2.219, 41.287, 92.716, 94.173, 94.119, 93.914, 68.051, 392.748, 1170.637, 510.703, 1.327, 0, 0, 0, 0, 0, 2561.894, 107, 1170.63, 1.327, 1170.637, 0, 
구미태양광, 1, 2026-02-27 00:00:00, 0, 0, 0, 0, 0, 0, 0, 0, 3.905, 23.141, 55.249, 158.082, 220.708, 259.252, 135.231, 109.703, 37.532, 38.327, 3.037, 0, 0, 0, 0, 0, 1044.167, 44, 259.25, 3.037, 259.252, 0, 
삼천포태양광#6, 1, 2026-02-27 00:00:00, 0, 0, 0, 0, 0, 0, 0, 0, 0, 0, 0, 0, 0, 0, 0, 0, 0, 0, 0, 0, 0, 0, 0, 0, 0, 0, 0, 0, 0, 0, 
영흥태양광#5, 1, 2026-02-27 00:00:00, 0, 0, 0, 0, 0, 0, 0, 72.316, 759.316, 1342.663, 1737.989, 2468.379, 1513.811, 2200.811, 1921.189, 1892.263, 1226.958, 433.895, 9.642, 0, 0, 0, 0, 0, 15579.232, 649, 2468.37, 9.64, 2468.379, 0, 
영흥태양광 #3, 1, 2026-02-27 00:00:00, 0, 0, 0, 0, 0, 0, 0, 0, 0, 0, 0, 0, 0, 0, 0, 0, 0, 0, 0, 0, 0, 0, 0, 0, 0, 0, 0, 0, 0, 0, 
영흥태양광 #3, 2, 2026-02-27 00:00:00, 0, 0, 0, 0, 0, 0, 0, 9.888, 158.88, 296.736, 394.272, 520.512, 345.6, 486.048, 430.464, 413.856, 272.736, 100.704, 1.92, 0, 0, 0, 0, 0, 3431.616, 143, 520.51, 1.92, 520.512, 0, 
영흥태양광 #3, 3, 2026-02-27 00:00:00, 0, 0, 0, 0, 0, 0, 0, 19.08, 222, 385.08, 547.68, 707.4, 543.96, 689.76, 667.56, 595.32, 388.68, 140.88, 3.84, 0, 0, 0, 0, 0, 4911.24, 205, 707.4, 3.84, 707.4, 0, 
영흥태양광, 1, 2026-02-27 00:00:00, 0, 0, 0, 0, 0, 0, 0, 7.181, 130.675, 239.539, 426.97, 634.906, 582.528, 548.275, 490.522, 475.046, 312.23, 98.957, 1.229, 0, 0, 0, 0, 0, 3948.058, 165, 634.9, 1.229, 634.906, 0, 
예천태양광, 1, 2026-02-27 00:00:00, 0, 0, 0, 0, 0, 0, 0, 0, 16.74, 174.78, 240.3, 525.96, 460.98, 311.58, 206.1, 90.54, 267.66, 138.78, 0.18, 0, 0, 0, 0, 0, 2433.6, 101, 525.96, 0.18, 525.96, 0, 
여수태양광, 1, 2026-02-27 00:00:00, 0, 0, 0, 0, 0, 0, 0, 0, 0, 0, 0, 0, 0, 0, 0, 0, 0, 0, 0, 0, 0, 0, 0, 92, 92, 4, 92, 92, 92, 0, 
영흥태양광, 2, 2026-02-27 00:00:00, 0, 0, 0, 0, 0, 0, 0, 10.606, 143.667, 276.728, 398.219, 526.459, 347.116, 500.425, 458.964, 393.398, 236.232, 71.352, 1.928, 0, 0, 0, 0, 0, 3365.094, 140, 526.45, 1.92, 526.459, 0, 
탑선태양광, 1, 2026-02-27 00:00:00, 0, 0, 0, 0, 0, 0, 0, 0, 0, 0, 0, 0, 0, 0, 0, 0, 0, 0, 0, 0, 0, 0, 0, 672, 672, 28, 672, 672, 672, 0, 
탑선태양광, 3, 2026-02-27 00:00:00, 0, 0, 0, 0, 0, 0, 0, 0, 0, 0, 0, 0, 0, 0, 0, 0, 0, 0, 0, 0, 0, 0, 0, 177, 177, 7, 177, 177, 177, 0, 
경상대태양광, 1, 2026-02-27 00:00:00, 0, 0, 0, 0, 0, 0, 0, 0, 4.608, 21.24, 53.352, 94.176, 131.76, 128.232, 144.864, 146.52, 95.976, 32.04, 2.448, 0, 0, 0, 0, 0, 855.216, 36, 146.52, 2.448, 146.52, 0, 
고흥만 수상태양광, 1, 2026-02-27 00:00:00, 0, 0, 0, 0, 0, 0, 0, 1.596, 722.148, 4746.42, 8158.248, 19578.132, 24700.116, 19719.336, 21973.224, 6296.724, 2541.42, 3359.748, 54.012, 0, 0, 0, 0, 0, 111851.124, 4660, 24700.11, 1.59, 24700.116, 0, 
영동태양광, 1, 2026-02-26 00:00:00, 0, 0, 0, 0, 0, 0, 0, 2.88, 20.352, 20.64, 21.408, 21.792, 21.984, 22.464, 22.752, 176.448, 451.584, 685.152, 684.672, 84.096, 0, 0, 0, 0, 2236.224, 93, 685.15, 2.88, 685.152, 0, 
삼천포태양광#5, 1, 2026-02-26 00:00:00, 0, 0, 0, 0, 0, 0, 0, 21.52, 176.827, 188.709, 190.29, 191.577, 194.272, 190.751, 189.231, 301.31, 2508.64, 708.435, 0, 0, 0, 0, 0, 0, 4861.562, 203, 2508.64, 21.52, 2508.64, 0, 
삼천포태양광#5, 2, 2026-02-26 00:00:00, 0, 0, 0, 0, 0, 0, 0, 47.731, 273.318, 282.725, 289.709, 290.248, 287.508, 284.15, 296.221, 571.063, 4085.347, 1497.93, 0, 0, 0, 0, 0, 0, 8205.95, 342, 4085.34, 47.73, 4085.347, 0, 
광양항세방태양광, 1, 2026-02-26 00:00:00, 0, 0, 0, 0, 0, 0, 0, 40.8, 232.8, 446.4, 672, 856.8, 1039.2, 1010.4, 679.2, 434.4, 213.6, 33.6, 0, 0, 0, 0, 0, 0, 5659.2, 236, 1039.2, 33.6, 1039.2, 0, 
두산엔진MG태양광, 1, 2026-02-26 00:00:00, 0, 0, 0, 0, 0, 0, 0, 1.38, 6.12, 9.36, 12.18, 12.72, 16.86, 10.86, 9.84, 5.1, 2.28, 0.48, 0, 0, 0, 0, 0, 0, 87.18, 4, 16.86, 0.48, 16.86, 0, 
삼천포태양광, 1, 2026-02-26 00:00:00, 0, 0, 0, 0, 0, 0, 0, 0, 1.536, 4.128, 8.148, 11.916, 10.692, 6.708, 4.872, 2.16, 0.576, 0, 0, 0, 0, 0, 0, 0, 50.736, 2, 11.91, 0.576, 11.916, 0, 
삼천포태양광, 2, 2026-02-26 00:00:00, 0, 0, 0, 0, 0, 0, 0, 9.312, 55.968, 101.76, 160.416, 244.32, 229.056, 150.624, 119.328, 75.648, 40.032, 7.2, 0, 0, 0, 0, 0, 0, 1193.664, 50, 244.32, 7.2, 244.32, 0, 
삼천포태양광, 3, 2026-02-26 00:00:00, 0, 0, 0, 0, 0, 0, 0, 1.656, 15.732, 30.564, 50.508, 77.76, 72.9, 46.656, 35.712, 22.284, 10.368, 0.864, 0, 0, 0, 0, 0, 0, 365.004, 15, 77.76, 0.864, 77.76, 0, 
삼천포태양광, 4, 2026-02-26 00:00:00, 0, 0, 0, 0, 0, 0, 0, 6.181, 75.638, 94.111, 93.722, 94.695, 94.18, 94.116, 83.172, 73.299, 1058.357, 6.753, 0, 0, 0, 0, 0, 0, 1774.224, 74, 1058.35, 6.181, 1058.357, 0, 
구미태양광, 1, 2026-02-26 00:00:00, 0, 0, 0, 0, 0, 0, 0, 1.085, 32.976, 85.477, 123.226, 164.518, 194.023, 187.298, 133.712, 71.376, 40.786, 12.294, 0, 0, 0, 0, 0, 0, 1046.771, 44, 194.02, 1.085, 194.023, 0, 
삼천포태양광#6, 1, 2026-02-26 00:00:00, 0, 0, 0, 0, 0, 0, 0, 0, 0, 0, 0, 0, 0, 0, 0, 0, 0, 0, 0, 0, 0, 0, 0, 0, 0, 0, 0, 0, 0, 0, 
영흥태양광#5, 1, 2026-02-26 00:00:00, 0, 0, 0, 0, 0, 0, 0, 106.063, 870.2, 1501.758, 1624.695, 1959.758, 2048.947, 1549.968, 636.379, 773.779, 544.779, 202.484, 2.411, 0, 0, 0, 0, 0, 11821.221, 493, 2048.94, 2.41, 2048.947, 0, 
영흥태양광 #3, 1, 2026-02-26 00:00:00, 0, 0, 0, 0, 0, 0, 0, 0, 0, 0, 0, 0, 0, 0, 0, 0, 0, 0, 0, 0, 0, 0, 0, 0, 0, 0, 0, 0, 0, 0, 
영흥태양광 #3, 2, 2026-02-26 00:00:00, 0, 0, 0, 0, 0, 0, 0, 16.608, 179.52, 322.368, 356.928, 423.936, 441.504, 340.416, 134.592, 164.64, 117.888, 42.144, 0.192, 0, 0, 0, 0, 0, 2540.736, 106, 441.5, 0.192, 441.504, 0, 
영흥태양광 #3, 3, 2026-02-26 00:00:00, 0, 0, 0, 0, 0, 0, 0, 20.28, 232.68, 474.72, 509.04, 597.24, 615.24, 485.88, 190.44, 233.52, 159, 62.52, 0.72, 0, 0, 0, 0, 0, 3581.28, 149, 615.24, 0.72, 615.24, 0, 
영흥태양광, 1, 2026-02-26 00:00:00, 0, 0, 0, 0, 0, 0, 0, 1.805, 116.89, 339.725, 415.987, 482.803, 487.949, 424.858, 165.082, 199.45, 126.95, 48.115, 0.154, 0, 0, 0, 0, 0, 2809.768, 117, 487.94, 0.154, 487.949, 0, 
예천태양광, 1, 2026-02-26 00:00:00, 0, 0, 0, 0, 0, 0, 0, 7.38, 86.76, 212.4, 342.72, 408.6, 407.16, 276.12, 211.68, 109.44, 56.34, 8.28, 0, 0, 0, 0, 0, 0, 2126.88, 89, 408.6, 7.38, 408.6, 0, 
여수태양광, 1, 2026-02-26 00:00:00, 0, 0, 0, 0, 0, 0, 0, 0, 0, 0, 0, 0, 0, 0, 0, 0, 0, 0, 0, 0, 0, 0, 0, 290, 290, 12, 290, 290, 290, 0, 
영흥태양광, 2, 2026-02-26 00:00:00, 0, 0, 0, 0, 0, 0, 0, 11.571, 149.453, 316.261, 363.507, 436.787, 450.286, 361.579, 148.488, 170.665, 124.383, 44.354, 0, 0, 0, 0, 0, 0, 2577.334, 107, 450.28, 11.57, 450.286, 0, 
탑선태양광, 1, 2026-02-26 00:00:00, 0, 0, 0, 0, 0, 0, 0, 0, 0, 0, 0, 0, 0, 0, 0, 0, 0, 0, 0, 0, 0, 0, 0, 672, 672, 28, 672, 672, 672, 0, 
탑선태양광, 3, 2026-02-26 00:00:00, 0, 0, 0, 0, 0, 0, 0, 0, 0, 0, 0, 0, 0, 0, 0, 0, 0, 0, 0, 0, 0, 0, 0, 177, 177, 7, 177, 177, 177, 0, 
경상대태양광, 1, 2026-02-26 00:00:00, 0, 0, 0, 0, 0, 0, 0, 16.2, 60.552, 85.68, 134.568, 180.576, 164.592, 127.8, 116.496, 103.608, 37.08, 7.848, 0, 0, 0, 0, 0, 0, 1035, 43, 180.57, 7.848, 180.576, 0, 
고흥만 수상태양광, 1, 2026-02-26 00:00:00, 0, 0, 0, 0, 0, 0, 0, 2785.692, 16886.94, 29800.764, 31248.588, 28516.992, 28808.472, 22707.972, 17567.088, 15842.316, 4150.692, 870.66, 0, 0, 0, 0, 0, 0, 199186.176, 8299, 31248.58, 870.66, 31248.588, 0, 
영동태양광, 1, 2026-02-25 00:00:00, 0, 0, 0, 0, 0, 0, 0, 16.896, 158.88, 282.816, 605.856, 759.264, 626.112, 798.336, 751.872, 580.8, 378.336, 628.032, 0, 0, 0, 0, 0, 0, 5587.2, 233, 798.33, 16.896, 798.336, 0, 
삼천포태양광#5, 1, 2026-02-25 00:00:00, 0, 0, 0, 0, 0, 0, 0, 2.52, 104.772, 193.797, 725.708, 895.99, 665.301, 759.225, 572.967, 2391.784, 2521.546, 2539.335, 2512.166, 1202.901, 0, 0, 0, 0, 15088.012, 629, 2539.33, 2.52, 2539.335, 0, 
삼천포태양광#5, 2, 2026-02-25 00:00:00, 0, 0, 0, 0, 0, 0, 0, 7.942, 178.608, 289.013, 938.486, 1309.231, 1138.663, 1078.976, 886.66, 3999.967, 4268.439, 4198.789, 3801.578, 3203.9, 0, 0, 0, 0, 25300.252, 1054, 4268.43, 7.94, 4268.439, 0, 
광양항세방태양광, 1, 2026-02-25 00:00:00, 0, 0, 0, 0, 0, 0, 0, 2.4, 64.8, 216, 816, 1821.6, 1970.4, 2008.8, 1824, 1432.8, 801.6, 244.8, 4.8, 0, 0, 0, 0, 0, 11208, 467, 2008.8, 2.4, 2008.8, 0, 
두산엔진MG태양광, 1, 2026-02-25 00:00:00, 0, 0, 0, 0, 0, 0, 0, 0.42, 4.74, 12.72, 20.16, 26.46, 19.74, 34.8, 34.74, 51.3, 42.84, 20.04, 0.3, 0, 0, 0, 0, 0, 268.26, 11, 51.3, 0.3, 51.3, 0, 
삼천포태양광, 1, 2026-02-25 00:00:00, 0, 0, 0, 0, 0, 0, 0, 0, 0.408, 6.024, 19.2, 29.628, 26.148, 25.992, 28.692, 31.752, 20.4, 4.656, 0, 0, 0, 0, 0, 0, 192.9, 8, 31.75, 0.408, 31.752, 0, 
삼천포태양광, 2, 2026-02-25 00:00:00, 0, 0, 0, 0, 0, 0, 0, 2.88, 30.528, 133.824, 532.416, 516.768, 458.688, 470.016, 517.92, 551.904, 335.712, 115.584, 2.496, 0, 0, 0, 0, 0, 3668.736, 153, 551.9, 2.496, 551.904, 0, 
삼천포태양광, 3, 2026-02-25 00:00:00, 0, 0, 0, 0, 0, 0, 0, 0.252, 7.812, 41.328, 185.868, 180.216, 175.176, 170.856, 167.58, 189.756, 117.72, 33.804, 0.036, 0, 0, 0, 0, 0, 1270.404, 53, 189.75, 0.03, 189.756, 0, 
삼천포태양광, 4, 2026-02-25 00:00:00, 0, 0, 0, 0, 0, 0, 0, 0.513, 34.868, 85.197, 133.407, 209.33, 168.02, 202.606, 99.133, 927.449, 1183.183, 1194.5, 1175.134, 671.502, 0, 0, 0, 0, 6084.842, 254, 1194.5, 0.513, 1194.5, 0, 
구미태양광, 1, 2026-02-25 00:00:00, 0, 0, 0, 0, 0, 0, 0, 0, 31.964, 88.731, 271.184, 596.533, 690.977, 669.572, 437.294, 507.657, 402.22, 172.112, 11.932, 0, 0, 0, 0, 0, 3880.176, 162, 690.97, 11.932, 690.977, 0, 
삼천포태양광#6, 1, 2026-02-25 00:00:00, 0, 0, 0, 0, 0, 0, 0, 0, 0, 0, 0, 0, 0, 0, 0, 0, 0, 0, 0, 0, 0, 0, 0, 0, 0, 0, 0, 0, 0, 0, 
영흥태양광#5, 1, 2026-02-25 00:00:00, 0, 0, 0, 0, 0, 0, 0, 108.474, 894.305, 1759.684, 2362.316, 2707.021, 2904.684, 2839.6, 2526.232, 2099.568, 1376.411, 482.105, 9.642, 0, 0, 0, 0, 0, 20070.042, 836, 2904.68, 9.64, 2904.684, 0, 
영흥태양광 #3, 1, 2026-02-25 00:00:00, 0, 0, 0, 0, 0, 0, 0, 0, 0, 0, 0, 0, 0, 0, 0, 0, 0, 0, 0, 0, 0, 0, 0, 0, 0, 0, 0, 0, 0, 0, 
영흥태양광 #3, 2, 2026-02-25 00:00:00, 0, 0, 0, 0, 0, 0, 0, 17.76, 182.88, 373.92, 509.376, 590.976, 629.76, 619.008, 565.44, 461.472, 306.912, 118.08, 2.304, 0, 0, 0, 0, 0, 4377.888, 182, 629.76, 2.304, 629.76, 0, 
영흥태양광 #3, 3, 2026-02-25 00:00:00, 0, 0, 0, 0, 0, 0, 0, 19.68, 232.92, 520.2, 706.2, 824.52, 873.96, 857.16, 782.88, 641.64, 425.28, 156.36, 3.72, 0, 0, 0, 0, 0, 6044.52, 252, 873.96, 3.72, 873.96, 0, 
영흥태양광, 1, 2026-02-25 00:00:00, 0, 0, 0, 0, 0, 0, 0, 2.074, 118.387, 353.203, 545.318, 674.266, 725.76, 691.085, 604.454, 496.781, 337.958, 102.989, 1.075, 0, 0, 0, 0, 0, 4653.35, 194, 725.76, 1.075, 725.76, 0, 
예천태양광, 1, 2026-02-25 00:00:00, 0, 0, 0, 0, 0, 0, 0, 0, 0, 20.16, 173.34, 915.12, 1547.82, 1524.96, 1364.58, 1087.2, 682.74, 181.26, 0, 0, 0, 0, 0, 0, 7497.18, 312, 1547.82, 20.16, 1547.82, 0, 
여수태양광, 1, 2026-02-25 00:00:00, 0, 0, 0, 0, 0, 0, 0, 0, 0, 0, 0, 0, 0, 0, 0, 0, 0, 0, 0, 0, 0, 0, 0, 601, 601, 25, 601, 601, 601, 0, 
영흥태양광, 2, 2026-02-25 00:00:00, 0, 0, 0, 0, 0, 0, 0, 0, 20.248, 353.865, 509.103, 585.276, 626.737, 617.095, 556.349, 418.467, 255.516, 70.387, 0.964, 0, 0, 0, 0, 0, 4014.007, 167, 626.73, 0.96, 626.737, 0, 
탑선태양광, 1, 2026-02-25 00:00:00, 0, 0, 0, 0, 0, 0, 0, 0, 0, 0, 0, 0, 0, 0, 0, 0, 0, 0, 0, 0, 0, 0, 0, 672, 672, 28, 672, 672, 672, 0, 
탑선태양광, 3, 2026-02-25 00:00:00, 0, 0, 0, 0, 0, 0, 0, 0, 0, 0, 0, 0, 0, 0, 0, 0, 0, 0, 0, 0, 0, 0, 0, 177, 177, 7, 177, 177, 177, 0, 
경상대태양광, 1, 2026-02-25 00:00:00, 0, 0, 0, 0, 0, 0, 0, 0, 7.848, 87.624, 281.304, 305.496, 319.68, 345.096, 404.496, 429.264, 315.36, 115.992, 2.448, 0, 0, 0, 0, 0, 2614.608, 109, 429.26, 2.448, 429.264, 0, 
고흥만 수상태양광, 1, 2026-02-25 00:00:00, 0, 0, 0, 0, 0, 0, 0, 276.444, 2390.556, 5086.872, 8092.224, 17224.536, 43690.08, 50879.556, 42621.012, 27569.724, 23385.684, 7246.008, 104.076, 0, 0, 0, 0, 0, 228566.772, 9524, 50879.55, 104.07, 50879.556, 0, 
영동태양광, 1, 2026-02-24 00:00:00, 0, 0, 0, 0, 0, 0, 0, 1.632, 39.936, 46.848, 28.128, 60.192, 115.68, 143.616, 130.08, 143.424, 86.208, 17.76, 0, 0, 0, 0, 0, 0, 813.504, 34, 143.61, 1.632, 143.616, 0, 
삼천포태양광#5, 1, 2026-02-24 00:00:00, 0, 0, 0, 0, 0, 0, 0, 35.487, 46.158, 81.258, 140.92, 157.225, 148.979, 82.897, 81.965, 59.202, 39.955, 0, 0, 0, 0, 0, 0, 0, 874.046, 36, 157.22, 35.487, 157.225, 0, 
삼천포태양광#5, 2, 2026-02-24 00:00:00, 0, 0, 0, 0, 0, 0, 0, 61.546, 85.298, 140.086, 234.329, 260.265, 240.236, 134.898, 138.618, 132.261, 63.767, 0, 0, 0, 0, 0, 0, 0, 1491.304, 62, 260.26, 61.546, 260.265, 0, 
광양항세방태양광, 1, 2026-02-24 00:00:00, 0, 0, 0, 0, 0, 0, 0, 7.2, 14.4, 31.2, 112.8, 117.6, 86.4, 36, 50.4, 38.4, 31.2, 14.4, 0, 0, 0, 0, 0, 0, 540, 23, 117.6, 7.2, 117.6, 0, 
두산엔진MG태양광, 1, 2026-02-24 00:00:00, 0, 0, 0, 0, 0, 0, 0, 0.9, 3.18, 3.72, 3.54, 4.68, 4.44, 2.76, 2.28, 2.7, 1.44, 0.66, 0.06, 0, 0, 0, 0, 0, 30.36, 1, 4.68, 0.06, 4.68, 0, 
삼천포태양광, 1, 2026-02-24 00:00:00, 0, 0, 0, 0, 0, 0, 0, 0.036, 0, 0, 0.324, 0.444, 0.288, 0, 0, 0, 0, 0, 0, 0, 0, 0, 0, 0, 1.092, 0, 0.44, 0.036, 0.444, 0, 
삼천포태양광, 2, 2026-02-24 00:00:00, 0, 0, 0, 0, 0, 0, 0, 10.944, 14.784, 22.752, 37.344, 42.72, 39.456, 24.192, 24.384, 21.216, 9.408, 2.688, 0, 0, 0, 0, 0, 0, 249.888, 10, 42.72, 2.688, 42.72, 0, 
삼천포태양광, 3, 2026-02-24 00:00:00, 0, 0, 0, 0, 0, 0, 0, 2.412, 2.484, 4.5, 9.576, 11.34, 9.72, 4.896, 4.788, 3.816, 0.828, 0, 0, 0, 0, 0, 0, 0, 54.36, 2, 11.34, 0.828, 11.34, 0, 
삼천포태양광, 4, 2026-02-24 00:00:00, 0, 0, 0, 0, 0, 0, 0, 10.095, 10.616, 23.544, 47.999, 56.214, 52.177, 25.02, 24.752, 15.849, 6.932, 0, 0, 0, 0, 0, 0, 0, 273.198, 11, 56.21, 6.93, 56.214, 0, 
구미태양광, 1, 2026-02-24 00:00:00, 0, 0, 0, 0, 0, 0, 0, 0, 11.354, 34.061, 41.799, 33.916, 23.286, 13.089, 0.072, 0, 0, 0, 0, 0, 0, 0, 0, 0, 157.577, 7, 41.79, 0.07, 41.799, 0, 
삼천포태양광#6, 1, 2026-02-24 00:00:00, 0, 0, 0, 0, 0, 0, 0, 0, 0, 0, 0, 0, 0, 0, 0, 0, 0, 0, 0, 0, 0, 0, 0, 0, 0, 0, 0, 0, 0, 0, 
영흥태양광#5, 1, 2026-02-24 00:00:00, 0, 0, 0, 0, 0, 0, 0, 0, 84.368, 168.737, 216.947, 320.6, 385.684, 448.358, 552.011, 932.874, 539.958, 486.926, 7.232, 0, 0, 0, 0, 0, 4143.695, 173, 932.87, 7.23, 932.874, 0, 
영흥태양광 #3, 1, 2026-02-24 00:00:00, 0, 0, 0, 0, 0, 0, 0, 0, 0, 0, 0, 0, 0, 0, 0, 0, 0, 0, 0, 0, 0, 0, 0, 0, 0, 0, 0, 0, 0, 0, 
영흥태양광 #3, 2, 2026-02-24 00:00:00, 0, 0, 0, 0, 0, 0, 0, 0, 9.984, 30.336, 41.28, 63.168, 78.528, 91.296, 108.48, 200.064, 115.872, 116.544, 1.92, 0, 0, 0, 0, 0, 857.472, 36, 200.06, 1.92, 200.064, 0, 
영흥태양광 #3, 3, 2026-02-24 00:00:00, 0, 0, 0, 0, 0, 0, 0, 0, 20.64, 43.44, 65.4, 94.2, 116.16, 129, 155.64, 279.24, 175.8, 163.2, 3.48, 0, 0, 0, 0, 0, 1246.2, 52, 279.24, 3.48, 279.24, 0, 
영흥태양광, 1, 2026-02-24 00:00:00, 0, 0, 0, 0, 0, 0, 0, 0, 9.446, 24.614, 51.571, 73.536, 96.845, 107.366, 123.533, 249.139, 144.192, 115.315, 1.229, 0, 0, 0, 0, 0, 996.786, 42, 249.13, 1.229, 249.139, 0, 
예천태양광, 1, 2026-02-24 00:00:00, 0, 0, 0, 0, 0, 0, 0, 0.72, 4.14, 20.52, 2.16, 0, 0, 0, 0, 0, 0, 0, 0, 0, 0, 0, 0, 0, 27.54, 1, 20.52, 0.72, 20.52, 0, 
여수태양광, 1, 2026-02-24 00:00:00, 0, 0, 0, 0, 0, 0, 0, 0, 0, 0, 0, 0, 0, 0, 0, 0, 0, 0, 0, 0, 0, 0, 0, 682, 682, 28, 682, 682, 682, 0, 
영흥태양광, 2, 2026-02-24 00:00:00, 0, 0, 0, 0, 0, 0, 0, 0, 9.642, 24.105, 34.712, 51.103, 64.602, 75.208, 89.672, 157.166, 92.564, 62.674, 0.964, 0, 0, 0, 0, 0, 662.412, 28, 157.16, 0.96, 157.166, 0, 
탑선태양광, 1, 2026-02-24 00:00:00, 0, 0, 0, 0, 0, 0, 0, 0, 0, 0, 0, 0, 0, 0, 0, 0, 0, 0, 0, 0, 0, 0, 0, 672, 672, 28, 672, 672, 672, 0, 
탑선태양광, 3, 2026-02-24 00:00:00, 0, 0, 0, 0, 0, 0, 0, 0, 0, 0, 0, 0, 0, 0, 0, 0, 0, 0, 0, 0, 0, 0, 0, 177, 177, 7, 177, 177, 177, 0, 
경상대태양광, 1, 2026-02-24 00:00:00, 0, 0, 0, 0, 0, 0, 0, 0, 10.8, 15.408, 22.896, 40.752, 29.808, 15.912, 13.104, 14.256, 7.488, 5.112, 0, 0, 0, 0, 0, 0, 175.536, 7, 40.75, 5.112, 40.752, 0, 
고흥만 수상태양광, 1, 2026-02-24 00:00:00, 0, 0, 0, 0, 0, 0, 0, 9.996, 474.852, 1315.356, 2848.944, 3340.008, 2254.98, 1377.348, 1523.76, 1047.564, 984.732, 335.412, 0, 0, 0, 0, 0, 0, 15512.952, 646, 3340, 9.99, 3340.008, 0, 
영동태양광, 1, 2026-02-23 00:00:00, 0, 0, 0, 0, 0, 0, 0, 7.68, 138.432, 389.568, 607.296, 749.28, 810.144, 797.568, 714.144, 396.96, 195.072, 33.888, 0, 0, 0, 0, 0, 0, 4840.032, 202, 810.14, 7.68, 810.144, 0, 
삼천포태양광#5, 1, 2026-02-23 00:00:00, 0, 0, 0, 0, 0, 0, 0, 69.615, 190.504, 191.462, 219.668, 554.616, 1912.615, 3150.516, 2762.939, 2198.637, 2508.808, 2540.275, 2504.244, 2126.049, 0, 0, 0, 0, 20929.948, 872, 3150.51, 69.615, 3150.516, 0, 
삼천포태양광#5, 2, 2026-02-23 00:00:00, 0, 0, 0, 0, 0, 0, 0, 112.085, 285.08, 284.148, 571.403, 1298.111, 4144.536, 5351.072, 4677.682, 3732.574, 4264.712, 4180.203, 3797.633, 2588.234, 0, 0, 0, 0, 35287.473, 1470, 5351.07, 112.08, 5351.072, 0, 
광양항세방태양광, 1, 2026-02-23 00:00:00, 0, 0, 0, 0, 0, 0, 0, 52.8, 307.2, 712.8, 1152, 1471.2, 1617.6, 1504.8, 1432.8, 1123.2, 614.4, 192, 2.4, 0, 0, 0, 0, 0, 10183.2, 424, 1617.6, 2.4, 1617.6, 0, 
두산엔진MG태양광, 1, 2026-02-23 00:00:00, 0, 0, 0, 0, 0, 0, 0, 0.96, 4.02, 12, 26.64, 39.72, 49.02, 48.72, 53.4, 46.8, 33.84, 13.44, 0.18, 0, 0, 0, 0, 0, 328.74, 14, 53.4, 0.18, 53.4, 0, 
삼천포태양광, 1, 2026-02-23 00:00:00, 0, 0, 0, 0, 0, 0, 0, 0.876, 8.988, 21.384, 31.5, 38.076, 39.948, 39.456, 34.572, 28.092, 16.584, 3.108, 0, 0, 0, 0, 0, 0, 262.584, 11, 39.94, 0.87, 39.948, 0, 
삼천포태양광, 2, 2026-02-23 00:00:00, 0, 0, 0, 0, 0, 0, 0, 24.576, 166.752, 424.032, 610.848, 707.424, 734.304, 719.136, 622.848, 489.312, 279.936, 83.136, 0.96, 0, 0, 0, 0, 0, 4863.264, 203, 734.3, 0.96, 734.304, 0, 
삼천포태양광, 3, 2026-02-23 00:00:00, 0, 0, 0, 0, 0, 0, 0, 7.812, 76.32, 149.832, 205.2, 235.08, 243.252, 236.988, 207.756, 164.34, 94.608, 22.716, 0.036, 0, 0, 0, 0, 0, 1643.94, 68, 243.25, 0.036, 243.252, 0, 
삼천포태양광, 4, 2026-02-23 00:00:00, 0, 0, 0, 0, 0, 0, 0, 23.932, 91.137, 94.134, 85.888, 95.737, 433.809, 1273.884, 1131.187, 879.9, 1181, 1195.122, 1174.235, 622.853, 0, 0, 0, 0, 8282.818, 345, 1273.88, 23.932, 1273.884, 0, 
구미태양광, 1, 2026-02-23 00:00:00, 0, 0, 0, 0, 0, 0, 0, 2.82, 128.505, 366.063, 539.91, 645.78, 696.618, 694.376, 586.047, 267.424, 151.791, 56.479, 4.339, 0, 0, 0, 0, 0, 4140.152, 173, 696.61, 2.82, 696.618, 0, 
삼천포태양광#6, 1, 2026-02-23 00:00:00, 0, 0, 0, 0, 0, 0, 0, 0, 0, 0, 0, 0, 0, 0, 0, 0, 0, 0, 0, 0, 0, 0, 0, 0, 0, 0, 0, 0, 0, 0, 
영흥태양광#5, 1, 2026-02-23 00:00:00, 0, 0, 0, 0, 0, 0, 0, 86.779, 843.684, 1675.316, 2323.747, 2694.968, 2617.832, 2439.453, 1258.295, 877.432, 417.021, 96.421, 0, 0, 0, 0, 0, 0, 15330.948, 639, 2694.96, 86.77, 2694.968, 0, 
영흥태양광 #3, 1, 2026-02-23 00:00:00, 0, 0, 0, 0, 0, 0, 0, 0, 0, 0, 0, 0, 0, 0, 0, 0, 0, 0, 0, 0, 0, 0, 0, 0, 0, 0, 0, 0, 0, 0, 
영흥태양광 #3, 2, 2026-02-23 00:00:00, 0, 0, 0, 0, 0, 0, 0, 12.96, 173.28, 363.36, 500.736, 580.32, 575.904, 537.6, 282.528, 190.848, 89.088, 15.936, 0, 0, 0, 0, 0, 0, 3322.56, 138, 580.32, 12.96, 580.32, 0, 
영흥태양광 #3, 3, 2026-02-23 00:00:00, 0, 0, 0, 0, 0, 0, 0, 15.72, 213, 479.64, 694.2, 810.96, 793.68, 767.88, 424.32, 270.24, 128.88, 28.2, 0, 0, 0, 0, 0, 0, 4626.72, 193, 810.96, 15.72, 810.96, 0, 
영흥태양광, 1, 2026-02-23 00:00:00, 0, 0, 0, 0, 0, 0, 0, 1.498, 105.562, 340.762, 523.622, 654.182, 638.016, 633.754, 384.576, 229.862, 110.63, 19.392, 0, 0, 0, 0, 0, 0, 3641.856, 152, 654.18, 1.498, 654.182, 0, 
예천태양광, 1, 2026-02-23 00:00:00, 0, 0, 0, 0, 0, 0, 0, 79.2, 546.84, 1005.48, 1282.68, 1446.84, 1486.44, 1246.32, 752.58, 639.36, 291.96, 68.04, 0, 0, 0, 0, 0, 0, 8845.74, 369, 1486.44, 68.04, 1486.44, 0, 
여수태양광, 1, 2026-02-23 00:00:00, 0, 0, 0, 0, 0, 0, 0, 0, 0, 0, 0, 0, 0, 0, 0, 0, 0, 0, 0, 0, 0, 0, 0, 567, 567, 24, 567, 567, 567, 0, 
영흥태양광, 2, 2026-02-23 00:00:00, 0, 0, 0, 0, 0, 0, 0, 8.678, 120.526, 269.015, 377.971, 442.573, 432.931, 415.575, 226.589, 150.417, 73.28, 15.427, 0, 0, 0, 0, 0, 0, 2532.982, 106, 442.57, 8.67, 442.573, 0, 
탑선태양광, 1, 2026-02-23 00:00:00, 0, 0, 0, 0, 0, 0, 0, 0, 0, 0, 0, 0, 0, 0, 0, 0, 0, 0, 0, 0, 0, 0, 0, 672, 672, 28, 672, 672, 672, 0, 
탑선태양광, 3, 2026-02-23 00:00:00, 0, 0, 0, 0, 0, 0, 0, 0, 0, 0, 0, 0, 0, 0, 0, 0, 0, 0, 0, 0, 0, 0, 0, 177, 177, 7, 177, 177, 177, 0, 
경상대태양광, 1, 2026-02-23 00:00:00, 0, 0, 0, 0, 0, 0, 0, 6.912, 110.088, 269.856, 404.784, 496.224, 536.544, 503.568, 478.656, 397.44, 259.272, 87.84, 2.088, 0, 0, 0, 0, 0, 3553.272, 148, 536.54, 2.088, 536.544, 0, 
고흥만 수상태양광, 1, 2026-02-23 00:00:00, 0, 0, 0, 0, 0, 0, 0, 1807.932, 13744.668, 28619.388, 40073.544, 46635.876, 45264.828, 47530.644, 42243.684, 33670.98, 20875.848, 7030.38, 112.476, 0, 0, 0, 0, 0, 327610.248, 13650, 47530.64, 112.47, 47530.644, 0, 
영동태양광, 1, 2026-02-22 00:00:00, 0, 0, 0, 0, 0, 0, 0, 3.456, 116.544, 307.008, 523.104, 665.376, 749.184, 517.92, 432.096, 319.68, 218.784, 100.992, 0.192, 0, 0, 0, 0, 0, 3954.336, 165, 749.18, 0.192, 749.184, 0, 
삼천포태양광#5, 1, 2026-02-22 00:00:00, 0, 0, 0, 0, 0, 0, 0, 44.679, 205.619, 414.493, 664.9, 461.28, 572.129, 2993.538, 2617.157, 1919.545, 2490.763, 2531.98, 2487.111, 1628.27, 0, 0, 0, 0, 19031.464, 793, 2993.53, 44.679, 2993.538, 0, 
삼천포태양광#5, 2, 2026-02-22 00:00:00, 0, 0, 0, 0, 0, 0, 0, 74.926, 279.917, 387.401, 1048.697, 1080.082, 2488.101, 5088.038, 4410.049, 3266.514, 4259.925, 4114.722, 3792.409, 1703.358, 0, 0, 0, 0, 31994.139, 1333, 5088.03, 74.92, 5088.038, 0, 
광양항세방태양광, 1, 2026-02-22 00:00:00, 0, 0, 0, 0, 0, 0, 0, 40.8, 319.2, 631.2, 1039.2, 1360.8, 1521.6, 1543.2, 1305.6, 904.8, 439.2, 105.6, 0, 0, 0, 0, 0, 0, 9211.2, 384, 1543.2, 40.8, 1543.2, 0, 
두산엔진MG태양광, 1, 2026-02-22 00:00:00, 0, 0, 0, 0, 0, 0, 0, 1.14, 3.84, 10.86, 21.3, 36.66, 45.18, 50.64, 49.92, 41.94, 27.66, 7.5, 0.12, 0, 0, 0, 0, 0, 296.76, 12, 50.64, 0.12, 50.64, 0, 
삼천포태양광, 1, 2026-02-22 00:00:00, 0, 0, 0, 0, 0, 0, 0, 0.492, 8.208, 18.744, 28.116, 34.536, 37.8, 37.836, 32.88, 24.192, 11.292, 1.284, 0, 0, 0, 0, 0, 0, 235.38, 10, 37.83, 0.492, 37.836, 0, 
삼천포태양광, 2, 2026-02-22 00:00:00, 0, 0, 0, 0, 0, 0, 0, 16.032, 159.264, 403.584, 551.328, 658.272, 702.24, 692.16, 591.168, 428.256, 216, 50.688, 0.48, 0, 0, 0, 0, 0, 4469.472, 186, 702.24, 0.48, 702.24, 0, 
삼천포태양광, 3, 2026-02-22 00:00:00, 0, 0, 0, 0, 0, 0, 0, 4.536, 76.032, 141.3, 176.652, 217.188, 228.276, 229.176, 197.136, 141.588, 67.536, 13.14, 0, 0, 0, 0, 0, 0, 1492.56, 62, 229.17, 4.536, 229.176, 0, 
삼천포태양광, 4, 2026-02-22 00:00:00, 0, 0, 0, 0, 0, 0, 0, 10.204, 81.856, 89.01, 140.059, 112.71, 131.657, 1200.258, 1050.515, 749.156, 1178.185, 1195.763, 1172.848, 384.141, 0, 0, 0, 0, 7496.362, 312, 1200.25, 10.204, 1200.258, 0, 
구미태양광, 1, 2026-02-22 00:00:00, 0, 0, 0, 0, 0, 0, 0, 3.037, 97.482, 302.28, 439.752, 561.604, 609.839, 472.222, 264.387, 392.53, 223.456, 90.105, 6.725, 0, 0, 0, 0, 0, 3463.419, 144, 609.83, 3.037, 609.839, 0, 
삼천포태양광#6, 1, 2026-02-22 00:00:00, 0, 0, 0, 0, 0, 0, 0, 0, 0, 0, 0, 0, 0, 0, 0, 0, 0, 0, 0, 0, 0, 0, 0, 0, 0, 0, 0, 0, 0, 0, 
영흥태양광#5, 1, 2026-02-22 00:00:00, 0, 0, 0, 0, 0, 0, 0, 21.695, 96.421, 458, 961.8, 793.063, 1060.632, 2010.379, 2367.137, 2089.926, 1412.568, 482.105, 4.821, 0, 0, 0, 0, 0, 11758.547, 490, 2367.13, 4.82, 2367.137, 0, 
영흥태양광 #3, 1, 2026-02-22 00:00:00, 0, 0, 0, 0, 0, 0, 0, 0, 0, 0, 0, 0, 0, 0, 0, 0, 0, 0, 0, 0, 0, 0, 0, 0, 0, 0, 0, 0, 0, 0, 
영흥태양광 #3, 2, 2026-02-22 00:00:00, 0, 0, 0, 0, 0, 0, 0, 1.632, 9.792, 98.4, 205.152, 166.944, 230.304, 443.616, 527.52, 469.44, 318.624, 116.64, 1.728, 0, 0, 0, 0, 0, 2589.792, 108, 527.52, 1.632, 527.52, 0, 
영흥태양광 #3, 3, 2026-02-22 00:00:00, 0, 0, 0, 0, 0, 0, 0, 3.24, 13.32, 133.2, 280.56, 224.52, 318, 617.76, 729.12, 645.48, 433.32, 152.52, 2.88, 0, 0, 0, 0, 0, 3553.92, 148, 729.12, 2.88, 729.12, 0, 
영흥태양광, 1, 2026-02-22 00:00:00, 0, 0, 0, 0, 0, 0, 0, 1.037, 4.608, 87.091, 233.587, 187.277, 253.44, 510.797, 587.827, 509.837, 346.637, 98.035, 0.576, 0, 0, 0, 0, 0, 2820.749, 118, 587.82, 0.57, 587.827, 0, 
예천태양광, 1, 2026-02-22 00:00:00, 0, 0, 0, 0, 0, 0, 0, 59.58, 341.28, 727.02, 629.1, 430.74, 154.98, 143.28, 805.14, 665.64, 347.58, 101.7, 0, 0, 0, 0, 0, 0, 4406.04, 184, 805.14, 59.58, 805.14, 0, 
여수태양광, 1, 2026-02-22 00:00:00, 0, 0, 0, 0, 0, 0, 0, 0, 0, 0, 0, 0, 0, 0, 0, 0, 0, 0, 0, 0, 0, 0, 0, 476, 476, 20, 476, 476, 476, 0, 
영흥태양광, 2, 2026-02-22 00:00:00, 0, 0, 0, 0, 0, 0, 0, 0.964, 4.821, 61.709, 161.023, 133.061, 175.486, 335.545, 393.398, 316.261, 203.448, 53.032, 0.964, 0, 0, 0, 0, 0, 1839.712, 77, 393.39, 0.96, 393.398, 0, 
탑선태양광, 1, 2026-02-22 00:00:00, 0, 0, 0, 0, 0, 0, 0, 0, 0, 0, 0, 0, 0, 0, 0, 0, 0, 0, 0, 0, 0, 0, 0, 672, 672, 28, 672, 672, 672, 0, 
탑선태양광, 3, 2026-02-22 00:00:00, 0, 0, 0, 0, 0, 0, 0, 0, 0, 0, 0, 0, 0, 0, 0, 0, 0, 0, 0, 0, 0, 0, 0, 177, 177, 7, 177, 177, 177, 0, 
경상대태양광, 1, 2026-02-22 00:00:00, 0, 0, 0, 0, 0, 0, 0, 7.56, 112.536, 231.624, 347.4, 466.272, 500.904, 509.256, 448.488, 337.536, 186.912, 54.648, 1.296, 0, 0, 0, 0, 0, 3204.432, 134, 509.25, 1.296, 509.256, 0, 
고흥만 수상태양광, 1, 2026-02-22 00:00:00, 0, 0, 0, 0, 0, 0, 0, 821.94, 8508.864, 16859.64, 29029.14, 35812.14, 45248.028, 44034.984, 36777.468, 24685.92, 13189.512, 3998.904, 101.724, 0, 0, 0, 0, 0, 259068.264, 10795, 45248.02, 101.72, 45248.028, 0, 
영동태양광, 1, 2026-02-21 00:00:00, 0, 0, 0, 0, 0, 0, 0, 6.912, 118.272, 329.856, 537.504, 702.144, 463.488, 498.432, 454.56, 511.872, 438.816, 129.888, 0.576, 0, 0, 0, 0, 0, 4192.32, 175, 702.14, 0.576, 702.144, 0, 
삼천포태양광#5, 1, 2026-02-21 00:00:00, 0, 0, 0, 0, 0, 0, 0, 53.375, 189.903, 236.039, 259.492, 419.8, 1383.38, 3108.308, 2790.665, 2244.962, 2507.877, 2537.179, 2490.436, 2224.212, 0, 0, 0, 0, 20445.628, 852, 3108.3, 53.375, 3108.308, 0, 
삼천포태양광#5, 2, 2026-02-21 00:00:00, 0, 0, 0, 0, 0, 0, 0, 95.662, 286.603, 286.603, 446.726, 1096.367, 3473.71, 5287.132, 4723.242, 3810.545, 4271.094, 4164.867, 3794.473, 2788.307, 0, 0, 0, 0, 34525.331, 1439, 5287.13, 95.66, 5287.132, 0, 
광양항세방태양광, 1, 2026-02-21 00:00:00, 0, 0, 0, 0, 0, 0, 0, 36, 278.4, 607.2, 976.8, 1284, 1485.6, 1492.8, 1310.4, 1008, 535.2, 158.4, 0, 0, 0, 0, 0, 0, 9172.8, 382, 1492.8, 36, 1492.8, 0, 
두산엔진MG태양광, 1, 2026-02-21 00:00:00, 0, 0, 0, 0, 0, 0, 0, 1.32, 4.98, 12.06, 25.08, 38.22, 47.46, 52.44, 52.44, 46.56, 34.68, 13.02, 0.18, 0, 0, 0, 0, 0, 328.44, 14, 52.44, 0.18, 52.44, 0, 
삼천포태양광, 1, 2026-02-21 00:00:00, 0, 0, 0, 0, 0, 0, 0, 0.444, 7.452, 19.812, 29.94, 36.528, 39.708, 39.204, 35.472, 28.728, 17.508, 3.708, 0, 0, 0, 0, 0, 0, 258.504, 11, 39.7, 0.444, 39.708, 0, 
삼천포태양광, 2, 2026-02-21 00:00:00, 0, 0, 0, 0, 0, 0, 0, 17.856, 146.208, 395.136, 576.96, 687.552, 733.056, 712.032, 632.352, 499.68, 293.088, 89.76, 0.672, 0, 0, 0, 0, 0, 4784.352, 199, 733.05, 0.672, 733.056, 0, 
삼천포태양광, 3, 2026-02-21 00:00:00, 0, 0, 0, 0, 0, 0, 0, 4.788, 61.056, 137.16, 192.168, 226.188, 239.976, 233.856, 208.8, 168.192, 99.648, 24.192, 0, 0, 0, 0, 0, 0, 1596.024, 67, 239.97, 4.788, 239.976, 0, 
삼천포태양광, 4, 2026-02-21 00:00:00, 0, 0, 0, 0, 0, 0, 0, 14.707, 91.166, 94.647, 88.87, 92.882, 267.695, 1257.56, 1137.029, 896.669, 1182.773, 1194.85, 1173.787, 649.697, 0, 0, 0, 0, 8142.332, 339, 1257.56, 14.707, 1257.56, 0, 
구미태양광, 1, 2026-02-21 00:00:00, 0, 0, 0, 0, 0, 0, 0, 0.94, 98.205, 312.115, 485.601, 598.558, 647.516, 640.646, 574.043, 474.03, 314.14, 119.104, 5.93, 0, 0, 0, 0, 0, 4270.828, 178, 647.51, 0.94, 647.516, 0, 
삼천포태양광#6, 1, 2026-02-21 00:00:00, 0, 0, 0, 0, 0, 0, 0, 0, 0, 0, 0, 0, 0, 0, 0, 0, 0, 0, 0, 0, 0, 0, 0, 0, 0, 0, 0, 0, 0, 0, 
영흥태양광#5, 1, 2026-02-21 00:00:00, 0, 0, 0, 0, 0, 0, 0, 48.211, 561.653, 1383.642, 2061, 2492.484, 2694.968, 2670.863, 2405.705, 1918.779, 1214.905, 332.653, 7.232, 0, 0, 0, 0, 0, 17792.095, 741, 2694.96, 7.23, 2694.968, 0, 
영흥태양광 #3, 1, 2026-02-21 00:00:00, 0, 0, 0, 0, 0, 0, 0, 0, 0, 0, 0, 0, 0, 0, 0, 0, 0, 0, 0, 0, 0, 0, 0, 0, 0, 0, 0, 0, 0, 0, 
영흥태양광 #3, 2, 2026-02-21 00:00:00, 0, 0, 0, 0, 0, 0, 0, 5.952, 112.224, 292.416, 444.192, 542.784, 586.08, 582.24, 529.152, 424.512, 272.352, 77.664, 0.672, 0, 0, 0, 0, 0, 3870.24, 161, 586.08, 0.672, 586.08, 0, 
영흥태양광 #3, 3, 2026-02-21 00:00:00, 0, 0, 0, 0, 0, 0, 0, 10.32, 142.08, 397.08, 611.64, 740.16, 801.24, 794.28, 723.96, 581.64, 371.76, 106.68, 2.04, 0, 0, 0, 0, 0, 5282.88, 220, 801.24, 2.04, 801.24, 0, 
영흥태양광, 1, 2026-02-21 00:00:00, 0, 0, 0, 0, 0, 0, 0, 2.803, 81.562, 279.706, 465.754, 600.73, 666.893, 655.027, 563.443, 454.541, 291.533, 74.88, 0.576, 0, 0, 0, 0, 0, 4137.448, 172, 666.89, 0.576, 666.893, 0, 
예천태양광, 1, 2026-02-21 00:00:00, 0, 0, 0, 0, 0, 0, 0, 52.38, 446.22, 870.66, 1151.46, 1321.38, 1386.54, 1339.2, 1181.88, 916.74, 530.46, 120.06, 0, 0, 0, 0, 0, 0, 9316.98, 388, 1386.54, 52.38, 1386.54, 0, 
여수태양광, 1, 2026-02-21 00:00:00, 0, 0, 0, 0, 0, 0, 0, 0, 0, 0, 0, 0, 0, 0, 0, 0, 0, 0, 0, 0, 0, 0, 0, 489, 489, 20, 489, 489, 489, 0, 
영흥태양광, 2, 2026-02-21 00:00:00, 0, 0, 0, 0, 0, 0, 0, 4.821, 81.958, 218.876, 332.653, 404.968, 440.644, 438.716, 396.291, 289.263, 178.379, 42.425, 0.964, 0, 0, 0, 0, 0, 2829.958, 118, 440.64, 0.96, 440.644, 0, 
탑선태양광, 1, 2026-02-21 00:00:00, 0, 0, 0, 0, 0, 0, 0, 0, 0, 0, 0, 0, 0, 0, 0, 0, 0, 0, 0, 0, 0, 0, 0, 672, 672, 28, 672, 672, 672, 0, 
탑선태양광, 3, 2026-02-21 00:00:00, 0, 0, 0, 0, 0, 0, 0, 0, 0, 0, 0, 0, 0, 0, 0, 0, 0, 0, 0, 0, 0, 0, 0, 177, 177, 7, 177, 177, 177, 0, 
경상대태양광, 1, 2026-02-21 00:00:00, 0, 0, 0, 0, 0, 0, 0, 6.624, 102.672, 259.416, 392.688, 481.824, 537.264, 539.28, 493.272, 399.888, 251.28, 80.064, 1.512, 0, 0, 0, 0, 0, 3545.784, 148, 539.28, 1.512, 539.28, 0, 
고흥만 수상태양광, 1, 2026-02-21 00:00:00, 0, 0, 0, 0, 0, 0, 0, 1329.972, 11748.24, 26782.812, 38429.58, 45627.624, 48771.912, 47055.204, 42402.36, 34250.412, 21405.72, 6564.852, 119.028, 0, 0, 0, 0, 0, 324487.716, 13520, 48771.91, 119.02, 48771.912, 0, 
영동태양광, 1, 2026-02-20 00:00:00, 0, 0, 0, 0, 0, 0, 0, 6.336, 123.84, 346.656, 559.776, 708.672, 783.552, 778.464, 725.568, 585.024, 366.72, 105.696, 0, 0, 0, 0, 0, 0, 5090.304, 212, 783.55, 6.336, 783.552, 0, 
삼천포태양광#5, 1, 2026-02-20 00:00:00, 0, 0, 0, 0, 0, 0, 0, 41.694, 201.077, 231.913, 346.294, 603.43, 1554.524, 3085.66, 2768.293, 2154.85, 2515.787, 2541.99, 2505.747, 2032.32, 0, 0, 0, 0, 20583.579, 858, 3085.66, 41.694, 3085.66, 0, 
삼천포태양광#5, 2, 2026-02-20 00:00:00, 0, 0, 0, 0, 0, 0, 0, 69.114, 284.324, 296.706, 583.166, 1271.172, 3882.898, 5252.3, 4699.078, 3655.282, 4264.68, 4146.074, 3791.812, 2481.477, 0, 0, 0, 0, 34678.083, 1445, 5252.3, 69.114, 5252.3, 0, 
광양항세방태양광, 1, 2026-02-20 00:00:00, 0, 0, 0, 0, 0, 0, 0, 28.8, 278.4, 674.4, 1130.4, 1478.4, 1694.4, 1783.2, 1524, 1120.8, 583.2, 163.2, 0, 0, 0, 0, 0, 0, 10459.2, 436, 1783.2, 28.8, 1783.2, 0, 
두산엔진MG태양광, 1, 2026-02-20 00:00:00, 0, 0, 0, 0, 0, 0, 0, 1.02, 4.26, 11.52, 25.44, 38.04, 46.38, 51.9, 51.54, 45.84, 32.52, 11.34, 0.12, 0, 0, 0, 0, 0, 319.92, 13, 51.9, 0.12, 51.9, 0, 
삼천포태양광, 1, 2026-02-20 00:00:00, 0, 0, 0, 0, 0, 0, 0, 0.396, 7.752, 20.424, 31.356, 38.328, 40.812, 39.684, 35.448, 27.924, 16.14, 3.048, 0, 0, 0, 0, 0, 0, 261.312, 11, 40.81, 0.396, 40.812, 0, 
삼천포태양광, 2, 2026-02-20 00:00:00, 0, 0, 0, 0, 0, 0, 0, 13.44, 144.576, 412.8, 601.056, 699.36, 737.28, 695.136, 613.152, 480.096, 277.632, 76.128, 0.384, 0, 0, 0, 0, 0, 4751.04, 198, 737.28, 0.384, 737.28, 0, 
삼천포태양광, 3, 2026-02-20 00:00:00, 0, 0, 0, 0, 0, 0, 0, 3.204, 65.808, 146.736, 203.256, 234.72, 249.012, 235.188, 208.656, 162.576, 92.16, 20.016, 0, 0, 0, 0, 0, 0, 1621.332, 68, 249.01, 3.204, 249.012, 0, 
삼천포태양광, 4, 2026-02-20 00:00:00, 0, 0, 0, 0, 0, 0, 0, 9.536, 85.127, 93.261, 86.66, 95.364, 410.042, 1247.672, 1127.621, 858.069, 1180.774, 1195.391, 1172.337, 568.146, 0, 0, 0, 0, 8130, 339, 1247.67, 9.536, 1247.672, 0, 
구미태양광, 1, 2026-02-20 00:00:00, 0, 0, 0, 0, 0, 0, 0, 0.072, 94.806, 317.973, 501.944, 607.019, 657.061, 658.363, 597.69, 487.625, 318.84, 120.767, 5.858, 0, 0, 0, 0, 0, 4368.018, 182, 658.36, 0.072, 658.363, 0, 
삼천포태양광#6, 1, 2026-02-20 00:00:00, 0, 0, 0, 0, 0, 0, 0, 0, 0, 0, 0, 0, 0, 0, 0, 0, 0, 0, 0, 0, 0, 0, 0, 0, 0, 0, 0, 0, 0, 0, 
영흥태양광#5, 1, 2026-02-20 00:00:00, 0, 0, 0, 0, 0, 0, 0, 43.389, 564.063, 1364.358, 1981.453, 2391.242, 2572.032, 2453.916, 2145.368, 1643.979, 966.621, 284.442, 2.411, 0, 0, 0, 0, 0, 16413.274, 684, 2572.03, 2.41, 2572.032, 0, 
영흥태양광 #3, 1, 2026-02-20 00:00:00, 0, 0, 0, 0, 0, 0, 0, 0, 0, 0, 0, 0, 0, 0, 0, 0, 0, 0, 0, 0, 0, 0, 0, 0, 0, 0, 0, 0, 0, 0, 
영흥태양광 #3, 2, 2026-02-20 00:00:00, 0, 0, 0, 0, 0, 0, 0, 5.856, 115.488, 288.96, 429.504, 516.96, 554.016, 529.344, 469.248, 364.416, 216.96, 62.976, 0.384, 0, 0, 0, 0, 0, 3554.112, 148, 554.01, 0.384, 554.016, 0, 
영흥태양광 #3, 3, 2026-02-20 00:00:00, 0, 0, 0, 0, 0, 0, 0, 10.2, 149.64, 382.68, 597.6, 724.68, 780.36, 738.84, 645.12, 502.8, 297.48, 88.56, 1.32, 0, 0, 0, 0, 0, 4919.28, 205, 780.36, 1.32, 780.36, 0, 
영흥태양광, 1, 2026-02-20 00:00:00, 0, 0, 0, 0, 0, 0, 0, 2.458, 85.901, 278.976, 450.24, 573.542, 633.408, 604.723, 522.509, 405.619, 243.686, 62.938, 0.269, 0, 0, 0, 0, 0, 3864.269, 161, 633.4, 0.269, 633.408, 0, 
예천태양광, 1, 2026-02-20 00:00:00, 0, 0, 0, 0, 0, 0, 0, 45, 422.1, 889.92, 1201.86, 1369.62, 1426.68, 1369.98, 1231.38, 970.02, 576.18, 130.68, 0, 0, 0, 0, 0, 0, 9633.42, 401, 1426.68, 45, 1426.68, 0, 
여수태양광, 1, 2026-02-20 00:00:00, 0, 0, 0, 0, 0, 0, 0, 0, 0, 0, 0, 0, 0, 0, 0, 0, 0, 0, 0, 0, 0, 0, 0, 989, 989, 41, 989, 989, 989, 0, 
영흥태양광, 2, 2026-02-20 00:00:00, 0, 0, 0, 0, 0, 0, 0, 4.821, 85.815, 219.84, 327.832, 393.398, 424.253, 406.897, 317.225, 253.587, 147.524, 39.533, 0, 0, 0, 0, 0, 0, 2620.725, 109, 424.25, 4.82, 424.253, 0, 
탑선태양광, 1, 2026-02-20 00:00:00, 0, 0, 0, 0, 0, 0, 0, 0, 0, 0, 0, 0, 0, 0, 0, 0, 0, 0, 0, 0, 0, 0, 0, 672, 672, 28, 672, 672, 672, 0, 
탑선태양광, 3, 2026-02-20 00:00:00, 0, 0, 0, 0, 0, 0, 0, 0, 0, 0, 0, 0, 0, 0, 0, 0, 0, 0, 0, 0, 0, 0, 0, 177, 177, 7, 177, 177, 177, 0, 
경상대태양광, 1, 2026-02-20 00:00:00, 0, 0, 0, 0, 0, 0, 0, 5.688, 106.704, 271.224, 412.416, 499.104, 544.608, 536.328, 498.528, 395.424, 249.48, 79.848, 1.368, 0, 0, 0, 0, 0, 3600.72, 150, 544.6, 1.368, 544.608, 0, 
고흥만 수상태양광, 1, 2026-02-20 00:00:00, 0, 0, 0, 0, 0, 0, 0, 1357.356, 12389.244, 26461.008, 37971.948, 44876.58, 48193.656, 46642.428, 40158.72, 30643.284, 18667.74, 5748.792, 114.996, 0, 0, 0, 0, 0, 313225.752, 13051, 48193.65, 114.99, 48193.656, 0, 
영동태양광, 1, 2026-02-19 00:00:00, 0, 0, 0, 0, 0, 0, 0, 4.416, 135.552, 387.744, 603.744, 756.384, 835.392, 849.024, 791.232, 651.072, 468.672, 180.96, 0, 0, 0, 0, 0, 0, 5664.192, 236, 849.02, 4.41, 849.024, 0, 
삼천포태양광#5, 1, 2026-02-19 00:00:00, 0, 0, 0, 0, 0, 0, 0, 19.74, 186.433, 186.675, 375.953, 714.474, 2549.462, 3359.96, 2933.116, 2334.765, 2515.647, 2544.287, 2505.768, 1827.546, 0, 0, 0, 0, 22053.826, 919, 3359.96, 19.74, 3359.96, 0, 
삼천포태양광#5, 2, 2026-02-19 00:00:00, 0, 0, 0, 0, 0, 0, 0, 36.483, 276.537, 292.589, 884.52, 1666.991, 5008.73, 5725.068, 4933.931, 3967.323, 4263.019, 4084.205, 3790.089, 2198.821, 0, 0, 0, 0, 37128.306, 1547, 5725.06, 36.48, 5725.068, 0, 
광양항세방태양광, 1, 2026-02-19 00:00:00, 0, 0, 0, 0, 0, 0, 0, 24, 264, 739.2, 1272, 1608, 1790.4, 1812, 1471.2, 1195.2, 559.2, 117.6, 0, 0, 0, 0, 0, 0, 10852.8, 452, 1812, 24, 1812, 0, 
두산엔진MG태양광, 1, 2026-02-19 00:00:00, 0, 0, 0, 0, 0, 0, 0, 0.96, 3.12, 10.86, 26.82, 39.66, 48.6, 53.34, 53.16, 47.46, 35.94, 10.02, 0.06, 0, 0, 0, 0, 0, 330, 14, 53.34, 0.06, 53.34, 0, 
삼천포태양광, 1, 2026-02-19 00:00:00, 0, 0, 0, 0, 0, 0, 0, 0.492, 9.696, 22.884, 33.672, 40.608, 43.428, 42.732, 37.056, 29.736, 14.472, 1.128, 0, 0, 0, 0, 0, 0, 275.904, 11, 43.42, 0.492, 43.428, 0, 
삼천포태양광, 2, 2026-02-19 00:00:00, 0, 0, 0, 0, 0, 0, 0, 9.408, 157.632, 467.616, 648.864, 752.832, 788.256, 765.024, 663.648, 519.072, 259.392, 48, 0.096, 0, 0, 0, 0, 0, 5079.84, 212, 788.25, 0.096, 788.256, 0, 
삼천포태양광, 3, 2026-02-19 00:00:00, 0, 0, 0, 0, 0, 0, 0, 1.98, 80.28, 169.488, 221.616, 255.456, 267.084, 256.968, 221.4, 174.204, 85.14, 12.384, 0, 0, 0, 0, 0, 0, 1746, 73, 267.08, 1.98, 267.084, 0, 
삼천포태양광, 4, 2026-02-19 00:00:00, 0, 0, 0, 0, 0, 0, 0, 3.697, 67.854, 92.106, 88.287, 120.391, 765.759, 1354.548, 1198.792, 929.079, 1179.999, 1194.708, 1171.688, 482.584, 0, 0, 0, 0, 8649.492, 360, 1354.54, 3.697, 1354.548, 0, 
구미태양광, 1, 2026-02-19 00:00:00, 0, 0, 0, 0, 0, 0, 0, 0.072, 123.298, 378.718, 560.23, 661.762, 716.794, 704.211, 654.892, 562.617, 395.929, 163.94, 7.232, 0, 0, 0, 0, 0, 4929.695, 205, 716.79, 0.072, 716.794, 0, 
삼천포태양광#6, 1, 2026-02-19 00:00:00, 0, 0, 0, 0, 0, 0, 0, 0, 0, 0, 0, 0, 0, 0, 0, 0, 0, 0, 0, 0, 0, 0, 0, 0, 0, 0, 0, 0, 0, 0, 
영흥태양광#5, 1, 2026-02-19 00:00:00, 0, 0, 0, 0, 0, 0, 0, 69.905, 846.095, 1706.653, 2364.726, 2745.589, 2943.253, 2895.042, 2658.811, 2155.011, 1395.695, 441.126, 2.411, 0, 0, 0, 0, 0, 20224.317, 843, 2943.25, 2.41, 2943.253, 0, 
영흥태양광 #3, 1, 2026-02-19 00:00:00, 0, 0, 0, 0, 0, 0, 0, 30.24, 469.92, 1007.52, 230.4, 0, 0, 0, 0, 0, 0, 0, 0, 0, 0, 0, 0, 0, 1738.08, 72, 1007.52, 30.24, 1007.52, 0, 
영흥태양광 #3, 2, 2026-02-19 00:00:00, 0, 0, 0, 0, 0, 0, 0, 11.904, 171.744, 366.624, 511.392, 593.76, 640.608, 631.776, 575.904, 470.784, 310.752, 108.48, 0.864, 0, 0, 0, 0, 0, 4394.592, 183, 640.6, 0.864, 640.608, 0, 
영흥태양광 #3, 3, 2026-02-19 00:00:00, 0, 0, 0, 0, 0, 0, 0, 12.24, 216.6, 515.64, 707.28, 831.72, 878.28, 863.04, 793.68, 649.8, 426.48, 144.12, 1.44, 0, 0, 0, 0, 0, 6040.32, 252, 878.28, 1.44, 878.28, 0, 
영흥태양광, 1, 2026-02-19 00:00:00, 0, 0, 0, 0, 0, 0, 0, 0.269, 97.536, 345.485, 532.416, 667.008, 731.213, 707.789, 618.394, 504.922, 337.882, 87.744, 0.154, 0, 0, 0, 0, 0, 4630.812, 193, 731.21, 0.154, 731.213, 0, 
예천태양광, 1, 2026-02-19 00:00:00, 0, 0, 0, 0, 0, 0, 0, 0, 6.48, 14.22, 19.44, 336.06, 1494.72, 1461.24, 1338.66, 1068.48, 661.68, 153.18, 0, 0, 0, 0, 0, 0, 6554.16, 273, 1494.72, 6.48, 1494.72, 0, 
여수태양광, 1, 2026-02-19 00:00:00, 0, 0, 0, 0, 0, 0, 0, 0, 0, 0, 0, 0, 0, 0, 0, 0, 0, 0, 0, 0, 0, 0, 0, 675, 675, 28, 675, 675, 675, 0, 
영흥태양광, 2, 2026-02-19 00:00:00, 0, 0, 0, 0, 0, 0, 0, 7.714, 123.419, 281.549, 392.434, 459.928, 401.112, 302.762, 377.971, 323.011, 204.413, 50.139, 0, 0, 0, 0, 0, 0, 2924.452, 122, 459.92, 7.71, 459.928, 0, 
탑선태양광, 1, 2026-02-19 00:00:00, 0, 0, 0, 0, 0, 0, 0, 0, 0, 0, 0, 0, 0, 0, 0, 0, 0, 0, 0, 0, 0, 0, 0, 672, 672, 28, 672, 672, 672, 0, 
탑선태양광, 3, 2026-02-19 00:00:00, 0, 0, 0, 0, 0, 0, 0, 0, 0, 0, 0, 0, 0, 0, 0, 0, 0, 0, 0, 0, 0, 0, 0, 177, 177, 7, 177, 177, 177, 0, 
경상대태양광, 1, 2026-02-19 00:00:00, 0, 0, 0, 0, 0, 0, 0, 6.264, 119.088, 302.616, 442.944, 523.008, 562.68, 563.112, 504.432, 391.032, 257.832, 56.304, 1.008, 0, 0, 0, 0, 0, 3730.32, 155, 563.11, 1.008, 563.112, 0, 
고흥만 수상태양광, 1, 2026-02-19 00:00:00, 0, 0, 0, 0, 0, 0, 0, 1529.388, 15916.656, 31785.18, 42951.804, 49074.732, 51379.104, 48683.124, 42839.16, 29420.244, 13004.628, 3110.016, 13.524, 0, 0, 0, 0, 0, 329707.56, 13738, 51379.1, 13.52, 51379.104, 0, 
영동태양광, 1, 2026-02-18 00:00:00, 0, 0, 0, 0, 0, 0, 0, 4.992, 109.824, 323.904, 541.92, 712.128, 794.016, 406.56, 270.912, 279.84, 206.688, 69.696, 0.096, 0, 0, 0, 0, 0, 3720.576, 155, 794.01, 0.096, 794.016, 0, 
삼천포태양광#5, 1, 2026-02-18 00:00:00, 0, 0, 0, 0, 0, 0, 0, 29.178, 191.608, 214.088, 219.982, 507.048, 1942.111, 2970.437, 2727.75, 2174.217, 2517.176, 2541.707, 2510.879, 2127.835, 0, 0, 0, 0, 20674.016, 861, 2970.43, 29.178, 2970.437, 0, 
삼천포태양광#5, 2, 2026-02-18 00:00:00, 0, 0, 0, 0, 0, 0, 0, 49.053, 278.823, 282.758, 629.13, 1238.169, 4086.863, 5054.784, 4626.497, 3682.974, 4263.801, 4165.175, 3794.439, 2639.556, 0, 0, 0, 0, 34792.022, 1450, 5054.78, 49.05, 5054.784, 0, 
광양항세방태양광, 1, 2026-02-18 00:00:00, 0, 0, 0, 0, 0, 0, 0, 28.8, 235.2, 566.4, 1010.4, 1320, 1512, 1564.8, 1408.8, 1106.4, 626.4, 180, 0, 0, 0, 0, 0, 0, 9559.2, 398, 1564.8, 28.8, 1564.8, 0, 
두산엔진MG태양광, 1, 2026-02-18 00:00:00, 0, 0, 0, 0, 0, 0, 0, 1.08, 3.66, 11.1, 25.26, 37.98, 46.44, 51.06, 50.1, 44.58, 31.2, 10.26, 0.18, 0, 0, 0, 0, 0, 312.9, 13, 51.06, 0.18, 51.06, 0, 
삼천포태양광, 1, 2026-02-18 00:00:00, 0, 0, 0, 0, 0, 0, 0, 0.348, 8.148, 21.192, 31.44, 37.704, 39.744, 37.908, 34.728, 27.696, 16.872, 3.864, 0, 0, 0, 0, 0, 0, 259.644, 11, 39.74, 0.34, 39.744, 0, 
삼천포태양광, 2, 2026-02-18 00:00:00, 0, 0, 0, 0, 0, 0, 0, 12.096, 147.168, 428.736, 609.12, 698.016, 720, 680.064, 617.952, 481.056, 281.184, 89.76, 0.864, 0, 0, 0, 0, 0, 4766.016, 199, 720, 0.864, 720, 0, 
삼천포태양광, 3, 2026-02-18 00:00:00, 0, 0, 0, 0, 0, 0, 0, 2.808, 70.056, 156.78, 208.296, 237.132, 241.632, 224.1, 206.64, 162.432, 95.508, 21.96, 0, 0, 0, 0, 0, 0, 1627.344, 68, 241.63, 2.808, 241.632, 0, 
삼천포태양광, 4, 2026-02-18 00:00:00, 0, 0, 0, 0, 0, 0, 0, 6.105, 74.17, 93.673, 88.72, 94.551, 454.593, 1207.276, 1107.241, 865.496, 1180.038, 1195.447, 1173.986, 611.017, 0, 0, 0, 0, 8152.313, 340, 1207.27, 6.105, 1207.276, 0, 
구미태양광, 1, 2026-02-18 00:00:00, 0, 0, 0, 0, 0, 0, 0, 0.072, 73.184, 231.627, 356.806, 550.323, 641.73, 640.646, 619.746, 537.885, 364.616, 135.086, 5.858, 0, 0, 0, 0, 0, 4157.579, 173, 641.73, 0.072, 641.73, 0, 
삼천포태양광#6, 1, 2026-02-18 00:00:00, 0, 0, 0, 0, 0, 0, 0, 0, 0, 0, 0, 0, 0, 0, 0, 0, 0, 0, 0, 0, 0, 0, 0, 0, 0, 0, 0, 0, 0, 0, 
영흥태양광#5, 1, 2026-02-18 00:00:00, 0, 0, 0, 0, 0, 0, 0, 43.389, 679.768, 1586.126, 2314.105, 2581.674, 2767.284, 2948.074, 2678.095, 2169.474, 1448.726, 462.821, 4.821, 0, 0, 0, 0, 0, 19684.357, 820, 2948.07, 4.82, 2948.074, 0, 
영흥태양광 #3, 1, 2026-02-18 00:00:00, 0, 0, 0, 0, 0, 0, 0, 21.36, 377.28, 913.2, 1317.12, 1592.4, 1747.92, 1719.12, 1572.96, 1293.6, 674.16, 130.32, 0.72, 0, 0, 0, 0, 0, 11360.16, 473, 1747.92, 0.72, 1747.92, 0, 
영흥태양광 #3, 2, 2026-02-18 00:00:00, 0, 0, 0, 0, 0, 0, 0, 6.144, 144, 350.592, 479.04, 593.664, 651.84, 645.888, 591.744, 484.224, 320.064, 112.32, 0.864, 0, 0, 0, 0, 0, 4380.384, 183, 651.84, 0.864, 651.84, 0, 
영흥태양광 #3, 3, 2026-02-18 00:00:00, 0, 0, 0, 0, 0, 0, 0, 9, 162.6, 471.48, 701.64, 823.92, 907.44, 892.56, 811.56, 668.64, 442.68, 146.88, 1.44, 0, 0, 0, 0, 0, 6039.84, 252, 907.44, 1.44, 907.44, 0, 
영흥태양광, 1, 2026-02-18 00:00:00, 0, 0, 0, 0, 0, 0, 0, 1.382, 82.445, 315.379, 522.01, 655.181, 729.754, 708.134, 623.078, 514.445, 347.174, 86.285, 0.115, 0, 0, 0, 0, 0, 4585.382, 191, 729.75, 0.115, 729.754, 0, 
예천태양광, 1, 2026-02-18 00:00:00, 0, 0, 0, 0, 0, 0, 0, 0, 1.44, 11.16, 18.18, 22.5, 24.12, 23.04, 20.16, 15.66, 8.1, 0.72, 0, 0, 0, 0, 0, 0, 145.08, 6, 24.12, 0.72, 24.12, 0, 
여수태양광, 1, 2026-02-18 00:00:00, 0, 0, 0, 0, 0, 0, 0, 0, 0, 0, 0, 0, 0, 0, 0, 0, 0, 0, 0, 0, 0, 0, 0, 682, 682, 28, 682, 682, 682, 0, 
영흥태양광, 2, 2026-02-18 00:00:00, 0, 0, 0, 0, 0, 0, 0, 4.821, 100.278, 256.48, 378.935, 445.465, 491.747, 484.034, 433.895, 326.867, 208.269, 48.211, 0, 0, 0, 0, 0, 0, 3179.002, 132, 491.74, 4.82, 491.747, 0, 
탑선태양광, 1, 2026-02-18 00:00:00, 0, 0, 0, 0, 0, 0, 0, 0, 0, 0, 0, 0, 0, 0, 0, 0, 0, 0, 0, 0, 0, 0, 0, 672, 672, 28, 672, 672, 672, 0, 
탑선태양광, 3, 2026-02-18 00:00:00, 0, 0, 0, 0, 0, 0, 0, 0, 0, 0, 0, 0, 0, 0, 0, 0, 0, 0, 0, 0, 0, 0, 0, 177, 177, 7, 177, 177, 177, 0, 
경상대태양광, 1, 2026-02-18 00:00:00, 0, 0, 0, 0, 0, 0, 0, 4.968, 107.28, 273.24, 403.128, 484.992, 526.752, 520.848, 471.312, 386.352, 235.872, 72.432, 0.936, 0, 0, 0, 0, 0, 3488.112, 145, 526.75, 0.936, 526.752, 0, 
고흥만 수상태양광, 1, 2026-02-18 00:00:00, 0, 0, 0, 0, 0, 0, 0, 1283.016, 12278.028, 25965.156, 35615.832, 41161.008, 533.988, 1010.436, 39450.6, 33259.884, 21161.028, 6763.26, 72.492, 0, 0, 0, 0, 0, 218554.728, 9106, 41161, 72.49, 41161.008, 0, 
영동태양광, 1, 2026-02-17 00:00:00, 0, 0, 0, 0, 0, 0, 0, 2.688, 18.816, 19.776, 18.72, 27.84, 0, 0, 559.2, 624.672, 441.504, 157.152, 0, 0, 0, 0, 0, 0, 1870.368, 78, 624.67, 2.688, 624.672, 0, 
삼천포태양광#5, 1, 2026-02-17 00:00:00, 0, 0, 0, 0, 0, 0, 0, 29.707, 189.808, 192.274, 347.694, 621.076, 2034.578, 3335.942, 3000.558, 2382.237, 2517.629, 2536.706, 2501.382, 2343.093, 0, 0, 0, 0, 22032.684, 918, 3335.94, 29.707, 3335.942, 0, 
삼천포태양광#5, 2, 2026-02-17 00:00:00, 0, 0, 0, 0, 0, 0, 0, 49.17, 283.537, 286.393, 707.588, 1500.281, 4256.579, 5679.995, 5096.487, 4046.085, 4269.964, 4136.184, 3793.143, 3108.09, 0, 0, 0, 0, 37213.496, 1551, 5679.99, 49.17, 5679.995, 0, 
광양항세방태양광, 1, 2026-02-17 00:00:00, 0, 0, 0, 0, 0, 0, 0, 21.6, 218.4, 556.8, 1024.8, 1197.6, 0, 0, 0, 602.4, 624, 175.2, 0, 0, 0, 0, 0, 0, 4420.8, 184, 1197.6, 21.6, 1197.6, 0, 
두산엔진MG태양광, 1, 2026-02-17 00:00:00, 0, 0, 0, 0, 0, 0, 0, 1.08, 3.66, 10.8, 25.44, 38.22, 46.98, 53.04, 53.22, 48.6, 37.62, 14.82, 0.12, 0, 0, 0, 0, 0, 333.6, 14, 53.22, 0.12, 53.22, 0, 
삼천포태양광, 1, 2026-02-17 00:00:00, 0, 0, 0, 0, 0, 0, 0, 0.42, 8.376, 21.624, 31.596, 39.3, 42, 42.252, 37.872, 30.084, 19.164, 4.212, 0, 0, 0, 0, 0, 0, 276.9, 12, 42.25, 0.42, 42.252, 0, 
삼천포태양광, 2, 2026-02-17 00:00:00, 0, 0, 0, 0, 0, 0, 0, 11.808, 146.592, 433.056, 615.936, 731.616, 767.04, 759.36, 672.576, 526.944, 313.824, 92.832, 0.48, 0, 0, 0, 0, 0, 5072.064, 211, 767.04, 0.48, 767.04, 0, 
삼천포태양광, 3, 2026-02-17 00:00:00, 0, 0, 0, 0, 0, 0, 0, 2.952, 66.96, 156.924, 209.736, 248.112, 259.884, 257.58, 227.484, 177.516, 109.728, 21.564, 0, 0, 0, 0, 0, 0, 1738.44, 72, 259.88, 2.952, 259.884, 0, 
삼천포태양광, 4, 2026-02-17 00:00:00, 0, 0, 0, 0, 0, 0, 0, 7.139, 81.111, 93.709, 87.958, 105.091, 516.65, 1344.23, 1220.626, 958.582, 1182.328, 1195.445, 1173.019, 729.593, 0, 0, 0, 0, 8695.481, 362, 1344.23, 7.139, 1344.23, 0, 
구미태양광, 1, 2026-02-17 00:00:00, 0, 0, 0, 0, 0, 0, 0, 0.579, 99.217, 323.613, 497.894, 602.463, 653.662, 659.809, 612.732, 536.077, 380.236, 156.708, 4.845, 0, 0, 0, 0, 0, 4527.835, 189, 659.8, 0.579, 659.809, 0, 
삼천포태양광#6, 1, 2026-02-17 00:00:00, 0, 0, 0, 0, 0, 0, 0, 0, 0, 0, 0, 0, 0, 0, 0, 0, 0, 0, 0, 0, 0, 0, 0, 0, 0, 0, 0, 0, 0, 0, 
영흥태양광#5, 1, 2026-02-17 00:00:00, 0, 0, 0, 0, 0, 0, 0, 50.621, 797.884, 1718.705, 2355.084, 2798.621, 2974.589, 2950.484, 2666.042, 2195.989, 1434.263, 436.305, 2.411, 0, 0, 0, 0, 0, 20380.998, 849, 2974.58, 2.41, 2974.589, 0, 
영흥태양광 #3, 1, 2026-02-17 00:00:00, 0, 0, 0, 0, 0, 0, 0, 22.32, 437.04, 989.04, 1377.6, 1644.72, 1704, 1735.44, 1584.48, 1296.72, 676.32, 132.24, 0.96, 0, 0, 0, 0, 0, 11600.88, 483, 1735.44, 0.96, 1735.44, 0, 
영흥태양광 #3, 2, 2026-02-17 00:00:00, 0, 0, 0, 0, 0, 0, 0, 8.256, 169.92, 380.256, 525.504, 615.072, 651.072, 642.432, 582.816, 482.304, 321.408, 109.92, 0.576, 0, 0, 0, 0, 0, 4489.536, 187, 651.07, 0.576, 651.072, 0, 
영흥태양광 #3, 3, 2026-02-17 00:00:00, 0, 0, 0, 0, 0, 0, 0, 8.16, 182.04, 489.6, 718.56, 836.76, 892.2, 872.28, 795.36, 659.52, 438.6, 143.88, 1.08, 0, 0, 0, 0, 0, 6038.04, 252, 892.2, 1.08, 892.2, 0, 
영흥태양광, 1, 2026-02-17 00:00:00, 0, 0, 0, 0, 0, 0, 0, 0, 86.131, 341.645, 530.611, 668.237, 727.104, 703.718, 611.366, 502.771, 340.877, 82.176, 0.038, 0, 0, 0, 0, 0, 4594.674, 191, 727.1, 0.038, 727.104, 0, 
예천태양광, 1, 2026-02-17 00:00:00, 0, 0, 0, 0, 0, 0, 0, 49.32, 516.78, 958.86, 1109.34, 4.86, 0, 0, 16.74, 16.2, 8.82, 1.08, 0, 0, 0, 0, 0, 0, 2682, 112, 1109.34, 1.08, 1109.34, 0, 
여수태양광, 1, 2026-02-17 00:00:00, 0, 0, 0, 0, 0, 0, 0, 0, 0, 0, 0, 0, 0, 0, 0, 0, 0, 0, 0, 0, 0, 0, 0, 523, 523, 22, 523, 523, 523, 0, 
영흥태양광, 2, 2026-02-17 00:00:00, 0, 0, 0, 0, 0, 0, 0, 5.785, 115.705, 278.657, 387.613, 424.253, 395.326, 323.975, 376.042, 331.688, 212.126, 50.139, 0, 0, 0, 0, 0, 0, 2901.309, 121, 424.25, 5.78, 424.253, 0, 
탑선태양광, 1, 2026-02-17 00:00:00, 0, 0, 0, 0, 0, 0, 0, 0, 0, 0, 0, 0, 0, 0, 0, 0, 0, 0, 0, 0, 0, 0, 0, 672, 672, 28, 672, 672, 672, 0, 
탑선태양광, 3, 2026-02-17 00:00:00, 0, 0, 0, 0, 0, 0, 0, 0, 0, 0, 0, 0, 0, 0, 0, 0, 0, 0, 0, 0, 0, 0, 0, 177, 177, 7, 177, 177, 177, 0, 
경상대태양광, 1, 2026-02-17 00:00:00, 0, 0, 0, 0, 0, 0, 0, 4.896, 108.648, 269.424, 389.592, 0, 0, 0, 292.32, 399.816, 265.32, 83.448, 0.648, 0, 0, 0, 0, 0, 1814.112, 76, 399.81, 0.648, 399.816, 0, 
고흥만 수상태양광, 1, 2026-02-17 00:00:00, 0, 0, 0, 0, 0, 0, 0, 1073.856, 12406.296, 27138.3, 39837.168, 47878.488, 51297.624, 50139.936, 45382.848, 36693.552, 23249.856, 6734.532, 74.256, 0, 0, 0, 0, 0, 341906.712, 14246, 51297.62, 74.25, 51297.624, 0, 
영동태양광, 1, 2026-02-16 00:00:00, 0, 0, 0, 0, 0, 0, 0, 0, 0, 0, 0.48, 6.816, 0.096, 8.256, 6.912, 14.016, 3.84, 0, 0, 0, 0, 0, 0, 0, 40.416, 2, 14.01, 0.09, 14.016, 0, 
삼천포태양광#5, 1, 2026-02-16 00:00:00, 0, 0, 0, 0, 0, 0, 0, 19.158, 191.99, 195.181, 195.833, 219.446, 499.969, 323.966, 2014.367, 2012.729, 2517.069, 2543.905, 2502.749, 1839.137, 0, 0, 0, 0, 15075.499, 628, 2543.9, 19.158, 2543.905, 0, 
삼천포태양광#5, 2, 2026-02-16 00:00:00, 0, 0, 0, 0, 0, 0, 0, 37.707, 281.45, 286.039, 282.758, 286.698, 899.088, 1265.037, 4231.786, 3407.804, 4259.692, 4071.784, 3788.358, 2091.683, 0, 0, 0, 0, 25189.884, 1050, 4259.69, 37.7, 4259.692, 0, 
광양항세방태양광, 1, 2026-02-16 00:00:00, 0, 0, 0, 0, 0, 0, 0, 14.4, 165.6, 417.6, 559.2, 792, 1418.4, 1588.8, 1382.4, 1017.6, 532.8, 112.8, 2.4, 0, 0, 0, 0, 0, 8004, 334, 1588.8, 2.4, 1588.8, 0, 
두산엔진MG태양광, 1, 2026-02-16 00:00:00, 0, 0, 0, 0, 0, 0, 0, 0.96, 6.72, 12.54, 23.28, 31.26, 45.24, 48.9, 42.96, 42.48, 24.84, 6.84, 0, 0, 0, 0, 0, 0, 286.02, 12, 48.9, 0.96, 48.9, 0, 
삼천포태양광, 1, 2026-02-16 00:00:00, 0, 0, 0, 0, 0, 0, 0, 0.024, 3.912, 11.004, 20.292, 15.024, 33.06, 35.568, 33.18, 25.632, 13.62, 1.812, 0, 0, 0, 0, 0, 0, 193.128, 8, 35.56, 0.024, 35.568, 0, 
삼천포태양광, 2, 2026-02-16 00:00:00, 0, 0, 0, 0, 0, 0, 0, 9.12, 95.328, 216.576, 397.248, 278.016, 589.728, 649.632, 588, 456.192, 241.92, 56.064, 0.096, 0, 0, 0, 0, 0, 3577.92, 149, 649.63, 0.096, 649.632, 0, 
삼천포태양광, 3, 2026-02-16 00:00:00, 0, 0, 0, 0, 0, 0, 0, 1.872, 29.844, 70.38, 128.088, 85.572, 198.252, 216.972, 196.38, 150.048, 78.372, 13.176, 0, 0, 0, 0, 0, 0, 1168.956, 49, 216.97, 1.872, 216.972, 0, 
삼천포태양광, 4, 2026-02-16 00:00:00, 0, 0, 0, 0, 0, 0, 0, 5.631, 87.736, 94.629, 93.953, 94.848, 107.958, 81.141, 649.743, 815.795, 1179.998, 1194.688, 1172.517, 480.524, 0, 0, 0, 0, 6059.161, 252, 1194.68, 5.631, 1194.688, 0, 
구미태양광, 1, 2026-02-16 00:00:00, 0, 0, 0, 0, 0, 0, 0, 0, 23.43, 149.115, 398.677, 423.12, 409.307, 466.365, 513.948, 445.248, 306.04, 93.938, 2.531, 0, 0, 0, 0, 0, 3231.719, 135, 513.94, 2.531, 513.948, 0, 
삼천포태양광#6, 1, 2026-02-16 00:00:00, 0, 0, 0, 0, 0, 0, 0, 0, 0, 0, 0, 0, 0, 0, 0, 0, 0, 0, 0, 0, 0, 0, 0, 0, 0, 0, 0, 0, 0, 0, 
영흥태양광#5, 1, 2026-02-16 00:00:00, 0, 0, 0, 0, 0, 0, 0, 36.158, 650.842, 1593.358, 2171.884, 2685.326, 2637.116, 2222.505, 2251.432, 2157.421, 1386.053, 313.368, 2.411, 0, 0, 0, 0, 0, 18107.874, 754, 2685.32, 2.41, 2685.326, 0, 
영흥태양광 #3, 1, 2026-02-16 00:00:00, 0, 0, 0, 0, 0, 0, 0, 15.84, 361.68, 959.52, 1278, 1559.76, 1732.32, 1702.32, 1515.84, 1263.36, 652.56, 113.04, 0.48, 0, 0, 0, 0, 0, 11154.72, 465, 1732.32, 0.48, 1732.32, 0, 
영흥태양광 #3, 2, 2026-02-16 00:00:00, 0, 0, 0, 0, 0, 0, 0, 4.8, 137.28, 356.544, 489.984, 579.744, 638.4, 627.456, 554.112, 472.608, 312.768, 75.648, 0.192, 0, 0, 0, 0, 0, 4249.536, 177, 638.4, 0.192, 638.4, 0, 
영흥태양광 #3, 3, 2026-02-16 00:00:00, 0, 0, 0, 0, 0, 0, 0, 5.88, 152.04, 472.8, 646.56, 813.6, 885.84, 872.76, 770.76, 651.72, 427.2, 94.8, 0.48, 0, 0, 0, 0, 0, 5794.44, 241, 885.84, 0.48, 885.84, 0, 
영흥태양광, 1, 2026-02-16 00:00:00, 0, 0, 0, 0, 0, 0, 0, 0.499, 69.466, 314.688, 487.718, 636.634, 720.115, 700.723, 595.853, 494.976, 332.237, 56.486, 0, 0, 0, 0, 0, 0, 4409.395, 184, 720.11, 0.499, 720.115, 0, 
예천태양광, 1, 2026-02-16 00:00:00, 0, 0, 0, 0, 0, 0, 0, 14.22, 307.98, 512.46, 634.68, 887.76, 1212.12, 633.42, 552.78, 742.14, 493.38, 71.28, 0, 0, 0, 0, 0, 0, 6062.22, 253, 1212.12, 14.22, 1212.12, 0, 
여수태양광, 1, 2026-02-16 00:00:00, 0, 0, 0, 0, 0, 0, 0, 0, 0, 0, 0, 0, 0, 0, 0, 0, 0, 0, 0, 0, 0, 0, 0, 635, 635, 26, 635, 635, 635, 0, 
영흥태양광, 2, 2026-02-16 00:00:00, 0, 0, 0, 0, 0, 0, 0, 3.857, 93.528, 259.373, 363.507, 435.823, 482.105, 477.284, 419.432, 322.046, 202.484, 37.604, 0, 0, 0, 0, 0, 0, 3097.043, 129, 482.1, 3.85, 482.105, 0, 
탑선태양광, 1, 2026-02-16 00:00:00, 0, 0, 0, 0, 0, 0, 0, 0, 0, 0, 0, 0, 0, 0, 0, 0, 0, 0, 0, 0, 0, 0, 0, 672, 672, 28, 672, 672, 672, 0, 
탑선태양광, 3, 2026-02-16 00:00:00, 0, 0, 0, 0, 0, 0, 0, 0, 0, 0, 0, 0, 0, 0, 0, 0, 0, 0, 0, 0, 0, 0, 0, 177, 177, 7, 177, 177, 177, 0, 
경상대태양광, 1, 2026-02-16 00:00:00, 0, 0, 0, 0, 0, 0, 0, 1.368, 30.312, 113.256, 240.408, 300.96, 511.704, 505.224, 462.816, 385.272, 211.608, 68.4, 0.432, 0, 0, 0, 0, 0, 2831.76, 118, 511.7, 0.432, 511.704, 0, 
고흥만 수상태양광, 1, 2026-02-16 00:00:00, 0, 0, 0, 0, 0, 0, 0, 348.18, 4585.392, 5626.824, 12181.68, 12945.828, 32271.876, 30995.412, 33759.768, 31341.156, 19258.176, 4139.52, 39.48, 0, 0, 0, 0, 0, 187493.292, 7812, 33759.76, 39.48, 33759.768, 0, 
영동태양광, 1, 2026-02-15 00:00:00, 0, 0, 0, 0, 0, 0, 0, 2.784, 20.16, 20.448, 20.256, 20.736, 21.504, 282.816, 586.08, 464.352, 562.848, 689.664, 687.072, 512.64, 0, 0, 0, 0, 3891.36, 162, 689.66, 2.784, 689.664, 0, 
삼천포태양광#5, 1, 2026-02-15 00:00:00, 0, 0, 0, 0, 0, 0, 0, 31.43, 188.887, 202.949, 195.972, 418.413, 1675.857, 3074.387, 2792.994, 2076.151, 2370.978, 2519.964, 2489.701, 1807.945, 0, 0, 0, 0, 19845.628, 827, 3074.38, 31.43, 3074.387, 0, 
삼천포태양광#5, 2, 2026-02-15 00:00:00, 0, 0, 0, 0, 0, 0, 0, 55.305, 321.141, 310.756, 530.979, 1177.253, 3425.355, 5226.039, 4735.65, 3520.341, 4254.709, 4051.255, 3785.652, 2068.071, 0, 0, 0, 0, 33462.506, 1394, 5226.03, 55.3, 5226.039, 0, 
광양항세방태양광, 1, 2026-02-15 00:00:00, 0, 0, 0, 0, 0, 0, 0, 14.4, 199.2, 549.6, 996, 1291.2, 1502.4, 1459.2, 1276.8, 955.2, 489.6, 96, 0, 0, 0, 0, 0, 0, 8829.6, 368, 1502.4, 14.4, 1502.4, 0, 
두산엔진MG태양광, 1, 2026-02-15 00:00:00, 0, 0, 0, 0, 0, 0, 0, 0.96, 4.2, 10.86, 23.94, 35.94, 44.1, 46.8, 46.56, 39.9, 23.64, 7.38, 0.06, 0, 0, 0, 0, 0, 284.34, 12, 46.8, 0.06, 46.8, 0, 
삼천포태양광, 1, 2026-02-15 00:00:00, 0, 0, 0, 0, 0, 0, 0, 0.312, 8.088, 20.604, 30.432, 36.792, 39.132, 38.652, 34.956, 26.064, 13.68, 1.74, 0, 0, 0, 0, 0, 0, 250.452, 10, 39.13, 0.312, 39.132, 0, 
삼천포태양광, 2, 2026-02-15 00:00:00, 0, 0, 0, 0, 0, 0, 0, 11.712, 129.024, 403.776, 591.84, 689.28, 725.472, 704.256, 633.6, 463.68, 237.984, 49.44, 0, 0, 0, 0, 0, 0, 4640.064, 193, 725.47, 11.71, 725.472, 0, 
삼천포태양광, 3, 2026-02-15 00:00:00, 0, 0, 0, 0, 0, 0, 0, 2.844, 55.044, 146.628, 200.52, 230.58, 241.704, 234.216, 210.456, 153.468, 77.904, 10.908, 0, 0, 0, 0, 0, 0, 1564.272, 65, 241.7, 2.844, 241.704, 0, 
삼천포태양광, 4, 2026-02-15 00:00:00, 0, 0, 0, 0, 0, 0, 0, 7.344, 80.1, 95.239, 87.849, 94.525, 262.693, 1237.997, 1138.588, 823.908, 1177.128, 1192.061, 1171.023, 472.272, 0, 0, 0, 0, 7840.727, 327, 1237.99, 7.344, 1237.997, 0, 
구미태양광, 1, 2026-02-15 00:00:00, 0, 0, 0, 0, 0, 0, 0, 0.217, 65.88, 240.595, 391.084, 496.014, 542.368, 544.827, 466.292, 370.401, 219.261, 70.436, 1.591, 0, 0, 0, 0, 0, 3408.966, 142, 544.82, 0.217, 544.827, 0, 
삼천포태양광#6, 1, 2026-02-15 00:00:00, 0, 0, 0, 0, 0, 0, 0, 0, 0, 0, 0, 0, 0, 0, 0, 0, 0, 0, 0, 0, 0, 0, 0, 0, 0, 0, 0, 0, 0, 0, 
영흥태양광#5, 1, 2026-02-15 00:00:00, 0, 0, 0, 0, 0, 0, 0, 4.821, 98.832, 597.811, 1656.032, 2345.442, 2470.789, 2641.937, 2463.558, 1969.4, 1188.389, 267.568, 0, 0, 0, 0, 0, 0, 15704.579, 654, 2641.93, 4.82, 2641.937, 0, 
영흥태양광 #3, 1, 2026-02-15 00:00:00, 0, 0, 0, 0, 0, 0, 0, 2.4, 64.08, 385.68, 956.16, 1403.04, 1595.28, 1593.36, 1490.4, 1185.12, 583.68, 121.2, 0.72, 0, 0, 0, 0, 0, 9381.12, 391, 1595.28, 0.72, 1595.28, 0, 
영흥태양광 #3, 2, 2026-02-15 00:00:00, 0, 0, 0, 0, 0, 0, 0, 0.288, 13.056, 111.36, 240.288, 489.984, 583.296, 589.536, 553.344, 440.448, 271.392, 62.592, 0.096, 0, 0, 0, 0, 0, 3355.68, 140, 589.53, 0.096, 589.536, 0, 
영흥태양광 #3, 3, 2026-02-15 00:00:00, 0, 0, 0, 0, 0, 0, 0, 0.96, 25.56, 151.44, 443.16, 687.84, 792.6, 798.48, 751.44, 600.72, 361.44, 86.28, 0.48, 0, 0, 0, 0, 0, 4700.4, 196, 798.48, 0.48, 798.48, 0, 
영흥태양광, 1, 2026-02-15 00:00:00, 0, 0, 0, 0, 0, 0, 0, 0, 14.515, 112.397, 348.979, 548.928, 639.667, 635.904, 581.453, 465.715, 282.086, 56.602, 0, 0, 0, 0, 0, 0, 3686.246, 154, 639.66, 14.515, 639.667, 0, 
예천태양광, 1, 2026-02-15 00:00:00, 0, 0, 0, 0, 0, 0, 0, 8.82, 85.86, 304.38, 827.1, 1240.56, 1306.08, 1290.42, 1122.48, 833.58, 444.96, 92.7, 0, 0, 0, 0, 0, 0, 7556.94, 315, 1306.08, 8.82, 1306.08, 0, 
여수태양광, 1, 2026-02-15 00:00:00, 0, 0, 0, 0, 0, 0, 0, 0, 0, 0, 0, 0, 0, 0, 0, 0, 0, 0, 0, 0, 0, 0, 0, 717, 717, 30, 717, 717, 717, 0, 
영흥태양광, 2, 2026-02-15 00:00:00, 0, 0, 0, 0, 0, 0, 0, 0, 13.499, 95.457, 274.8, 381.827, 438.716, 441.608, 414.611, 301.798, 177.415, 36.64, 0, 0, 0, 0, 0, 0, 2576.371, 107, 441.6, 13.49, 441.608, 0, 
탑선태양광, 1, 2026-02-15 00:00:00, 0, 0, 0, 0, 0, 0, 0, 0, 0, 0, 0, 0, 0, 0, 0, 0, 0, 0, 0, 0, 0, 0, 0, 672, 672, 28, 672, 672, 672, 0, 
탑선태양광, 3, 2026-02-15 00:00:00, 0, 0, 0, 0, 0, 0, 0, 0, 0, 0, 0, 0, 0, 0, 0, 0, 0, 0, 0, 0, 0, 0, 0, 177, 177, 7, 177, 177, 177, 0, 
경상대태양광, 1, 2026-02-15 00:00:00, 0, 0, 0, 0, 0, 0, 0, 3.384, 92.304, 255.384, 384.696, 467.064, 503.136, 491.832, 446.184, 347.112, 203.616, 60.408, 0, 0, 0, 0, 0, 0, 3255.12, 136, 503.13, 3.384, 503.136, 0, 
고흥만 수상태양광, 1, 2026-02-15 00:00:00, 0, 0, 0, 0, 0, 0, 0, 981.12, 10348.548, 24744.048, 35734.776, 43227.912, 45550.932, 43813.308, 37702.644, 27072.444, 14303.268, 2263.38, 33.852, 0, 0, 0, 0, 0, 285776.232, 11907, 45550.93, 33.85, 45550.932, 0, 
영동태양광, 1, 2026-02-14 00:00:00, 0, 0, 0, 0, 0, 0, 0, 0.192, 18.816, 20.16, 20.256, 19.968, 20.544, 21.792, 429.216, 490.656, 563.424, 689.76, 686.976, 521.472, 0, 0, 0, 0, 3503.232, 146, 689.76, 0.192, 689.76, 0, 
삼천포태양광#5, 1, 2026-02-14 00:00:00, 0, 0, 0, 0, 0, 0, 0, 21.64, 188.324, 195.821, 217.521, 226.122, 213.49, 1401.751, 1231.639, 576.221, 2447.091, 2530.712, 2501.134, 1112.38, 0, 0, 0, 0, 12863.846, 536, 2530.71, 21.64, 2530.712, 0, 
삼천포태양광#5, 2, 2026-02-14 00:00:00, 0, 0, 0, 0, 0, 0, 0, 39.799, 282.485, 283.228, 286.431, 434.428, 872.912, 3134.396, 2118.526, 1033.72, 4208.517, 4028.343, 3788.145, 872.089, 0, 0, 0, 0, 21383.019, 891, 4208.51, 39.79, 4208.517, 0, 
광양항세방태양광, 1, 2026-02-14 00:00:00, 0, 0, 0, 0, 0, 0, 0, 26.4, 256.8, 602.4, 972, 1245.6, 1063.2, 1190.4, 784.8, 453.6, 297.6, 148.8, 2.4, 0, 0, 0, 0, 0, 7044, 294, 1245.6, 2.4, 1245.6, 0, 
두산엔진MG태양광, 1, 2026-02-14 00:00:00, 0, 0, 0, 0, 0, 0, 0, 0.9, 4.98, 14.88, 19.14, 31.74, 32.94, 33.06, 17.94, 18.06, 10.02, 3.72, 0.12, 0, 0, 0, 0, 0, 187.5, 8, 33.06, 0.12, 33.06, 0, 
삼천포태양광, 1, 2026-02-14 00:00:00, 0, 0, 0, 0, 0, 0, 0, 0.168, 6.636, 17.556, 23.988, 28.944, 35.292, 24.492, 16.14, 5.82, 4.356, 0.324, 0, 0, 0, 0, 0, 0, 163.716, 7, 35.29, 0.168, 35.292, 0, 
삼천포태양광, 2, 2026-02-14 00:00:00, 0, 0, 0, 0, 0, 0, 0, 9.408, 119.52, 341.088, 446.016, 535.68, 628.512, 466.08, 299.136, 140.256, 108.576, 31.2, 0, 0, 0, 0, 0, 0, 3125.472, 130, 628.51, 9.408, 628.512, 0, 
삼천포태양광, 3, 2026-02-14 00:00:00, 0, 0, 0, 0, 0, 0, 0, 2.124, 46.8, 120.168, 147.384, 169.74, 198.144, 145.872, 96.372, 42.336, 31.932, 8.064, 0, 0, 0, 0, 0, 0, 1008.936, 42, 198.14, 2.124, 198.144, 0, 
삼천포태양광, 4, 2026-02-14 00:00:00, 0, 0, 0, 0, 0, 0, 0, 5.201, 84.878, 94.447, 93.848, 95.17, 70.895, 179.837, 503.699, 189.394, 1165.352, 1190.953, 1172.777, 159.322, 0, 0, 0, 0, 5005.773, 209, 1190.95, 5.201, 1190.953, 0, 
구미태양광, 1, 2026-02-14 00:00:00, 0, 0, 0, 0, 0, 0, 0, 0.072, 26.395, 124.311, 333.376, 406.342, 344.585, 250.574, 315.225, 245.151, 180.934, 72.677, 4.267, 0, 0, 0, 0, 0, 2303.909, 96, 406.34, 0.072, 406.342, 0, 
삼천포태양광#6, 1, 2026-02-14 00:00:00, 0, 0, 0, 0, 0, 0, 0, 0, 0, 0, 0, 0, 0, 0, 0, 0, 0, 0, 0, 0, 0, 0, 0, 0, 0, 0, 0, 0, 0, 0, 
영흥태양광#5, 1, 2026-02-14 00:00:00, 0, 0, 0, 0, 0, 0, 0, 14.463, 134.989, 323.011, 566.474, 908.768, 872.611, 1390.874, 1058.221, 850.916, 511.032, 156.684, 0, 0, 0, 0, 0, 0, 6788.043, 283, 1390.87, 14.46, 1390.874, 0, 
영흥태양광 #3, 1, 2026-02-14 00:00:00, 0, 0, 0, 0, 0, 0, 0, 5.52, 94.32, 219.6, 376.08, 576.24, 547.92, 746.4, 762.96, 546.48, 341.28, 97.92, 0.24, 0, 0, 0, 0, 0, 4314.96, 180, 762.96, 0.24, 762.96, 0, 
영흥태양광 #3, 2, 2026-02-14 00:00:00, 0, 0, 0, 0, 0, 0, 0, 0.96, 21.696, 64.416, 118.848, 198.048, 185.76, 313.056, 250.464, 183.264, 113.472, 30.624, 0, 0, 0, 0, 0, 0, 1480.608, 62, 313.05, 0.96, 313.056, 0, 
영흥태양광 #3, 3, 2026-02-14 00:00:00, 0, 0, 0, 0, 0, 0, 0, 2.04, 39.84, 97.68, 170.16, 273.96, 253.44, 386.28, 346.56, 266.88, 152.16, 49.68, 0.12, 0, 0, 0, 0, 0, 2038.8, 85, 386.28, 0.12, 386.28, 0, 
영흥태양광, 1, 2026-02-14 00:00:00, 0, 0, 0, 0, 0, 0, 0, 0.038, 31.296, 76.454, 140.083, 216.538, 190.502, 304.666, 306.586, 236.621, 128.448, 29.414, 0, 0, 0, 0, 0, 0, 1660.646, 69, 306.58, 0.038, 306.586, 0, 
예천태양광, 1, 2026-02-14 00:00:00, 0, 0, 0, 0, 0, 0, 0, 7.02, 235.26, 370.44, 451.8, 810.36, 1224, 1118.7, 1077.66, 919.62, 514.26, 90, 0, 0, 0, 0, 0, 0, 6819.12, 284, 1224, 7.02, 1224, 0, 
여수태양광, 1, 2026-02-14 00:00:00, 0, 0, 0, 0, 0, 0, 0, 0, 0, 0, 0, 0, 0, 0, 0, 0, 0, 0, 0, 0, 0, 0, 0, 530, 530, 22, 530, 530, 530, 0, 
영흥태양광, 2, 2026-02-14 00:00:00, 0, 0, 0, 0, 0, 0, 0, 0, 22.177, 53.996, 98.349, 153.309, 143.667, 218.876, 203.448, 142.703, 88.707, 25.069, 0, 0, 0, 0, 0, 0, 1150.301, 48, 218.87, 22.17, 218.876, 0, 
탑선태양광, 1, 2026-02-14 00:00:00, 0, 0, 0, 0, 0, 0, 0, 0, 0, 0, 0, 0, 0, 0, 0, 0, 0, 0, 0, 0, 0, 0, 0, 672, 672, 28, 672, 672, 672, 0, 
탑선태양광, 3, 2026-02-14 00:00:00, 0, 0, 0, 0, 0, 0, 0, 0, 0, 0, 0, 0, 0, 0, 0, 0, 0, 0, 0, 0, 0, 0, 0, 177, 177, 7, 177, 177, 177, 0, 
경상대태양광, 1, 2026-02-14 00:00:00, 0, 0, 0, 0, 0, 0, 0, 5.184, 108.36, 234.792, 238.464, 336.6, 400.824, 357.192, 273.672, 180.576, 87.264, 49.752, 1.656, 0, 0, 0, 0, 0, 2274.336, 95, 400.82, 1.656, 400.824, 0, 
고흥만 수상태양광, 1, 2026-02-14 00:00:00, 0, 0, 0, 0, 0, 0, 0, 821.772, 6924.456, 20796.972, 33838.728, 17499.384, 39689.412, 21865.788, 8116.332, 5364.324, 5404.224, 2110.92, 66.696, 0, 0, 0, 0, 0, 162499.008, 6771, 39689.41, 66.69, 39689.412, 0, 
영동태양광, 1, 2026-02-13 00:00:00, 0, 0, 0, 0, 0, 0, 0, 0.768, 20.16, 20.16, 19.776, 20.064, 20.928, 530.88, 652.224, 514.176, 573.792, 690.144, 687.744, 508.128, 0, 0, 0, 0, 4258.944, 177, 690.14, 0.76, 690.144, 0, 
삼천포태양광#5, 1, 2026-02-13 00:00:00, 0, 0, 0, 0, 0, 0, 0, 30.247, 199.037, 238.42, 229.776, 293.508, 973.139, 2959.738, 2727.727, 2147.282, 2515.435, 2543.094, 2500.371, 1950.538, 0, 0, 0, 0, 19308.312, 805, 2959.73, 30.247, 2959.738, 0, 
삼천포태양광#5, 2, 2026-02-13 00:00:00, 0, 0, 0, 0, 0, 0, 0, 55.559, 284.723, 279.71, 342.755, 792.221, 2727.658, 5031.113, 4618.558, 3623.91, 4261.583, 4099.966, 3788.42, 2470.434, 0, 0, 0, 0, 32376.61, 1349, 5031.11, 55.55, 5031.113, 0, 
광양항세방태양광, 1, 2026-02-13 00:00:00, 0, 0, 0, 0, 0, 0, 0, 21.6, 259.2, 636, 998.4, 1363.2, 1557.6, 1624.8, 1485.6, 1116, 559.2, 136.8, 0, 0, 0, 0, 0, 0, 9758.4, 407, 1624.8, 21.6, 1624.8, 0, 
두산엔진MG태양광, 1, 2026-02-13 00:00:00, 0, 0, 0, 0, 0, 0, 0, 0.9, 4.5, 11.1, 23.52, 35.22, 43.14, 47.04, 45.36, 42.06, 28.32, 8.28, 0.06, 0, 0, 0, 0, 0, 289.5, 12, 47.04, 0.06, 47.04, 0, 
삼천포태양광, 1, 2026-02-13 00:00:00, 0, 0, 0, 0, 0, 0, 0, 0.252, 7.152, 19.512, 29.424, 35.592, 38.652, 38.472, 35.316, 27.864, 16.224, 2.628, 0, 0, 0, 0, 0, 0, 251.088, 10, 38.65, 0.252, 38.652, 0, 
삼천포태양광, 2, 2026-02-13 00:00:00, 0, 0, 0, 0, 0, 0, 0, 11.232, 115.392, 366.24, 558.432, 648.864, 697.536, 683.328, 609.024, 468.48, 269.664, 64.704, 0, 0, 0, 0, 0, 0, 4492.896, 187, 697.53, 11.232, 697.536, 0, 
삼천포태양광, 3, 2026-02-13 00:00:00, 0, 0, 0, 0, 0, 0, 0, 2.664, 44.172, 134.28, 186.768, 214.056, 227.268, 224.676, 208.188, 161.172, 89.604, 12.456, 0, 0, 0, 0, 0, 0, 1505.304, 63, 227.26, 2.664, 227.268, 0, 
삼천포태양광, 4, 2026-02-13 00:00:00, 0, 0, 0, 0, 0, 0, 0, 7.266, 84.641, 92.83, 93.757, 90.775, 84.691, 1117.101, 1106.524, 847.784, 1179.91, 1194.645, 1171.528, 590.693, 0, 0, 0, 0, 7662.145, 319, 1194.64, 7.266, 1194.645, 0, 
구미태양광, 1, 2026-02-13 00:00:00, 0, 0, 0, 0, 0, 0, 0, 0, 51.272, 215.718, 393.109, 505.198, 563.774, 580.768, 532.317, 432.159, 278.705, 86.707, 1.808, 0, 0, 0, 0, 0, 3641.535, 152, 580.76, 1.808, 580.768, 0, 
삼천포태양광#6, 1, 2026-02-13 00:00:00, 0, 0, 0, 0, 0, 0, 0, 0, 0, 0, 0, 0, 0, 0, 0, 0, 0, 0, 0, 0, 0, 0, 0, 0, 0, 0, 0, 0, 0, 0, 
영흥태양광#5, 1, 2026-02-13 00:00:00, 0, 0, 0, 0, 0, 0, 0, 2.411, 166.326, 708.695, 1412.568, 1923.6, 2041.716, 1195.621, 417.021, 518.263, 441.126, 67.495, 0, 0, 0, 0, 0, 0, 8894.842, 371, 2041.71, 2.41, 2041.716, 0, 
영흥태양광 #3, 1, 2026-02-13 00:00:00, 0, 0, 0, 0, 0, 0, 0, 0, 69.36, 399.12, 838.32, 1144.32, 1144.08, 695.52, 275.52, 345.6, 277.92, 45.84, 0, 0, 0, 0, 0, 0, 5235.6, 218, 1144.32, 45.84, 1144.32, 0, 
영흥태양광 #3, 2, 2026-02-13 00:00:00, 0, 0, 0, 0, 0, 0, 0, 0, 29.856, 148.032, 305.856, 421.248, 448.896, 277.152, 89.664, 116.736, 98.976, 12.48, 0, 0, 0, 0, 0, 0, 1948.896, 81, 448.89, 12.48, 448.896, 0, 
영흥태양광 #3, 3, 2026-02-13 00:00:00, 0, 0, 0, 0, 0, 0, 0, 0.48, 53.4, 206.04, 419.16, 573.6, 634.68, 406.32, 125.88, 167.52, 131.16, 24.36, 0, 0, 0, 0, 0, 0, 2742.6, 114, 634.68, 0.48, 634.68, 0, 
영흥태양광, 1, 2026-02-13 00:00:00, 0, 0, 0, 0, 0, 0, 0, 0, 28.301, 139.622, 316.109, 451.968, 503.808, 364.416, 95.155, 87.091, 88.666, 16.742, 0, 0, 0, 0, 0, 0, 2091.878, 87, 503.8, 16.742, 503.808, 0, 
예천태양광, 1, 2026-02-13 00:00:00, 0, 0, 0, 0, 0, 0, 0, 10.98, 292.32, 714.06, 1046.52, 1266.3, 1316.52, 1290.06, 1141.38, 873.18, 494.46, 104.04, 0, 0, 0, 0, 0, 0, 8549.82, 356, 1316.52, 10.98, 1316.52, 0, 
여수태양광, 1, 2026-02-13 00:00:00, 0, 0, 0, 0, 0, 0, 0, 0, 0, 0, 0, 0, 0, 0, 0, 0, 0, 0, 0, 0, 0, 0, 0, 727, 727, 30, 727, 727, 727, 0, 
영흥태양광, 2, 2026-02-13 00:00:00, 0, 0, 0, 0, 0, 0, 0, 0, 17.356, 111.848, 240.088, 325.903, 346.152, 200.556, 69.423, 85.815, 69.423, 10.606, 0, 0, 0, 0, 0, 0, 1477.17, 62, 346.15, 10.6, 346.152, 0, 
탑선태양광, 1, 2026-02-13 00:00:00, 0, 0, 0, 0, 0, 0, 0, 0, 0, 0, 0, 0, 0, 0, 0, 0, 0, 0, 0, 0, 0, 0, 0, 672, 672, 28, 672, 672, 672, 0, 
탑선태양광, 3, 2026-02-13 00:00:00, 0, 0, 0, 0, 0, 0, 0, 0, 0, 0, 0, 0, 0, 0, 0, 0, 0, 0, 0, 0, 0, 0, 0, 177, 177, 7, 177, 177, 177, 0, 
경상대태양광, 1, 2026-02-13 00:00:00, 0, 0, 0, 0, 0, 0, 0, 2.808, 90.432, 249.048, 381.096, 464.328, 481.608, 497.664, 453.528, 368.784, 228.744, 64.512, 0.216, 0, 0, 0, 0, 0, 3282.768, 137, 497.66, 0.216, 497.664, 0, 
고흥만 수상태양광, 1, 2026-02-13 00:00:00, 0, 0, 0, 0, 0, 0, 0, 892.752, 7892.724, 26411.7, 34517.532, 41740.692, 45995.376, 45935.568, 41022.996, 31784.172, 18669.672, 4565.736, 32.172, 0, 0, 0, 0, 0, 299461.092, 12478, 45995.37, 32.17, 45995.376, 0, 
영동태양광, 1, 2026-02-12 00:00:00, 0, 0, 0, 0, 0, 0, 0, 0.288, 19.68, 19.968, 18.624, 19.968, 58.944, 749.952, 685.344, 521.184, 578.208, 691.296, 688.512, 547.296, 0, 0, 0, 0, 4599.264, 192, 749.95, 0.288, 749.952, 0, 
삼천포태양광#5, 1, 2026-02-12 00:00:00, 0, 0, 0, 0, 0, 0, 0, 23.034, 218.888, 236.743, 282.19, 573.46, 1925.275, 3253.151, 2807.624, 2171.578, 2515.369, 2530.653, 2506.697, 1795.894, 0, 0, 0, 0, 20840.556, 868, 3253.15, 23.03, 3253.151, 0, 
삼천포태양광#5, 2, 2026-02-12 00:00:00, 0, 0, 0, 0, 0, 0, 0, 29.445, 268.294, 291.341, 547.318, 1125.479, 3809.321, 5571.218, 4833.89, 3677.612, 4260.867, 4107.891, 3788.185, 2554.777, 0, 0, 0, 0, 34865.638, 1453, 5571.21, 29.44, 5571.218, 0, 
광양항세방태양광, 1, 2026-02-12 00:00:00, 0, 0, 0, 0, 0, 0, 0, 21.6, 264, 638.4, 1113.6, 1401.6, 1540.8, 1617.6, 1490.4, 1168.8, 564, 146.4, 0, 0, 0, 0, 0, 0, 9967.2, 415, 1617.6, 21.6, 1617.6, 0, 
두산엔진MG태양광, 1, 2026-02-12 00:00:00, 0, 0, 0, 0, 0, 0, 0, 0.78, 3.54, 10.32, 24.6, 37.92, 47.82, 51.9, 51, 44.16, 30.24, 8.46, 0.06, 0, 0, 0, 0, 0, 310.8, 13, 51.9, 0.06, 51.9, 0, 
삼천포태양광, 1, 2026-02-12 00:00:00, 0, 0, 0, 0, 0, 0, 0, 0.372, 6.06, 21.78, 33.036, 40.224, 43.272, 42.684, 37.56, 28.92, 16.572, 2.544, 0, 0, 0, 0, 0, 0, 273.024, 11, 43.27, 0.372, 43.272, 0, 
삼천포태양광, 2, 2026-02-12 00:00:00, 0, 0, 0, 0, 0, 0, 0, 9.792, 122.208, 402.048, 610.08, 720.96, 764.16, 727.392, 618.24, 461.472, 266.304, 61.056, 0, 0, 0, 0, 0, 0, 4763.712, 198, 764.16, 9.792, 764.16, 0, 
삼천포태양광, 3, 2026-02-12 00:00:00, 0, 0, 0, 0, 0, 0, 0, 2.232, 47.16, 150.732, 209.664, 243.9, 258.372, 251.388, 216.144, 163.836, 87.48, 11.592, 0, 0, 0, 0, 0, 0, 1642.5, 68, 258.37, 2.232, 258.372, 0, 
삼천포태양광, 4, 2026-02-12 00:00:00, 0, 0, 0, 0, 0, 0, 0, 5.201, 68.898, 95.757, 93.708, 97.26, 478.548, 1317.231, 1149.141, 869.13, 1179.18, 1188.464, 1171.486, 496.297, 0, 0, 0, 0, 8210.301, 342, 1317.23, 5.201, 1317.231, 0, 
구미태양광, 1, 2026-02-12 00:00:00, 0, 0, 0, 0, 0, 0, 0, 0, 65.446, 271.618, 454.722, 564.642, 630.666, 614.25, 548.588, 443.874, 272.992, 91.407, 1.808, 0, 0, 0, 0, 0, 3960.013, 165, 630.66, 1.808, 630.666, 0, 
삼천포태양광#6, 1, 2026-02-12 00:00:00, 0, 0, 0, 0, 0, 0, 0, 0, 0, 0, 0, 0, 0, 0, 0, 0, 0, 0, 0, 0, 0, 0, 0, 0, 0, 0, 0, 0, 0, 0, 
영흥태양광#5, 1, 2026-02-12 00:00:00, 0, 0, 0, 0, 0, 0, 0, 28.926, 506.211, 1255.884, 1964.579, 2396.063, 2576.853, 2574.442, 2265.895, 1750.042, 1014.832, 226.589, 0, 0, 0, 0, 0, 0, 16560.316, 690, 2576.85, 28.92, 2576.853, 0, 
영흥태양광 #3, 1, 2026-02-12 00:00:00, 0, 0, 0, 0, 0, 0, 0, 12.96, 263.28, 763.44, 1098, 1157.28, 1041.12, 1189.68, 1395.36, 1080.48, 538.56, 114.96, 0, 0, 0, 0, 0, 0, 8655.12, 361, 1395.36, 12.96, 1395.36, 0, 
영흥태양광 #3, 2, 2026-02-12 00:00:00, 0, 0, 0, 0, 0, 0, 0, 2.784, 89.088, 262.848, 430.944, 524.256, 565.248, 561.024, 498.72, 394.848, 233.856, 53.664, 0, 0, 0, 0, 0, 0, 3617.28, 151, 565.24, 2.784, 565.248, 0, 
영흥태양광 #3, 3, 2026-02-12 00:00:00, 0, 0, 0, 0, 0, 0, 0, 4.68, 119.04, 321, 594, 717.24, 782.4, 780.72, 691.32, 531.6, 319.08, 75.6, 0, 0, 0, 0, 0, 0, 4936.68, 206, 782.4, 4.68, 782.4, 0, 
영흥태양광, 1, 2026-02-12 00:00:00, 0, 0, 0, 0, 0, 0, 0, 0.499, 57.523, 263.885, 440.333, 568.013, 626.112, 628.032, 548.16, 423.782, 240.768, 48.653, 0, 0, 0, 0, 0, 0, 3845.76, 160, 628.03, 0.499, 628.032, 0, 
예천태양광, 1, 2026-02-12 00:00:00, 0, 0, 0, 0, 0, 0, 0, 15.12, 406.98, 894.78, 1168.02, 1369.26, 1433.88, 1404.72, 1220.58, 936.54, 539.28, 87.66, 0, 0, 0, 0, 0, 0, 9476.82, 395, 1433.88, 15.12, 1433.88, 0, 
여수태양광, 1, 2026-02-12 00:00:00, 0, 0, 0, 0, 0, 0, 0, 0, 0, 0, 0, 0, 0, 0, 0, 0, 0, 0, 0, 0, 0, 0, 0, 660, 660, 28, 660, 660, 660, 0, 
영흥태양광, 2, 2026-02-12 00:00:00, 0, 0, 0, 0, 0, 0, 0, 2.893, 71.352, 211.162, 327.832, 378.935, 379.899, 338.438, 268.051, 280.585, 161.987, 33.747, 0, 0, 0, 0, 0, 0, 2454.881, 102, 379.89, 2.89, 379.899, 0, 
탑선태양광, 1, 2026-02-12 00:00:00, 0, 0, 0, 0, 0, 0, 0, 0, 0, 0, 0, 0, 0, 0, 0, 0, 0, 0, 0, 0, 0, 0, 0, 672, 672, 28, 672, 672, 672, 0, 
탑선태양광, 3, 2026-02-12 00:00:00, 0, 0, 0, 0, 0, 0, 0, 0, 0, 0, 0, 0, 0, 0, 0, 0, 0, 0, 0, 0, 0, 0, 0, 177, 177, 7, 177, 177, 177, 0, 
경상대태양광, 1, 2026-02-12 00:00:00, 0, 0, 0, 0, 0, 0, 0, 3.312, 102.096, 269.496, 401.256, 487.368, 528.264, 527.688, 479.376, 380.016, 232.56, 59.616, 0.216, 0, 0, 0, 0, 0, 3471.264, 145, 528.26, 0.216, 528.264, 0, 
고흥만 수상태양광, 1, 2026-02-12 00:00:00, 0, 0, 0, 0, 0, 0, 0, 837.816, 10393.908, 25910.892, 37839.984, 44554.104, 47888.82, 47053.944, 42925.428, 32760.504, 18898.152, 4179.672, 15.96, 0, 0, 0, 0, 0, 313259.184, 13052, 47888.82, 15.96, 47888.82, 0, 
영동태양광, 1, 2026-02-11 00:00:00, 0, 0, 0, 0, 0, 0, 0, 1.44, 20.16, 19.968, 19.008, 20.352, 20.64, 20.352, 19.488, 358.944, 584.544, 691.296, 688.896, 532.992, 0, 0, 0, 0, 2998.08, 125, 691.29, 1.44, 691.296, 0, 
삼천포태양광#5, 1, 2026-02-11 00:00:00, 0, 0, 0, 0, 0, 0, 0, 15.875, 181.582, 197.749, 226.904, 506.837, 1463.749, 2432.822, 2193.775, 1272.717, 2510.127, 2543.909, 2478.115, 1712.747, 0, 0, 0, 0, 17736.908, 739, 2543.9, 15.875, 2543.909, 0, 
삼천포태양광#5, 2, 2026-02-11 00:00:00, 0, 0, 0, 0, 0, 0, 0, 27.379, 280.063, 294.018, 542.767, 1314.976, 2858.1, 4180.549, 3631.421, 2225.686, 4250.656, 4084.658, 3788.374, 2172.429, 0, 0, 0, 0, 29651.076, 1235, 4250.65, 27.37, 4250.656, 0, 
광양항세방태양광, 1, 2026-02-11 00:00:00, 0, 0, 0, 0, 0, 0, 0, 14.4, 249.6, 710.4, 1130.4, 1543.2, 1231.2, 480, 379.2, 451.2, 496.8, 132, 0, 0, 0, 0, 0, 0, 6818.4, 284, 1543.2, 14.4, 1543.2, 0, 
두산엔진MG태양광, 1, 2026-02-11 00:00:00, 0, 0, 0, 0, 0, 0, 0.06, 0.54, 3.66, 10.14, 22.86, 29.4, 33.9, 37.68, 26.88, 21.66, 26.94, 7.92, 0.06, 0, 0, 0, 0, 0, 221.7, 9, 37.68, 0.06, 37.68, 0, 
삼천포태양광, 1, 2026-02-11 00:00:00, 0, 0, 0, 0, 0, 0, 0, 0.144, 4.356, 19.968, 31.26, 39.36, 40.272, 36.06, 30.66, 16.74, 13.668, 1.812, 0, 0, 0, 0, 0, 0, 234.3, 10, 40.27, 0.144, 40.272, 0, 
삼천포태양광, 2, 2026-02-11 00:00:00, 0, 0, 0, 0, 0, 0, 0, 6.912, 114.528, 381.696, 598.176, 685.632, 719.232, 584.064, 514.176, 314.976, 234.816, 53.088, 0, 0, 0, 0, 0, 0, 4207.296, 175, 719.23, 6.912, 719.232, 0, 
삼천포태양광, 3, 2026-02-11 00:00:00, 0, 0, 0, 0, 0, 0, 0, 1.404, 41.364, 144.36, 206.712, 232.668, 243, 193.104, 180, 107.244, 74.988, 11.052, 0, 0, 0, 0, 0, 0, 1435.896, 60, 243, 1.404, 243, 0, 
삼천포태양광, 4, 2026-02-11 00:00:00, 0, 0, 0, 0, 0, 0, 0, 2.835, 75.899, 94.721, 85.56, 94.786, 240.191, 967.293, 892.284, 527.718, 1174.809, 1193.625, 1172.552, 476.552, 0, 0, 0, 0, 6998.825, 292, 1193.62, 2.835, 1193.625, 0, 
구미태양광, 1, 2026-02-11 00:00:00, 0, 0, 0, 0, 0, 0, 0, 0, 27.552, 36.447, 183.465, 136.46, 126.987, 297.073, 399.545, 164.808, 101.025, 25.021, 0.289, 0, 0, 0, 0, 0, 1498.672, 62, 399.54, 0.28, 399.545, 0, 
삼천포태양광#6, 1, 2026-02-11 00:00:00, 0, 0, 0, 0, 0, 0, 0, 0, 0, 0, 0, 0, 0, 0, 0, 0, 0, 0, 0, 0, 0, 0, 0, 0, 0, 0, 0, 0, 0, 0, 
영흥태양광#5, 1, 2026-02-11 00:00:00, 0, 0, 0, 0, 0, 0, 0, 4.821, 188.021, 342.295, 378.453, 474.874, 605.042, 896.716, 2261.074, 1841.642, 1017.242, 248.284, 0, 0, 0, 0, 0, 0, 8258.464, 344, 2261.07, 4.82, 2261.074, 0, 
영흥태양광 #3, 1, 2026-02-11 00:00:00, 0, 0, 0, 0, 0, 0, 0, 0.96, 85.2, 197.04, 218.64, 392.88, 490.56, 777.36, 1317.84, 1035.84, 498.72, 112.32, 0.24, 0, 0, 0, 0, 0, 5127.6, 214, 1317.84, 0.24, 1317.84, 0, 
영흥태양광 #3, 2, 2026-02-11 00:00:00, 0, 0, 0, 0, 0, 0, 0, 0.096, 18.816, 55.488, 69.696, 100.032, 142.08, 226.752, 508.224, 402.816, 222.432, 54.144, 0, 0, 0, 0, 0, 0, 1800.576, 75, 508.22, 0.096, 508.224, 0, 
영흥태양광 #3, 3, 2026-02-11 00:00:00, 0, 0, 0, 0, 0, 0, 0, 0, 29.88, 55.92, 56.28, 121.68, 185.4, 416.16, 657.6, 531.84, 301.68, 72.12, 0.12, 0, 0, 0, 0, 0, 2428.68, 101, 657.6, 0.12, 657.6, 0, 
영흥태양광, 1, 2026-02-11 00:00:00, 0, 0, 0, 0, 0, 0, 0, 0, 17.856, 37.44, 41.28, 85.824, 119.194, 216, 474.739, 409.958, 218.88, 48.461, 0, 0, 0, 0, 0, 0, 1669.632, 70, 474.73, 17.856, 474.739, 0, 
예천태양광, 1, 2026-02-11 00:00:00, 0, 0, 0, 0, 0, 0, 0, 0, 18.36, 199.98, 278.28, 334.08, 390.96, 429.66, 360.36, 190.8, 136.98, 64.08, 0, 0, 0, 0, 0, 0, 2403.54, 100, 429.66, 18.36, 429.66, 0, 
여수태양광, 1, 2026-02-11 00:00:00, 0, 0, 0, 0, 0, 0, 0, 0, 0, 0, 0, 0, 0, 0, 0, 0, 0, 0, 0, 0, 0, 0, 0, 532, 532, 22, 532, 532, 532, 0, 
영흥태양광, 2, 2026-02-11 00:00:00, 0, 0, 0, 0, 0, 0, 0, 0, 19.284, 49.175, 56.888, 99.314, 134.025, 195.735, 337.474, 273.836, 147.524, 32.783, 0, 0, 0, 0, 0, 0, 1346.038, 56, 337.47, 19.28, 337.474, 0, 
탑선태양광, 1, 2026-02-11 00:00:00, 0, 0, 0, 0, 0, 0, 0, 0, 0, 0, 0, 0, 0, 0, 0, 0, 0, 0, 0, 0, 0, 0, 0, 672, 672, 28, 672, 672, 672, 0, 
탑선태양광, 3, 2026-02-11 00:00:00, 0, 0, 0, 0, 0, 0, 0, 0, 0, 0, 0, 0, 0, 0, 0, 0, 0, 0, 0, 0, 0, 0, 0, 177, 177, 7, 177, 177, 177, 0, 
경상대태양광, 1, 2026-02-11 00:00:00, 0, 0, 0, 0, 0, 0, 0, 1.584, 89.136, 238.032, 363.816, 441.504, 436.968, 441.216, 329.112, 188.208, 158.112, 38.52, 0.288, 0, 0, 0, 0, 0, 2726.496, 114, 441.5, 0.288, 441.504, 0, 
고흥만 수상태양광, 1, 2026-02-11 00:00:00, 0, 0, 0, 0, 0, 0, 0, 679.896, 8673.588, 16307.928, 28809.9, 39671.436, 32204.424, 13662.516, 14888.916, 24239.544, 14726.796, 2592.072, 7.812, 0, 0, 0, 0, 0, 196464.828, 8186, 39671.43, 7.81, 39671.436, 0, 
영동태양광, 1, 2026-02-10 00:00:00, 0, 0, 0, 0, 0, 0, 0, 0, 4.032, 18.048, 19.296, 19.296, 20.16, 20.256, 20.544, 106.08, 465.696, 250.08, 0, 0, 0, 0, 0, 0, 943.488, 39, 465.69, 4.032, 465.696, 0, 
삼천포태양광#5, 1, 2026-02-10 00:00:00, 0, 0, 0, 0, 0, 0, 0, 0, 52.721, 158.818, 189.196, 190.278, 191.602, 190.511, 185.825, 101.052, 2331.079, 0, 0, 0, 0, 0, 0, 0, 3591.082, 150, 2331.07, 52.72, 2331.079, 0, 
삼천포태양광#5, 2, 2026-02-10 00:00:00, 0, 0, 0, 0, 0, 0, 0, 0, 89.626, 246.766, 282.948, 283.789, 281.197, 281.988, 283.682, 201.093, 3974.734, 454.664, 0, 0, 0, 0, 0, 0, 6380.487, 266, 3974.73, 89.62, 3974.734, 0, 
광양항세방태양광, 1, 2026-02-10 00:00:00, 0, 0, 0, 0, 0, 0, 0, 0, 21.6, 146.4, 350.4, 672, 537.6, 300, 180, 81.6, 9.6, 0, 0, 0, 0, 0, 0, 0, 2299.2, 96, 672, 9.6, 672, 0, 
두산엔진MG태양광, 1, 2026-02-10 00:00:00, 0, 0, 0, 0, 0, 0, 0, 0.3, 2.28, 3.84, 6, 13.62, 22.92, 19.86, 8.88, 3.48, 1.56, 0.24, 0, 0, 0, 0, 0, 0, 82.98, 3, 22.92, 0.24, 22.92, 0, 
삼천포태양광, 1, 2026-02-10 00:00:00, 0, 0, 0, 0, 0, 0, 0, 0, 0.012, 1.272, 3.792, 9.672, 17.736, 5.568, 1.152, 0.168, 0, 0, 0, 0, 0, 0, 0, 0, 39.372, 2, 17.73, 0.012, 17.736, 0, 
삼천포태양광, 2, 2026-02-10 00:00:00, 0, 0, 0, 0, 0, 0, 0, 0, 16.416, 51.744, 105.504, 174.144, 315.264, 137.28, 55.2, 31.104, 11.136, 0, 0, 0, 0, 0, 0, 0, 897.792, 37, 315.26, 11.13, 315.264, 0, 
삼천포태양광, 3, 2026-02-10 00:00:00, 0, 0, 0, 0, 0, 0, 0, 0, 3.096, 14.112, 31.5, 56.232, 104.436, 42.804, 15.66, 7.992, 1.548, 0, 0, 0, 0, 0, 0, 0, 277.38, 12, 104.43, 1.548, 104.436, 0, 
삼천포태양광, 4, 2026-02-10 00:00:00, 0, 0, 0, 0, 0, 0, 0, 0, 14.173, 65.992, 93.848, 94.053, 93.866, 93.997, 76.382, 13.079, 898.307, 0, 0, 0, 0, 0, 0, 0, 1443.697, 60, 898.3, 13.079, 898.307, 0, 
구미태양광, 1, 2026-02-10 00:00:00, 0, 0, 0, 0, 0, 0, 0, 0, 12.366, 43.968, 65.157, 162.349, 463.544, 354.926, 492.326, 186.502, 82.151, 12.004, 0, 0, 0, 0, 0, 0, 1875.293, 78, 492.32, 12.004, 492.326, 0, 
삼천포태양광#6, 1, 2026-02-10 00:00:00, 0, 0, 0, 0, 0, 0, 0, 0, 0, 0, 0, 0, 0, 0, 0, 0, 0, 0, 0, 0, 0, 0, 0, 0, 0, 0, 0, 0, 0, 0, 
영흥태양광#5, 1, 2026-02-10 00:00:00, 0, 0, 0, 0, 0, 0, 0, 2.411, 69.905, 224.179, 523.084, 513.442, 1301.684, 1410.158, 342.295, 127.758, 62.674, 16.874, 0, 0, 0, 0, 0, 0, 4594.464, 191, 1410.15, 2.41, 1410.158, 0, 
영흥태양광 #3, 1, 2026-02-10 00:00:00, 0, 0, 0, 0, 0, 0, 0, 0, 36.72, 148.56, 325.2, 326.4, 772.32, 774, 206.64, 81.84, 40.32, 11.28, 0, 0, 0, 0, 0, 0, 2723.28, 113, 774, 11.28, 774, 0, 
영흥태양광 #3, 2, 2026-02-10 00:00:00, 0, 0, 0, 0, 0, 0, 0, 0, 7.008, 44.64, 108.096, 106.944, 283.68, 311.712, 75.264, 19.392, 1.344, 1.536, 0, 0, 0, 0, 0, 0, 959.616, 40, 311.71, 1.34, 311.712, 0, 
영흥태양광 #3, 3, 2026-02-10 00:00:00, 0, 0, 0, 0, 0, 0, 0, 0, 14.64, 68.88, 142.32, 159.12, 405.24, 443.76, 105.12, 38.52, 18.96, 6.36, 0, 0, 0, 0, 0, 0, 1402.92, 58, 443.76, 6.36, 443.76, 0, 
영흥태양광, 1, 2026-02-10 00:00:00, 0, 0, 0, 0, 0, 0, 0, 0, 5.683, 51.149, 107.482, 143.347, 341.645, 431.616, 89.933, 32.371, 7.219, 2.074, 0, 0, 0, 0, 0, 0, 1212.519, 51, 431.61, 2.074, 431.616, 0, 
예천태양광, 1, 2026-02-10 00:00:00, 0, 0, 0, 0, 0, 0, 0, 0, 50.58, 169.56, 155.16, 514.26, 741.06, 845.46, 845.64, 523.62, 185.4, 26.1, 0, 0, 0, 0, 0, 0, 4056.84, 169, 845.64, 26.1, 845.64, 0, 
여수태양광, 1, 2026-02-10 00:00:00, 0, 0, 0, 0, 0, 0, 0, 0, 0, 0, 0, 0, 0, 0, 0, 0, 0, 0, 0, 0, 0, 0, 0, 772, 772, 32, 772, 772, 772, 0, 
영흥태양광, 2, 2026-02-10 00:00:00, 0, 0, 0, 0, 0, 0, 0, 0, 6.749, 35.676, 81.958, 84.851, 213.091, 253.587, 57.853, 18.32, 6.749, 0.964, 0, 0, 0, 0, 0, 0, 759.798, 32, 253.58, 0.96, 253.587, 0, 
탑선태양광, 1, 2026-02-10 00:00:00, 0, 0, 0, 0, 0, 0, 0, 0, 0, 0, 0, 0, 0, 0, 0, 0, 0, 0, 0, 0, 0, 0, 0, 672, 672, 28, 672, 672, 672, 0, 
탑선태양광, 3, 2026-02-10 00:00:00, 0, 0, 0, 0, 0, 0, 0, 0, 0, 0, 0, 0, 0, 0, 0, 0, 0, 0, 0, 0, 0, 0, 0, 177, 177, 7, 177, 177, 177, 0, 
경상대태양광, 1, 2026-02-10 00:00:00, 0, 0, 0, 0, 0, 0, 0, 0, 2.808, 33.12, 94.104, 145.728, 141.48, 115.056, 61.704, 36.504, 15.192, 0.072, 0, 0, 0, 0, 0, 0, 645.768, 27, 145.72, 0.07, 145.728, 0, 
고흥만 수상태양광, 1, 2026-02-10 00:00:00, 0, 0, 0, 0, 0, 0, 0, 12.096, 737.856, 4799.76, 7288.26, 11553.024, 5711.664, 3543.456, 2706.816, 1217.328, 365.568, 0.924, 0, 0, 0, 0, 0, 0, 37936.752, 1581, 11553.02, 0.92, 11553.024, 0, 
영동태양광, 1, 2026-02-09 00:00:00, 0, 0, 0, 0, 0, 0, 0, 0.864, 19.776, 19.008, 17.76, 18.336, 190.56, 810.432, 738.24, 572.256, 602.688, 692.256, 688.992, 605.952, 0, 0, 0, 0, 4977.12, 207, 810.43, 0.864, 810.432, 0, 
삼천포태양광#5, 1, 2026-02-09 00:00:00, 0, 0, 0, 0, 0, 0, 0, 9.442, 165.583, 191.25, 265.367, 660.342, 2192.329, 3318.755, 2923.774, 2144.208, 2490.925, 2522.839, 2503.335, 1761.458, 0, 0, 0, 0, 21149.607, 881, 3318.75, 9.442, 3318.755, 0, 
삼천포태양광#5, 2, 2026-02-09 00:00:00, 0, 0, 0, 0, 0, 0, 0, 18.565, 243.065, 284.181, 762.525, 1580.26, 4224.331, 5625.579, 4957.729, 3633.332, 4243.667, 4000.619, 3788.728, 2030.195, 0, 0, 0, 0, 35392.776, 1475, 5625.57, 18.56, 5625.579, 0, 
광양항세방태양광, 1, 2026-02-09 00:00:00, 0, 0, 0, 0, 0, 0, 0, 12, 218.4, 691.2, 1168.8, 1500, 1620, 1656, 1488, 1041.6, 520.8, 91.2, 0, 0, 0, 0, 0, 0, 10008, 417, 1656, 12, 1656, 0, 
두산엔진MG태양광, 1, 2026-02-09 00:00:00, 0, 0, 0, 0, 0, 0, 0, 0.66, 2.76, 9, 24.3, 38.1, 48, 52.56, 52.98, 48.36, 30.78, 7.86, 0, 0, 0, 0, 0, 0, 315.36, 13, 52.98, 0.66, 52.98, 0, 
삼천포태양광, 1, 2026-02-09 00:00:00, 0, 0, 0, 0, 0, 0, 0, 0.348, 8.388, 21.912, 32.4, 39.768, 42.564, 42.792, 38.436, 28.404, 15.48, 0.816, 0, 0, 0, 0, 0, 0, 271.308, 11, 42.79, 0.348, 42.792, 0, 
삼천포태양광, 2, 2026-02-09 00:00:00, 0, 0, 0, 0, 0, 0, 0, 7.392, 82.272, 316.608, 628.8, 734.016, 762.144, 738.72, 486.432, 364.224, 249.12, 34.464, 0, 0, 0, 0, 0, 0, 4404.192, 184, 762.14, 7.392, 762.144, 0, 
삼천포태양광, 3, 2026-02-09 00:00:00, 0, 0, 0, 0, 0, 0, 0, 1.296, 22.284, 152.568, 212.544, 223.38, 214.632, 252.18, 219.312, 159.3, 77.616, 6.732, 0, 0, 0, 0, 0, 0, 1541.844, 64, 252.18, 1.296, 252.18, 0, 
삼천포태양광, 4, 2026-02-09 00:00:00, 0, 0, 0, 0, 0, 0, 0, 1.673, 55.424, 93.866, 86.62, 111.734, 578.244, 1338.106, 1196.153, 875.875, 1173.616, 1192.614, 1171.451, 458.467, 0, 0, 0, 0, 8333.843, 347, 1338.1, 1.673, 1338.106, 0, 
구미태양광, 1, 2026-02-09 00:00:00, 0, 0, 0, 0, 0, 0, 0, 0, 81.645, 321.227, 503.824, 609.116, 664.799, 659.014, 610.996, 507.585, 342.921, 108.691, 0.217, 0, 0, 0, 0, 0, 4410.035, 184, 664.79, 0.217, 664.799, 0, 
삼천포태양광#6, 1, 2026-02-09 00:00:00, 0, 0, 0, 0, 0, 0, 0, 0, 0, 0, 0, 0, 0, 0, 0, 0, 0, 0, 0, 0, 0, 0, 0, 0, 0, 0, 0, 0, 0, 0, 
영흥태양광#5, 1, 2026-02-09 00:00:00, 0, 0, 0, 0, 0, 0, 0, 19.284, 624.326, 1653.621, 1603, 2639.526, 2948.074, 2781.747, 2357.495, 1928.421, 1275.168, 253.105, 0, 0, 0, 0, 0, 0, 18083.767, 753, 2948.07, 19.28, 2948.074, 0, 
영흥태양광 #3, 1, 2026-02-09 00:00:00, 0, 0, 0, 0, 0, 0, 0, 11.52, 361.92, 974.64, 838.8, 1010.88, 951.6, 915.12, 1224.96, 1186.32, 612.96, 94.32, 0, 0, 0, 0, 0, 0, 8183.04, 341, 1224.96, 11.52, 1224.96, 0, 
영흥태양광 #3, 2, 2026-02-09 00:00:00, 0, 0, 0, 0, 0, 0, 0, 2.016, 124.704, 355.104, 341.376, 577.728, 631.968, 607.968, 541.152, 422.112, 286.848, 65.376, 0, 0, 0, 0, 0, 0, 3956.352, 165, 631.96, 2.016, 631.968, 0, 
영흥태양광 #3, 3, 2026-02-09 00:00:00, 0, 0, 0, 0, 0, 0, 0, 3.12, 151.56, 457.56, 448.56, 718.32, 867, 800.52, 720.48, 581.76, 378.84, 83.04, 0, 0, 0, 0, 0, 0, 5210.76, 217, 867, 3.12, 867, 0, 
영흥태양광, 1, 2026-02-09 00:00:00, 0, 0, 0, 0, 0, 0, 0, 0, 54.182, 296.448, 375.744, 625.958, 699.763, 644.198, 516.134, 448.589, 271.757, 47.731, 0, 0, 0, 0, 0, 0, 3980.504, 166, 699.76, 47.731, 699.763, 0, 
예천태양광, 1, 2026-02-09 00:00:00, 0, 0, 0, 0, 0, 0, 0, 18, 487.26, 973.44, 1279.44, 1442.88, 1507.32, 1473.12, 1317.96, 1023.48, 595.8, 94.32, 0, 0, 0, 0, 0, 0, 10213.02, 426, 1507.32, 18, 1507.32, 0, 
여수태양광, 1, 2026-02-09 00:00:00, 0, 0, 0, 0, 0, 0, 0, 0, 0, 0, 0, 0, 0, 0, 0, 0, 0, 0, 0, 0, 0, 0, 0, 731, 731, 30, 731, 731, 731, 0, 
영흥태양광, 2, 2026-02-09 00:00:00, 0, 0, 0, 0, 0, 0, 0, 1.928, 92.564, 264.194, 255.516, 381.827, 345.187, 300.834, 253.587, 302.762, 189.949, 31.819, 0, 0, 0, 0, 0, 0, 2420.167, 101, 381.82, 1.92, 381.827, 0, 
탑선태양광, 1, 2026-02-09 00:00:00, 0, 0, 0, 0, 0, 0, 0, 0, 0, 0, 0, 0, 0, 0, 0, 0, 0, 0, 0, 0, 0, 0, 0, 672, 672, 28, 672, 672, 672, 0, 
탑선태양광, 3, 2026-02-09 00:00:00, 0, 0, 0, 0, 0, 0, 0, 0, 0, 0, 0, 0, 0, 0, 0, 0, 0, 0, 0, 0, 0, 0, 0, 177, 177, 7, 177, 177, 177, 0, 
경상대태양광, 1, 2026-02-09 00:00:00, 0, 0, 0, 0, 0, 0, 0, 1.224, 93.6, 267.984, 411.552, 502.488, 544.536, 544.032, 497.016, 396.864, 210.024, 54.576, 0, 0, 0, 0, 0, 0, 3523.896, 147, 544.53, 1.224, 544.536, 0, 
고흥만 수상태양광, 1, 2026-02-09 00:00:00, 0, 0, 0, 0, 0, 0, 0, 679.728, 10183.992, 25729.116, 39207.42, 47196.66, 50357.748, 48688.164, 38126.256, 31902.36, 14783.412, 3132.444, 0.252, 0, 0, 0, 0, 0, 309987.552, 12916, 50357.74, 0.25, 50357.748, 0, 
영동태양광, 1, 2026-02-08 00:00:00, 0, 0, 0, 0, 0, 0, 0, 0.864, 18.144, 19.104, 17.76, 17.472, 161.088, 792.576, 710.208, 574.56, 603.744, 692.256, 689.376, 576.864, 0, 0, 0, 0, 4874.016, 203, 792.57, 0.864, 792.576, 0, 
삼천포태양광#5, 1, 2026-02-08 00:00:00, 0, 0, 0, 0, 0, 0, 0, 11.079, 188.347, 328.793, 510.353, 829.568, 1963.305, 3424.098, 3028.244, 2385.44, 2518.938, 2545.077, 2503.965, 2012.172, 0, 0, 0, 0, 22249.379, 927, 3424.09, 11.079, 3424.098, 0, 
삼천포태양광#5, 2, 2026-02-08 00:00:00, 0, 0, 0, 0, 0, 0, 0, 17.477, 253.688, 297.046, 960.244, 1784.84, 4321.39, 5779.715, 5078.227, 4012.419, 4260.698, 4090.08, 3787.838, 2467.869, 0, 0, 0, 0, 37111.531, 1546, 5779.71, 17.47, 5779.715, 0, 
광양항세방태양광, 1, 2026-02-08 00:00:00, 0, 0, 0, 0, 0, 0, 0, 12, 218.4, 604.8, 1051.2, 1420.8, 1632, 1660.8, 1497.6, 1166.4, 578.4, 144, 0, 0, 0, 0, 0, 0, 9986.4, 416, 1660.8, 12, 1660.8, 0, 
두산엔진MG태양광, 1, 2026-02-08 00:00:00, 0, 0, 0, 0, 0, 0, 0, 0.66, 3.24, 9.48, 25.14, 39.78, 49.98, 47.4, 49.98, 47.7, 32.64, 9.66, 0.06, 0, 0, 0, 0, 0, 315.72, 13, 49.98, 0.06, 49.98, 0, 
삼천포태양광, 1, 2026-02-08 00:00:00, 0, 0, 0, 0, 0, 0, 0, 0.168, 6.324, 21.876, 33.396, 41.052, 44.016, 42.672, 38.016, 26.976, 16.224, 3.012, 0, 0, 0, 0, 0, 0, 273.732, 11, 44.01, 0.168, 44.016, 0, 
삼천포태양광, 2, 2026-02-08 00:00:00, 0, 0, 0, 0, 0, 0, 0, 6.432, 100.704, 413.472, 650.592, 765.504, 809.184, 774.528, 678.624, 522.624, 276.288, 65.088, 0, 0, 0, 0, 0, 0, 5063.04, 211, 809.18, 6.432, 809.184, 0, 
삼천포태양광, 3, 2026-02-08 00:00:00, 0, 0, 0, 0, 0, 0, 0, 1.008, 28.656, 158.868, 221.76, 255.852, 269.136, 256.752, 225.144, 173.376, 83.808, 10.908, 0, 0, 0, 0, 0, 0, 1685.268, 70, 269.13, 1, 269.136, 0, 
삼천포태양광, 4, 2026-02-08 00:00:00, 0, 0, 0, 0, 0, 0, 0, 2.02, 60.173, 93.818, 87.939, 153.504, 669.497, 1391.499, 1230.521, 959.925, 1180.54, 1193.307, 1172.269, 570.377, 0, 0, 0, 0, 8765.389, 365, 1391.49, 2.02, 1391.499, 0, 
구미태양광, 1, 2026-02-08 00:00:00, 0, 0, 0, 0, 0, 0, 0, 0, 58.793, 292.951, 508.814, 640.501, 690.543, 682.444, 627.123, 504.62, 343.5, 109.197, 0.723, 0, 0, 0, 0, 0, 4459.209, 186, 690.54, 0.723, 690.543, 0, 
삼천포태양광#6, 1, 2026-02-08 00:00:00, 0, 0, 0, 0, 0, 0, 0, 0, 0, 0, 0, 0, 0, 0, 0, 0, 0, 0, 0, 0, 0, 0, 0, 0, 0, 0, 0, 0, 0, 0, 
영흥태양광#5, 1, 2026-02-08 00:00:00, 0, 0, 0, 0, 0, 0, 0, 24.105, 662.895, 1663.263, 2362.316, 1909.137, 1325.789, 2343.032, 2769.695, 2249.021, 1410.158, 291.674, 0, 0, 0, 0, 0, 0, 17011.085, 709, 2769.69, 24.1, 2769.695, 0, 
영흥태양광 #3, 1, 2026-02-08 00:00:00, 0, 0, 0, 0, 0, 0, 0, 11.52, 365.76, 998.88, 1400.64, 1707.6, 1806.72, 1799.52, 1648.56, 1290.72, 612.96, 79.92, 0, 0, 0, 0, 0, 0, 11722.8, 488, 1806.72, 11.52, 1806.72, 0, 
영흥태양광 #3, 2, 2026-02-08 00:00:00, 0, 0, 0, 0, 0, 0, 0, 2.496, 128.928, 227.904, 200.544, 571.68, 655.104, 657.792, 598.656, 484.128, 309.696, 78.24, 0, 0, 0, 0, 0, 0, 3915.168, 163, 657.79, 2.496, 657.792, 0, 
영흥태양광 #3, 3, 2026-02-08 00:00:00, 0, 0, 0, 0, 0, 0, 0, 3.6, 131.64, 365.04, 676.8, 833.4, 889.44, 889.44, 810.48, 641.52, 397.68, 93.36, 0, 0, 0, 0, 0, 0, 5732.4, 239, 889.44, 3.6, 889.44, 0, 
영흥태양광, 1, 2026-02-08 00:00:00, 0, 0, 0, 0, 0, 0, 0, 0, 53.376, 305.357, 512.832, 665.894, 722.957, 710.899, 611.558, 489.907, 286.963, 51.994, 0, 0, 0, 0, 0, 0, 4411.737, 184, 722.95, 51.994, 722.957, 0, 
예천태양광, 1, 2026-02-08 00:00:00, 0, 0, 0, 0, 0, 0, 0, 13.14, 450, 984.78, 1321.56, 1517.58, 1571.04, 1498.5, 1321.2, 1047.96, 603.36, 93.6, 0, 0, 0, 0, 0, 0, 10422.72, 434, 1571.04, 13.14, 1571.04, 0, 
여수태양광, 1, 2026-02-08 00:00:00, 0, 0, 0, 0, 0, 0, 0, 0, 0, 0, 0, 0, 0, 0, 0, 0, 0, 0, 0, 0, 0, 0, 0, 884, 884, 37, 884, 884, 884, 0, 
영흥태양광, 2, 2026-02-08 00:00:00, 0, 0, 0, 0, 0, 0, 0, 2.893, 94.493, 263.229, 388.577, 461.857, 482.105, 438.716, 404.004, 328.796, 190.914, 29.891, 0, 0, 0, 0, 0, 0, 3085.475, 129, 482.1, 2.89, 482.105, 0, 
탑선태양광, 1, 2026-02-08 00:00:00, 0, 0, 0, 0, 0, 0, 0, 0, 0, 0, 0, 0, 0, 0, 0, 0, 0, 0, 0, 0, 0, 0, 0, 672, 672, 28, 672, 672, 672, 0, 
탑선태양광, 3, 2026-02-08 00:00:00, 0, 0, 0, 0, 0, 0, 0, 0, 0, 0, 0, 0, 0, 0, 0, 0, 0, 0, 0, 0, 0, 0, 0, 177, 177, 7, 177, 177, 177, 0, 
경상대태양광, 1, 2026-02-08 00:00:00, 0, 0, 0, 0, 0, 0, 0, 1.296, 87.768, 269.28, 427.464, 533.88, 574.488, 561.816, 506.448, 406.584, 244.152, 65.88, 0.144, 0, 0, 0, 0, 0, 3679.2, 153, 574.48, 0.144, 574.488, 0, 
고흥만 수상태양광, 1, 2026-02-08 00:00:00, 0, 0, 0, 0, 0, 0, 0, 343.728, 5046.384, 17210.844, 26527.872, 39648, 49001.82, 49178.808, 43302.504, 34256.544, 20391.42, 4060.392, 9.492, 0, 0, 0, 0, 0, 288977.808, 12041, 49178.8, 9.49, 49178.808, 0, 
영동태양광, 1, 2026-02-07 00:00:00, 0, 0, 0, 0, 0, 0, 0, 0, 12, 20.064, 20.256, 19.968, 17.952, 19.296, 418.368, 580.992, 600.768, 691.968, 689.568, 586.656, 0, 0, 0, 0, 3677.856, 153, 691.96, 12, 691.968, 0, 
삼천포태양광#5, 1, 2026-02-07 00:00:00, 0, 0, 0, 0, 0, 0, 0, 15.891, 178.807, 198.93, 236.235, 653.389, 986.27, 3388.282, 3080.979, 2471.461, 2519.586, 2532.903, 2491.037, 2155.547, 0, 0, 0, 0, 20909.317, 871, 3388.28, 15.891, 3388.282, 0, 
삼천포태양광#5, 2, 2026-02-07 00:00:00, 0, 0, 0, 0, 0, 0, 0, 24.283, 274.018, 283.641, 541.765, 1531.929, 2461.121, 5733.041, 5196.244, 4166.198, 4264.079, 4090.192, 3789.935, 2632.795, 0, 0, 0, 0, 34989.241, 1458, 5733.04, 24.28, 5733.041, 0, 
광양항세방태양광, 1, 2026-02-07 00:00:00, 0, 0, 0, 0, 0, 0, 0, 9.6, 204, 561.6, 1029.6, 1461.6, 1744.8, 1723.2, 1504.8, 1185.6, 580.8, 141.6, 0, 0, 0, 0, 0, 0, 10147.2, 423, 1744.8, 9.6, 1744.8, 0, 
두산엔진MG태양광, 1, 2026-02-07 00:00:00, 0, 0, 0, 0, 0, 0, 0, 0.36, 5.16, 11.46, 23.82, 38.04, 47.7, 53.28, 54.3, 50.16, 38.64, 11.88, 0, 0, 0, 0, 0, 0, 334.8, 14, 54.3, 0.36, 54.3, 0, 
삼천포태양광, 1, 2026-02-07 00:00:00, 0, 0, 0, 0, 0, 0, 0, 0, 3.012, 15.324, 30.276, 39.828, 42.888, 42.504, 38.724, 31.512, 19.056, 3.408, 0, 0, 0, 0, 0, 0, 266.532, 11, 42.88, 3.012, 42.888, 0, 
삼천포태양광, 2, 2026-02-07 00:00:00, 0, 0, 0, 0, 0, 0, 0, 7.104, 72.768, 281.856, 568.896, 729.984, 779.04, 762.816, 685.248, 537.888, 293.568, 71.136, 0, 0, 0, 0, 0, 0, 4790.304, 200, 779.04, 7.104, 779.04, 0, 
삼천포태양광, 3, 2026-02-07 00:00:00, 0, 0, 0, 0, 0, 0, 0, 1.584, 21.06, 99.396, 192.744, 245.664, 261.108, 255.168, 229.536, 180.468, 89.568, 11.592, 0, 0, 0, 0, 0, 0, 1587.888, 66, 261.1, 1.584, 261.108, 0, 
삼천포태양광, 4, 2026-02-07 00:00:00, 0, 0, 0, 0, 0, 0, 0, 4.178, 74.583, 93.669, 85.128, 111.521, 181.297, 1360.029, 1250.729, 995.702, 1180.99, 1193.161, 1172.74, 642.707, 0, 0, 0, 0, 8346.434, 348, 1360.02, 4.178, 1360.029, 0, 
구미태양광, 1, 2026-02-07 00:00:00, 0, 0, 0, 0, 0, 0, 0, 0, 26.54, 145.716, 463.906, 627.846, 690.037, 693.653, 649.613, 539.187, 363.748, 112.668, 0.434, 0, 0, 0, 0, 0, 4313.348, 180, 693.65, 0.434, 693.653, 0, 
삼천포태양광#6, 1, 2026-02-07 00:00:00, 0, 0, 0, 0, 0, 0, 0, 0, 0, 0, 0, 0, 0, 0, 0, 0, 0, 0, 0, 0, 0, 0, 0, 0, 0, 0, 0, 0, 0, 0, 
영흥태양광#5, 1, 2026-02-07 00:00:00, 0, 0, 0, 0, 0, 0, 0, 16.874, 646.021, 1788.611, 2497.305, 1892.263, 2396.063, 2249.021, 2639.526, 2261.074, 1376.411, 175.968, 0, 0, 0, 0, 0, 0, 17939.137, 747, 2639.52, 16.87, 2639.526, 0, 
영흥태양광 #3, 1, 2026-02-07 00:00:00, 0, 0, 0, 0, 0, 0, 0, 7.68, 348.96, 1028.4, 1475.52, 1752.24, 1829.04, 1826.4, 1686.24, 1303.92, 602.16, 65.28, 0, 0, 0, 0, 0, 0, 11925.84, 497, 1829.04, 7.68, 1829.04, 0, 
영흥태양광 #3, 2, 2026-02-07 00:00:00, 0, 0, 0, 0, 0, 0, 0, 1.92, 125.76, 316.608, 429.12, 637.824, 640.32, 667.296, 613.248, 489.888, 303.84, 46.464, 0, 0, 0, 0, 0, 0, 4272.288, 178, 667.29, 1.92, 667.296, 0, 
영흥태양광 #3, 3, 2026-02-07 00:00:00, 0, 0, 0, 0, 0, 0, 0, 2.4, 146.04, 452.52, 730.8, 872.4, 923.88, 915.48, 835.8, 652.44, 392.88, 52.68, 0, 0, 0, 0, 0, 0, 5977.32, 249, 923.88, 2.4, 923.88, 0, 
영흥태양광, 1, 2026-02-07 00:00:00, 0, 0, 0, 0, 0, 0, 0, 0, 49.344, 313.344, 533.491, 689.933, 738.278, 729.907, 632.909, 505.766, 283.238, 32.371, 0, 0, 0, 0, 0, 0, 4508.581, 188, 738.27, 32.371, 738.278, 0, 
예천태양광, 1, 2026-02-07 00:00:00, 0, 0, 0, 0, 0, 0, 0, 6.3, 281.7, 717.66, 1170.36, 1485, 1557.54, 1516.14, 1349.28, 1069.02, 621.72, 90, 0, 0, 0, 0, 0, 0, 9864.72, 411, 1557.54, 6.3, 1557.54, 0, 
여수태양광, 1, 2026-02-07 00:00:00, 0, 0, 0, 0, 0, 0, 0, 0, 0, 0, 0, 0, 0, 0, 0, 0, 0, 0, 0, 0, 0, 0, 0, 660, 660, 28, 660, 660, 660, 0, 
영흥태양광, 2, 2026-02-07 00:00:00, 0, 0, 0, 0, 0, 0, 0, 0.964, 90.636, 273.836, 404.968, 477.284, 437.752, 500.425, 452.215, 332.653, 188.985, 20.248, 0, 0, 0, 0, 0, 0, 3179.966, 132, 500.42, 0.96, 500.425, 0, 
탑선태양광, 1, 2026-02-07 00:00:00, 0, 0, 0, 0, 0, 0, 0, 0, 0, 0, 0, 0, 0, 0, 0, 0, 0, 0, 0, 0, 0, 0, 0, 672, 672, 28, 672, 672, 672, 0, 
탑선태양광, 3, 2026-02-07 00:00:00, 0, 0, 0, 0, 0, 0, 0, 0, 0, 0, 0, 0, 0, 0, 0, 0, 0, 0, 0, 0, 0, 0, 0, 177, 177, 7, 177, 177, 177, 0, 
경상대태양광, 1, 2026-02-07 00:00:00, 0, 0, 0, 0, 0, 0, 0, 0, 42.984, 200.16, 389.448, 508.536, 561.744, 566.712, 526.824, 424.368, 259.488, 65.16, 0, 0, 0, 0, 0, 0, 3545.424, 148, 566.71, 42.984, 566.712, 0, 
고흥만 수상태양광, 1, 2026-02-07 00:00:00, 0, 0, 0, 0, 0, 0, 0, 489.132, 8066.352, 23330.664, 33553.968, 44964.696, 39772.572, 45674.58, 46137.252, 36481.62, 21580.02, 3984.204, 5.292, 0, 0, 0, 0, 0, 304040.352, 12668, 46137.25, 5.29, 46137.252, 0, 
영동태양광, 1, 2026-02-06 00:00:00, 0, 0, 0, 0, 0, 0, 0, 0.384, 15.84, 20.16, 19.872, 20.928, 21.216, 21.696, 271.104, 462.144, 542.112, 688.608, 686.88, 438.048, 0, 0, 0, 0, 3208.992, 134, 688.6, 0.384, 688.608, 0, 
삼천포태양광#5, 1, 2026-02-06 00:00:00, 0, 0, 0, 0, 0, 0, 0, 2.069, 163.856, 212.966, 208.179, 385.197, 615.219, 1169.409, 2590.129, 1898.753, 2435.688, 2414.468, 2488.597, 1657.978, 0, 0, 0, 0, 16242.508, 677, 2590.12, 2.069, 2590.129, 0, 
삼천포태양광#5, 2, 2026-02-06 00:00:00, 0, 0, 0, 0, 0, 0, 0, 4.185, 253.059, 282.158, 314.552, 922.962, 1263.505, 3057.047, 4384.862, 3221.43, 4232.372, 4017.99, 3785.473, 1558.499, 0, 0, 0, 0, 27298.094, 1137, 4384.86, 4.18, 4384.862, 0, 
광양항세방태양광, 1, 2026-02-06 00:00:00, 0, 0, 0, 0, 0, 0, 0, 4.8, 254.4, 576, 888, 1178.4, 1310.4, 1209.6, 1068, 739.2, 388.8, 88.8, 0, 0, 0, 0, 0, 0, 7706.4, 321, 1310.4, 4.8, 1310.4, 0, 
두산엔진MG태양광, 1, 2026-02-06 00:00:00, 0, 0, 0, 0, 0, 0, 0, 0.72, 6.96, 13.92, 28.08, 33.42, 46.68, 51.6, 50.4, 40.86, 21.12, 5.58, 0, 0, 0, 0, 0, 0, 299.34, 12, 51.6, 0.72, 51.6, 0, 
삼천포태양광, 1, 2026-02-06 00:00:00, 0, 0, 0, 0, 0, 0, 0, 0, 3.9, 12.636, 21.54, 34.776, 39.456, 32.94, 33.672, 23.844, 11.292, 1.356, 0, 0, 0, 0, 0, 0, 215.412, 9, 39.45, 1.356, 39.456, 0, 
삼천포태양광, 2, 2026-02-06 00:00:00, 0, 0, 0, 0, 0, 0, 0, 4.608, 84.768, 241.632, 400.224, 616.992, 696.576, 588.864, 583.968, 422.688, 191.04, 42.528, 0, 0, 0, 0, 0, 0, 3873.888, 161, 696.57, 4.608, 696.576, 0, 
삼천포태양광, 3, 2026-02-06 00:00:00, 0, 0, 0, 0, 0, 0, 0, 0.684, 23.76, 81.648, 129.744, 205.452, 232.308, 191.232, 192.744, 135.792, 50.688, 7.812, 0, 0, 0, 0, 0, 0, 1251.864, 52, 232.3, 0.684, 232.308, 0, 
삼천포태양광, 4, 2026-02-06 00:00:00, 0, 0, 0, 0, 0, 0, 0, 0.746, 69.445, 93.772, 95.453, 101.528, 140.971, 290.055, 1073.105, 758.472, 1168.524, 1191.383, 1170.85, 400.955, 0, 0, 0, 0, 6555.259, 273, 1191.38, 0.746, 1191.383, 0, 
구미태양광, 1, 2026-02-06 00:00:00, 0, 0, 0, 0, 0, 0, 0, 0, 19.959, 79.403, 192.722, 375.319, 555.168, 656.41, 566.016, 442.717, 264.387, 70.363, 0.579, 0, 0, 0, 0, 0, 3223.043, 134, 656.41, 0.579, 656.41, 0, 
삼천포태양광#6, 1, 2026-02-06 00:00:00, 0, 0, 0, 0, 0, 0, 0, 0, 0, 0, 0, 0, 0, 0, 0, 0, 0, 0, 0, 0, 0, 0, 0, 0, 0, 0, 0, 0, 0, 0, 
영흥태양광#5, 1, 2026-02-06 00:00:00, 0, 0, 0, 0, 0, 0, 0, 4.821, 458, 1617.463, 2350.263, 2564.8, 2020.021, 1889.853, 2343.032, 2017.611, 1101.611, 139.811, 0, 0, 0, 0, 0, 0, 16507.286, 688, 2564.8, 4.82, 2564.8, 0, 
영흥태양광 #3, 1, 2026-02-06 00:00:00, 0, 0, 0, 0, 0, 0, 0, 2.4, 260.16, 952.32, 1377.36, 1616.16, 1721.76, 1731.84, 1546.32, 1152.96, 526.32, 82.56, 0, 0, 0, 0, 0, 0, 10970.16, 457, 1731.84, 2.4, 1731.84, 0, 
영흥태양광 #3, 2, 2026-02-06 00:00:00, 0, 0, 0, 0, 0, 0, 0, 0.384, 91.872, 341.76, 249.984, 515.52, 626.208, 629.856, 562.08, 442.08, 248.352, 29.664, 0, 0, 0, 0, 0, 0, 3737.76, 156, 629.85, 0.384, 629.856, 0, 
영흥태양광 #3, 3, 2026-02-06 00:00:00, 0, 0, 0, 0, 0, 0, 0, 0.6, 111.72, 367.32, 666.72, 796.8, 846.6, 865.8, 761.28, 590.28, 316.56, 43.44, 0, 0, 0, 0, 0, 0, 5367.12, 224, 865.8, 0.6, 865.8, 0, 
영흥태양광, 1, 2026-02-06 00:00:00, 0, 0, 0, 0, 0, 0, 0, 0, 44.966, 288.422, 499.622, 632.026, 680.218, 693.542, 593.971, 462.912, 242.419, 32.64, 0, 0, 0, 0, 0, 0, 4170.738, 174, 693.54, 32.64, 693.542, 0, 
예천태양광, 1, 2026-02-06 00:00:00, 0, 0, 0, 0, 0, 0, 0, 4.68, 365.22, 889.02, 1193.58, 1404, 1501.2, 1486.26, 1283.04, 906.84, 410.22, 60.3, 0, 0, 0, 0, 0, 0, 9504.36, 396, 1501.2, 4.68, 1501.2, 0, 
여수태양광, 1, 2026-02-06 00:00:00, 0, 0, 0, 0, 0, 0, 0, 0, 0, 0, 0, 0, 0, 0, 0, 0, 0, 0, 0, 0, 0, 0, 0, 656, 656, 27, 656, 656, 656, 0, 
영흥태양광, 2, 2026-02-06 00:00:00, 0, 0, 0, 0, 0, 0, 0, 0, 64.602, 248.766, 380.863, 438.716, 464.749, 460.893, 387.613, 302.762, 161.987, 22.177, 0, 0, 0, 0, 0, 0, 2933.128, 122, 464.74, 22.17, 464.749, 0, 
탑선태양광, 1, 2026-02-06 00:00:00, 0, 0, 0, 0, 0, 0, 0, 0, 0, 0, 0, 0, 0, 0, 0, 0, 0, 0, 0, 0, 0, 0, 0, 672, 672, 28, 672, 672, 672, 0, 
탑선태양광, 3, 2026-02-06 00:00:00, 0, 0, 0, 0, 0, 0, 0, 0, 0, 0, 0, 0, 0, 0, 0, 0, 0, 0, 0, 0, 0, 0, 0, 177, 177, 7, 177, 177, 177, 0, 
경상대태양광, 1, 2026-02-06 00:00:00, 0, 0, 0, 0, 0, 0, 0, 0, 42.192, 146.664, 263.232, 358.56, 440.352, 444.096, 443.088, 343.656, 173.52, 39.168, 0, 0, 0, 0, 0, 0, 2694.528, 112, 444.09, 39.168, 444.096, 0, 
고흥만 수상태양광, 1, 2026-02-06 00:00:00, 0, 0, 0, 0, 0, 0, 0, 195.468, 6258.42, 15343.104, 21216.888, 36011.892, 45343.956, 47757.864, 36873.9, 19357.968, 13327.02, 2321.172, 0, 0, 0, 0, 0, 0, 244007.652, 10167, 47757.86, 195.46, 47757.864, 0, 
영동태양광, 1, 2026-02-05 00:00:00, 0, 0, 0, 0, 0, 0, 0, 0.48, 19.392, 20.064, 20.736, 22.272, 24.384, 19.2, 452.832, 455.136, 546.624, 689.856, 687.552, 384.576, 0, 0, 0, 0, 3343.104, 139, 689.85, 0.48, 689.856, 0, 
삼천포태양광#5, 1, 2026-02-05 00:00:00, 0, 0, 0, 0, 0, 0, 0, 0.228, 140.818, 200.973, 236.77, 329.754, 437.584, 495.374, 1705.513, 2027.752, 2500.259, 2529.567, 2497.134, 1765.398, 0, 0, 0, 0, 14867.124, 619, 2529.56, 0.228, 2529.567, 0, 
삼천포태양광#5, 2, 2026-02-05 00:00:00, 0, 0, 0, 0, 0, 0, 0, 1.304, 226.856, 285.079, 298.938, 562.744, 789.367, 1278.641, 3911.489, 3441.076, 4260.94, 3982.973, 3785.271, 1965.506, 0, 0, 0, 0, 24790.184, 1033, 4260.94, 1.304, 4260.94, 0, 
광양항세방태양광, 1, 2026-02-05 00:00:00, 0, 0, 0, 0, 0, 0, 0, 2.4, 98.4, 400.8, 549.6, 1032, 1250.4, 1341.6, 1303.2, 1015.2, 482.4, 79.2, 0, 0, 0, 0, 0, 0, 7555.2, 315, 1341.6, 2.4, 1341.6, 0, 
두산엔진MG태양광, 1, 2026-02-05 00:00:00, 0, 0, 0, 0, 0, 0, 0, 0.48, 4.68, 10.5, 21.36, 29.34, 38.04, 34.32, 35.7, 38.76, 25.8, 4.02, 0, 0, 0, 0, 0, 0, 243, 10, 38.76, 0.48, 38.76, 0, 
삼천포태양광, 1, 2026-02-05 00:00:00, 0, 0, 0, 0, 0, 0, 0, 0, 0.972, 13.584, 26.652, 27.396, 28.104, 28.692, 32.124, 26.592, 15.288, 1.008, 0, 0, 0, 0, 0, 0, 200.412, 8, 32.12, 0.97, 32.124, 0, 
삼천포태양광, 2, 2026-02-05 00:00:00, 0, 0, 0, 0, 0, 0, 0, 3.552, 47.328, 239.424, 514.656, 498.336, 510.912, 500.736, 491.52, 438.144, 241.92, 37.536, 0, 0, 0, 0, 0, 0, 3524.064, 147, 514.65, 3.552, 514.656, 0, 
삼천포태양광, 3, 2026-02-05 00:00:00, 0, 0, 0, 0, 0, 0, 0, 0.504, 12.888, 78.804, 158.184, 137.592, 153.576, 170.964, 178.884, 147.996, 68.256, 6.768, 0, 0, 0, 0, 0, 0, 1114.416, 46, 178.88, 0.5, 178.884, 0, 
삼천포태양광, 4, 2026-02-05 00:00:00, 0, 0, 0, 0, 0, 0, 0, 0.26, 53.222, 95.004, 93.34, 100.1, 104.113, 95.041, 598.102, 807.205, 1178.761, 1192.22, 1171.027, 508.128, 0, 0, 0, 0, 5996.523, 250, 1192.22, 0.26, 1192.22, 0, 
구미태양광, 1, 2026-02-05 00:00:00, 0, 0, 0, 0, 0, 0, 0, 0, 22.056, 202.195, 400.774, 515.25, 521.325, 510.549, 485.094, 387.902, 266.918, 66.603, 0, 0, 0, 0, 0, 0, 3378.666, 141, 521.32, 22.056, 521.325, 0, 
삼천포태양광#6, 1, 2026-02-05 00:00:00, 0, 0, 0, 0, 0, 0, 0, 0, 0, 0, 0, 0, 0, 0, 0, 0, 0, 0, 0, 0, 0, 0, 0, 0, 0, 0, 0, 0, 0, 0, 
영흥태양광#5, 1, 2026-02-05 00:00:00, 0, 0, 0, 0, 0, 0, 0, 2.411, 154.274, 969.032, 1750.042, 2239.379, 2379.189, 1911.547, 1113.663, 525.495, 361.579, 72.316, 0, 0, 0, 0, 0, 0, 11478.927, 478, 2379.18, 2.41, 2379.189, 0, 
영흥태양광 #3, 1, 2026-02-05 00:00:00, 0, 0, 0, 0, 0, 0, 0, 0.24, 107.28, 544.32, 577.2, 943.44, 1145.52, 1102.08, 623.76, 261.36, 261.12, 43.44, 0, 0, 0, 0, 0, 0, 5609.76, 234, 1145.52, 0.24, 1145.52, 0, 
영흥태양광 #3, 2, 2026-02-05 00:00:00, 0, 0, 0, 0, 0, 0, 0, 0, 26.976, 199.584, 376.224, 476.544, 506.208, 430.848, 288.576, 153.792, 91.104, 13.536, 0, 0, 0, 0, 0, 0, 2563.392, 107, 506.2, 13.536, 506.208, 0, 
영흥태양광 #3, 3, 2026-02-05 00:00:00, 0, 0, 0, 0, 0, 0, 0, 0.24, 51.72, 289.68, 477.12, 646.2, 693, 543.84, 282.12, 112.2, 125.4, 18.12, 0, 0, 0, 0, 0, 0, 3239.64, 135, 693, 0.24, 693, 0, 
영흥태양광, 1, 2026-02-05 00:00:00, 0, 0, 0, 0, 0, 0, 0, 0, 33.562, 202.675, 380.314, 516.518, 570.778, 379.814, 155.098, 50.957, 44.16, 7.258, 0, 0, 0, 0, 0, 0, 2341.134, 98, 570.77, 7.258, 570.778, 0, 
예천태양광, 1, 2026-02-05 00:00:00, 0, 0, 0, 0, 0, 0, 0, 4.68, 315.36, 603.18, 390.24, 468.72, 362.88, 921.06, 1139.94, 796.68, 405, 40.32, 0, 0, 0, 0, 0, 0, 5448.06, 227, 1139.94, 4.68, 1139.94, 0, 
여수태양광, 1, 2026-02-05 00:00:00, 0, 0, 0, 0, 0, 0, 0, 0, 0, 0, 0, 0, 0, 0, 0, 0, 0, 0, 0, 0, 0, 0, 0, 699, 699, 29, 699, 699, 699, 0, 
영흥태양광, 2, 2026-02-05 00:00:00, 0, 0, 0, 0, 0, 0, 0, 0, 23.141, 147.524, 200.556, 269.979, 260.337, 252.623, 165.844, 69.423, 65.566, 10.606, 0, 0, 0, 0, 0, 0, 1465.599, 61, 269.97, 10.6, 269.979, 0, 
탑선태양광, 1, 2026-02-05 00:00:00, 0, 0, 0, 0, 0, 0, 0, 0, 0, 0, 0, 0, 0, 0, 0, 0, 0, 0, 0, 0, 0, 0, 0, 672, 672, 28, 672, 672, 672, 0, 
탑선태양광, 3, 2026-02-05 00:00:00, 0, 0, 0, 0, 0, 0, 0, 0, 0, 0, 0, 0, 0, 0, 0, 0, 0, 0, 0, 0, 0, 0, 0, 177, 177, 7, 177, 177, 177, 0, 
경상대태양광, 1, 2026-02-05 00:00:00, 0, 0, 0, 0, 0, 0, 0, 0, 53.568, 167.256, 361.44, 430.56, 413.856, 396.288, 414.072, 343.152, 201.384, 39.528, 0, 0, 0, 0, 0, 0, 2821.104, 118, 430.56, 39.528, 430.56, 0, 
고흥만 수상태양광, 1, 2026-02-05 00:00:00, 0, 0, 0, 0, 0, 0, 0, 172.284, 3004.092, 12095.16, 17967.684, 36070.104, 41429.64, 43430.016, 38795.736, 29564.388, 13709.556, 2594.76, 0, 0, 0, 0, 0, 0, 238833.42, 9951, 43430.01, 172.28, 43430.016, 0, 
영동태양광, 1, 2026-02-04 00:00:00, 0, 0, 0, 0, 0, 0, 0, 0.384, 19.776, 19.488, 20.16, 20.352, 20.352, 20.256, 20.352, 78.24, 453.024, 690.048, 117.888, 0, 0, 0, 0, 0, 1480.32, 62, 690.04, 0.384, 690.048, 0, 
삼천포태양광#5, 1, 2026-02-04 00:00:00, 0, 0, 0, 0, 0, 0, 0, 5.427, 151.2, 190.473, 218.002, 359.735, 1270.631, 2682.315, 2022.192, 2133.349, 2620.875, 2536.035, 2452.315, 1539.616, 0, 0, 0, 0, 18182.165, 758, 2682.31, 5.427, 2682.315, 0, 
삼천포태양광#5, 2, 2026-02-04 00:00:00, 0, 0, 0, 0, 0, 0, 0, 11.641, 688.415, 2990.288, 4400.899, 4995.577, 4963.43, 4737.902, 4063.419, 3453.09, 1645.932, 213.349, 0, 0, 10.36, 0, 0, 0, 32174.302, 1341, 4995.57, 10.36, 4995.577, 0, 
광양항세방태양광, 1, 2026-02-04 00:00:00, 0, 0, 0, 0, 0, 0, 0, 12, 235.2, 628.8, 1036.8, 1368, 1550.4, 1528.8, 1296, 976.8, 480, 93.6, 0, 0, 0, 0, 0, 0, 9206.4, 384, 1550.4, 12, 1550.4, 0, 
두산엔진MG태양광, 1, 2026-02-04 00:00:00, 0, 0, 0, 0, 0, 0, 0, 0.6, 3.72, 10.2, 22.56, 35.22, 44.4, 44.94, 41.4, 41.88, 30.24, 6.12, 0, 0, 0, 0, 0, 0, 281.28, 12, 44.94, 0.6, 44.94, 0, 
삼천포태양광, 1, 2026-02-04 00:00:00, 0, 0, 0, 0, 0, 0, 0, 0.012, 7.104, 19.992, 31.476, 38.16, 41.076, 38.724, 33.492, 28.356, 13.308, 1.764, 0, 0, 0, 0, 0, 0, 253.464, 11, 41.07, 0.012, 41.076, 0, 
삼천포태양광, 2, 2026-02-04 00:00:00, 0, 0, 0, 0, 0, 0, 0, 5.856, 85.728, 340.608, 590.496, 672.864, 682.656, 588.576, 560.448, 465.504, 219.84, 43.584, 0, 0, 0, 0, 0, 0, 4256.16, 177, 682.65, 5.856, 682.656, 0, 
삼천포태양광, 3, 2026-02-04 00:00:00, 0, 0, 0, 0, 0, 0, 0, 1.152, 16.56, 136.08, 200.664, 208.152, 197.064, 195.408, 187.524, 152.784, 60.732, 8.568, 0, 0, 0, 0, 0, 0, 1364.688, 57, 208.15, 1.152, 208.152, 0, 
삼천포태양광, 4, 2026-02-04 00:00:00, 0, 0, 0, 0, 0, 0, 0, 1.468, 54.314, 92.831, 97.083, 98.416, 182.53, 1136.528, 972.238, 852.049, 1232.952, 1192.512, 1148.037, 399.328, 0, 0, 0, 0, 7460.286, 311, 1232.95, 1.468, 1232.952, 0, 
구미태양광, 1, 2026-02-04 00:00:00, 0, 0, 0, 0, 0, 0, 0, 0, 45.487, 200.387, 290.059, 382.334, 427.531, 427.82, 503.752, 344.946, 245.801, 49.392, 0.506, 0, 0, 0, 0, 0, 2918.015, 122, 503.75, 0.506, 503.752, 0, 
삼천포태양광#6, 1, 2026-02-04 00:00:00, 0, 0, 0, 0, 0, 0, 0, 0, 0, 0, 0, 0, 0, 0, 0, 0, 0, 0, 0, 0, 0, 0, 0, 0, 0, 0, 0, 0, 0, 0, 
영흥태양광#5, 1, 2026-02-04 00:00:00, 0, 0, 0, 0, 0, 0, 0, 7.232, 202.484, 665.305, 1137.768, 650.842, 793.063, 940.105, 1043.758, 850.916, 479.695, 81.958, 0, 0, 0, 0, 0, 0, 6853.126, 286, 1137.76, 7.23, 1137.768, 0, 
영흥태양광 #3, 1, 2026-02-04 00:00:00, 0, 0, 0, 0, 0, 0, 0, 3.84, 121.92, 419.76, 677.04, 407.28, 471.12, 637.2, 642.48, 522, 295.92, 51.36, 0, 0, 0, 0, 0, 0, 4249.92, 177, 677.04, 3.84, 677.04, 0, 
영흥태양광 #3, 2, 2026-02-04 00:00:00, 0, 0, 0, 0, 0, 0, 0, 0.672, 34.464, 138.528, 243.072, 134.592, 170.4, 206.592, 229.152, 192.96, 108.672, 13.44, 0, 0, 0, 0, 0, 0, 1472.544, 61, 243.07, 0.672, 243.072, 0, 
영흥태양광 #3, 3, 2026-02-04 00:00:00, 0, 0, 0, 0, 0, 0, 0, 1.56, 53.4, 181.68, 291.84, 180.6, 220.56, 336.48, 308.04, 245.88, 146.88, 25.8, 0, 0, 0, 0, 0, 0, 1992.72, 83, 336.48, 1.56, 336.48, 0, 
영흥태양광, 1, 2026-02-04 00:00:00, 0, 0, 0, 0, 0, 0, 0, 0.115, 35.942, 150.067, 211.046, 151.219, 202.714, 303.053, 271.45, 192.307, 112.051, 17.165, 0, 0, 0, 0, 0, 0, 1647.129, 69, 303.05, 0.115, 303.053, 0, 
예천태양광, 1, 2026-02-04 00:00:00, 0, 0, 0, 0, 0, 0, 0, 11.52, 260.82, 587.16, 746.64, 871.38, 515.7, 777.42, 1056.96, 638.46, 162.9, 47.34, 0, 0, 0, 0, 0, 0, 5676.3, 237, 1056.96, 11.52, 1056.96, 0, 
여수태양광, 1, 2026-02-04 00:00:00, 0, 0, 0, 0, 0, 0, 0, 0, 0, 0, 0, 0, 0, 0, 0, 0, 0, 0, 0, 0, 0, 0, 0, 674, 674, 28, 674, 674, 674, 0, 
영흥태양광, 2, 2026-02-04 00:00:00, 0, 0, 0, 0, 0, 0, 0, 0, 27.962, 113.777, 185.128, 111.848, 119.562, 174.522, 157.166, 135.954, 80.994, 12.535, 0, 0, 0, 0, 0, 0, 1119.448, 47, 185.12, 12.53, 185.128, 0, 
탑선태양광, 1, 2026-02-04 00:00:00, 0, 0, 0, 0, 0, 0, 0, 0, 0, 0, 0, 0, 0, 0, 0, 0, 0, 0, 0, 0, 0, 0, 0, 672, 672, 28, 672, 672, 672, 0, 
탑선태양광, 3, 2026-02-04 00:00:00, 0, 0, 0, 0, 0, 0, 0, 0, 0, 0, 0, 0, 0, 0, 0, 0, 0, 0, 0, 0, 0, 0, 0, 177, 177, 7, 177, 177, 177, 0, 
경상대태양광, 1, 2026-02-04 00:00:00, 0, 0, 0, 0, 0, 0, 0, 0.432, 82.368, 235.44, 379.944, 469.368, 507.384, 510.624, 387.792, 349.56, 209.592, 46.656, 0, 0, 0, 0, 0, 0, 3179.16, 132, 510.62, 0.432, 510.624, 0, 
고흥만 수상태양광, 1, 2026-02-04 00:00:00, 0, 0, 0, 0, 0, 0, 0, 469.224, 8061.648, 22361.808, 33070.296, 39680.004, 35275.464, 43348.872, 38249.148, 28888.944, 14850.696, 2609.544, 0, 0, 0, 0, 0, 0, 266865.648, 11119, 43348.87, 469.22, 43348.872, 0, 
영동태양광, 1, 2026-02-03 00:00:00, 0, 0, 0, 0, 0, 0, 0, 0.096, 18.624, 19.008, 17.664, 18.24, 115.584, 747.36, 692.352, 539.328, 590.688, 691.392, 688.608, 557.28, 0, 0, 0, 0, 4696.224, 196, 747.36, 0.096, 747.36, 0, 
삼천포태양광#5, 1, 2026-02-03 00:00:00, 0, 0, 0, 0, 0, 0, 0, 3.093, 129.789, 210.725, 274.545, 631.198, 1803.442, 3104.133, 2736.853, 2189.372, 2457.181, 2547.104, 2452.52, 1707.647, 0, 0, 0, 0, 20247.602, 844, 3104.13, 3.093, 3104.133, 0, 
삼천포태양광#5, 2, 2026-02-03 00:00:00, 0, 0, 0, 0, 0, 0, 0, 5.026, 643.517, 3321.861, 4686.309, 5373.676, 5516.303, 5417.477, 4765.468, 3648.587, 1831.046, 101.09, 0, 0, 0, 0, 0, 0, 35310.36, 1471, 5516.3, 5.026, 5516.303, 0, 
광양항세방태양광, 1, 2026-02-03 00:00:00, 0, 0, 0, 0, 0, 0, 0, 9.6, 228, 672, 1094.4, 1440, 1552.8, 1596, 1406.4, 1029.6, 436.8, 67.2, 0, 0, 0, 0, 0, 0, 9532.8, 397, 1596, 9.6, 1596, 0, 
두산엔진MG태양광, 1, 2026-02-03 00:00:00, 0, 0, 0, 0, 0, 0, 0.06, 0.42, 2.52, 8.16, 22.98, 36.9, 46.08, 50.94, 50.76, 43.32, 30, 5.34, 0, 0, 0, 0, 0, 0, 297.48, 12, 50.94, 0.06, 50.94, 0, 
삼천포태양광, 1, 2026-02-03 00:00:00, 0, 0, 0, 0, 0, 0, 0, 0.06, 4.596, 21.972, 33.096, 40.332, 42.912, 41.82, 37.08, 29.112, 15.9, 0.372, 0, 0, 0, 0, 0, 0, 267.252, 11, 42.91, 0.06, 42.912, 0, 
삼천포태양광, 2, 2026-02-03 00:00:00, 0, 0, 0, 0, 0, 0, 0, 4.416, 89.184, 394.272, 624.768, 724.224, 758.784, 629.952, 419.232, 377.472, 250.752, 25.632, 0, 0, 0, 0, 0, 0, 4298.688, 179, 758.78, 4.416, 758.784, 0, 
삼천포태양광, 3, 2026-02-03 00:00:00, 0, 0, 0, 0, 0, 0, 0, 0.36, 14.148, 145.224, 212.364, 241.56, 224.82, 237.168, 210.744, 162.504, 67.356, 4.716, 0, 0, 0, 0, 0, 0, 1520.964, 63, 241.56, 0.36, 241.56, 0, 
삼천포태양광, 4, 2026-02-03 00:00:00, 0, 0, 0, 0, 0, 0, 0, 0.337, 36.622, 93.525, 96.955, 105.79, 449.583, 1294.294, 1150.799, 912.785, 1238.302, 1194.302, 1148, 471.201, 0, 0, 0, 0, 8192.495, 341, 1294.29, 0.337, 1294.294, 0, 
구미태양광, 1, 2026-02-03 00:00:00, 0, 0, 0, 0, 0, 0, 0, 0, 68.411, 312.26, 496.086, 612.659, 669.283, 656.555, 598.558, 492.471, 307.704, 76.655, 0.362, 0, 0, 0, 0, 0, 4291.004, 179, 669.28, 0.362, 669.283, 0, 
삼천포태양광#6, 1, 2026-02-03 00:00:00, 0, 0, 0, 0, 0, 0, 0, 0, 0, 0, 0, 0, 0, 0, 0, 0, 0, 0, 0, 0, 0, 0, 0, 0, 0, 0, 0, 0, 0, 0, 
영흥태양광#5, 1, 2026-02-03 00:00:00, 0, 0, 0, 0, 0, 0, 0, 12.053, 491.747, 1542.737, 2258.663, 2702.2, 2829.958, 2663.632, 2198.4, 1697.011, 443.537, 40.979, 0, 0, 0, 0, 0, 0, 16880.917, 703, 2829.95, 12.05, 2829.958, 0, 
영흥태양광 #3, 1, 2026-02-03 00:00:00, 0, 0, 0, 0, 0, 0, 0, 4.8, 288.96, 929.28, 1288.32, 1265.04, 812.16, 979.92, 1261.68, 985.2, 289.44, 26.64, 0, 0, 0, 0, 0, 0, 8131.44, 339, 1288.32, 4.8, 1288.32, 0, 
영흥태양광 #3, 2, 2026-02-03 00:00:00, 0, 0, 0, 0, 0, 0, 0, 0.96, 93.984, 333.12, 495.264, 582.24, 602.784, 572.64, 484.416, 372.48, 97.824, 4.8, 0, 0, 0, 0, 0, 0, 3640.512, 152, 602.78, 0.96, 602.784, 0, 
영흥태양광 #3, 3, 2026-02-03 00:00:00, 0, 0, 0, 0, 0, 0, 0, 1.56, 127.68, 445.56, 675.48, 797.04, 828.6, 774.48, 657, 496.44, 148.32, 11.16, 0, 0, 0, 0, 0, 0, 4963.32, 207, 828.6, 1.56, 828.6, 0, 
영흥태양광, 1, 2026-02-03 00:00:00, 0, 0, 0, 0, 0, 0, 0, 0, 39.706, 266.88, 476.122, 619.354, 669.35, 603.379, 483.763, 380.352, 143.27, 6.221, 0, 0, 0, 0, 0, 0, 3688.397, 154, 669.35, 6.221, 669.35, 0, 
예천태양광, 1, 2026-02-03 00:00:00, 0, 0, 0, 0, 0, 0, 0, 0.54, 271.26, 642.06, 879.48, 1146.78, 1454.22, 1455.12, 1282.5, 990.72, 542.88, 44.46, 0, 0, 0, 0, 0, 0, 8710.02, 363, 1455.12, 0.54, 1455.12, 0, 
여수태양광, 1, 2026-02-03 00:00:00, 0, 0, 0, 0, 0, 0, 0, 0, 0, 0, 0, 0, 0, 0, 0, 0, 0, 0, 0, 0, 0, 0, 0, 699, 699, 29, 699, 699, 699, 0, 
영흥태양광, 2, 2026-02-03 00:00:00, 0, 0, 0, 0, 0, 0, 0, 0.964, 77.137, 247.802, 371.221, 409.789, 336.509, 309.512, 285.406, 266.122, 81.958, 5.785, 0, 0, 0, 0, 0, 0, 2392.205, 100, 409.78, 0.96, 409.789, 0, 
탑선태양광, 1, 2026-02-03 00:00:00, 0, 0, 0, 0, 0, 0, 0, 0, 0, 0, 0, 0, 0, 0, 0, 0, 0, 0, 0, 0, 0, 0, 0, 672, 672, 28, 672, 672, 672, 0, 
탑선태양광, 3, 2026-02-03 00:00:00, 0, 0, 0, 0, 0, 0, 0, 0, 0, 0, 0, 0, 0, 0, 0, 0, 0, 0, 0, 0, 0, 0, 0, 177, 177, 7, 177, 177, 177, 0, 
경상대태양광, 1, 2026-02-03 00:00:00, 0, 0, 0, 0, 0, 0, 0, 0.432, 87.12, 258.552, 400.68, 486.432, 528.336, 529.344, 484.056, 388.944, 216.288, 38.952, 0, 0, 0, 0, 0, 0, 3419.136, 142, 529.34, 0.43, 529.344, 0, 
고흥만 수상태양광, 1, 2026-02-03 00:00:00, 0, 0, 0, 0, 0, 0, 0, 473.256, 9343.488, 27275.472, 38605.644, 45134.124, 47575.752, 46889.136, 41831.076, 30161.46, 16771.356, 2573.34, 0, 0, 0, 0, 0, 0, 306634.104, 12776, 47575.75, 473.25, 47575.752, 0, 
영동태양광, 1, 2026-02-02 00:00:00, 0, 0, 0, 0, 0, 0, 0, 0, 14.592, 19.488, 18.336, 19.776, 23.136, 289.248, 667.872, 524.544, 577.44, 690.528, 688.32, 519.648, 0, 0, 0, 0, 4052.928, 169, 690.52, 14.592, 690.528, 0, 
삼천포태양광#5, 1, 2026-02-02 00:00:00, 0, 0, 0, 0, 0, 0, 0, 0.227, 131.793, 196.044, 225.52, 464.013, 386.023, 364.282, 1795.337, 2116.672, 2512.35, 2510.719, 2354.559, 1909.044, 4.48, 0, 0, 0, 14971.063, 624, 2512.35, 0.227, 2512.35, 0, 
삼천포태양광#5, 2, 2026-02-02 00:00:00, 0, 0, 0, 0, 0, 0, 0, 0.91, 213.943, 275.891, 526.215, 1291.561, 515.249, 1001.776, 4014.57, 3670.284, 4258.591, 4044.826, 3765.114, 2112.062, 0, 0, 0, 0, 25690.992, 1070, 4258.59, 0.91, 4258.591, 0, 
광양항세방태양광, 1, 2026-02-02 00:00:00, 0, 0, 0, 0, 0, 0, 0, 0, 33.6, 441.6, 943.2, 1324.8, 1166.4, 1257.6, 1159.2, 868.8, 446.4, 93.6, 0, 0, 0, 0, 0, 0, 7735.2, 322, 1324.8, 33.6, 1324.8, 0, 
두산엔진MG태양광, 1, 2026-02-02 00:00:00, 0, 0, 0, 0, 0, 0, 0, 0.6, 4.98, 11.82, 20.88, 26.46, 27.96, 37.38, 51.06, 44.7, 31.2, 7.02, 0, 0, 0, 0, 0, 0, 264.06, 11, 51.06, 0.6, 51.06, 0, 
삼천포태양광, 1, 2026-02-02 00:00:00, 0, 0, 0, 0, 0, 0, 0, 0, 0.144, 2.7, 24.72, 38.58, 22.728, 32.064, 32.832, 29.04, 16.14, 1.992, 0, 0, 0, 0, 0, 0, 200.94, 8, 38.58, 0.144, 38.58, 0, 
삼천포태양광, 2, 2026-02-02 00:00:00, 0, 0, 0, 0, 0, 0, 0, 2.688, 40.896, 105.6, 503.712, 701.856, 379.008, 541.44, 631.2, 474.816, 244.128, 45.696, 0, 0, 0, 0, 0, 0, 3671.04, 153, 701.85, 2.688, 701.856, 0, 
삼천포태양광, 3, 2026-02-02 00:00:00, 0, 0, 0, 0, 0, 0, 0, 0.108, 11.88, 38.304, 145.584, 230.364, 117.324, 187.668, 212.328, 157.752, 63.756, 8.1, 0, 0, 0, 0, 0, 0, 1173.168, 49, 230.36, 0.108, 230.364, 0, 
삼천포태양광, 4, 2026-02-02 00:00:00, 0, 0, 0, 0, 0, 0, 0, 0.151, 46.376, 81.848, 86.36, 100.322, 128.456, 116.094, 665.261, 870.157, 1178.538, 1196.592, 1165.59, 526.542, 0, 0, 0, 0, 6162.287, 257, 1196.59, 0.151, 1196.592, 0, 
구미태양광, 1, 2026-02-02 00:00:00, 0, 0, 0, 0, 0, 0, 0, 0, 5.279, 143.33, 441.054, 494.785, 535.281, 210.005, 502.089, 469.402, 273.137, 68.266, 0.217, 0, 0, 0, 0, 0, 3142.845, 131, 535.28, 0.217, 535.281, 0, 
삼천포태양광#6, 1, 2026-02-02 00:00:00, 0, 0, 0, 0, 0, 0, 0, 0, 0, 0, 0, 0, 0, 0, 0, 0, 0, 0, 0, 0, 0, 0, 0, 0, 0, 0, 0, 0, 0, 0, 
영흥태양광#5, 1, 2026-02-02 00:00:00, 0, 0, 0, 0, 0, 0, 0, 0, 26.516, 60.263, 390.505, 1501.758, 2379.189, 2714.253, 2661.221, 2039.305, 1157.053, 175.968, 0, 0, 0, 0, 0, 0, 13106.031, 546, 2714.25, 26.51, 2714.253, 0, 
영흥태양광 #3, 1, 2026-02-02 00:00:00, 0, 0, 0, 0, 0, 0, 0, 0, 10.56, 36.48, 129.84, 354.96, 1472.16, 1731.36, 1555.2, 1128.24, 499.68, 56.4, 0, 0, 0, 0, 0, 0, 6974.88, 291, 1731.36, 10.56, 1731.36, 0, 
영흥태양광 #3, 2, 2026-02-02 00:00:00, 0, 0, 0, 0, 0, 0, 0, 0, 1.152, 3.936, 24.96, 164.544, 577.248, 636.768, 573.6, 444.096, 260.928, 54.432, 0, 0, 0, 0, 0, 0, 2741.664, 114, 636.76, 1.152, 636.768, 0, 
영흥태양광 #3, 3, 2026-02-02 00:00:00, 0, 0, 0, 0, 0, 0, 0, 0, 5.04, 13.32, 111.72, 417.48, 868.92, 873.72, 786.12, 598.8, 344.16, 62.04, 0, 0, 0, 0, 0, 0, 4081.32, 170, 873.72, 5.04, 873.72, 0, 
영흥태양광, 1, 2026-02-02 00:00:00, 0, 0, 0, 0, 0, 0, 0, 0, 0.077, 15.014, 63.014, 219.149, 596.736, 664.32, 550.157, 428.352, 220.646, 36.672, 0, 0, 0, 0, 0, 0, 2794.137, 116, 664.32, 0.077, 664.32, 0, 
예천태양광, 1, 2026-02-02 00:00:00, 0, 0, 0, 0, 0, 0, 0, 0, 0.54, 3.42, 1.44, 11.52, 82.44, 94.5, 246.24, 466.38, 316.8, 25.38, 0, 0, 0, 0, 0, 0, 1248.66, 52, 466.38, 0.54, 466.38, 0, 
여수태양광, 1, 2026-02-02 00:00:00, 0, 0, 0, 0, 0, 0, 0, 0, 0, 0, 0, 0, 0, 0, 0, 0, 0, 0, 0, 0, 0, 0, 0, 504, 504, 21, 504, 504, 504, 0, 
영흥태양광, 2, 2026-02-02 00:00:00, 0, 0, 0, 0, 0, 0, 0, 0, 1.928, 9.642, 45.318, 125.347, 403.04, 399.183, 363.507, 303.726, 159.095, 21.213, 0, 0, 0, 0, 0, 0, 1831.999, 76, 403.04, 1.92, 403.04, 0, 
탑선태양광, 1, 2026-02-02 00:00:00, 0, 0, 0, 0, 0, 0, 0, 0, 0, 0, 0, 0, 0, 0, 0, 0, 0, 0, 0, 0, 0, 0, 0, 672, 672, 28, 672, 672, 672, 0, 
탑선태양광, 3, 2026-02-02 00:00:00, 0, 0, 0, 0, 0, 0, 0, 0, 0, 0, 0, 0, 0, 0, 0, 0, 0, 0, 0, 0, 0, 0, 0, 177, 177, 7, 177, 177, 177, 0, 
경상대태양광, 1, 2026-02-02 00:00:00, 0, 0, 0, 0, 0, 0, 0, 0, 20.016, 166.824, 366.624, 480.24, 517.608, 530.64, 479.232, 382.968, 225.504, 46.872, 0, 0, 0, 0, 0, 0, 3216.528, 134, 530.64, 20.016, 530.64, 0, 
고흥만 수상태양광, 1, 2026-02-02 00:00:00, 0, 0, 0, 0, 0, 0, 0, 11.676, 1158.528, 15233.82, 32000.724, 35824.656, 36612.744, 29253.924, 19805.688, 19407.276, 13481.412, 2795.772, 0, 0, 0, 0, 0, 0, 205586.22, 8566, 36612.74, 11.67, 36612.744, 0, 
영동태양광, 1, 2026-02-01 00:00:00, 0, 0, 0, 0, 0, 0, 0, 0, 18.336, 19.104, 16.896, 17.952, 96.96, 789.504, 679.392, 511.968, 576.48, 691.008, 688.608, 496.992, 0, 0, 0, 0, 4603.2, 192, 789.5, 16.896, 789.504, 0, 
삼천포태양광#5, 1, 2026-02-01 00:00:00, 0, 0, 0, 0, 0, 0, 0, 6.081, 177.538, 205.098, 188.748, 435.359, 443.6, 2866.637, 2597.174, 2016.887, 2470.489, 2500.538, 2501.628, 1704.241, 0, 0, 0, 0, 18114.018, 755, 2866.63, 6.081, 2866.637, 0, 
삼천포태양광#5, 2, 2026-02-01 00:00:00, 0, 0, 0, 0, 0, 0, 0, 10.661, 269.727, 280.145, 326.82, 1197.461, 1654.398, 5099.212, 4512.158, 3498.409, 4255.107, 4022.761, 3785.036, 1931.985, 0, 0, 0, 0, 30843.88, 1285, 5099.21, 10.66, 5099.212, 0, 
광양항세방태양광, 1, 2026-02-01 00:00:00, 0, 0, 0, 0, 0, 0, 0, 9.6, 268.8, 633.6, 988.8, 1377.6, 1572, 1562.4, 1329.6, 974.4, 470.4, 93.6, 0, 0, 0, 0, 0, 0, 9280.8, 387, 1572, 9.6, 1572, 0, 
두산엔진MG태양광, 1, 2026-02-01 00:00:00, 0, 0, 0, 0, 0, 0, 0, 0.54, 3.72, 9.48, 22.56, 36.12, 45.66, 49.08, 48.78, 43.08, 30.84, 6.72, 0, 0, 0, 0, 0, 0, 296.58, 12, 49.08, 0.54, 49.08, 0, 
삼천포태양광, 1, 2026-02-01 00:00:00, 0, 0, 0, 0, 0, 0, 0, 0.024, 6.144, 17.976, 28.356, 38.004, 39.696, 38.904, 34.032, 26.484, 14.712, 1.752, 0, 0, 0, 0, 0, 0, 246.084, 10, 39.69, 0.024, 39.696, 0, 
삼천포태양광, 2, 2026-02-01 00:00:00, 0, 0, 0, 0, 0, 0, 0, 4.992, 76.224, 296.352, 511.488, 683.04, 708.576, 701.184, 602.496, 459.648, 236.832, 43.392, 0, 0, 0, 0, 0, 0, 4324.224, 180, 708.57, 4.992, 708.576, 0, 
삼천포태양광, 3, 2026-02-01 00:00:00, 0, 0, 0, 0, 0, 0, 0, 1.08, 19.26, 102.276, 168.768, 228.996, 235.08, 231.84, 196.956, 150.66, 59.148, 7.524, 0, 0, 0, 0, 0, 0, 1401.588, 58, 235.08, 1.08, 235.08, 0, 
삼천포태양광, 4, 2026-02-01 00:00:00, 0, 0, 0, 0, 0, 0, 0, 1.514, 72.975, 92.789, 93.321, 101.052, 81.634, 933.111, 1096.404, 823.682, 1176.564, 1191.373, 1172.2, 484.981, 0, 0, 0, 0, 7321.6, 305, 1191.37, 1.514, 1191.373, 0, 
구미태양광, 1, 2026-02-01 00:00:00, 0, 0, 0, 0, 0, 0, 0, 0, 31.964, 149.694, 398.822, 533.763, 612.081, 626.182, 583.95, 479.888, 301.412, 67.905, 0.072, 0, 0, 0, 0, 0, 3785.733, 158, 626.18, 0.072, 626.182, 0, 
삼천포태양광#6, 1, 2026-02-01 00:00:00, 0, 0, 0, 0, 0, 0, 0, 0, 0, 0, 0, 0, 0, 0, 0, 0, 0, 0, 0, 0, 0, 0, 0, 0, 0, 0, 0, 0, 0, 0, 
영흥태양광#5, 1, 2026-02-01 00:00:00, 0, 0, 0, 0, 0, 0, 0, 0, 122.937, 1096.789, 2200.811, 2646.758, 2815.495, 2661.221, 2314.105, 1697.011, 783.421, 115.705, 0, 0, 0, 0, 0, 0, 16454.253, 686, 2815.49, 115.7, 2815.495, 0, 
영흥태양광 #3, 1, 2026-02-01 00:00:00, 0, 0, 0, 0, 0, 0, 0, 0, 64.32, 573.36, 1298.4, 1521.6, 1626, 1410.72, 1383.84, 989.04, 406.32, 66.96, 0, 0, 0, 0, 0, 0, 9340.56, 389, 1626, 64.32, 1626, 0, 
영흥태양광 #3, 2, 2026-02-01 00:00:00, 0, 0, 0, 0, 0, 0, 0, 0, 27.072, 260.352, 486.72, 580.896, 612.288, 584.928, 509.472, 380.256, 180.192, 25.824, 0, 0, 0, 0, 0, 0, 3648, 152, 612.28, 25.824, 612.288, 0, 
영흥태양광 #3, 3, 2026-02-01 00:00:00, 0, 0, 0, 0, 0, 0, 0, 0, 42, 352.2, 650.88, 779.04, 820.56, 780.96, 686.52, 513.84, 244.44, 36.48, 0, 0, 0, 0, 0, 0, 4906.92, 204, 820.56, 36.48, 820.56, 0, 
영흥태양광, 1, 2026-02-01 00:00:00, 0, 0, 0, 0, 0, 0, 0, 0, 9.984, 192.115, 457.382, 609.523, 662.323, 625.037, 530.88, 396.288, 179.059, 25.306, 0, 0, 0, 0, 0, 0, 3687.897, 154, 662.32, 9.984, 662.323, 0, 
예천태양광, 1, 2026-02-01 00:00:00, 0, 0, 0, 0, 0, 0, 0, 0, 41.94, 216, 928.08, 1408.86, 1471.86, 1392.66, 1242.36, 931.68, 488.52, 43.2, 0, 0, 0, 0, 0, 0, 8165.16, 340, 1471.86, 41.94, 1471.86, 0, 
여수태양광, 1, 2026-02-01 00:00:00, 0, 0, 0, 0, 0, 0, 0, 0, 0, 0, 0, 0, 0, 0, 0, 0, 0, 0, 0, 0, 0, 0, 0, 558, 558, 23, 558, 558, 558, 0, 
영흥태양광, 2, 2026-02-01 00:00:00, 0, 0, 0, 0, 0, 0, 0, 0, 19.284, 183.2, 455.107, 514.888, 468.606, 465.714, 423.288, 350.008, 158.131, 24.105, 0, 0, 0, 0, 0, 0, 3062.331, 128, 514.88, 19.28, 514.888, 0, 
탑선태양광, 1, 2026-02-01 00:00:00, 0, 0, 0, 0, 0, 0, 0, 0, 0, 0, 0, 0, 0, 0, 0, 0, 0, 0, 0, 0, 0, 0, 0, 672, 672, 28, 672, 672, 672, 0, 
탑선태양광, 3, 2026-02-01 00:00:00, 0, 0, 0, 0, 0, 0, 0, 0, 0, 0, 0, 0, 0, 0, 0, 0, 0, 0, 0, 0, 0, 0, 0, 177, 177, 7, 177, 177, 177, 0, 
경상대태양광, 1, 2026-02-01 00:00:00, 0, 0, 0, 0, 0, 0, 0, 0.144, 62.064, 209.88, 356.112, 453.672, 503.928, 528.552, 483.336, 378.216, 220.464, 45.072, 0, 0, 0, 0, 0, 0, 3241.44, 135, 528.55, 0.14, 528.552, 0, 
고흥만 수상태양광, 1, 2026-02-01 00:00:00, 0, 0, 0, 0, 0, 0, 0, 302.904, 6600.3, 16977.996, 28972.608, 43792.728, 46956.756, 45810.744, 40790.82, 31495.296, 16373.532, 2804.76, 0, 0, 0, 0, 0, 0, 280878.444, 11703, 46956.75, 302.9, 46956.756, 0, 
